{"heading": -21.0, "target": 69.35650769292825, "gap_dist": 390.2091492524822, "gap_info": [{"width": 250.86768236262353, "center_angle": -168.80824205792175, "edge_a": [-180, 123.75], "edge_b": [-166, 490.25], "depth": 490.25, "passable": false, "chosen": false}, {"width": 390.2091492524822, "center_angle": 69.35650769292825, "edge_a": [27, 282.0], "edge_b": [97, 409.5], "depth": 409.5, "passable": true, "chosen": true}, {"width": 44.73792057784224, "center_angle": 122.57829572627138, "edge_a": [121, 363.25], "edge_b": [124, 403.25], "depth": 403.25, "passable": false, "chosen": false}, {"width": 339.0437080441671, "center_angle": 138.22830882003151, "edge_a": [131, 491.5], "edge_b": [172, 111.25], "depth": 491.5, "passable": true, "chosen": false}], "scan": [[-4, 174.25], [-3, 173.5], [-2, 185.5], [-1, 186.25], [0, 189.5], [1, 192.5], [2, 197.0], [3, 202.75], [4, 202.25], [5, 203.0], [7, 212.5], [8, 203.75], [9, 205.25], [11, 208.25], [13, 212.75], [14, 223.5], [15, 225.5], [17, 239.0], [18, 243.75], [19, 243.5], [21, 242.0], [22, 241.25], [24, 259.0], [25, 264.5], [26, 263.75], [27, 282.0], [29, 1966.0], [30, 2031.25], [31, 4555.0], [32, 4627.0], [33, 4715.5], [34, 4905.5], [35, 5004.5], [36, 5202.5], [40, 5986.0], [41, 6134.25], [45, 3382.0], [46, 3335.25], [47, 3376.5], [51, 4810.0], [52, 4799.0], [53, 4782.75], [54, 3382.5], [55, 6352.75], [57, 1693.25], [58, 1690.0], [59, 1449.75], [60, 1400.5], [61, 1379.0], [62, 1361.5], [63, 1358.0], [64, 1362.25], [65, 1377.75], [66, 1652.5], [67, 1669.75], [69, 3160.75], [71, 988.75], [72, 982.5], [73, 985.75], [74, 996.0], [75, 1021.0], [76, 1032.25], [79, 1761.75], [80, 1632.5], [82, 870.5], [83, 864.5], [84, 867.25], [85, 874.5], [86, 898.5], [87, 919.25], [88, 935.5], [90, 1562.25], [91, 1557.75], [92, 1548.25], [93, 1536.0], [94, 1556.75], [95, 1599.0], [97, 409.5], [98, 403.0], [99, 395.25], [100, 381.5], [101, 373.5], [102, 367.5], [103, 355.5], [104, 348.75], [105, 339.0], [106, 333.25], [107, 328.25], [108, 318.25], [109, 315.0], [110, 306.25], [111, 305.5], [112, 308.75], [113, 310.5], [114, 315.25], [115, 316.25], [116, 325.5], [117, 346.75], [118, 356.0], [119, 363.5], [120, 366.75], [121, 363.25], [124, 403.25], [125, 426.0], [126, 429.25], [127, 440.25], [128, 466.0], [129, 469.25], [130, 479.5], [131, 491.5], [132, 522.25], [134, 590.5], [135, 603.5], [136, 655.75], [139, 766.0], [143, 1868.75], [144, 1850.5], [145, 1852.0], [146, 1860.0], [147, 1914.75], [148, 1720.0], [150, 5268.5], [152, 1497.75], [153, 1479.5], [154, 1477.0], [155, 1493.75], [157, 3272.25], [158, 3264.75], [160, 3252.0], [165, 70.25], [167, 60.5], [172, 111.25], [173, 119.25], [174, 125.25], [175, 126.25], [176, 126.25], [177, 125.0], [178, 125.0], [179, 125.75], [-180, 123.75], [-175, 68.75], [-172, 72.75], [-170, 79.5], [-168, 71.75], [-166, 490.25], [-165, 482.5], [-164, 469.25], [-163, 461.5], [-162, 454.75], [-161, 443.75], [-160, 436.75], [-159, 424.0], [-158, 418.25], [-157, 413.25], [-156, 405.75], [-155, 401.75], [-154, 393.25], [-153, 389.75], [-152, 386.5], [-151, 379.0], [-150, 376.25], [-149, 369.5], [-148, 366.25], [-147, 361.25], [-146, 357.75], [-145, 355.25], [-144, 350.5], [-143, 346.75], [-142, 342.75], [-141, 341.0], [-140, 338.25], [-139, 334.0], [-138, 331.75], [-137, 326.75], [-136, 325.25], [-135, 324.5], [-134, 322.25], [-133, 320.5], [-132, 317.5], [-131, 314.75], [-130, 314.0], [-129, 312.75], [-128, 310.5], [-127, 310.25], [-126, 309.0], [-125, 306.5], [-124, 305.0], [-123, 304.25], [-122, 303.0], [-121, 301.75], [-120, 300.75], [-119, 300.25], [-118, 298.75], [-117, 298.75], [-116, 298.0], [-115, 298.75], [-114, 298.5], [-113, 298.5], [-112, 297.75], [-111, 298.75], [-110, 300.0], [-109, 300.25], [-108, 300.25], [-107, 301.25], [-106, 302.0], [-105, 302.75], [-104, 303.25], [-103, 305.5], [-102, 306.0], [-101, 308.0], [-100, 309.0], [-99, 310.5], [-98, 312.25], [-97, 313.25], [-96, 317.0], [-95, 319.0], [-94, 320.25], [-93, 322.75], [-92, 324.5], [-91, 326.25], [-90, 328.25], [-89, 331.5], [-88, 335.0], [-87, 337.75], [-86, 342.5], [-85, 345.5], [-84, 348.0], [-83, 353.25], [-82, 348.5], [-81, 344.75], [-80, 339.0], [-79, 321.75], [-78, 313.75], [-77, 301.25], [-76, 294.75], [-75, 283.75], [-74, 278.5], [-73, 275.25], [-72, 268.5], [-71, 264.75], [-70, 255.75], [-69, 253.5], [-68, 250.5], [-67, 244.0], [-66, 240.75], [-65, 234.0], [-64, 231.75], [-63, 228.25], [-62, 223.0], [-61, 221.25], [-60, 214.75], [-59, 212.75], [-58, 210.75], [-57, 208.0], [-56, 205.75], [-55, 202.25], [-54, 201.5], [-53, 198.0], [-52, 196.5], [-51, 195.75], [-50, 191.75], [-49, 191.0], [-48, 189.0], [-47, 189.0], [-46, 187.5], [-45, 185.75], [-44, 184.25], [-43, 182.0], [-42, 182.0], [-41, 181.5], [-40, 180.0], [-39, 178.75], [-38, 177.75], [-37, 177.5], [-36, 177.0], [-35, 175.25], [-34, 175.5], [-33, 174.75], [-32, 173.75], [-31, 173.5], [-30, 174.0], [-29, 173.0], [-28, 172.25], [-27, 172.0], [-26, 172.5], [-25, 172.0], [-24, 172.0], [-23, 172.0], [-22, 171.0], [-21, 171.25], [-20, 172.25], [-19, 172.0], [-18, 172.25], [-17, 172.25], [-16, 172.0], [-15, 171.0], [-14, 171.75], [-13, 169.75], [-12, 171.0], [-11, 173.0], [-10, 172.0], [-9, 172.5], [-8, 172.5], [-7, 175.25], [-6, 177.25], [-5, 180.0]]}