{"heading": 3.1, "target": 83.34423984535096, "gap_dist": 362.29208634785937, "gap_info": [{"width": 33.64505373378115, "center_angle": 53.59423781002283, "edge_a": [51, 281.0], "edge_b": [56, 303.0], "depth": 303.0, "passable": false, "chosen": false}, {"width": 362.29208634785937, "center_angle": 83.34423984535096, "edge_a": [67, 392.0], "edge_b": [170, 110.5], "depth": 392.0, "passable": true, "chosen": true}, {"width": 15.998495332465506, "center_angle": 172.60152684935613, "edge_a": [171, 108.5], "edge_b": [174, 124.25], "depth": 124.25, "passable": false, "chosen": false}], "scan": [[-2, 174.5], [-1, 174.5], [0, 174.0], [1, 174.5], [2, 174.0], [3, 174.5], [4, 174.5], [5, 176.0], [6, 175.5], [7, 174.5], [8, 176.0], [9, 177.5], [10, 176.5], [11, 175.0], [12, 176.5], [13, 177.5], [14, 178.5], [15, 177.5], [16, 177.5], [17, 178.5], [18, 180.0], [19, 180.5], [20, 181.0], [21, 182.0], [22, 183.0], [23, 184.0], [24, 185.5], [25, 187.0], [26, 188.5], [27, 190.5], [28, 192.5], [29, 193.0], [30, 194.0], [31, 198.5], [32, 200.5], [33, 201.0], [34, 204.0], [35, 205.0], [36, 206.0], [37, 210.5], [38, 213.0], [39, 218.0], [40, 219.5], [41, 222.5], [42, 225.0], [43, 228.0], [44, 233.0], [45, 236.5], [46, 239.5], [47, 243.5], [48, 246.0], [49, 260.5], [50, 262.0], [51, 281.0], [56, 303.0], [57, 310.0], [59, 327.0], [60, 321.5], [61, 334.0], [62, 340.0], [63, 347.5], [64, 367.5], [65, 373.0], [66, 378.5], [67, 392.0], [68, 736.0], [69, 729.5], [70, 729.0], [71, 728.5], [72, 728.5], [73, 726.5], [74, 727.0], [75, 727.0], [76, 728.0], [77, 730.5], [78, 730.5], [79, 731.5], [80, 733.0], [81, 734.5], [82, 739.5], [83, 740.0], [84, 743.5], [85, 745.0], [86, 751.0], [87, 753.0], [88, 754.0], [89, 760.5], [90, 763.75], [91, 771.0], [92, 774.5], [93, 778.5], [94, 782.0], [95, 785.5], [96, 792.5], [97, 797.5], [98, 801.5], [99, 811.5], [100, 815.5], [101, 819.5], [102, 829.5], [103, 834.0], [104, 842.5], [105, 849.0], [106, 854.0], [107, 868.0], [108, 874.5], [109, 888.0], [110, 898.0], [111, 907.0], [112, 925.0], [113, 934.5], [114, 956.5], [115, 967.5], [116, 978.5], [117, 1001.75], [118, 1014.5], [119, 1042.0], [120, 1055.0], [121, 1081.5], [122, 1096.5], [123, 1131.5], [124, 1148.0], [125, 1166.5], [126, 1205.0], [127, 1225.5], [128, 1268.0], [129, 1290.0], [130, 1314.0], [131, 1367.0], [132, 1394.5], [133, 1451.0], [134, 1483.5], [135, 1516.0], [136, 1590.5], [137, 1632.0], [138, 1677.0], [139, 1773.5], [140, 1825.5], [141, 1937.5], [142, 1998.0], [150, 3220.0], [152, 3015.0], [153, 3015.0], [154, 3172.0], [155, 3154.0], [156, 3148.5], [157, 3145.0], [158, 3137.0], [159, 3135.0], [160, 3131.5], [161, 3131.0], [165, 71.25], [166, 68.25], [168, 59.75], [170, 110.5], [171, 108.5], [174, 124.25], [175, 125.25], [176, 126.75], [177, 125.5], [178, 124.75], [179, 124.75], [180, 125.75], [-175, 71.75], [-171, 78.75], [-170, 70.5], [-169, 71.5], [-168, 72.0], [-166, 2253.5], [-165, 2269.0], [-163, 4054.5], [-162, 4095.5], [-161, 4166.5], [-160, 4206.0], [-159, 4292.0], [-158, 4301.0], [-157, 4280.5], [-156, 4471.5], [-155, 4526.0], [-154, 4632.0], [-153, 4687.5], [-152, 4747.0], [-151, 4869.0], [-150, 4935.5], [-148, 5139.0], [-147, 5214.5], [-146, 5348.5], [-145, 5354.0], [-144, 590.0], [-143, 583.5], [-142, 581.0], [-141, 582.0], [-140, 583.0], [-139, 583.5], [-138, 583.5], [-137, 584.5], [-136, 588.5], [-135, 589.5], [-134, 591.0], [-133, 593.0], [-132, 597.5], [-131, 599.0], [-130, 602.0], [-129, 606.5], [-128, 1503.0], [-127, 1483.0], [-126, 1464.5], [-125, 1451.5], [-124, 1461.5], [-123, 1474.5], [-121, 2820.0], [-120, 2858.0], [-116, 4266.5], [-114, 5876.0], [-112, 8918.5], [-104, 13587.0], [-101, 8113.5], [-99, 8034.5], [-96, 7746.5], [-94, 7717.5], [-93, 4589.0], [-87, 3159.5], [-86, 3135.5], [-78, 5077.5], [-77, 2198.5], [-76, 2173.0], [-75, 2162.5], [-73, 6936.5], [-72, 6806.0], [-71, 660.5], [-70, 654.0], [-69, 650.5], [-68, 643.5], [-67, 640.5], [-66, 633.5], [-65, 630.5], [-64, 624.0], [-63, 622.0], [-62, 619.5], [-61, 617.0], [-60, 616.5], [-59, 614.5], [-58, 611.5], [-57, 611.0], [-56, 609.5], [-55, 611.0], [-54, 610.0], [-53, 609.0], [-52, 608.5], [-51, 609.0], [-50, 611.0], [-49, 610.5], [-48, 612.75], [-47, 615.75], [-46, 613.5], [-45, 615.0], [-44, 618.0], [-43, 619.25], [-42, 618.0], [-41, 622.25], [-40, 630.75], [-39, 219.0], [-38, 217.0], [-37, 214.5], [-36, 210.0], [-35, 208.5], [-34, 203.0], [-33, 201.5], [-32, 201.0], [-31, 196.5], [-30, 194.5], [-29, 192.0], [-28, 190.0], [-27, 188.5], [-26, 185.0], [-25, 184.0], [-24, 182.0], [-23, 181.5], [-22, 180.0], [-21, 178.0], [-20, 176.5], [-19, 173.5], [-18, 173.5], [-17, 173.0], [-16, 172.0], [-15, 171.5], [-14, 169.5], [-13, 169.5], [-12, 168.0], [-11, 167.0], [-10, 166.5], [-9, 167.0], [-8, 166.0], [-7, 166.0], [-6, 163.0], [-5, 163.5], [-4, 162.5]]}