{"heading": -10.1, "target": 11.070904250783673, "gap_dist": 416.3467678218819, "gap_info": [{"width": 335.54514076807476, "center_angle": -130.91624728704528, "edge_a": [-154, 402.5], "edge_b": [-99, 298.5], "depth": 402.5, "passable": true, "chosen": false}, {"width": 416.3467678218819, "center_angle": 11.070904250783673, "edge_a": [-29, 199.0], "edge_b": [26, 497.25], "depth": 497.25, "passable": true, "chosen": true}, {"width": 705.1243762137195, "center_angle": 79.4316340239845, "edge_a": [36, 485.25], "edge_b": [149, 356.0], "depth": 485.25, "passable": true, "chosen": false}, {"width": 244.20412763767396, "center_angle": 163.07992370055126, "edge_a": [161, 366.0], "edge_b": [170, 110.25], "depth": 366.0, "passable": false, "chosen": false}], "scan": [[-4, 649.5], [-3, 641.0], [-2, 633.0], [-1, 637.0], [0, 625.0], [1, 618.5], [2, 615.25], [3, 604.0], [4, 597.0], [5, 585.25], [6, 581.75], [7, 578.25], [8, 568.75], [9, 565.25], [10, 558.75], [11, 550.0], [12, 546.0], [13, 538.75], [14, 536.0], [15, 533.25], [16, 530.25], [17, 530.0], [18, 527.0], [19, 518.5], [20, 514.5], [21, 510.75], [22, 514.25], [23, 507.25], [24, 505.0], [25, 500.5], [26, 497.25], [27, 496.0], [28, 496.0], [29, 495.0], [30, 491.5], [31, 491.5], [32, 488.75], [33, 487.5], [34, 487.75], [35, 489.5], [36, 485.25], [38, 6183.5], [39, 6269.5], [41, 6544.5], [42, 6649.5], [43, 6842.0], [44, 6967.0], [46, 4893.5], [47, 4872.5], [49, 7928.5], [51, 2933.0], [53, 2629.5], [54, 2584.0], [55, 2570.5], [56, 2602.0], [60, 7669.5], [61, 4295.0], [64, 9160.5], [68, 12138.0], [88, 2699.5], [89, 1626.0], [90, 1598.0], [91, 1608.0], [93, 7615.0], [96, 1900.0], [98, 6008.0], [102, 4458.0], [103, 4516.5], [104, 4561.5], [105, 7591.5], [106, 7214.5], [107, 7179.5], [108, 7124.0], [111, 3096.0], [114, 3159.5], [116, 5594.5], [118, 2197.0], [119, 2173.5], [120, 2178.5], [121, 2219.5], [123, 4713.0], [125, 4324.5], [126, 4268.0], [127, 4223.0], [128, 4167.5], [129, 3995.5], [130, 3994.0], [131, 3945.5], [132, 3953.0], [133, 4008.5], [134, 4140.0], [135, 4210.5], [137, 4119.5], [138, 4142.5], [139, 4222.5], [140, 4231.5], [141, 4170.0], [142, 4142.0], [143, 4084.0], [144, 4057.0], [145, 4034.5], [146, 3984.0], [147, 3961.0], [148, 3940.0], [149, 356.0], [150, 352.5], [151, 348.0], [152, 347.0], [153, 347.5], [154, 350.0], [155, 353.0], [156, 355.0], [157, 362.0], [158, 363.5], [159, 370.5], [160, 373.5], [161, 366.0], [163, 58.75], [165, 68.75], [166, 68.5], [170, 110.25], [171, 107.5], [173, 116.5], [174, 122.0], [175, 123.75], [176, 125.0], [177, 124.75], [178, 125.0], [179, 125.5], [180, 125.25], [-175, 68.5], [-173, 59.25], [-170, 77.0], [-169, 69.75], [-168, 71.0], [-166, 393.0], [-165, 392.0], [-164, 392.0], [-163, 395.5], [-162, 397.0], [-161, 397.5], [-160, 402.25], [-158, 381.0], [-157, 383.0], [-156, 386.0], [-155, 395.0], [-154, 402.5], [-153, 1592.5], [-152, 1566.5], [-151, 1517.5], [-150, 1491.0], [-149, 1446.0], [-147, 1074.5], [-146, 1053.5], [-144, 837.0], [-142, 999.5], [-141, 986.5], [-140, 975.5], [-139, 959.0], [-138, 951.0], [-137, 944.0], [-136, 933.0], [-135, 927.5], [-134, 914.0], [-133, 908.0], [-132, 903.75], [-131, 897.0], [-130, 892.5], [-129, 886.0], [-128, 879.5], [-127, 863.75], [-126, 867.75], [-125, 865.0], [-124, 852.0], [-123, 848.5], [-122, 844.5], [-121, 847.0], [-120, 859.5], [-118, 991.5], [-117, 995.0], [-116, 995.5], [-115, 984.5], [-114, 980.0], [-113, 977.25], [-112, 971.5], [-111, 968.0], [-110, 961.0], [-109, 959.0], [-108, 954.75], [-107, 953.5], [-106, 952.0], [-105, 948.75], [-104, 947.75], [-103, 945.75], [-102, 945.75], [-101, 945.0], [-100, 944.75], [-99, 298.5], [-98, 288.25], [-97, 284.0], [-96, 279.25], [-95, 270.5], [-94, 267.0], [-93, 262.75], [-92, 259.0], [-91, 254.75], [-90, 249.25], [-89, 245.5], [-88, 240.5], [-87, 239.5], [-86, 236.75], [-85, 231.5], [-84, 227.5], [-83, 223.5], [-82, 222.0], [-81, 220.5], [-80, 216.5], [-79, 214.0], [-78, 210.0], [-77, 207.5], [-76, 207.0], [-75, 206.0], [-74, 204.0], [-73, 201.5], [-72, 200.5], [-71, 198.5], [-70, 198.5], [-69, 197.5], [-68, 195.5], [-67, 194.5], [-66, 192.5], [-65, 191.5], [-64, 191.5], [-63, 191.5], [-62, 190.0], [-61, 188.5], [-60, 188.5], [-59, 188.0], [-58, 187.0], [-57, 187.0], [-56, 185.0], [-55, 185.0], [-54, 183.5], [-53, 183.0], [-52, 181.5], [-51, 179.5], [-50, 178.0], [-49, 177.5], [-48, 178.5], [-47, 180.5], [-46, 181.0], [-45, 183.5], [-44, 185.5], [-43, 186.0], [-42, 186.0], [-41, 186.0], [-40, 186.5], [-39, 187.0], [-38, 188.5], [-37, 189.0], [-36, 189.5], [-35, 189.5], [-34, 190.5], [-33, 191.5], [-32, 192.0], [-31, 195.0], [-30, 198.0], [-29, 199.0], [-24, 912.5], [-22, 836.0], [-21, 818.0], [-20, 804.5], [-19, 771.5], [-18, 757.0], [-17, 728.5], [-16, 718.5], [-15, 713.0], [-14, 716.5], [-13, 727.0], [-12, 734.0], [-11, 745.5], [-10, 717.5], [-9, 707.5], [-8, 697.5], [-7, 679.5], [-6, 674.0], [-5, 658.0]]}