{"heading": 302.0, "target": -114.84353696247545, "gap_dist": 489.4974326696121, "gap_info": [{"width": 245.52572374502296, "center_angle": -164.05514514052138, "edge_a": [-180, 125.75], "edge_b": [-160, 488.5], "depth": 488.5, "passable": false, "chosen": false}, {"width": 489.4974326696121, "center_angle": -114.84353696247545, "edge_a": [-126, 495.5], "edge_b": [29, 162.5], "depth": 495.5, "passable": true, "chosen": true}, {"width": 131.22559301937227, "center_angle": 138.65730372274624, "edge_a": [114, 152.5], "edge_b": [172, 115.75], "depth": 152.5, "passable": false, "chosen": false}], "scan": [[-3, 1233.0], [-2, 1244.5], [-1, 1232.0], [0, 1209.0], [1, 1197.5], [2, 1187.5], [3, 1167.0], [4, 1157.5], [5, 1146.5], [6, 1126.5], [7, 1117.5], [8, 1100.0], [9, 1092.5], [10, 1085.5], [11, 1073.0], [12, 1065.0], [13, 1058.0], [14, 1044.0], [15, 1038.0], [16, 1032.0], [17, 1023.0], [18, 1017.5], [19, 1009.0], [20, 1003.5], [21, 998.0], [22, 989.0], [23, 985.5], [24, 981.5], [25, 976.0], [26, 973.5], [27, 971.0], [29, 162.5], [30, 161.25], [31, 159.5], [32, 156.0], [34, 150.5], [35, 148.75], [36, 146.0], [37, 144.0], [38, 143.5], [39, 141.25], [40, 140.5], [41, 140.25], [42, 136.5], [43, 136.5], [44, 134.75], [45, 133.25], [46, 132.75], [47, 132.5], [48, 131.0], [49, 130.0], [50, 129.0], [51, 129.0], [52, 127.0], [53, 125.5], [54, 125.0], [55, 124.0], [56, 124.0], [57, 123.0], [58, 122.0], [59, 121.5], [60, 121.0], [61, 119.5], [62, 119.5], [63, 120.0], [64, 120.5], [65, 120.0], [66, 118.5], [67, 118.0], [68, 117.0], [69, 117.5], [70, 116.5], [71, 115.0], [72, 114.0], [73, 113.5], [74, 113.0], [75, 113.0], [76, 113.0], [77, 114.5], [78, 115.5], [79, 116.5], [80, 116.0], [81, 116.5], [82, 117.5], [83, 119.0], [84, 119.25], [85, 119.5], [86, 119.0], [87, 121.5], [88, 120.0], [89, 121.0], [90, 121.75], [91, 121.75], [92, 123.0], [93, 123.75], [94, 124.5], [95, 124.75], [96, 125.5], [97, 124.75], [98, 125.25], [99, 126.0], [100, 126.75], [101, 128.0], [102, 130.0], [103, 129.0], [104, 129.5], [105, 131.0], [106, 132.0], [107, 133.75], [108, 136.25], [109, 136.75], [110, 139.5], [111, 141.5], [112, 147.5], [113, 145.5], [114, 152.5], [120, 3835.0], [121, 3835.5], [122, 3832.5], [123, 3824.5], [126, 4020.0], [127, 4017.0], [128, 4015.0], [129, 4012.0], [130, 4015.0], [131, 4016.5], [132, 4022.5], [133, 4023.5], [134, 4026.5], [135, 4038.5], [136, 4039.0], [137, 3222.0], [139, 2643.0], [140, 2646.5], [141, 2661.0], [142, 2669.0], [143, 2686.0], [144, 2694.5], [145, 2713.0], [146, 2723.5], [147, 2733.0], [148, 2757.5], [149, 2770.0], [150, 2783.0], [151, 4337.5], [152, 4368.0], [153, 4418.5], [154, 4443.0], [155, 4469.0], [156, 4530.5], [157, 4561.0], [158, 4624.5], [159, 4658.0], [160, 4719.5], [161, 4694.5], [164, 69.75], [165, 72.75], [172, 115.75], [174, 122.75], [175, 126.75], [176, 127.5], [177, 127.5], [178, 129.0], [179, 127.0], [-180, 125.75], [-175, 71.25], [-174, 70.0], [-170, 73.25], [-168, 76.5], [-166, 81.0], [-160, 488.5], [-159, 475.0], [-158, 455.5], [-157, 446.0], [-156, 431.0], [-155, 424.0], [-154, 417.5], [-153, 405.5], [-152, 399.0], [-151, 387.0], [-150, 382.0], [-149, 376.0], [-148, 365.0], [-147, 359.5], [-146, 348.5], [-145, 343.5], [-144, 340.0], [-143, 334.0], [-142, 334.0], [-141, 331.5], [-140, 329.0], [-139, 333.5], [-138, 337.0], [-137, 350.0], [-136, 355.5], [-135, 369.5], [-134, 376.0], [-133, 393.0], [-132, 401.5], [-131, 416.5], [-130, 425.0], [-129, 435.5], [-128, 449.5], [-126, 495.5], [-125, 509.0], [-124, 538.5], [-121, 595.0], [-118, 4650.0], [-116, 7312.5], [-115, 7270.5], [-114, 7215.5], [-111, 6554.5], [-110, 3278.5], [-109, 3268.5], [-107, 3284.5], [-104, 5468.0], [-102, 5236.5], [-99, 4882.5], [-98, 4819.0], [-96, 4439.0], [-95, 4388.0], [-94, 4349.5], [-93, 4141.0], [-92, 4164.0], [-91, 4126.0], [-90, 4106.0], [-89, 4148.5], [-88, 4292.0], [-86, 3295.5], [-85, 3290.5], [-84, 3311.5], [-83, 4428.0], [-82, 4402.5], [-81, 4342.0], [-80, 4312.5], [-79, 4259.5], [-78, 4234.5], [-77, 4210.0], [-76, 4165.5], [-75, 4143.5], [-74, 4101.0], [-73, 4081.5], [-72, 4064.5], [-71, 4028.5], [-70, 4010.5], [-69, 3948.5], [-68, 3952.5], [-67, 3968.0], [-66, 3958.5], [-65, 3963.0], [-64, 3934.5], [-62, 3914.0], [-61, 3902.5], [-60, 3887.5], [-59, 3878.0], [-58, 3874.0], [-57, 3861.5], [-56, 3854.5], [-55, 3843.5], [-54, 3822.5], [-53, 3822.0], [-52, 3823.5], [-51, 3824.5], [-50, 3832.75], [-49, 3829.5], [-48, 3841.25], [-47, 3853.25], [-46, 3859.75], [-45, 3870.5], [-44, 3873.5], [-43, 3906.0], [-42, 3898.5], [-41, 3860.0], [-39, 3293.5], [-38, 3286.5], [-37, 3300.5], [-36, 3319.5], [-31, 2548.0], [-30, 2472.5], [-29, 2402.0], [-28, 2274.0], [-27, 2213.5], [-26, 2098.0], [-25, 2046.0], [-24, 1995.0], [-23, 1900.0], [-22, 1858.0], [-21, 1778.5], [-20, 1741.0], [-19, 1707.0], [-18, 1641.5], [-17, 1611.5], [-16, 1555.5], [-15, 1530.0], [-14, 1507.0], [-13, 1463.0], [-12, 1443.5], [-11, 1403.5], [-10, 1385.0], [-9, 1366.0], [-8, 1334.5], [-7, 1318.5], [-6, 1288.0], [-5, 1273.5], [-4, 1244.5]]}