{"heading": 27.8, "target": 115.21469611794349, "gap_dist": 428.36197576235446, "gap_info": [{"width": 203.21008770892286, "center_angle": -127.97812045775764, "edge_a": [-180, 120.5], "edge_b": [-95, 174.5], "depth": 174.5, "passable": false, "chosen": false}, {"width": 428.36197576235446, "center_angle": 115.21469611794349, "edge_a": [88, 483.5], "edge_b": [156, 338.5], "depth": 483.5, "passable": true, "chosen": true}, {"width": 197.81388547731478, "center_angle": 162.58008557984942, "edge_a": [160, 317.0], "edge_b": [170, 110.5], "depth": 317.0, "passable": false, "chosen": false}], "scan": [[-3, 274.0], [-2, 278.5], [-1, 279.0], [0, 275.0], [1, 273.5], [2, 268.0], [3, 267.5], [4, 264.5], [5, 263.0], [6, 262.5], [7, 259.0], [8, 258.0], [9, 257.0], [10, 256.0], [11, 254.5], [12, 252.0], [13, 251.0], [14, 248.5], [15, 248.5], [16, 247.5], [17, 245.5], [18, 244.0], [19, 244.0], [20, 243.5], [21, 241.5], [22, 240.5], [23, 241.0], [24, 240.0], [25, 239.5], [26, 237.5], [27, 237.0], [28, 236.5], [29, 237.0], [30, 238.0], [31, 238.25], [32, 239.75], [33, 241.0], [34, 242.0], [35, 242.5], [36, 244.75], [37, 244.5], [38, 245.5], [39, 247.0], [40, 248.25], [41, 249.5], [42, 249.25], [43, 250.0], [44, 252.25], [45, 254.75], [46, 256.0], [47, 258.75], [48, 260.0], [49, 261.25], [50, 261.25], [51, 264.25], [52, 265.5], [53, 267.25], [54, 268.5], [55, 272.25], [56, 275.5], [57, 277.5], [58, 279.5], [59, 281.5], [60, 286.5], [61, 289.0], [62, 292.0], [63, 294.0], [64, 300.0], [65, 301.0], [66, 307.5], [67, 310.5], [68, 314.0], [69, 321.0], [70, 324.5], [71, 333.0], [72, 336.0], [73, 341.5], [74, 347.0], [75, 353.5], [76, 363.0], [77, 369.0], [78, 377.0], [79, 384.0], [80, 391.0], [81, 402.5], [82, 407.5], [83, 421.0], [84, 428.0], [85, 443.5], [86, 453.5], [87, 473.0], [88, 483.5], [89, 504.0], [90, 515.0], [91, 544.0], [92, 556.5], [93, 589.5], [95, 626.0], [96, 669.5], [98, 717.0], [100, 786.0], [101, 832.5], [106, 1429.5], [107, 1416.5], [108, 1385.5], [109, 1380.5], [110, 1372.0], [111, 1371.0], [112, 1372.5], [114, 848.0], [115, 835.5], [116, 833.5], [117, 832.0], [118, 836.5], [119, 839.0], [120, 848.0], [121, 864.0], [123, 1368.0], [124, 1370.5], [125, 1374.0], [126, 1377.0], [127, 1380.0], [128, 1386.0], [130, 1113.0], [131, 1109.0], [132, 1090.0], [133, 1086.5], [134, 1090.0], [135, 1099.0], [136, 1104.5], [137, 1113.0], [138, 1877.5], [139, 1890.5], [140, 1901.5], [141, 1921.5], [142, 1932.0], [143, 1954.5], [144, 1967.5], [145, 1981.5], [146, 2010.0], [147, 2023.0], [148, 2051.5], [149, 2066.0], [150, 2101.5], [151, 2119.5], [152, 2137.5], [153, 2172.5], [154, 2191.5], [156, 338.5], [157, 334.5], [158, 329.5], [159, 321.0], [160, 317.0], [164, 68.0], [165, 69.75], [166, 69.5], [168, 60.5], [170, 110.5], [171, 113.75], [173, 121.25], [174, 122.5], [175, 124.75], [176, 127.25], [177, 126.0], [178, 124.0], [179, 122.0], [180, 121.5], [-180, 120.5], [-175, 69.5], [-170, 72.25], [-169, 73.25], [-168, 74.5], [-166, 634.0], [-165, 629.0], [-164, 626.5], [-163, 625.25], [-162, 623.75], [-161, 620.0], [-160, 617.5], [-159, 617.0], [-158, 616.0], [-157, 615.0], [-156, 612.75], [-155, 612.5], [-154, 613.0], [-153, 613.0], [-152, 610.75], [-151, 611.75], [-150, 617.5], [-149, 617.25], [-148, 617.5], [-147, 617.5], [-146, 620.5], [-145, 621.0], [-144, 622.0], [-143, 624.75], [-142, 627.75], [-141, 630.0], [-140, 632.0], [-139, 634.5], [-138, 637.0], [-137, 641.5], [-136, 643.5], [-135, 645.5], [-134, 649.0], [-133, 653.0], [-132, 658.0], [-131, 661.0], [-130, 669.0], [-129, 672.5], [-128, 677.5], [-127, 684.0], [-126, 694.5], [-125, 718.0], [-124, 722.5], [-123, 727.0], [-122, 733.5], [-121, 731.5], [-120, 736.5], [-119, 740.5], [-118, 753.5], [-117, 755.5], [-116, 764.5], [-115, 770.0], [-114, 785.5], [-113, 790.5], [-112, 799.5], [-111, 817.0], [-110, 822.5], [-109, 841.5], [-108, 851.0], [-107, 873.5], [-106, 885.0], [-105, 908.5], [-104, 922.0], [-103, 934.0], [-102, 960.5], [-101, 977.0], [-99, 1304.5], [-98, 1667.5], [-97, 1665.5], [-95, 174.5], [-94, 172.25], [-93, 173.0], [-92, 171.5], [-91, 170.25], [-90, 168.5], [-89, 165.0], [-88, 164.5], [-87, 163.5], [-86, 162.75], [-85, 160.25], [-84, 159.75], [-83, 159.0], [-82, 156.75], [-81, 155.5], [-80, 152.5], [-79, 152.25], [-78, 152.25], [-77, 152.0], [-76, 151.5], [-75, 150.5], [-74, 150.0], [-73, 150.0], [-72, 149.75], [-71, 149.0], [-70, 148.5], [-69, 148.0], [-68, 147.75], [-67, 147.75], [-66, 147.25], [-65, 146.75], [-64, 146.25], [-63, 147.0], [-62, 147.0], [-61, 147.0], [-60, 146.75], [-59, 146.5], [-58, 146.75], [-57, 145.75], [-56, 145.75], [-55, 146.25], [-54, 149.0], [-53, 147.25], [-52, 146.75], [-51, 149.5], [-50, 147.25], [-49, 147.75], [-48, 148.25], [-47, 150.5], [-46, 149.75], [-45, 149.25], [-44, 152.0], [-43, 149.75], [-42, 151.75], [-41, 154.5], [-40, 155.0], [-39, 155.5], [-38, 158.0], [-37, 157.0], [-36, 157.0], [-35, 162.0], [-34, 162.5], [-33, 163.0], [-32, 164.5], [-31, 167.0], [-30, 166.5], [-29, 167.5], [-28, 172.5], [-27, 174.0], [-26, 176.5], [-25, 177.0], [-24, 179.5], [-23, 182.0], [-22, 184.0], [-21, 186.5], [-20, 190.0], [-19, 193.0], [-18, 195.5], [-17, 201.0], [-16, 203.5], [-15, 207.0], [-14, 213.5], [-13, 216.0], [-12, 221.0], [-11, 225.0], [-10, 232.5], [-9, 236.0], [-8, 240.0], [-7, 247.5], [-5, 277.0], [-4, 276.5]]}