{"heading": 76.9, "target": 107.00361410998794, "gap_dist": 292.3697511076989, "gap_info": [{"width": 346.43489561980726, "center_angle": -131.89169987282926, "edge_a": [-179, 109.5], "edge_b": [-122, 467.0], "depth": 467.0, "passable": true, "chosen": false}, {"width": 441.8569353386052, "center_angle": -79.32396827954899, "edge_a": [-96, 497.25], "edge_b": [1, 144.75], "depth": 497.25, "passable": true, "chosen": false}, {"width": 292.3697511076989, "center_angle": 107.00361410998794, "edge_a": [89, 470.75], "edge_b": [124, 497.75], "depth": 497.75, "passable": true, "chosen": true}, {"width": 329.0586659890503, "center_angle": 149.5650416423466, "edge_a": [145, 489.0], "edge_b": [171, 106.5], "depth": 489.0, "passable": true, "chosen": false}], "scan": [[1, 144.75], [2, 145.5], [3, 143.5], [4, 144.25], [5, 144.75], [6, 144.25], [7, 143.75], [8, 142.75], [9, 142.5], [10, 141.25], [11, 140.5], [12, 140.0], [13, 140.0], [14, 140.5], [15, 140.25], [16, 140.25], [17, 140.0], [18, 138.75], [19, 140.0], [20, 140.0], [21, 139.5], [22, 140.25], [23, 139.75], [24, 141.25], [25, 141.5], [26, 141.25], [27, 140.75], [28, 142.0], [29, 142.25], [30, 142.5], [31, 142.25], [32, 143.25], [33, 143.75], [34, 144.0], [35, 145.25], [36, 146.75], [37, 147.0], [38, 147.25], [39, 148.25], [40, 150.0], [41, 150.75], [42, 151.75], [43, 151.75], [44, 151.5], [45, 155.25], [46, 158.0], [47, 159.0], [48, 160.0], [49, 160.25], [50, 161.75], [51, 165.0], [52, 164.75], [53, 171.25], [54, 172.5], [55, 173.75], [56, 176.0], [57, 177.75], [58, 183.0], [59, 185.5], [60, 188.25], [61, 191.0], [62, 198.25], [63, 199.75], [64, 202.0], [65, 206.75], [66, 213.25], [67, 220.25], [68, 224.0], [69, 230.0], [70, 235.0], [71, 237.0], [72, 251.0], [73, 256.75], [74, 262.75], [76, 280.5], [77, 293.5], [79, 308.0], [80, 328.0], [81, 345.25], [83, 373.25], [85, 401.5], [86, 408.25], [88, 466.5], [89, 470.75], [90, 1260.25], [91, 1253.5], [92, 1250.0], [93, 1235.0], [94, 1252.0], [95, 1267.5], [96, 1986.75], [97, 1953.75], [98, 1896.75], [100, 1310.5], [101, 1294.75], [102, 1280.25], [103, 1274.5], [104, 1283.75], [105, 1297.75], [106, 1635.5], [107, 1619.0], [108, 1583.5], [109, 1569.25], [110, 1554.25], [111, 1523.75], [112, 1510.75], [113, 1481.25], [114, 1468.25], [115, 1457.0], [116, 1431.25], [117, 1421.0], [118, 1399.75], [119, 1390.0], [120, 1371.75], [121, 1363.25], [122, 1347.25], [124, 497.75], [125, 492.5], [126, 485.75], [127, 475.75], [128, 469.5], [129, 460.75], [130, 454.75], [131, 449.5], [132, 443.0], [133, 438.0], [134, 430.25], [135, 426.75], [136, 421.5], [137, 418.5], [138, 416.25], [139, 414.5], [140, 418.25], [141, 433.0], [142, 444.25], [143, 464.75], [144, 476.25], [145, 489.0], [146, 519.0], [149, 598.75], [154, 792.5], [156, 878.25], [157, 1223.0], [158, 1225.75], [159, 1227.75], [160, 1236.0], [161, 1236.5], [165, 69.75], [166, 69.75], [171, 106.5], [172, 107.75], [173, 119.0], [174, 122.25], [175, 126.0], [176, 126.5], [177, 125.75], [178, 125.75], [179, 124.25], [180, 125.0], [-179, 109.5], [-175, 69.25], [-170, 77.5], [-166, 1701.75], [-165, 1724.75], [-164, 1750.0], [-163, 1802.5], [-162, 1830.25], [-161, 1857.75], [-160, 1911.25], [-159, 1943.0], [-158, 2010.5], [-157, 2044.5], [-156, 2082.0], [-155, 2160.0], [-154, 2199.25], [-153, 2287.0], [-152, 2331.25], [-151, 2379.75], [-150, 2484.25], [-149, 2539.75], [-148, 2661.0], [-147, 2723.0], [-146, 2792.0], [-145, 2945.0], [-144, 3026.75], [-143, 3202.0], [-142, 3295.75], [-141, 3490.25], [-139, 3284.0], [-137, 3428.25], [-136, 3392.25], [-135, 3382.25], [-134, 3361.0], [-133, 3350.75], [-132, 3334.25], [-131, 3326.5], [-130, 3314.0], [-128, 3520.75], [-127, 3506.25], [-126, 3500.5], [-125, 3494.75], [-124, 3493.75], [-122, 467.0], [-121, 458.75], [-120, 442.25], [-119, 433.75], [-118, 420.75], [-117, 413.75], [-116, 409.0], [-115, 400.5], [-114, 395.5], [-113, 385.5], [-112, 381.5], [-111, 372.5], [-110, 370.25], [-109, 371.5], [-108, 373.0], [-107, 382.0], [-106, 387.25], [-105, 400.25], [-104, 406.0], [-103, 417.5], [-102, 424.75], [-101, 434.75], [-100, 449.0], [-99, 459.5], [-98, 475.75], [-97, 485.0], [-96, 497.25], [-95, 525.25], [-94, 539.25], [-93, 575.5], [-92, 589.0], [-90, 649.25], [-88, 723.5], [-86, 782.0], [-85, 834.0], [-84, 1137.5], [-83, 1132.0], [-82, 1126.0], [-81, 1122.0], [-80, 1112.0], [-79, 4742.5], [-76, 4972.0], [-74, 3123.0], [-73, 3021.0], [-72, 5401.0], [-71, 5482.5], [-70, 5557.5], [-69, 5627.0], [-67, 5931.5], [-65, 6263.0], [-64, 6375.0], [-58, 7669.0], [-55, 8856.0], [-53, 5752.0], [-50, 2393.0], [-45, 8684.0], [-43, 3814.0], [-38, 6942.0], [-25, 7606.0], [-24, 7667.0], [-22, 7501.5], [-20, 7659.5], [-17, 4055.5], [-13, 7560.25], [-9, 2622.5]]}