{"heading": 53.9, "target": 81.72176578419071, "gap_dist": 288.95784702607284, "gap_info": [{"width": 437.8338820261657, "center_angle": -110.48039998274417, "edge_a": [-126, 495.25], "edge_b": [-39, 139.75], "depth": 495.25, "passable": true, "chosen": false}, {"width": 62.66749613818743, "center_angle": 55.7073749280456, "edge_a": [53, 307.0], "edge_b": [58, 362.5], "depth": 362.5, "passable": false, "chosen": false}, {"width": 288.95784702607284, "center_angle": 81.72176578419071, "edge_a": [63, 446.25], "edge_b": [99, 482.25], "depth": 482.25, "passable": true, "chosen": true}, {"width": 352.4765891931731, "center_angle": 129.47965938727384, "edge_a": [121, 490.0], "edge_b": [171, 109.0], "depth": 490.0, "passable": true, "chosen": false}], "scan": [[-3, 125.5], [-2, 125.5], [0, 126.0], [1, 127.25], [2, 127.25], [3, 128.5], [4, 130.0], [5, 131.0], [6, 130.75], [7, 131.5], [8, 131.75], [9, 132.25], [10, 132.75], [11, 133.5], [12, 134.5], [13, 136.25], [14, 136.5], [15, 136.75], [16, 138.25], [17, 139.0], [18, 140.0], [19, 141.0], [20, 141.5], [21, 144.75], [22, 145.75], [23, 145.75], [24, 147.25], [25, 151.0], [26, 152.0], [27, 152.0], [28, 154.75], [29, 157.0], [30, 161.5], [31, 162.25], [32, 165.75], [33, 171.0], [34, 173.75], [35, 176.0], [36, 182.75], [37, 183.0], [39, 189.25], [40, 200.0], [41, 202.75], [42, 205.25], [43, 214.25], [44, 219.25], [45, 224.75], [46, 231.0], [47, 235.0], [48, 248.75], [50, 260.25], [52, 277.25], [53, 307.0], [58, 362.5], [60, 374.5], [61, 395.25], [62, 432.5], [63, 446.25], [64, 1222.25], [65, 1222.0], [66, 1217.75], [67, 1209.75], [68, 1222.75], [69, 1962.75], [70, 1935.5], [71, 1906.0], [72, 1877.75], [73, 1295.75], [74, 1286.25], [75, 1273.0], [76, 1253.25], [77, 1257.5], [78, 1264.0], [79, 1618.75], [80, 1604.5], [81, 1569.5], [82, 1553.5], [83, 1537.0], [84, 1508.25], [85, 1481.0], [86, 1468.0], [87, 1456.25], [88, 1431.75], [89, 1421.5], [90, 1399.75], [91, 1389.75], [92, 1368.75], [93, 1361.0], [94, 1354.5], [95, 1336.25], [96, 1328.25], [97, 1312.0], [98, 1307.5], [99, 482.25], [100, 477.5], [101, 471.5], [102, 465.25], [103, 455.5], [104, 451.5], [105, 442.5], [106, 438.75], [107, 431.0], [108, 428.5], [109, 425.25], [110, 419.5], [111, 415.5], [112, 411.0], [113, 409.25], [114, 405.75], [115, 403.5], [116, 403.5], [117, 405.75], [118, 425.5], [119, 450.25], [120, 462.25], [121, 490.0], [123, 526.0], [130, 830.5], [132, 1218.75], [133, 1226.5], [134, 1230.5], [135, 1233.75], [136, 1239.75], [137, 1243.25], [138, 1248.75], [139, 1255.75], [140, 1261.0], [141, 1271.0], [142, 1276.5], [143, 1282.25], [144, 1292.25], [145, 1297.0], [146, 1312.75], [147, 1319.0], [148, 1333.5], [149, 1341.5], [150, 1349.5], [151, 1368.0], [152, 1376.75], [153, 1395.5], [154, 1405.75], [155, 1426.75], [156, 1436.75], [157, 1449.25], [158, 1476.5], [159, 1491.5], [160, 1520.0], [161, 1532.75], [164, 69.0], [165, 69.5], [166, 69.75], [171, 109.0], [173, 121.75], [174, 124.75], [175, 125.75], [176, 125.75], [177, 125.25], [178, 124.75], [179, 125.75], [180, 125.25], [-173, 60.0], [-171, 79.5], [-170, 70.0], [-168, 79.0], [-166, 3296.75], [-165, 3431.0], [-164, 3452.0], [-163, 3439.5], [-162, 3417.75], [-161, 3408.25], [-160, 3389.0], [-159, 3380.0], [-158, 3371.25], [-157, 3356.5], [-156, 3349.25], [-155, 3557.25], [-154, 3548.5], [-153, 3533.25], [-152, 3528.25], [-151, 3525.25], [-150, 3520.5], [-148, 494.75], [-147, 486.75], [-146, 478.5], [-145, 464.0], [-144, 455.5], [-143, 444.75], [-142, 438.25], [-141, 426.75], [-140, 421.0], [-139, 416.25], [-138, 408.0], [-137, 404.75], [-136, 398.25], [-135, 401.0], [-134, 405.0], [-133, 409.25], [-132, 421.5], [-131, 436.25], [-130, 441.75], [-129, 449.75], [-128, 466.75], [-127, 475.5], [-126, 495.25], [-125, 505.0], [-124, 529.5], [-123, 539.75], [-122, 552.75], [-121, 581.5], [-120, 594.75], [-118, 646.25], [-115, 738.5], [-114, 788.5], [-113, 831.5], [-112, 838.0], [-111, 1137.5], [-110, 1156.0], [-109, 1183.5], [-108, 1208.5], [-107, 4670.5], [-106, 4722.5], [-103, 4987.5], [-101, 3153.0], [-100, 3049.0], [-98, 1265.0], [-95, 1154.0], [-94, 1121.0], [-93, 1118.0], [-92, 1109.0], [-91, 1100.5], [-90, 1100.0], [-89, 1115.0], [-85, 7695.0], [-82, 8772.0], [-80, 5755.75], [-78, 2406.0], [-77, 2415.75], [-74, 11075.5], [-70, 3850.75], [-63, 8453.0], [-52, 7601.5], [-51, 7647.5], [-46, 7233.0], [-44, 7205.5], [-39, 139.75], [-38, 137.25], [-37, 137.25], [-36, 139.25], [-35, 138.75], [-34, 138.25], [-33, 137.5], [-32, 136.5], [-31, 135.75], [-30, 134.5], [-29, 133.75], [-28, 132.25], [-27, 131.25], [-26, 131.25], [-25, 130.25], [-24, 129.5], [-23, 128.5], [-22, 128.0], [-21, 126.75], [-20, 126.5], [-19, 126.75], [-18, 125.75], [-17, 126.25], [-16, 125.75], [-15, 125.75], [-14, 125.75], [-13, 125.75], [-12, 126.0], [-11, 125.0], [-10, 125.0], [-9, 124.5], [-8, 124.5], [-7, 124.5], [-6, 124.75], [-5, 124.75], [-4, 125.0]]}