{"heading": 67.2, "target": 134.9551416544748, "gap_dist": 340.008875836502, "gap_info": [{"width": 410.8565893918043, "center_angle": -76.26133715929473, "edge_a": [-180, 123.25], "edge_b": [-62, 486.0], "depth": 486.0, "passable": true, "chosen": false}, {"width": 143.4311146215751, "center_angle": 25.69121587454999, "edge_a": [25, 355.0], "edge_b": [27, 187.5], "depth": 355.0, "passable": false, "chosen": false}, {"width": 51.51842523240141, "center_angle": 123.59334147925335, "edge_a": [122, 358.0], "edge_b": [125, 405.5], "depth": 405.5, "passable": false, "chosen": false}, {"width": 340.008875836502, "center_angle": 134.9551416544748, "edge_a": [127, 431.5], "edge_b": [170, 104.0], "depth": 431.5, "passable": true, "chosen": true}], "scan": [[-3, 291.5], [-2, 296.0], [-1, 296.0], [0, 296.5], [1, 297.0], [2, 298.0], [3, 299.5], [4, 301.0], [5, 302.5], [6, 304.5], [7, 306.0], [8, 309.5], [9, 310.5], [10, 315.0], [11, 315.5], [12, 317.0], [13, 318.0], [14, 321.0], [15, 322.5], [16, 328.0], [17, 330.0], [18, 334.0], [19, 336.0], [20, 339.0], [21, 343.5], [22, 347.5], [23, 352.5], [24, 355.0], [25, 355.0], [27, 187.5], [28, 186.0], [29, 183.0], [30, 182.0], [31, 179.5], [32, 179.0], [33, 176.5], [34, 175.5], [35, 174.5], [36, 173.5], [37, 172.0], [38, 169.5], [39, 169.5], [40, 168.0], [41, 167.0], [42, 165.5], [43, 166.0], [44, 165.5], [45, 164.5], [46, 163.5], [47, 161.5], [48, 161.5], [49, 160.0], [50, 160.5], [51, 161.0], [52, 161.5], [53, 160.0], [54, 160.0], [55, 159.5], [56, 159.0], [57, 159.0], [58, 157.25], [59, 158.75], [60, 157.25], [61, 158.25], [62, 158.75], [63, 157.75], [64, 157.25], [65, 157.75], [66, 158.75], [67, 159.25], [68, 159.5], [69, 160.0], [70, 161.5], [71, 161.5], [72, 162.5], [73, 164.75], [74, 164.25], [75, 163.0], [76, 163.0], [77, 167.5], [78, 169.0], [79, 168.5], [80, 171.0], [81, 172.0], [82, 173.0], [83, 174.0], [84, 175.0], [85, 176.0], [86, 177.0], [87, 176.5], [88, 178.5], [89, 183.5], [90, 185.5], [91, 186.5], [92, 186.0], [93, 187.5], [94, 190.5], [95, 195.0], [96, 202.0], [97, 203.5], [98, 204.5], [99, 208.5], [100, 211.0], [101, 216.0], [102, 218.0], [103, 221.0], [104, 227.0], [105, 229.5], [106, 236.0], [107, 240.0], [108, 243.5], [109, 251.5], [110, 253.5], [111, 263.5], [112, 266.0], [113, 271.0], [115, 298.0], [116, 295.0], [118, 334.0], [119, 351.0], [121, 353.0], [122, 358.0], [125, 405.5], [126, 408.5], [127, 431.5], [128, 1218.0], [129, 1218.0], [130, 1226.5], [131, 4572.0], [132, 4643.5], [133, 4717.5], [134, 4867.0], [135, 4958.0], [136, 5140.5], [137, 5222.0], [138, 5310.5], [139, 5406.5], [142, 6041.5], [145, 3514.0], [146, 3432.5], [147, 3468.0], [165, 69.25], [166, 68.25], [167, 61.5], [170, 104.0], [171, 108.0], [172, 110.0], [173, 119.5], [174, 121.25], [175, 125.75], [176, 125.5], [177, 123.5], [178, 123.25], [179, 124.5], [-180, 123.25], [-174, 67.25], [-173, 59.0], [-172, 69.75], [-170, 73.25], [-166, 79.0], [-165, 840.5], [-164, 838.5], [-163, 846.5], [-162, 845.5], [-161, 848.0], [-160, 857.5], [-159, 860.0], [-158, 1056.5], [-157, 1054.0], [-156, 1039.0], [-155, 1031.5], [-154, 1035.5], [-153, 1067.5], [-152, 1084.0], [-151, 1122.0], [-150, 1142.0], [-149, 1160.5], [-148, 1200.5], [-147, 1223.0], [-146, 1278.0], [-145, 1307.5], [-144, 1378.5], [-142, 1428.5], [-141, 3591.0], [-140, 3580.0], [-138, 5659.5], [-137, 5443.0], [-136, 5462.5], [-135, 5423.0], [-134, 5457.5], [-133, 5554.0], [-132, 5654.0], [-131, 5617.0], [-129, 862.0], [-128, 857.0], [-127, 854.25], [-126, 850.5], [-125, 851.0], [-124, 847.0], [-123, 845.5], [-122, 844.5], [-121, 842.0], [-120, 839.0], [-119, 837.5], [-118, 838.0], [-117, 836.5], [-116, 837.0], [-115, 837.75], [-114, 839.75], [-113, 839.0], [-112, 839.5], [-111, 841.0], [-110, 843.0], [-109, 845.0], [-108, 888.5], [-107, 5069.5], [-106, 5035.5], [-105, 5020.0], [-104, 5010.0], [-103, 5006.0], [-102, 4988.0], [-101, 4978.5], [-100, 4968.5], [-99, 4967.0], [-98, 4970.5], [-97, 4956.0], [-96, 4341.0], [-95, 4346.5], [-94, 4379.5], [-78, 875.5], [-76, 782.0], [-74, 720.5], [-72, 677.5], [-71, 642.5], [-70, 626.5], [-69, 597.5], [-67, 569.0], [-66, 545.5], [-65, 535.5], [-64, 515.0], [-63, 504.5], [-62, 486.0], [-61, 481.0], [-60, 473.0], [-59, 456.0], [-58, 449.0], [-57, 436.0], [-56, 429.5], [-55, 423.5], [-54, 415.0], [-53, 411.0], [-52, 404.0], [-51, 398.5], [-50, 388.5], [-49, 385.5], [-48, 381.5], [-47, 374.5], [-46, 371.5], [-45, 365.0], [-44, 361.0], [-43, 357.0], [-42, 350.5], [-41, 347.5], [-40, 343.0], [-39, 339.0], [-38, 336.5], [-37, 332.5], [-36, 330.5], [-35, 324.5], [-34, 323.0], [-33, 319.5], [-32, 317.5], [-31, 316.5], [-30, 314.0], [-29, 311.5], [-28, 308.0], [-27, 305.5], [-26, 304.0], [-25, 301.5], [-24, 300.75], [-23, 299.5], [-22, 298.5], [-21, 297.5], [-20, 295.5], [-19, 295.0], [-18, 294.5], [-17, 294.0], [-16, 291.5], [-15, 292.25], [-14, 291.75], [-13, 290.5], [-12, 289.5], [-11, 290.0], [-10, 290.0], [-9, 290.5], [-8, 290.0], [-7, 290.5], [-6, 289.5], [-5, 290.5], [-4, 290.5]]}