{"heading": 317.4, "target": 66.4000038332985, "gap_dist": 436.92831927279, "gap_info": [{"width": 436.92831927279, "center_angle": 66.4000038332985, "edge_a": [-11, 181.0], "edge_b": [93, 394.5], "depth": 394.5, "passable": true, "chosen": true}, {"width": 234.48074950957493, "center_angle": 135.7683987217872, "edge_a": [124, 296.5], "edge_b": [170, 107.5], "depth": 296.5, "passable": false, "chosen": false}], "scan": [[-2, 1052.5], [-1, 1041.0], [0, 1021.5], [1, 1011.0], [2, 999.5], [3, 980.5], [4, 970.25], [5, 955.0], [6, 945.5], [7, 930.5], [8, 925.0], [9, 919.5], [10, 905.0], [11, 899.0], [12, 887.5], [13, 882.5], [14, 877.5], [15, 865.0], [16, 860.5], [17, 851.0], [18, 846.0], [19, 840.0], [20, 834.5], [21, 830.5], [22, 824.5], [23, 821.0], [24, 815.0], [25, 813.0], [26, 811.0], [27, 803.5], [28, 801.5], [29, 799.5], [30, 797.5], [31, 794.5], [32, 792.5], [33, 789.5], [34, 788.5], [35, 787.5], [36, 787.0], [37, 786.0], [38, 787.5], [39, 785.5], [40, 785.0], [41, 787.5], [42, 786.5], [43, 789.0], [44, 789.5], [45, 790.5], [46, 791.5], [47, 793.0], [48, 794.0], [49, 795.5], [50, 798.0], [51, 799.0], [52, 800.5], [53, 804.0], [54, 805.0], [55, 810.5], [56, 813.0], [57, 815.5], [58, 817.5], [59, 821.0], [60, 829.5], [61, 834.0], [62, 836.5], [63, 846.0], [64, 850.0], [65, 859.0], [66, 863.5], [67, 872.0], [68, 878.0], [69, 888.5], [70, 894.0], [71, 900.5], [72, 913.0], [73, 919.0], [74, 932.5], [75, 941.0], [76, 955.5], [77, 964.0], [78, 972.5], [79, 990.0], [80, 1000.5], [81, 1022.0], [82, 1032.5], [83, 1056.5], [84, 1068.0], [85, 1091.5], [86, 1103.0], [87, 1119.0], [88, 1145.5], [89, 1160.5], [90, 1190.5], [91, 1207.5], [93, 394.5], [94, 383.5], [95, 379.0], [96, 371.0], [97, 368.0], [98, 361.0], [99, 356.5], [100, 349.0], [101, 346.0], [102, 344.0], [103, 340.5], [104, 336.0], [105, 333.5], [106, 329.5], [107, 327.5], [108, 323.5], [109, 320.0], [110, 316.5], [111, 315.5], [112, 314.0], [113, 310.0], [114, 309.5], [115, 305.5], [116, 304.5], [117, 303.5], [118, 301.0], [119, 298.0], [120, 298.0], [121, 297.5], [122, 295.0], [123, 294.5], [124, 296.5], [131, 615.5], [132, 3503.0], [133, 3507.0], [134, 3510.5], [135, 3513.25], [136, 3520.0], [137, 3523.0], [138, 3535.25], [139, 3536.75], [141, 3562.5], [142, 3565.5], [143, 3571.5], [145, 2767.0], [148, 2197.5], [149, 2206.0], [150, 2215.5], [151, 2232.5], [152, 2242.0], [153, 2264.0], [154, 2275.0], [155, 2286.0], [156, 2310.5], [157, 2324.0], [158, 2351.0], [159, 2365.5], [160, 2396.5], [161, 2408.5], [165, 72.25], [166, 71.75], [170, 107.5], [171, 113.0], [173, 118.0], [174, 123.5], [175, 125.25], [176, 127.75], [177, 127.25], [178, 126.25], [179, 127.25], [180, 127.25], [-175, 71.0], [-170, 76.5], [-161, 9131.5], [-160, 9409.5], [-159, 6184.5], [-158, 6165.0], [-154, 2800.5], [-152, 3452.5], [-149, 4252.0], [-144, 7378.5], [-128, 5995.5], [-124, 4479.0], [-120, 7995.0], [-119, 3106.0], [-116, 6381.5], [-113, 9413.5], [-109, 729.0], [-108, 727.0], [-107, 724.25], [-106, 722.75], [-105, 723.5], [-104, 718.5], [-103, 718.0], [-102, 715.0], [-101, 714.0], [-100, 714.0], [-99, 714.0], [-98, 712.5], [-97, 712.0], [-96, 710.5], [-95, 711.0], [-94, 715.0], [-93, 717.5], [-91, 5337.5], [-90, 5277.0], [-89, 4981.0], [-88, 4866.0], [-87, 4830.5], [-86, 4639.0], [-85, 4660.5], [-84, 4650.5], [-83, 4607.5], [-82, 4698.0], [-81, 4779.5], [-79, 3802.5], [-78, 3815.0], [-77, 4930.0], [-76, 4911.5], [-75, 4851.0], [-74, 4822.0], [-73, 4794.5], [-72, 4737.5], [-70, 344.0], [-69, 337.5], [-68, 323.5], [-67, 319.0], [-66, 314.5], [-65, 303.0], [-64, 298.0], [-63, 287.5], [-62, 284.0], [-61, 274.0], [-60, 271.0], [-59, 264.5], [-58, 260.5], [-57, 256.0], [-56, 249.5], [-55, 248.0], [-54, 241.5], [-53, 239.0], [-52, 233.5], [-51, 231.0], [-50, 227.5], [-49, 225.5], [-48, 223.5], [-47, 217.5], [-46, 216.5], [-45, 212.5], [-44, 209.5], [-43, 207.0], [-42, 205.0], [-41, 202.0], [-40, 200.5], [-39, 200.0], [-38, 197.5], [-37, 196.0], [-36, 194.0], [-35, 192.5], [-34, 191.5], [-33, 188.5], [-32, 188.0], [-31, 187.5], [-30, 186.5], [-29, 185.0], [-28, 183.5], [-27, 181.0], [-26, 179.0], [-25, 179.0], [-24, 178.5], [-23, 178.5], [-22, 177.0], [-21, 176.5], [-20, 177.0], [-19, 178.0], [-18, 175.5], [-17, 176.0], [-16, 175.0], [-15, 174.0], [-14, 175.0], [-13, 176.5], [-12, 191.0], [-11, 181.0], [-9, 1226.0], [-8, 1211.0], [-7, 1182.5], [-6, 1166.5], [-5, 1151.0], [-4, 1119.5], [-3, 1104.0]]}