{"heading": -88.9, "target": -97.68290718300567, "gap_dist": 466.5973145674084, "gap_info": [{"width": 170.59788688459787, "center_angle": -167.91974711573175, "edge_a": [-178, 103.75], "edge_b": [-165, 356.5], "depth": 356.5, "passable": false, "chosen": false}, {"width": 109.57267988449584, "center_angle": -128.0888934080546, "edge_a": [-131, 269.5], "edge_b": [-126, 375.5], "depth": 375.5, "passable": false, "chosen": false}, {"width": 466.5973145674084, "center_angle": -97.68290718300567, "edge_a": [-126, 375.5], "edge_b": [-17, 180.5], "depth": 375.5, "passable": true, "chosen": true}, {"width": 282.24265784873825, "center_angle": 57.125493826848626, "edge_a": [42, 392.5], "edge_b": [171, 112.0], "depth": 392.5, "passable": true, "chosen": false}], "scan": [[-4, 195.0], [-3, 194.5], [-2, 190.5], [-1, 192.0], [0, 191.5], [1, 191.0], [2, 193.0], [3, 194.0], [4, 195.5], [5, 197.0], [6, 199.5], [7, 200.5], [8, 202.0], [9, 202.5], [10, 205.0], [11, 207.5], [12, 209.0], [13, 210.5], [14, 214.5], [15, 216.5], [16, 221.0], [17, 223.5], [18, 226.5], [19, 229.5], [20, 233.25], [21, 239.25], [22, 242.0], [23, 245.0], [24, 248.5], [25, 255.25], [26, 259.5], [27, 268.5], [28, 272.25], [29, 274.75], [30, 283.25], [31, 292.5], [32, 297.5], [33, 301.5], [34, 312.5], [35, 317.75], [36, 331.25], [37, 338.5], [38, 351.0], [39, 359.0], [40, 375.5], [41, 384.5], [42, 392.5], [44, 2455.5], [45, 2408.5], [46, 2362.5], [47, 2280.5], [48, 2242.5], [49, 2172.0], [50, 2138.0], [51, 2106.0], [52, 2046.5], [53, 2017.5], [54, 1963.5], [55, 1937.0], [56, 1887.5], [57, 1865.0], [58, 1842.5], [59, 1800.0], [60, 1779.5], [61, 1740.0], [62, 1721.5], [63, 1689.5], [64, 1674.0], [65, 1661.5], [66, 1632.0], [67, 1617.0], [68, 1589.5], [69, 1578.5], [70, 1555.5], [71, 1545.0], [72, 1525.5], [73, 1515.0], [74, 1496.0], [75, 1487.0], [76, 1478.0], [77, 1460.5], [78, 1453.5], [79, 1441.0], [80, 1435.0], [81, 1420.5], [82, 1414.0], [83, 1405.0], [84, 1400.5], [85, 1395.5], [86, 1385.5], [87, 1381.5], [88, 1373.0], [89, 1369.0], [90, 1364.5], [91, 1361.5], [92, 1356.5], [93, 1354.0], [94, 1353.0], [95, 1352.5], [96, 1349.5], [97, 1346.5], [98, 1346.0], [99, 1346.0], [100, 1345.0], [101, 1345.0], [102, 1345.0], [103, 1345.5], [104, 1347.0], [105, 1348.5], [106, 1351.0], [107, 1352.5], [108, 1358.0], [109, 1361.5], [110, 1367.5], [111, 1371.5], [112, 1379.0], [113, 1384.0], [114, 1387.5], [115, 1395.5], [116, 1401.0], [117, 1410.0], [118, 1417.0], [119, 1428.0], [120, 1435.5], [121, 1447.5], [122, 1454.0], [123, 1470.0], [124, 1479.0], [125, 1496.0], [126, 1504.0], [127, 1515.0], [128, 1537.5], [129, 1548.0], [130, 1570.5], [131, 1581.5], [132, 1608.5], [133, 1621.0], [134, 1636.5], [135, 1664.5], [136, 1680.0], [137, 1713.5], [138, 1730.0], [139, 1748.5], [140, 1789.0], [141, 1807.0], [142, 1850.0], [143, 1874.0], [144, 1919.5], [145, 1944.5], [146, 1973.0], [147, 2031.5], [148, 2062.5], [149, 2124.5], [150, 2158.0], [151, 2229.0], [152, 2267.0], [153, 2307.0], [154, 2393.5], [155, 2438.0], [156, 2535.0], [157, 2586.0], [158, 2698.0], [159, 2760.0], [160, 2826.0], [161, 2960.5], [164, 70.0], [165, 70.75], [171, 112.0], [173, 117.75], [174, 122.75], [175, 124.75], [176, 127.25], [177, 126.5], [178, 126.0], [179, 126.75], [180, 126.0], [-178, 103.75], [-175, 69.75], [-168, 69.0], [-165, 356.5], [-164, 350.5], [-163, 341.5], [-162, 336.0], [-161, 325.5], [-160, 320.5], [-159, 314.0], [-158, 304.5], [-157, 301.0], [-156, 293.5], [-155, 290.5], [-154, 286.5], [-153, 283.0], [-152, 281.0], [-151, 277.5], [-150, 273.0], [-149, 267.5], [-148, 265.5], [-147, 260.0], [-146, 257.0], [-145, 255.0], [-144, 252.0], [-143, 249.0], [-142, 246.0], [-141, 244.5], [-140, 240.5], [-139, 238.5], [-138, 236.5], [-137, 235.5], [-136, 237.0], [-135, 237.25], [-134, 239.0], [-133, 252.0], [-131, 269.5], [-126, 375.5], [-120, 2570.0], [-119, 2589.0], [-113, 5945.5], [-107, 1110.5], [-106, 1112.0], [-105, 1119.5], [-104, 1121.5], [-103, 1128.0], [-102, 1132.0], [-101, 1140.5], [-100, 1144.5], [-99, 1148.5], [-98, 1156.5], [-97, 1160.0], [-96, 1170.5], [-95, 1175.5], [-94, 1181.5], [-92, 13379.5], [-82, 5359.0], [-81, 3795.0], [-79, 2382.5], [-76, 8893.5], [-75, 8920.0], [-71, 3080.5], [-69, 5569.5], [-67, 2670.5], [-62, 4146.5], [-60, 6855.0], [-59, 6819.5], [-58, 6755.0], [-53, 2817.5], [-51, 2835.5], [-50, 2826.5], [-48, 5040.0], [-47, 4977.0], [-45, 4764.5], [-44, 4700.0], [-42, 4456.0], [-41, 4403.0], [-39, 4069.5], [-37, 3934.5], [-36, 3893.5], [-35, 3727.5], [-34, 3762.0], [-33, 3756.5], [-32, 3700.5], [-31, 3738.5], [-30, 3805.0], [-29, 3960.5], [-28, 4040.5], [-27, 2931.0], [-26, 2910.0], [-25, 2908.0], [-23, 4030.5], [-17, 180.5], [-16, 177.5], [-14, 170.5], [-13, 174.5], [-12, 174.5], [-11, 178.5], [-10, 180.0], [-9, 180.5], [-8, 181.5], [-7, 182.0], [-6, 184.0], [-5, 185.5]]}