{"heading": 19.8, "target": 54.774804046252406, "gap_dist": 450.73138721718817, "gap_info": [{"width": 56.67568125246371, "center_angle": -30.464130570862782, "edge_a": [-36, 173.5], "edge_b": [-27, 277.0], "depth": 277.0, "passable": false, "chosen": false}, {"width": 450.73138721718817, "center_angle": 54.774804046252406, "edge_a": [21, 411.0], "edge_b": [88, 417.0], "depth": 417.0, "passable": true, "chosen": true}, {"width": 236.6845334363214, "center_angle": 141.54155734134073, "edge_a": [132, 315.5], "edge_b": [170, 109.75], "depth": 315.5, "passable": false, "chosen": false}], "scan": [[-3, 191.5], [-2, 195.5], [-1, 224.5], [0, 230.0], [1, 234.0], [2, 241.0], [3, 245.5], [4, 255.5], [5, 260.0], [6, 263.5], [7, 271.5], [8, 275.0], [9, 284.5], [10, 290.0], [11, 300.5], [12, 306.0], [13, 312.0], [14, 325.0], [15, 332.0], [16, 348.5], [17, 355.5], [18, 373.0], [19, 382.5], [20, 393.0], [21, 411.0], [23, 4299.0], [24, 4306.0], [25, 4310.0], [26, 4314.0], [27, 4328.5], [28, 4337.0], [29, 4344.5], [30, 4355.5], [31, 4384.0], [32, 4330.0], [34, 3796.5], [35, 3765.5], [36, 3776.5], [37, 3809.5], [43, 2671.5], [44, 2596.0], [45, 2460.5], [46, 2400.0], [47, 2344.5], [48, 2231.5], [49, 2179.5], [50, 2082.5], [51, 2036.5], [52, 1950.5], [53, 1912.0], [54, 1875.5], [55, 1806.5], [56, 1773.0], [57, 1707.5], [58, 1678.0], [59, 1623.5], [60, 1596.0], [61, 1572.0], [62, 1529.0], [63, 1508.0], [64, 1469.5], [65, 1449.5], [66, 1418.5], [67, 1401.0], [68, 1371.0], [69, 1354.5], [70, 1328.5], [71, 1316.0], [72, 1291.0], [73, 1278.5], [74, 1259.0], [75, 1247.0], [76, 1224.0], [77, 1213.0], [78, 1202.5], [79, 1184.5], [80, 1176.5], [81, 1160.0], [82, 1151.5], [83, 1137.0], [84, 1129.5], [85, 1116.0], [86, 1110.0], [87, 1105.0], [88, 417.0], [89, 411.0], [90, 408.5], [91, 402.5], [92, 399.0], [93, 395.5], [94, 387.5], [95, 384.5], [96, 379.0], [97, 375.0], [98, 371.0], [99, 369.0], [100, 361.5], [101, 360.0], [102, 358.0], [103, 353.0], [104, 350.5], [105, 345.0], [106, 342.5], [107, 339.0], [108, 338.5], [109, 336.0], [110, 334.0], [111, 332.0], [112, 328.5], [113, 327.0], [114, 325.5], [115, 324.0], [116, 323.0], [117, 322.0], [118, 319.5], [119, 317.5], [120, 317.5], [121, 317.0], [122, 315.5], [123, 315.0], [124, 315.0], [125, 314.0], [126, 313.5], [127, 312.0], [128, 310.5], [129, 310.0], [130, 310.0], [131, 315.0], [132, 315.5], [135, 1084.5], [136, 1096.0], [137, 1102.5], [138, 1115.0], [139, 1121.0], [140, 1128.5], [141, 1144.0], [142, 1151.5], [143, 1164.0], [144, 1172.0], [145, 1191.0], [146, 1199.0], [147, 1214.5], [148, 1224.0], [149, 1246.5], [150, 1256.5], [151, 1268.5], [152, 1291.5], [153, 1303.0], [154, 1331.5], [155, 1344.5], [156, 1376.5], [157, 1392.5], [158, 1423.5], [159, 1440.5], [160, 1480.5], [161, 1497.5], [163, 59.0], [164, 69.5], [165, 69.75], [166, 69.0], [170, 109.75], [171, 109.5], [172, 117.5], [173, 120.0], [174, 122.0], [175, 125.75], [176, 126.5], [177, 125.75], [178, 125.0], [179, 124.25], [180, 124.25], [-175, 68.0], [-171, 71.5], [-170, 71.0], [-169, 73.5], [-166, 3358.5], [-165, 3358.5], [-164, 3357.0], [-163, 711.0], [-162, 718.0], [-161, 708.5], [-160, 704.5], [-159, 704.5], [-158, 706.5], [-157, 710.0], [-155, 3553.0], [-154, 3558.0], [-153, 3558.5], [-152, 3559.0], [-151, 3568.0], [-150, 842.5], [-148, 778.5], [-147, 770.75], [-146, 788.0], [-145, 773.0], [-144, 749.0], [-143, 745.5], [-142, 751.0], [-140, 2223.0], [-139, 2244.5], [-138, 2253.0], [-137, 2263.0], [-136, 2283.5], [-135, 2294.5], [-134, 2315.0], [-133, 2326.0], [-132, 3926.0], [-131, 3954.0], [-130, 3979.5], [-129, 4003.5], [-128, 4054.5], [-127, 4085.0], [-126, 4143.5], [-125, 4173.5], [-124, 4236.0], [-123, 4271.0], [-122, 4289.0], [-121, 4263.5], [-120, 4450.5], [-119, 4494.5], [-118, 4581.5], [-117, 4626.5], [-116, 4721.0], [-115, 4772.5], [-114, 4877.5], [-111, 5109.5], [-110, 5173.5], [-108, 295.75], [-107, 291.75], [-106, 284.25], [-105, 280.0], [-104, 270.5], [-103, 266.25], [-102, 259.5], [-101, 256.25], [-100, 247.5], [-99, 244.0], [-98, 238.0], [-97, 234.0], [-96, 230.5], [-95, 225.5], [-94, 223.5], [-93, 219.0], [-92, 217.0], [-91, 212.0], [-90, 209.0], [-89, 205.0], [-88, 203.0], [-87, 199.0], [-86, 196.0], [-85, 197.0], [-84, 195.0], [-83, 193.5], [-82, 192.0], [-81, 190.5], [-80, 186.0], [-79, 185.5], [-78, 184.0], [-77, 183.0], [-76, 181.5], [-75, 180.0], [-74, 179.0], [-73, 178.0], [-72, 176.5], [-71, 175.5], [-70, 173.5], [-69, 172.0], [-68, 170.5], [-67, 170.5], [-66, 169.5], [-65, 168.5], [-64, 167.5], [-63, 166.5], [-62, 166.5], [-61, 165.5], [-60, 165.5], [-59, 166.0], [-58, 167.0], [-57, 163.5], [-56, 162.0], [-55, 161.0], [-54, 158.5], [-53, 158.0], [-52, 160.0], [-51, 160.0], [-50, 161.0], [-49, 162.0], [-48, 162.0], [-47, 164.0], [-46, 166.0], [-45, 167.0], [-44, 167.0], [-43, 167.0], [-42, 166.5], [-41, 168.5], [-40, 169.5], [-39, 171.0], [-38, 167.5], [-37, 169.5], [-36, 173.5], [-33, 6972.5], [-27, 277.0], [-26, 257.5], [-24, 243.5], [-22, 216.5], [-20, 198.5], [-18, 184.5], [-17, 181.5], [-16, 176.5], [-15, 176.0], [-14, 173.0], [-13, 172.5], [-12, 173.5], [-11, 176.0], [-10, 177.0], [-9, 179.0], [-8, 180.5], [-7, 182.5], [-6, 185.5], [-5, 186.5], [-4, 190.0]]}