{"heading": -18.9, "target": 44.94944354963235, "gap_dist": 398.98805716709137, "gap_info": [{"width": 86.14617835911976, "center_angle": -62.19493429603368, "edge_a": [-63, 317.25], "edge_b": [-61, 213.75], "depth": 317.25, "passable": false, "chosen": false}, {"width": 27.757040354117425, "center_angle": 19.57168440429745, "edge_a": [18, 284.0], "edge_b": [21, 312.5], "depth": 312.5, "passable": false, "chosen": false}, {"width": 398.98805716709137, "center_angle": 44.94944354963235, "edge_a": [33, 420.75], "edge_b": [171, 107.75], "depth": 420.75, "passable": true, "chosen": true}], "scan": [[-3, 206.5], [-2, 207.5], [-1, 208.25], [0, 212.5], [1, 214.25], [2, 218.5], [3, 220.25], [4, 225.5], [5, 227.5], [6, 229.0], [7, 234.25], [8, 238.0], [9, 240.75], [10, 244.0], [11, 249.0], [12, 251.75], [13, 256.25], [14, 258.5], [15, 265.25], [16, 266.5], [17, 272.5], [18, 284.0], [21, 312.5], [22, 302.75], [24, 334.0], [25, 356.0], [26, 363.5], [28, 351.0], [29, 378.0], [31, 404.75], [32, 406.75], [33, 420.75], [35, 683.0], [36, 1785.5], [37, 1810.25], [38, 1836.25], [39, 1888.5], [40, 1914.5], [41, 1945.0], [42, 2010.25], [43, 2044.0], [45, 940.75], [46, 931.25], [48, 901.0], [49, 894.75], [50, 890.25], [51, 889.5], [52, 889.75], [53, 889.75], [54, 896.75], [55, 901.5], [56, 906.5], [58, 3466.0], [59, 3383.5], [64, 4883.75], [65, 4872.0], [66, 3472.5], [68, 6406.25], [81, 3193.25], [85, 3737.0], [87, 3394.5], [88, 3407.5], [90, 954.25], [91, 942.0], [92, 940.25], [93, 938.25], [94, 937.25], [95, 936.75], [96, 937.0], [97, 937.75], [98, 937.75], [99, 938.5], [100, 941.75], [101, 943.25], [102, 944.5], [103, 946.5], [104, 951.25], [105, 952.75], [106, 958.25], [107, 961.0], [108, 966.5], [109, 971.0], [110, 975.5], [111, 984.75], [112, 987.25], [113, 991.75], [114, 995.5], [115, 1005.5], [116, 1012.75], [117, 1020.25], [118, 1027.5], [119, 1032.5], [121, 1211.5], [122, 1226.0], [123, 1251.5], [124, 1307.25], [125, 1340.5], [126, 1406.25], [127, 1444.5], [129, 1588.0], [130, 1616.25], [131, 5823.0], [132, 5679.5], [133, 5683.5], [134, 5642.25], [135, 5672.75], [136, 5876.5], [137, 5887.0], [138, 5840.25], [139, 5936.0], [140, 5936.0], [141, 5895.0], [142, 5860.0], [143, 1098.75], [144, 1098.0], [145, 1093.75], [146, 1091.75], [147, 1089.0], [148, 1090.25], [149, 1090.75], [150, 1090.5], [151, 1091.0], [152, 1090.0], [153, 1089.25], [154, 1088.75], [155, 1090.25], [156, 1090.5], [157, 1093.25], [158, 1093.25], [164, 69.25], [165, 70.0], [166, 70.0], [171, 107.75], [173, 119.75], [174, 122.0], [175, 124.75], [176, 127.25], [177, 125.5], [178, 124.5], [179, 125.75], [180, 124.0], [-174, 65.0], [-167, 72.25], [-165, 568.5], [-163, 524.25], [-162, 510.75], [-161, 498.25], [-160, 476.75], [-159, 466.5], [-158, 448.5], [-157, 439.0], [-156, 423.0], [-155, 416.75], [-154, 411.5], [-153, 399.25], [-152, 394.0], [-151, 383.25], [-150, 377.0], [-149, 371.5], [-148, 361.5], [-147, 358.0], [-146, 348.5], [-145, 343.5], [-144, 335.75], [-143, 331.75], [-142, 327.25], [-141, 319.5], [-140, 316.5], [-139, 311.25], [-138, 308.0], [-137, 305.5], [-136, 298.75], [-135, 296.25], [-134, 293.25], [-133, 291.5], [-132, 287.0], [-131, 284.5], [-130, 279.75], [-129, 278.25], [-128, 276.0], [-127, 273.25], [-126, 271.25], [-125, 269.0], [-124, 268.0], [-123, 265.25], [-122, 264.0], [-121, 261.25], [-120, 260.25], [-119, 259.25], [-118, 257.5], [-117, 256.25], [-116, 254.5], [-115, 254.0], [-114, 252.25], [-113, 250.0], [-112, 249.5], [-111, 249.0], [-110, 249.0], [-109, 248.5], [-108, 248.0], [-107, 247.5], [-106, 246.5], [-105, 246.25], [-104, 245.75], [-103, 245.75], [-102, 245.25], [-101, 245.25], [-100, 245.25], [-99, 246.0], [-98, 246.25], [-97, 246.25], [-96, 246.75], [-95, 246.75], [-94, 248.25], [-93, 249.25], [-92, 249.75], [-91, 250.5], [-90, 250.75], [-89, 253.25], [-88, 254.75], [-87, 256.5], [-86, 257.25], [-85, 257.75], [-84, 259.75], [-83, 260.75], [-82, 263.5], [-81, 264.75], [-80, 267.0], [-79, 268.25], [-78, 269.5], [-77, 272.75], [-76, 274.5], [-75, 277.75], [-74, 279.75], [-73, 283.75], [-72, 286.25], [-71, 288.25], [-70, 292.5], [-69, 294.5], [-68, 298.0], [-67, 300.5], [-66, 305.5], [-65, 309.0], [-64, 311.75], [-63, 317.25], [-61, 213.75], [-60, 210.0], [-59, 208.25], [-58, 206.75], [-57, 204.0], [-56, 202.25], [-55, 200.25], [-54, 198.75], [-53, 197.0], [-52, 196.25], [-51, 195.25], [-50, 192.75], [-49, 192.0], [-48, 190.0], [-47, 189.25], [-46, 188.0], [-45, 186.5], [-44, 186.75], [-43, 185.5], [-42, 185.25], [-41, 184.25], [-40, 184.0], [-39, 183.5], [-38, 182.5], [-37, 182.5], [-36, 182.0], [-35, 181.75], [-34, 181.75], [-33, 182.25], [-32, 182.25], [-31, 181.75], [-30, 181.75], [-29, 181.75], [-28, 181.5], [-27, 181.25], [-26, 182.25], [-25, 182.25], [-24, 183.0], [-23, 183.25], [-22, 183.0], [-21, 183.75], [-20, 184.0], [-19, 184.5], [-18, 184.25], [-17, 185.75], [-16, 187.75], [-15, 187.75], [-14, 188.5], [-13, 189.25], [-12, 191.0], [-11, 192.75], [-10, 193.0], [-9, 195.5], [-8, 197.0], [-7, 198.75], [-6, 199.75], [-5, 202.5], [-4, 203.0]]}