{"heading": 108.9, "target": 104.80101098431253, "gap_dist": 281.5109224289011, "gap_info": [{"width": 301.4602326566251, "center_angle": -50.7587396444121, "edge_a": [-180, 122.75], "edge_b": [-39, 466.5], "depth": 466.5, "passable": true, "chosen": false}, {"width": 281.5109224289011, "center_angle": 104.80101098431253, "edge_a": [93, 491.0], "edge_b": [171, 109.75], "depth": 491.0, "passable": true, "chosen": true}], "scan": [[-3, 211.5], [-2, 220.5], [-1, 219.0], [0, 215.0], [1, 213.0], [2, 212.5], [3, 210.0], [4, 208.0], [5, 206.5], [6, 206.0], [7, 205.5], [8, 202.5], [9, 202.0], [10, 201.5], [11, 199.5], [12, 199.0], [13, 199.0], [14, 196.5], [15, 196.0], [16, 196.0], [17, 195.5], [18, 195.5], [19, 194.0], [20, 193.0], [21, 192.0], [22, 192.0], [23, 192.0], [24, 192.5], [25, 193.0], [26, 191.5], [27, 190.5], [28, 191.5], [29, 191.5], [30, 193.5], [31, 193.0], [32, 194.5], [33, 194.5], [34, 195.0], [35, 196.0], [36, 195.5], [37, 197.5], [38, 196.5], [39, 196.0], [40, 199.0], [41, 200.0], [42, 200.5], [43, 201.0], [44, 203.0], [45, 204.0], [46, 205.0], [47, 206.5], [48, 207.0], [49, 209.0], [50, 210.0], [51, 214.5], [52, 215.5], [53, 215.0], [54, 220.0], [55, 222.0], [56, 224.5], [57, 225.5], [58, 227.5], [59, 230.5], [60, 233.0], [61, 236.0], [62, 239.0], [63, 241.5], [64, 247.0], [65, 250.0], [66, 253.5], [67, 259.5], [68, 263.0], [69, 268.0], [70, 271.0], [71, 274.5], [72, 280.5], [73, 284.0], [74, 291.0], [75, 295.5], [76, 300.0], [77, 307.5], [78, 314.5], [79, 325.5], [80, 330.5], [81, 336.5], [82, 350.0], [83, 357.0], [84, 373.5], [85, 380.5], [86, 388.0], [87, 403.0], [88, 411.0], [89, 429.5], [90, 439.0], [91, 452.0], [92, 478.5], [93, 491.0], [96, 578.5], [112, 2374.5], [113, 2380.0], [114, 2367.0], [115, 2193.0], [116, 2203.5], [117, 2205.0], [118, 2354.5], [121, 2361.0], [122, 2366.5], [123, 2371.0], [124, 2375.0], [125, 2378.5], [126, 2387.0], [127, 2392.5], [128, 2403.0], [129, 2408.5], [130, 2412.0], [131, 2644.5], [132, 2654.0], [133, 2671.5], [134, 2682.5], [135, 2692.5], [137, 2723.0], [138, 2756.0], [139, 2770.5], [140, 2784.0], [142, 2830.0], [143, 2851.0], [144, 2883.0], [146, 2941.25], [147, 2963.75], [148, 2989.0], [149, 3013.75], [150, 3062.0], [151, 2129.5], [152, 2145.5], [153, 2144.0], [154, 2085.0], [155, 2047.0], [156, 1980.5], [157, 1948.5], [158, 1920.0], [159, 1858.0], [160, 1833.5], [162, 68.0], [164, 66.25], [165, 69.75], [167, 65.75], [171, 109.75], [172, 111.0], [173, 119.5], [174, 122.0], [175, 126.5], [176, 127.0], [177, 126.0], [178, 125.75], [179, 125.5], [180, 124.75], [-180, 122.75], [-175, 70.0], [-169, 69.75], [-168, 71.25], [-165, 77.0], [-160, 9518.5], [-150, 3255.0], [-137, 12300.5], [-129, 12028.0], [-124, 4028.5], [-118, 2713.5], [-117, 2698.5], [-116, 2691.0], [-115, 2676.5], [-114, 2669.0], [-113, 2661.5], [-111, 1401.0], [-110, 1404.0], [-109, 1403.5], [-108, 1404.0], [-107, 1404.25], [-106, 1403.75], [-105, 1406.5], [-104, 1408.0], [-103, 1407.0], [-102, 6007.0], [-101, 5957.0], [-99, 1904.5], [-98, 1888.0], [-97, 1872.5], [-96, 1839.0], [-95, 1831.5], [-94, 1847.0], [-93, 1919.0], [-92, 1961.0], [-91, 2006.5], [-89, 5860.0], [-88, 5825.5], [-87, 5794.0], [-86, 5726.5], [-85, 5693.5], [-84, 5636.5], [-83, 5608.5], [-82, 5558.0], [-81, 5533.5], [-71, 5353.0], [-70, 5327.5], [-68, 5297.0], [-67, 5286.5], [-66, 5280.5], [-65, 5265.5], [-64, 5263.0], [-63, 5237.0], [-61, 4628.0], [-60, 4630.5], [-59, 4678.0], [-47, 714.0], [-46, 699.5], [-39, 466.5], [-38, 454.0], [-36, 418.5], [-35, 408.5], [-34, 390.5], [-33, 382.5], [-32, 373.5], [-31, 357.0], [-30, 349.5], [-29, 336.0], [-28, 329.5], [-27, 322.5], [-26, 311.5], [-25, 306.0], [-24, 301.0], [-23, 292.0], [-22, 287.0], [-21, 280.0], [-20, 276.5], [-19, 272.0], [-18, 266.5], [-17, 263.0], [-16, 258.5], [-15, 253.0], [-14, 249.5], [-13, 243.5], [-12, 240.5], [-11, 238.5], [-10, 232.0], [-9, 230.0], [-8, 226.0], [-7, 224.0], [-6, 222.0], [-5, 218.5], [-4, 216.0]]}