{"heading": -8.4, "target": 110.9174730239186, "gap_dist": 400.848596759164, "gap_info": [{"width": 240.30962122775182, "center_angle": -97.65969771499597, "edge_a": [-178, 107.25], "edge_b": [-59, 169.25], "depth": 169.25, "passable": false, "chosen": false}, {"width": 142.2182468783135, "center_angle": 62.29597782865784, "edge_a": [55, 234.25], "edge_b": [67, 362.75], "depth": 362.75, "passable": false, "chosen": false}, {"width": 400.848596759164, "center_angle": 110.9174730239186, "edge_a": [100, 494.25], "edge_b": [171, 108.0], "depth": 494.25, "passable": true, "chosen": true}], "scan": [[-3, 235.5], [-2, 240.75], [-1, 240.25], [0, 228.0], [1, 223.0], [2, 221.25], [3, 220.25], [4, 217.0], [5, 215.5], [6, 212.25], [7, 211.75], [8, 210.0], [9, 209.5], [10, 208.5], [11, 206.25], [12, 206.25], [13, 205.75], [14, 205.0], [15, 203.25], [16, 201.5], [17, 200.75], [18, 200.25], [19, 200.25], [20, 200.0], [21, 198.5], [22, 198.0], [23, 197.0], [24, 196.75], [25, 196.0], [26, 194.5], [27, 194.0], [28, 194.5], [29, 194.75], [30, 197.0], [31, 198.5], [32, 199.25], [33, 199.25], [34, 200.75], [35, 201.5], [36, 202.5], [37, 202.75], [38, 202.5], [39, 203.25], [40, 205.5], [41, 205.0], [42, 205.5], [43, 206.75], [44, 208.25], [45, 209.75], [46, 210.5], [47, 213.0], [48, 215.5], [49, 216.75], [50, 218.0], [51, 218.75], [52, 222.25], [53, 226.0], [54, 229.25], [55, 234.25], [60, 1498.0], [61, 1485.75], [62, 1473.75], [67, 362.75], [68, 364.25], [69, 365.0], [70, 367.5], [71, 368.25], [72, 369.5], [73, 371.75], [74, 373.75], [75, 376.5], [76, 378.75], [77, 382.0], [78, 383.5], [79, 385.5], [80, 390.5], [81, 392.0], [82, 397.0], [83, 399.75], [84, 404.75], [85, 406.0], [86, 408.0], [87, 415.25], [88, 416.75], [89, 425.25], [90, 428.0], [91, 435.75], [92, 440.5], [93, 443.75], [94, 451.25], [95, 454.75], [96, 466.25], [97, 468.0], [98, 481.5], [99, 487.25], [100, 494.25], [101, 504.0], [102, 511.5], [103, 520.0], [104, 534.75], [105, 561.5], [106, 561.5], [108, 607.0], [110, 626.0], [111, 640.0], [113, 675.5], [114, 684.75], [115, 694.75], [117, 4331.75], [118, 4248.5], [122, 1005.5], [123, 998.75], [124, 986.5], [125, 978.0], [126, 966.25], [127, 960.5], [128, 950.5], [129, 944.5], [130, 939.5], [131, 927.0], [132, 923.5], [133, 916.5], [134, 912.75], [135, 908.5], [136, 903.0], [137, 902.0], [138, 909.0], [144, 11168.5], [146, 15023.0], [147, 14987.5], [148, 14949.5], [149, 14925.25], [150, 14910.0], [151, 14879.0], [152, 14873.5], [153, 8825.5], [154, 8909.0], [156, 7491.5], [157, 7533.0], [158, 7549.5], [160, 7014.0], [165, 68.75], [168, 59.25], [171, 108.0], [173, 119.0], [174, 122.0], [175, 124.5], [176, 126.25], [177, 125.0], [178, 124.75], [179, 125.25], [-178, 107.25], [-175, 67.5], [-168, 73.5], [-165, 1659.5], [-164, 1632.0], [-163, 1590.0], [-162, 1569.5], [-161, 1550.0], [-160, 1514.5], [-159, 1496.0], [-158, 1463.0], [-157, 1446.5], [-156, 1416.5], [-155, 1401.0], [-153, 807.5], [-152, 807.25], [-151, 807.0], [-150, 805.75], [-149, 806.75], [-148, 805.75], [-147, 806.75], [-146, 806.25], [-145, 811.75], [-144, 811.25], [-143, 812.5], [-142, 814.75], [-141, 817.0], [-140, 820.25], [-139, 822.75], [-138, 825.5], [-137, 827.25], [-136, 830.0], [-135, 834.0], [-134, 836.5], [-133, 845.5], [-132, 847.25], [-131, 855.5], [-130, 863.75], [-129, 870.25], [-128, 877.0], [-127, 877.75], [-126, 881.0], [-125, 885.75], [-124, 900.25], [-123, 908.25], [-122, 912.0], [-121, 914.5], [-119, 1075.25], [-118, 1086.75], [-116, 762.0], [-115, 752.5], [-114, 749.0], [-113, 749.0], [-112, 760.0], [-111, 777.0], [-108, 967.5], [-107, 952.0], [-106, 935.5], [-105, 928.25], [-104, 917.0], [-103, 917.75], [-102, 929.25], [-101, 1121.25], [-100, 1130.75], [-99, 1137.5], [-98, 1144.25], [-97, 1148.5], [-96, 1153.75], [-95, 1164.75], [-94, 1169.5], [-93, 1180.5], [-92, 1187.5], [-91, 1202.5], [-90, 1208.0], [-89, 1003.0], [-88, 991.75], [-87, 989.5], [-86, 984.5], [-85, 981.25], [-84, 976.75], [-83, 974.0], [-82, 971.75], [-81, 967.0], [-80, 965.25], [-79, 964.25], [-78, 963.0], [-77, 961.5], [-76, 959.5], [-75, 958.5], [-74, 958.25], [-73, 957.75], [-72, 957.75], [-71, 957.0], [-70, 958.5], [-69, 963.0], [-68, 961.5], [-67, 962.5], [-66, 962.5], [-65, 965.5], [-64, 969.25], [-63, 974.0], [-62, 982.25], [-61, 984.5], [-59, 169.25], [-58, 172.25], [-57, 170.5], [-56, 168.25], [-55, 168.25], [-54, 168.25], [-53, 167.5], [-52, 166.75], [-51, 166.5], [-50, 167.0], [-49, 163.75], [-48, 162.75], [-47, 161.75], [-46, 161.25], [-45, 162.25], [-44, 162.75], [-43, 164.75], [-42, 166.5], [-41, 167.75], [-40, 168.0], [-39, 168.25], [-38, 168.75], [-37, 169.0], [-36, 169.25], [-35, 169.5], [-34, 170.75], [-33, 172.25], [-32, 172.75], [-31, 172.75], [-30, 173.5], [-29, 175.0], [-28, 175.75], [-27, 176.75], [-26, 177.25], [-25, 178.25], [-24, 181.75], [-23, 182.0], [-22, 182.75], [-21, 185.75], [-20, 187.0], [-19, 190.0], [-18, 191.5], [-17, 194.25], [-16, 195.0], [-15, 196.75], [-14, 198.75], [-13, 201.25], [-12, 204.25], [-11, 206.0], [-10, 208.0], [-9, 212.25], [-8, 214.5], [-7, 220.0], [-6, 222.0], [-5, 229.25], [-4, 232.75]]}