{"heading": 17.0, "target": -8.068141687066325, "gap_dist": 541.2293908584827, "gap_info": [{"width": 541.2293908584827, "center_angle": -8.068141687066325, "edge_a": [-179, 110.25], "edge_b": [-6, 481.5], "depth": 481.5, "passable": true, "chosen": true}, {"width": 191.18892030030915, "center_angle": 17.077304167595877, "edge_a": [16, 472.0], "edge_b": [19, 264.5], "depth": 472.0, "passable": false, "chosen": false}, {"width": 275.8776470911641, "center_angle": 64.85182221529357, "edge_a": [46, 299.5], "edge_b": [171, 100.75], "depth": 299.5, "passable": true, "chosen": false}], "scan": [[-4, 453.0], [-3, 444.5], [-2, 440.0], [-1, 433.0], [0, 431.0], [1, 431.0], [2, 431.0], [3, 432.0], [4, 434.0], [5, 443.5], [6, 450.0], [7, 454.5], [8, 459.0], [9, 460.0], [10, 458.0], [11, 456.0], [12, 456.5], [13, 461.0], [14, 462.5], [15, 466.0], [16, 472.0], [17, 1605.5], [19, 264.5], [20, 255.5], [22, 239.5], [23, 233.5], [24, 228.5], [25, 221.0], [26, 217.5], [27, 209.5], [28, 206.5], [29, 203.5], [30, 199.5], [31, 196.5], [32, 195.5], [33, 194.5], [34, 193.5], [35, 196.0], [36, 200.0], [38, 228.5], [39, 233.5], [40, 245.0], [41, 249.5], [42, 262.5], [43, 268.0], [44, 290.5], [45, 296.0], [46, 299.5], [49, 2376.0], [50, 2415.0], [51, 2491.0], [52, 2537.5], [53, 2629.0], [54, 2673.5], [55, 2778.0], [56, 2833.5], [57, 2891.0], [58, 3018.5], [59, 3084.5], [60, 3227.0], [61, 3305.5], [62, 3176.5], [64, 2498.5], [65, 3909.0], [67, 3737.5], [68, 3721.5], [69, 3705.5], [70, 2208.5], [71, 2226.0], [72, 2765.5], [74, 3720.5], [75, 2268.5], [77, 7711.5], [80, 3794.0], [81, 3837.5], [84, 2477.0], [87, 2591.5], [93, 3222.0], [94, 3174.5], [96, 4729.0], [97, 4695.0], [98, 4646.5], [100, 4429.5], [101, 4325.5], [102, 4293.5], [103, 4270.0], [104, 4243.0], [105, 11302.0], [106, 4028.5], [107, 3973.5], [108, 3931.5], [109, 3907.0], [110, 6110.5], [111, 6079.5], [112, 6009.5], [113, 6033.0], [114, 6147.5], [116, 10274.0], [117, 10172.5], [118, 10085.5], [119, 10048.0], [120, 9966.0], [121, 9937.0], [122, 9912.5], [123, 9911.5], [128, 11155.0], [129, 11034.0], [131, 11765.5], [133, 13943.5], [135, 8470.0], [136, 8426.5], [139, 10722.0], [154, 2651.5], [163, 60.0], [165, 69.5], [166, 68.5], [171, 100.75], [173, 116.5], [174, 123.75], [175, 125.25], [176, 125.0], [177, 124.5], [178, 123.5], [179, 123.5], [180, 123.5], [-179, 110.25], [-173, 59.0], [-171, 79.5], [-168, 72.75], [-166, 809.0], [-165, 799.5], [-164, 791.5], [-163, 779.5], [-162, 773.5], [-161, 766.5], [-160, 761.0], [-159, 754.5], [-158, 744.5], [-157, 738.5], [-156, 732.0], [-155, 727.0], [-154, 724.0], [-153, 714.5], [-152, 713.0], [-151, 709.0], [-150, 704.0], [-149, 702.0], [-148, 695.5], [-147, 697.5], [-146, 695.0], [-145, 691.5], [-144, 691.5], [-143, 690.5], [-142, 689.0], [-141, 687.0], [-140, 683.5], [-139, 682.5], [-138, 679.0], [-137, 678.0], [-136, 677.5], [-135, 674.0], [-134, 674.5], [-133, 674.5], [-132, 675.0], [-131, 674.5], [-130, 675.5], [-129, 675.5], [-128, 675.5], [-127, 676.5], [-126, 677.5], [-125, 679.5], [-124, 681.0], [-123, 679.5], [-122, 681.0], [-121, 684.5], [-120, 687.0], [-119, 687.5], [-118, 691.0], [-117, 694.0], [-116, 697.0], [-115, 701.5], [-114, 703.5], [-113, 710.0], [-112, 714.0], [-111, 717.5], [-110, 725.5], [-109, 728.0], [-108, 734.5], [-107, 739.0], [-106, 742.0], [-105, 750.5], [-104, 756.0], [-103, 765.0], [-102, 770.5], [-101, 775.0], [-100, 787.0], [-99, 793.5], [-98, 807.0], [-97, 814.0], [-96, 820.0], [-95, 835.0], [-94, 843.0], [-93, 866.5], [-92, 872.5], [-91, 876.0], [-90, 893.0], [-89, 903.5], [-88, 922.0], [-87, 933.5], [-86, 945.0], [-85, 970.0], [-84, 984.5], [-83, 1015.5], [-82, 1029.5], [-81, 1043.5], [-80, 1082.5], [-79, 1089.5], [-77, 869.5], [-76, 844.5], [-75, 835.5], [-74, 817.5], [-73, 811.0], [-72, 806.0], [-71, 798.5], [-70, 796.0], [-69, 791.5], [-68, 790.5], [-67, 790.0], [-66, 792.0], [-65, 792.5], [-64, 794.0], [-63, 800.0], [-62, 803.0], [-61, 808.0], [-60, 820.5], [-59, 829.0], [-58, 853.5], [-57, 868.5], [-56, 887.0], [-55, 1667.0], [-54, 1670.0], [-53, 1668.5], [-52, 1668.0], [-51, 1667.0], [-50, 1666.0], [-49, 1665.0], [-48, 1664.5], [-47, 1664.5], [-46, 1665.0], [-45, 1673.5], [-44, 2012.5], [-43, 1991.0], [-42, 1968.5], [-40, 1908.0], [-39, 1872.5], [-38, 1856.0], [-37, 1835.5], [-36, 1798.5], [-35, 1781.5], [-34, 1748.0], [-33, 1735.0], [-32, 1723.0], [-31, 1699.5], [-30, 1693.0], [-29, 1668.5], [-28, 1659.5], [-27, 1647.5], [-26, 1629.0], [-25, 1619.5], [-24, 1605.0], [-23, 1597.0], [-22, 1589.5], [-21, 1570.0], [-20, 1563.5], [-19, 1549.5], [-18, 1542.5], [-17, 1541.5], [-16, 1532.0], [-15, 1528.0], [-14, 1517.5], [-13, 1513.5], [-12, 1509.5], [-11, 1506.0], [-10, 1501.5], [-9, 1499.5], [-8, 536.5], [-6, 481.5], [-5, 473.0]]}