{"heading": 74.5, "target": 134.55026202101058, "gap_dist": 315.5567948939993, "gap_info": [{"width": 54.170655631579876, "center_angle": 110.60095567276757, "edge_a": [109, 350.0], "edge_b": [112, 400.5], "depth": 400.5, "passable": false, "chosen": false}, {"width": 315.5567948939993, "center_angle": 134.55026202101058, "edge_a": [115, 470.5], "edge_b": [153, 497.5], "depth": 497.5, "passable": true, "chosen": true}, {"width": 330.20253128816296, "center_angle": 162.9702140259134, "edge_a": [161, 451.0], "edge_b": [171, 111.0], "depth": 451.0, "passable": true, "chosen": false}], "scan": [[-4, 170.5], [-3, 175.0], [-2, 171.5], [-1, 169.5], [0, 167.0], [2, 163.0], [3, 160.0], [4, 158.5], [5, 155.0], [6, 154.0], [7, 154.5], [8, 152.25], [9, 151.25], [10, 148.0], [11, 147.0], [12, 146.75], [13, 145.0], [14, 143.5], [15, 142.25], [16, 141.5], [17, 140.0], [18, 138.0], [19, 137.75], [20, 136.5], [21, 135.25], [22, 134.75], [23, 133.5], [24, 133.25], [25, 132.75], [26, 132.0], [27, 131.75], [28, 130.75], [29, 131.25], [30, 129.0], [31, 128.75], [32, 128.5], [33, 128.0], [34, 128.0], [35, 129.25], [36, 126.75], [37, 127.75], [38, 127.75], [39, 128.0], [40, 127.75], [41, 127.0], [42, 126.75], [43, 127.75], [44, 128.5], [45, 128.5], [46, 129.0], [47, 129.25], [48, 129.5], [49, 129.5], [50, 129.25], [51, 129.5], [52, 130.25], [53, 130.75], [54, 131.5], [55, 132.5], [56, 133.5], [57, 133.5], [58, 133.25], [59, 134.25], [60, 135.5], [61, 136.25], [62, 137.0], [63, 138.25], [64, 138.75], [65, 141.5], [66, 141.25], [67, 142.25], [68, 144.25], [69, 145.5], [70, 144.75], [71, 146.0], [72, 148.25], [73, 149.5], [74, 151.0], [75, 152.25], [76, 153.25], [77, 154.75], [78, 156.75], [79, 159.5], [80, 161.0], [81, 165.75], [82, 167.25], [83, 169.5], [84, 173.0], [85, 175.25], [86, 179.75], [87, 181.5], [88, 187.25], [89, 190.0], [90, 196.5], [91, 198.5], [92, 201.25], [93, 207.75], [94, 215.75], [95, 218.75], [96, 223.0], [97, 228.0], [98, 237.0], [99, 241.5], [100, 252.5], [101, 257.5], [102, 263.5], [103, 277.0], [104, 282.5], [106, 304.5], [107, 310.0], [108, 330.0], [109, 350.0], [112, 400.5], [114, 431.0], [115, 470.5], [130, 3293.0], [132, 3122.5], [134, 3294.5], [135, 3301.0], [136, 3303.5], [137, 3306.5], [138, 3316.5], [139, 3321.0], [140, 3325.5], [141, 745.0], [142, 740.5], [143, 746.0], [144, 756.0], [145, 774.5], [146, 836.5], [147, 857.75], [148, 850.25], [149, 857.0], [151, 562.5], [153, 497.5], [154, 484.5], [155, 484.0], [156, 486.0], [157, 489.75], [158, 487.75], [159, 459.0], [160, 457.5], [161, 451.0], [163, 59.0], [165, 71.75], [166, 71.5], [171, 111.0], [172, 111.75], [173, 120.25], [174, 122.25], [175, 123.5], [176, 126.75], [177, 125.5], [178, 125.75], [179, 125.5], [180, 125.25], [-176, 70.25], [-169, 70.25], [-165, 619.5], [-164, 612.25], [-163, 610.75], [-162, 614.25], [-161, 616.5], [-160, 617.5], [-159, 620.5], [-158, 622.5], [-157, 626.5], [-156, 630.5], [-155, 635.0], [-154, 638.0], [-153, 644.5], [-152, 647.5], [-151, 651.5], [-150, 659.5], [-149, 665.5], [-148, 675.0], [-147, 678.0], [-146, 679.5], [-145, 695.0], [-144, 700.5], [-143, 711.0], [-142, 718.5], [-141, 723.5], [-140, 730.5], [-139, 739.5], [-138, 828.5], [-137, 847.0], [-136, 870.5], [-135, 882.0], [-134, 895.0], [-133, 918.0], [-132, 933.5], [-131, 961.5], [-130, 976.0], [-129, 1011.0], [-128, 1030.0], [-126, 1101.0], [-125, 1140.5], [-123, 1191.5], [-120, 6987.0], [-119, 7028.5], [-115, 3109.5], [-114, 3081.5], [-112, 2201.5], [-111, 2210.5], [-110, 2207.5], [-109, 2890.0], [-108, 2834.0], [-107, 2800.5], [-105, 458.0], [-104, 440.0], [-103, 433.5], [-102, 418.5], [-101, 411.5], [-100, 400.0], [-99, 394.5], [-98, 383.0], [-97, 378.0], [-96, 373.0], [-95, 361.5], [-94, 356.5], [-93, 346.0], [-92, 343.5], [-91, 340.5], [-90, 330.0], [-89, 329.0], [-88, 320.5], [-87, 318.0], [-86, 314.0], [-85, 311.0], [-84, 308.0], [-83, 302.0], [-82, 300.5], [-81, 295.0], [-80, 292.5], [-79, 290.0], [-78, 287.0], [-77, 287.0], [-76, 282.5], [-75, 280.5], [-74, 278.5], [-73, 276.5], [-72, 272.5], [-71, 271.5], [-70, 270.5], [-69, 268.0], [-68, 267.75], [-67, 265.0], [-66, 263.5], [-65, 261.0], [-64, 258.75], [-63, 255.5], [-62, 255.5], [-61, 255.75], [-60, 254.5], [-59, 253.25], [-58, 254.0], [-57, 252.75], [-56, 252.5], [-55, 251.75], [-54, 252.75], [-53, 252.25], [-52, 252.75], [-51, 252.25], [-50, 251.75], [-49, 252.25], [-48, 251.75], [-47, 252.5], [-46, 252.25], [-45, 252.5], [-44, 252.75], [-43, 253.0], [-42, 254.75], [-41, 253.5], [-40, 252.5], [-39, 254.25], [-38, 256.25], [-37, 255.0], [-36, 256.75], [-35, 257.5], [-34, 257.75], [-33, 258.25], [-32, 264.5], [-31, 260.5], [-30, 264.0], [-29, 269.0], [-28, 270.5], [-27, 272.75], [-26, 274.25], [-25, 286.5], [-24, 280.0], [-23, 279.5], [-22, 273.0], [-21, 257.5], [-19, 238.0], [-17, 224.5], [-16, 220.0], [-14, 207.0], [-13, 204.0], [-12, 199.0], [-11, 195.5], [-10, 188.5], [-9, 185.5], [-8, 183.0], [-7, 178.5], [-6, 176.5], [-5, 171.0]]}