{"heading": -128.6, "target": 3.2227795670569352, "gap_dist": 365.0774320791125, "gap_info": [{"width": 20.951051050661086, "center_angle": -4.449836576117183, "edge_a": [-6, 238.5], "edge_b": [-3, 255.0], "depth": 255.0, "passable": false, "chosen": false}, {"width": 365.0774320791125, "center_angle": 3.2227795670569352, "edge_a": [-2, 257.0], "edge_b": [171, 110.5], "depth": 257.0, "passable": true, "chosen": true}], "scan": [[-3, 255.0], [-2, 257.0], [0, 919.5], [4, 5181.5], [5, 5334.5], [10, 6729.0], [11, 2576.5], [12, 2616.5], [14, 2531.0], [19, 4004.5], [22, 556.5], [23, 548.0], [39, 606.5], [40, 608.0], [41, 606.0], [42, 602.0], [43, 589.0], [44, 580.5], [45, 573.5], [46, 577.0], [48, 619.0], [50, 590.0], [51, 597.0], [52, 608.5], [53, 612.5], [58, 4844.0], [61, 6866.0], [64, 8698.0], [67, 8276.0], [68, 8113.5], [70, 3606.0], [71, 3000.5], [72, 3006.0], [73, 3016.5], [75, 4508.0], [76, 5171.0], [78, 2895.0], [80, 2906.5], [81, 2921.5], [84, 6351.5], [85, 6257.5], [87, 5962.5], [88, 5925.5], [89, 5887.0], [90, 3876.5], [91, 3855.5], [92, 3869.0], [93, 5969.5], [94, 6119.5], [95, 6012.5], [96, 6104.5], [97, 6133.5], [98, 6105.5], [99, 6053.5], [100, 6033.0], [101, 6012.0], [102, 5969.5], [104, 1645.0], [105, 1617.0], [107, 1002.0], [109, 1000.5], [110, 999.5], [112, 925.5], [115, 1319.5], [116, 1336.0], [118, 1242.0], [119, 1220.0], [120, 1185.0], [121, 1169.0], [122, 1152.0], [123, 1118.5], [124, 1103.0], [125, 1089.0], [127, 1057.0], [128, 1028.5], [129, 1007.5], [130, 992.5], [131, 973.5], [132, 951.5], [133, 953.0], [134, 960.5], [135, 971.5], [136, 998.5], [137, 1018.0], [138, 1050.5], [140, 1808.5], [141, 1817.5], [142, 1840.0], [143, 1853.5], [144, 1880.5], [145, 1889.0], [146, 1910.5], [147, 1924.5], [148, 1949.0], [149, 1866.0], [150, 1784.5], [151, 1751.5], [152, 1688.5], [153, 1660.0], [154, 1632.5], [155, 1582.0], [156, 1559.0], [157, 1517.5], [158, 1493.5], [159, 1451.5], [160, 1435.0], [165, 70.0], [171, 110.5], [173, 118.0], [174, 119.5], [175, 123.5], [176, 124.5], [177, 125.75], [178, 125.75], [179, 125.75], [180, 124.75], [-175, 67.25], [-174, 65.75], [-173, 59.75], [-170, 68.75], [-166, 1010.5], [-165, 1008.5], [-164, 1003.5], [-163, 1002.0], [-162, 1000.75], [-161, 999.75], [-160, 998.5], [-159, 993.75], [-158, 992.25], [-157, 991.25], [-156, 990.75], [-155, 992.0], [-154, 992.5], [-153, 992.0], [-152, 989.5], [-151, 991.5], [-150, 992.0], [-149, 991.5], [-148, 994.5], [-147, 994.5], [-146, 997.0], [-145, 998.5], [-144, 1000.0], [-143, 1002.5], [-142, 1005.0], [-141, 1011.0], [-140, 1013.0], [-139, 1017.5], [-138, 1023.0], [-137, 1028.5], [-136, 1035.0], [-135, 1038.5], [-134, 1045.5], [-133, 1051.5], [-132, 1061.5], [-131, 1067.0], [-130, 1071.5], [-129, 1084.0], [-128, 1089.5], [-127, 1102.5], [-126, 1109.5], [-125, 1122.0], [-124, 1130.5], [-123, 1139.0], [-122, 1153.0], [-121, 1162.0], [-120, 1183.0], [-119, 1191.5], [-118, 1200.0], [-117, 1220.5], [-116, 1231.0], [-115, 1264.0], [-114, 687.5], [-113, 695.5], [-111, 1316.0], [-110, 1349.5], [-109, 1366.5], [-107, 1132.5], [-106, 1450.0], [-105, 1476.5], [-104, 1497.5], [-103, 1545.5], [-102, 1570.0], [-101, 1623.0], [-100, 1652.0], [-99, 1682.0], [-98, 1735.0], [-97, 1764.5], [-96, 1843.5], [-95, 1879.5], [-94, 1917.5], [-93, 1993.0], [-91, 2119.0], [-90, 1893.5], [-89, 1884.5], [-88, 1873.0], [-87, 1899.0], [-86, 2025.0], [-85, 2001.0], [-84, 1989.0], [-82, 1095.0], [-81, 1939.5], [-80, 1931.0], [-79, 1924.0], [-78, 1918.5], [-76, 782.5], [-75, 1879.0], [-74, 1883.5], [-73, 1875.0], [-72, 1872.0], [-71, 1870.0], [-70, 2089.5], [-69, 2091.0], [-68, 2070.0], [-67, 2068.5], [-66, 2066.5], [-65, 2066.0], [-64, 2067.5], [-63, 2067.0], [-62, 2068.0], [-61, 2069.0], [-60, 2071.0], [-59, 2073.25], [-58, 2076.0], [-57, 2080.0], [-56, 2082.0], [-55, 2090.5], [-54, 2092.0], [-53, 2097.0], [-52, 2108.5], [-51, 2114.5], [-50, 2125.5], [-49, 2132.5], [-48, 2147.0], [-47, 2154.5], [-46, 1314.5], [-45, 1320.0], [-44, 1326.5], [-43, 1316.0], [-40, 207.0], [-39, 205.0], [-38, 206.0], [-37, 197.5], [-36, 199.5], [-35, 198.5], [-34, 200.0], [-33, 202.5], [-32, 205.0], [-30, 194.0], [-29, 194.5], [-28, 195.0], [-27, 195.0], [-26, 195.5], [-25, 194.5], [-24, 193.5], [-23, 193.5], [-22, 193.0], [-21, 194.0], [-20, 192.0], [-19, 194.5], [-18, 194.5], [-17, 196.0], [-16, 196.0], [-15, 196.5], [-14, 200.0], [-13, 202.5], [-12, 206.5], [-11, 210.5], [-9, 231.5], [-8, 231.25], [-7, 234.5], [-6, 238.5]]}