{"heading": 14.4, "target": 39.46687548074617, "gap_dist": 437.52951710408433, "gap_info": [{"width": 66.34820142333292, "center_angle": -48.009683675669145, "edge_a": [-56, 222.5], "edge_b": [-39, 197.5], "depth": 222.5, "passable": false, "chosen": false}, {"width": 437.52951710408433, "center_angle": 39.46687548074617, "edge_a": [6, 422.5], "edge_b": [78, 374.0], "depth": 422.5, "passable": true, "chosen": true}, {"width": 211.8292219171302, "center_angle": 140.81289473266935, "edge_a": [130, 295.5], "edge_b": [171, 110.25], "depth": 295.5, "passable": false, "chosen": false}], "scan": [[-2, 335.5], [-1, 348.0], [0, 353.0], [1, 368.0], [2, 374.0], [3, 390.0], [4, 399.0], [5, 407.0], [6, 422.5], [7, 4313.0], [8, 4305.0], [9, 4289.0], [10, 4283.5], [11, 4278.5], [12, 4277.0], [13, 4282.0], [14, 4289.0], [15, 4296.0], [16, 4305.0], [17, 4303.5], [18, 4319.0], [19, 4326.0], [20, 4340.0], [21, 4334.5], [22, 4314.0], [23, 4313.0], [25, 3738.0], [26, 3751.0], [27, 3782.0], [33, 2643.0], [34, 2492.0], [35, 2421.0], [36, 2356.0], [37, 2233.0], [38, 2176.0], [39, 2069.0], [40, 2018.5], [41, 1924.0], [42, 1882.5], [43, 1804.5], [44, 1767.5], [45, 1734.0], [46, 1667.0], [47, 1639.0], [48, 1612.0], [49, 1558.0], [50, 1534.5], [51, 1492.0], [52, 1471.5], [53, 1432.5], [54, 1415.0], [55, 1396.0], [56, 1364.0], [57, 1347.0], [58, 1316.5], [59, 1302.5], [60, 1275.0], [61, 1262.5], [62, 1250.5], [63, 1226.5], [64, 1215.5], [65, 1192.0], [66, 1181.5], [67, 1161.5], [68, 1153.0], [69, 1133.5], [70, 1126.0], [71, 1117.5], [72, 1103.5], [73, 1097.0], [74, 1082.0], [75, 1075.0], [76, 1061.0], [78, 374.0], [79, 368.5], [80, 365.0], [81, 357.0], [82, 354.0], [83, 346.5], [84, 342.5], [85, 335.5], [86, 333.0], [87, 327.5], [88, 325.0], [89, 320.0], [90, 317.5], [91, 316.0], [92, 311.5], [93, 309.5], [94, 305.5], [95, 303.0], [96, 301.5], [97, 299.5], [98, 297.0], [99, 295.5], [100, 294.5], [101, 292.5], [102, 292.5], [103, 288.0], [104, 287.0], [105, 286.0], [106, 284.5], [107, 283.5], [108, 281.5], [109, 280.5], [110, 279.5], [111, 279.0], [112, 278.0], [113, 277.0], [114, 277.0], [115, 276.0], [116, 274.5], [117, 274.0], [118, 273.0], [119, 274.0], [120, 274.0], [121, 274.5], [122, 275.5], [123, 275.0], [124, 276.0], [125, 277.5], [126, 278.0], [127, 279.5], [128, 281.5], [129, 280.5], [130, 295.5], [132, 1093.0], [133, 1110.0], [134, 1119.0], [135, 1136.5], [136, 1145.0], [137, 1153.5], [138, 1172.5], [139, 1182.0], [140, 1190.5], [141, 1211.5], [142, 1223.0], [143, 1246.5], [144, 1259.5], [145, 1284.5], [146, 1298.5], [147, 1326.0], [148, 1341.0], [149, 1356.0], [150, 1392.5], [151, 1409.5], [152, 1446.0], [153, 1466.0], [154, 1513.0], [155, 1536.5], [156, 1559.0], [157, 1613.5], [158, 1669.0], [159, 1698.5], [160, 1729.0], [161, 1797.0], [165, 70.0], [166, 68.5], [171, 110.25], [173, 118.25], [174, 122.5], [175, 124.75], [176, 126.75], [177, 126.5], [178, 125.75], [179, 125.25], [180, 125.75], [-176, 71.75], [-174, 65.5], [-169, 68.5], [-168, 76.5], [-167, 75.25], [-166, 3542.0], [-165, 3549.5], [-164, 3556.5], [-163, 3570.5], [-162, 1409.0], [-161, 1396.0], [-160, 1373.0], [-159, 1368.0], [-158, 1365.0], [-157, 1371.0], [-156, 1387.0], [-155, 2210.5], [-154, 2210.5], [-153, 2218.5], [-152, 2229.0], [-151, 2237.0], [-150, 2250.5], [-149, 2257.5], [-148, 2265.5], [-147, 2280.0], [-146, 2289.0], [-145, 2310.5], [-144, 2322.5], [-143, 2344.5], [-142, 2357.5], [-140, 3967.5], [-139, 4020.0], [-138, 4046.5], [-137, 4073.0], [-136, 4131.0], [-135, 4159.5], [-134, 4219.0], [-133, 4252.5], [-132, 4323.5], [-131, 4315.5], [-129, 4467.5], [-128, 4557.5], [-127, 4603.0], [-126, 4698.0], [-125, 4745.5], [-124, 4849.0], [-123, 4903.0], [-121, 5064.5], [-120, 5140.5], [-119, 5269.0], [-118, 3357.5], [-116, 3257.5], [-115, 349.0], [-114, 337.0], [-113, 333.0], [-112, 322.5], [-111, 317.25], [-110, 309.0], [-109, 306.0], [-108, 297.75], [-107, 294.75], [-106, 291.5], [-105, 284.5], [-104, 280.0], [-103, 275.0], [-102, 272.0], [-101, 268.0], [-100, 265.0], [-99, 260.0], [-98, 257.5], [-97, 251.0], [-96, 246.5], [-95, 245.0], [-94, 244.0], [-93, 242.0], [-92, 239.5], [-91, 237.5], [-90, 232.5], [-89, 230.5], [-88, 227.5], [-87, 226.5], [-86, 224.5], [-85, 223.5], [-84, 219.5], [-83, 219.0], [-82, 217.5], [-81, 215.5], [-80, 214.0], [-79, 212.5], [-78, 212.5], [-77, 210.5], [-76, 209.0], [-75, 208.5], [-74, 208.0], [-73, 206.5], [-72, 206.0], [-71, 205.5], [-70, 205.0], [-69, 204.5], [-68, 203.0], [-67, 203.5], [-66, 202.5], [-65, 200.0], [-64, 200.5], [-63, 201.0], [-62, 199.5], [-61, 201.0], [-60, 202.5], [-59, 204.0], [-58, 206.0], [-56, 222.5], [-55, 6154.5], [-54, 6195.0], [-52, 9375.5], [-51, 9164.0], [-48, 4736.5], [-39, 197.5], [-38, 191.0], [-37, 188.5], [-36, 187.5], [-35, 191.5], [-34, 191.0], [-33, 193.0], [-32, 194.0], [-31, 196.5], [-30, 197.5], [-29, 199.0], [-28, 200.0], [-27, 201.5], [-26, 204.5], [-25, 205.0], [-24, 208.5], [-23, 210.5], [-22, 213.5], [-21, 216.0], [-20, 220.0], [-19, 220.5], [-18, 225.5], [-17, 228.0], [-16, 232.5], [-15, 234.5], [-14, 236.5], [-13, 243.0], [-12, 246.5], [-11, 253.0], [-10, 255.5], [-9, 262.5], [-8, 264.5], [-7, 271.5], [-6, 273.0], [-5, 282.0], [-4, 285.0]]}