{"heading": -130.4, "target": -46.8891379392676, "gap_dist": 367.9725148292865, "gap_info": [{"width": 74.28616323472586, "center_angle": -107.19560942108498, "edge_a": [-109, 393.0], "edge_b": [-105, 323.0], "depth": 393.0, "passable": false, "chosen": false}, {"width": 367.9725148292865, "center_angle": -46.8891379392676, "edge_a": [-74, 407.0], "edge_b": [-23, 458.0], "depth": 458.0, "passable": true, "chosen": true}, {"width": 35.512973705202235, "center_angle": -3.4501288420224574, "edge_a": [-4, 259.5], "edge_b": [-3, 317.0], "depth": 317.0, "passable": false, "chosen": false}, {"width": 246.6604256941993, "center_angle": 94.57194616052708, "edge_a": [58, 181.5], "edge_b": [171, 111.25], "depth": 181.5, "passable": false, "chosen": false}], "scan": [[-4, 259.5], [-3, 317.0], [-2, 307.5], [-1, 302.5], [0, 293.0], [1, 289.5], [2, 281.0], [3, 277.0], [4, 269.5], [5, 266.0], [6, 263.0], [7, 255.0], [8, 253.0], [9, 249.5], [11, 259.5], [12, 257.5], [13, 248.0], [14, 224.0], [15, 226.0], [16, 220.5], [17, 223.0], [18, 223.0], [19, 220.0], [20, 220.0], [21, 217.0], [23, 208.0], [24, 211.5], [26, 204.5], [28, 193.0], [29, 194.5], [30, 193.0], [31, 188.0], [32, 190.5], [33, 190.0], [34, 184.0], [35, 183.0], [36, 183.5], [37, 183.5], [38, 181.5], [39, 178.75], [40, 179.0], [41, 177.25], [42, 177.0], [43, 179.0], [44, 181.5], [45, 181.0], [46, 177.5], [47, 177.0], [48, 179.5], [49, 180.0], [50, 179.0], [51, 179.0], [52, 178.0], [53, 177.5], [54, 178.5], [55, 180.5], [56, 180.0], [57, 179.5], [58, 181.5], [60, 4612.5], [61, 4588.0], [63, 7639.5], [65, 2636.5], [66, 2640.0], [67, 2802.5], [76, 4019.0], [77, 8877.0], [81, 5564.0], [83, 7069.0], [94, 2664.5], [95, 2653.0], [96, 2667.0], [97, 2711.5], [111, 1474.5], [112, 1464.5], [113, 1461.0], [117, 1784.5], [118, 4410.0], [119, 4457.5], [120, 7125.5], [125, 6293.0], [126, 6175.5], [127, 6085.0], [128, 3054.5], [129, 3045.5], [130, 3130.5], [132, 5305.0], [133, 5240.5], [136, 2213.5], [137, 2190.0], [138, 2176.5], [139, 2175.0], [140, 2203.5], [141, 2242.5], [142, 4283.5], [143, 4238.5], [144, 4031.5], [145, 4054.0], [146, 4043.0], [147, 4007.5], [148, 4026.5], [149, 4172.0], [150, 4251.0], [152, 4229.0], [153, 4230.5], [154, 4382.5], [155, 4321.5], [156, 4296.0], [157, 4247.0], [158, 4223.0], [160, 4159.0], [163, 59.5], [165, 69.25], [166, 69.5], [171, 111.25], [173, 121.5], [174, 123.75], [175, 125.25], [176, 126.25], [177, 126.75], [178, 126.25], [179, 125.5], [180, 125.25], [-175, 66.75], [-171, 75.0], [-170, 73.0], [-166, 641.0], [-165, 656.0], [-161, 3385.0], [-160, 3389.5], [-159, 3428.0], [-156, 2946.0], [-155, 2863.5], [-154, 2784.0], [-153, 2632.0], [-152, 2566.0], [-151, 2441.5], [-150, 2386.0], [-149, 2281.0], [-148, 2234.5], [-147, 2191.5], [-146, 2104.75], [-145, 2062.5], [-144, 1986.0], [-143, 1951.5], [-142, 1885.0], [-141, 1853.5], [-140, 1825.5], [-139, 1768.0], [-137, 1366.5], [-136, 1352.5], [-135, 1337.5], [-134, 1311.5], [-133, 1299.5], [-132, 1278.0], [-131, 1254.0], [-130, 1245.0], [-129, 1235.5], [-128, 1218.5], [-127, 1213.0], [-126, 1203.0], [-125, 1190.0], [-124, 1185.5], [-123, 1165.5], [-122, 1166.0], [-121, 1151.5], [-120, 1141.0], [-119, 1134.0], [-118, 1153.5], [-117, 1182.0], [-116, 1268.0], [-115, 1282.5], [-114, 1291.5], [-110, 405.0], [-109, 393.0], [-105, 323.0], [-103, 297.5], [-102, 290.5], [-101, 284.0], [-100, 273.0], [-99, 272.5], [-98, 270.0], [-97, 271.5], [-96, 273.0], [-95, 277.0], [-94, 279.75], [-93, 283.75], [-92, 288.5], [-91, 292.5], [-90, 299.0], [-89, 302.0], [-88, 308.5], [-87, 311.5], [-86, 315.0], [-85, 323.0], [-84, 327.5], [-83, 338.0], [-82, 341.0], [-81, 351.5], [-80, 357.0], [-79, 362.0], [-78, 373.5], [-77, 378.0], [-76, 391.5], [-75, 398.0], [-74, 407.0], [-72, 1212.5], [-71, 1222.0], [-70, 1227.5], [-69, 1238.5], [-68, 1243.0], [-67, 1256.5], [-66, 1263.5], [-65, 1271.0], [-64, 1286.5], [-63, 1294.5], [-62, 1313.0], [-61, 1321.5], [-60, 1331.0], [-59, 1356.5], [-58, 1367.0], [-57, 1387.5], [-56, 1398.0], [-55, 1424.5], [-54, 1438.0], [-53, 1462.5], [-52, 1478.5], [-51, 1493.0], [-50, 1527.5], [-49, 1545.0], [-48, 1576.5], [-47, 1594.5], [-46, 1635.0], [-45, 1656.0], [-44, 1678.0], [-43, 1727.0], [-42, 1753.5], [-41, 1803.5], [-40, 1830.5], [-39, 1887.5], [-38, 1919.0], [-37, 1948.0], [-36, 2012.0], [-35, 2045.0], [-33, 544.5], [-32, 537.0], [-31, 532.5], [-30, 532.0], [-29, 533.0], [-28, 534.0], [-27, 538.0], [-26, 537.5], [-23, 458.0], [-21, 427.5], [-20, 403.5], [-19, 393.0], [-18, 385.0], [-17, 367.5], [-16, 350.5], [-15, 343.5], [-14, 328.0], [-13, 321.0], [-12, 316.0], [-11, 303.5], [-10, 298.5], [-9, 289.0], [-8, 284.5], [-7, 274.0], [-6, 270.5], [-5, 262.5]]}