{"heading": -17.6, "target": 73.82406298695977, "gap_dist": 384.8625774786057, "gap_info": [{"width": 384.8625774786057, "center_angle": 73.82406298695977, "edge_a": [30, 270.75], "edge_b": [100, 425.0], "depth": 425.0, "passable": true, "chosen": true}, {"width": 264.28225039922734, "center_angle": 140.14815693506358, "edge_a": [134, 488.0], "edge_b": [170, 105.0], "depth": 488.0, "passable": true, "chosen": false}], "scan": [[-4, 177.0], [-3, 177.75], [-2, 178.5], [-1, 185.0], [0, 183.5], [1, 181.5], [2, 182.0], [4, 196.0], [5, 197.75], [6, 202.25], [7, 206.75], [8, 211.0], [9, 208.75], [10, 211.0], [11, 212.75], [12, 215.75], [14, 211.75], [15, 209.0], [16, 213.25], [17, 218.5], [18, 219.75], [19, 222.5], [20, 228.0], [21, 241.25], [22, 247.0], [23, 250.0], [24, 251.25], [26, 250.25], [27, 248.0], [28, 264.75], [29, 267.75], [30, 270.75], [32, 1952.5], [33, 1988.25], [34, 2053.5], [36, 4601.0], [37, 4777.0], [38, 4865.5], [39, 5065.5], [40, 5176.5], [41, 5298.0], [43, 5774.5], [44, 5925.5], [45, 6071.5], [49, 3402.5], [51, 3358.75], [52, 8144.0], [61, 1699.25], [63, 1424.25], [64, 1404.75], [65, 1371.25], [66, 1365.5], [67, 1360.75], [68, 1380.0], [70, 1658.25], [72, 3150.0], [75, 986.5], [76, 988.0], [77, 992.5], [78, 1016.5], [79, 1028.25], [80, 1994.25], [81, 2035.5], [83, 1390.0], [86, 870.75], [87, 870.0], [88, 873.0], [89, 899.0], [90, 911.5], [91, 928.75], [92, 959.75], [93, 1585.0], [94, 1568.5], [95, 1564.25], [96, 1540.75], [97, 1538.25], [98, 1554.75], [100, 425.0], [101, 408.25], [102, 400.25], [103, 384.25], [104, 377.5], [105, 372.0], [106, 358.5], [107, 351.5], [108, 342.25], [109, 335.5], [110, 329.25], [111, 320.5], [112, 315.5], [113, 308.5], [114, 308.25], [115, 311.0], [116, 313.0], [117, 316.0], [118, 317.0], [119, 327.25], [120, 344.5], [122, 364.5], [123, 365.75], [124, 365.5], [125, 376.75], [127, 408.0], [129, 424.0], [131, 457.0], [132, 467.0], [133, 476.75], [134, 488.0], [138, 597.5], [143, 776.25], [146, 1897.5], [147, 1878.5], [148, 1851.5], [149, 1849.5], [150, 1878.25], [151, 1907.75], [154, 5273.5], [156, 1490.25], [157, 1480.5], [158, 1478.75], [161, 3270.75], [164, 69.25], [165, 69.75], [166, 68.5], [170, 105.0], [171, 108.75], [172, 111.75], [173, 120.75], [174, 123.25], [175, 124.75], [176, 126.5], [177, 125.25], [178, 124.5], [179, 124.75], [180, 123.75], [-176, 72.0], [-173, 60.25], [-171, 81.5], [-166, 546.5], [-165, 521.5], [-164, 510.75], [-163, 494.25], [-162, 486.75], [-161, 479.5], [-160, 463.0], [-159, 456.5], [-158, 440.5], [-157, 434.75], [-156, 429.5], [-155, 416.0], [-154, 412.0], [-153, 406.25], [-152, 402.25], [-151, 397.25], [-150, 389.5], [-149, 385.25], [-148, 377.25], [-147, 374.5], [-146, 367.0], [-145, 364.25], [-144, 362.0], [-143, 355.5], [-142, 352.25], [-141, 347.25], [-140, 344.5], [-139, 341.25], [-138, 336.0], [-137, 333.25], [-136, 329.5], [-135, 327.25], [-134, 326.75], [-133, 322.0], [-132, 318.25], [-131, 317.0], [-130, 316.0], [-129, 313.25], [-128, 312.0], [-127, 309.5], [-126, 308.0], [-125, 307.25], [-124, 304.75], [-123, 302.75], [-122, 301.0], [-121, 299.5], [-120, 299.0], [-119, 297.5], [-118, 296.5], [-117, 295.0], [-116, 294.75], [-115, 293.5], [-114, 292.75], [-113, 293.5], [-112, 293.25], [-111, 293.75], [-110, 293.25], [-109, 292.75], [-108, 293.0], [-107, 294.0], [-106, 294.25], [-105, 295.5], [-104, 295.0], [-103, 295.5], [-102, 296.0], [-101, 296.75], [-100, 299.0], [-99, 300.0], [-98, 299.75], [-97, 301.75], [-96, 303.25], [-95, 305.75], [-94, 307.0], [-93, 307.0], [-92, 312.0], [-91, 313.5], [-90, 314.5], [-89, 316.25], [-88, 317.5], [-87, 321.25], [-86, 323.5], [-85, 327.0], [-84, 328.5], [-83, 333.25], [-82, 336.5], [-81, 340.5], [-80, 343.25], [-79, 347.25], [-78, 350.75], [-77, 348.25], [-76, 338.75], [-75, 331.5], [-74, 315.0], [-73, 308.0], [-72, 296.5], [-71, 292.0], [-70, 286.25], [-69, 276.75], [-68, 273.75], [-67, 266.0], [-66, 260.75], [-65, 256.75], [-64, 251.25], [-63, 248.25], [-62, 242.75], [-61, 240.0], [-60, 233.75], [-59, 232.25], [-58, 228.25], [-57, 223.5], [-56, 222.25], [-55, 214.25], [-54, 212.75], [-53, 211.75], [-52, 211.0], [-51, 209.0], [-50, 204.5], [-49, 203.25], [-48, 200.75], [-47, 198.5], [-46, 197.5], [-45, 193.0], [-44, 192.25], [-43, 192.5], [-42, 191.25], [-41, 190.0], [-40, 187.25], [-39, 185.75], [-38, 185.5], [-37, 184.0], [-36, 183.0], [-35, 181.5], [-34, 181.25], [-33, 180.5], [-32, 179.75], [-31, 178.5], [-30, 178.0], [-29, 178.0], [-28, 178.25], [-27, 177.75], [-26, 175.75], [-25, 175.5], [-24, 176.0], [-23, 175.75], [-22, 175.25], [-21, 175.0], [-20, 175.25], [-19, 175.0], [-18, 176.0], [-17, 175.0], [-16, 175.5], [-15, 176.25], [-14, 176.0], [-13, 177.0], [-12, 177.25], [-11, 176.25], [-10, 177.25], [-9, 176.0], [-8, 178.5], [-7, 175.75], [-6, 174.5], [-5, 178.75]]}