{"heading": 11.1, "target": -137.4226307106978, "gap_dist": 269.2150331972345, "gap_info": [{"width": 269.2150331972345, "center_angle": -137.4226307106978, "edge_a": [-142, 498.5], "edge_b": [-128, 243.0], "depth": 498.5, "passable": true, "chosen": true}, {"width": 389.87089642215494, "center_angle": -35.36276667917256, "edge_a": [-90, 245.5], "edge_b": [18, 249.5], "depth": 249.5, "passable": false, "chosen": false}, {"width": 13.055584442701846, "center_angle": 106.51092861539298, "edge_a": [105, 238.5], "edge_b": [108, 242.0], "depth": 242.0, "passable": false, "chosen": false}, {"width": 215.63165026872656, "center_angle": 135.05750952246416, "edge_a": [125, 363.0], "edge_b": [171, 108.0], "depth": 363.0, "passable": false, "chosen": false}], "scan": [[-2, 5012.5], [-1, 4974.0], [0, 4956.5], [1, 2860.0], [2, 2847.0], [3, 2850.5], [5, 4738.0], [6, 4956.5], [7, 5083.0], [8, 4996.0], [10, 5140.5], [11, 5117.5], [12, 5094.0], [13, 5049.0], [15, 2585.0], [16, 1697.5], [18, 249.5], [19, 248.0], [20, 240.5], [21, 238.0], [22, 235.0], [23, 228.5], [24, 225.0], [25, 221.0], [26, 219.5], [27, 216.0], [28, 213.5], [29, 208.5], [30, 206.0], [31, 203.5], [32, 200.5], [33, 198.0], [34, 197.0], [35, 195.0], [36, 192.25], [37, 192.75], [38, 191.0], [39, 185.5], [40, 185.5], [41, 185.0], [42, 182.5], [43, 180.5], [44, 180.0], [45, 179.5], [46, 179.5], [47, 178.25], [48, 177.0], [49, 176.5], [50, 175.5], [51, 174.5], [52, 171.5], [53, 171.0], [54, 172.5], [55, 172.25], [56, 171.75], [57, 172.5], [58, 171.5], [59, 170.25], [60, 170.25], [61, 170.0], [62, 170.25], [63, 170.0], [64, 171.0], [65, 170.5], [66, 171.75], [67, 170.0], [68, 170.0], [69, 171.0], [70, 172.5], [71, 172.5], [72, 171.5], [73, 170.5], [74, 170.0], [75, 174.5], [76, 173.5], [77, 174.0], [78, 175.0], [79, 178.0], [80, 179.0], [81, 179.0], [82, 178.5], [83, 178.5], [84, 183.5], [85, 183.0], [86, 185.5], [87, 187.0], [88, 186.0], [89, 187.0], [90, 190.5], [91, 193.0], [92, 195.5], [93, 198.5], [94, 199.5], [95, 200.0], [96, 204.0], [97, 205.0], [98, 207.0], [100, 216.0], [101, 216.5], [102, 217.5], [103, 221.5], [104, 237.5], [105, 238.5], [108, 242.0], [109, 251.0], [110, 261.5], [112, 284.5], [114, 293.5], [115, 294.5], [116, 285.0], [117, 292.0], [118, 299.0], [119, 325.5], [120, 334.5], [121, 341.0], [122, 339.0], [123, 345.0], [124, 351.0], [125, 363.0], [126, 1261.25], [127, 1267.0], [128, 1268.5], [129, 1269.0], [130, 1271.0], [131, 1273.5], [132, 1279.0], [133, 1282.5], [134, 1284.5], [135, 1290.75], [136, 1296.0], [137, 1299.5], [138, 1307.0], [139, 1312.0], [140, 1319.0], [141, 1324.5], [142, 1330.0], [143, 1342.25], [144, 1348.5], [145, 1362.75], [146, 1368.25], [147, 1383.0], [148, 1391.25], [149, 1400.25], [150, 1416.25], [151, 1424.25], [152, 1446.0], [153, 1456.5], [154, 1467.5], [155, 1490.5], [156, 1503.0], [159, 1555.5], [161, 854.0], [163, 62.25], [165, 70.0], [166, 69.75], [171, 108.0], [173, 115.5], [174, 123.5], [175, 125.0], [176, 125.75], [177, 125.5], [178, 125.0], [179, 124.75], [180, 124.25], [-175, 67.5], [-173, 59.0], [-170, 77.75], [-166, 1129.5], [-165, 1125.0], [-164, 1131.0], [-163, 1146.0], [-162, 1153.5], [-160, 2928.5], [-159, 2923.0], [-158, 2914.5], [-157, 3126.25], [-156, 3126.0], [-154, 508.0], [-153, 507.5], [-152, 503.5], [-151, 502.0], [-150, 501.5], [-149, 500.0], [-148, 500.5], [-147, 499.5], [-146, 500.0], [-145, 498.0], [-144, 498.0], [-143, 497.5], [-142, 498.5], [-141, 501.5], [-140, 502.0], [-139, 503.0], [-138, 503.5], [-137, 507.75], [-135, 1688.0], [-134, 1702.75], [-133, 1705.25], [-132, 1717.75], [-131, 1723.5], [-130, 1736.0], [-129, 1743.5], [-128, 243.0], [-127, 245.0], [-126, 240.75], [-125, 240.25], [-124, 238.5], [-123, 235.75], [-122, 236.0], [-121, 232.75], [-120, 232.5], [-119, 229.25], [-118, 228.0], [-117, 228.5], [-116, 227.0], [-115, 226.0], [-114, 225.5], [-113, 227.0], [-112, 224.5], [-111, 224.0], [-110, 223.5], [-109, 223.5], [-108, 225.5], [-107, 224.5], [-106, 224.75], [-105, 224.75], [-104, 224.75], [-103, 225.25], [-102, 225.0], [-101, 227.0], [-100, 227.5], [-99, 228.5], [-98, 230.5], [-97, 231.0], [-96, 232.25], [-95, 233.0], [-94, 233.5], [-93, 234.75], [-92, 236.75], [-91, 239.25], [-90, 245.5], [-84, 6941.5], [-82, 4059.0], [-81, 4023.0], [-68, 5655.5], [-66, 2240.75], [-63, 3657.5], [-61, 5311.5], [-48, 7602.0], [-47, 7666.0], [-45, 7526.0], [-41, 7211.0], [-40, 7222.5], [-37, 4155.5], [-36, 4145.5], [-32, 9884.5], [-29, 2382.0], [-28, 2362.0], [-27, 2364.0], [-26, 2416.5], [-25, 2376.5], [-24, 2365.5], [-22, 4729.0], [-19, 6893.0], [-18, 6785.0], [-16, 6480.5], [-15, 6410.0], [-13, 6152.5], [-12, 1915.0], [-11, 1919.5], [-10, 1914.5], [-9, 1932.0], [-8, 1925.5], [-6, 5512.5], [-5, 5406.0], [-4, 5349.5]]}