{"heading": 29.0, "target": 67.05853449070041, "gap_dist": 265.26902643540933, "gap_info": [{"width": 265.26902643540933, "center_angle": 67.05853449070041, "edge_a": [54, 472.5], "edge_b": [171, 110.0], "depth": 472.5, "passable": true, "chosen": true}], "scan": [[-1, 160.0], [0, 161.75], [1, 162.5], [2, 163.5], [3, 163.75], [4, 166.25], [5, 169.75], [6, 170.75], [7, 173.0], [8, 174.0], [9, 175.25], [10, 175.5], [11, 176.25], [12, 177.0], [13, 181.0], [14, 182.0], [15, 184.5], [16, 184.75], [17, 188.75], [18, 190.75], [19, 192.75], [20, 196.0], [21, 197.5], [22, 203.5], [23, 205.0], [24, 206.5], [25, 212.0], [26, 214.25], [27, 220.5], [28, 223.5], [29, 224.5], [30, 230.0], [31, 238.5], [32, 242.0], [33, 245.0], [34, 254.0], [35, 257.0], [36, 265.0], [37, 269.5], [39, 285.5], [40, 290.0], [41, 302.5], [42, 308.5], [43, 318.5], [44, 326.0], [45, 335.0], [46, 351.0], [47, 357.5], [48, 377.0], [49, 387.0], [50, 396.5], [51, 416.5], [52, 428.0], [53, 458.0], [54, 472.5], [72, 3235.5], [74, 3055.5], [76, 3231.0], [77, 3236.0], [78, 3238.0], [79, 3240.0], [80, 3248.0], [81, 3251.0], [82, 3254.0], [83, 3263.5], [86, 3504.5], [87, 3526.5], [88, 3538.0], [89, 3562.0], [90, 3575.5], [91, 3588.0], [92, 3610.5], [94, 3661.5], [96, 1437.75], [97, 1440.25], [98, 1436.5], [99, 1448.0], [100, 1472.5], [101, 1488.5], [102, 2768.0], [105, 2393.5], [106, 1442.5], [108, 2434.0], [109, 2475.5], [110, 2497.0], [111, 2518.5], [112, 2565.0], [113, 2587.0], [115, 1276.0], [116, 1261.0], [117, 1255.0], [118, 1256.5], [120, 4980.0], [121, 5035.5], [123, 561.5], [124, 564.5], [125, 553.25], [126, 547.5], [127, 547.75], [128, 548.75], [129, 547.25], [130, 547.0], [131, 548.75], [132, 544.5], [133, 545.0], [134, 542.5], [135, 548.0], [136, 548.5], [137, 547.25], [138, 547.0], [139, 547.0], [140, 545.5], [141, 557.0], [142, 555.75], [143, 555.0], [144, 555.0], [145, 559.25], [146, 561.75], [147, 562.75], [148, 565.5], [149, 568.0], [150, 572.0], [151, 575.0], [152, 579.0], [153, 583.5], [154, 588.0], [155, 595.0], [156, 599.0], [157, 607.0], [158, 612.5], [159, 618.5], [160, 628.5], [161, 629.5], [165, 72.0], [166, 70.75], [171, 110.0], [173, 116.75], [174, 122.75], [175, 124.75], [176, 126.0], [177, 126.0], [178, 125.5], [179, 126.0], [180, 125.75], [-175, 70.25], [-172, 60.5], [-170, 72.75], [-169, 72.75], [-168, 70.75], [-165, 2197.5], [-164, 2204.5], [-162, 4187.0], [-161, 4224.5], [-160, 4259.0], [-158, 6353.0], [-157, 6401.5], [-156, 3303.0], [-155, 3282.5], [-154, 3283.0], [-153, 477.0], [-152, 463.5], [-151, 457.0], [-150, 444.0], [-149, 439.5], [-148, 434.5], [-147, 424.0], [-146, 420.5], [-145, 411.5], [-144, 407.0], [-143, 404.0], [-142, 394.75], [-141, 391.25], [-140, 385.25], [-139, 381.75], [-138, 369.75], [-137, 370.25], [-136, 368.5], [-135, 361.75], [-134, 359.75], [-133, 355.0], [-132, 351.75], [-131, 349.25], [-130, 346.25], [-129, 343.25], [-128, 339.25], [-127, 337.75], [-126, 333.25], [-125, 331.75], [-124, 329.25], [-123, 328.0], [-122, 327.25], [-121, 324.75], [-120, 323.75], [-119, 321.0], [-118, 320.0], [-117, 318.5], [-116, 318.0], [-115, 318.0], [-114, 317.25], [-113, 317.25], [-112, 315.0], [-111, 314.75], [-110, 315.25], [-109, 313.0], [-108, 312.5], [-107, 313.5], [-106, 313.75], [-105, 312.5], [-104, 312.5], [-103, 313.0], [-102, 313.0], [-101, 312.0], [-100, 312.0], [-99, 314.0], [-98, 313.5], [-97, 315.0], [-96, 315.5], [-95, 316.5], [-94, 317.75], [-93, 318.0], [-92, 320.75], [-91, 322.0], [-90, 324.5], [-89, 325.0], [-88, 325.5], [-87, 332.0], [-86, 331.0], [-85, 330.5], [-84, 334.0], [-83, 334.0], [-82, 339.5], [-81, 342.0], [-80, 353.25], [-79, 354.0], [-78, 347.5], [-77, 340.5], [-76, 321.5], [-75, 314.0], [-74, 300.5], [-73, 293.5], [-72, 289.0], [-71, 279.5], [-70, 274.5], [-69, 264.0], [-68, 259.5], [-67, 256.0], [-66, 247.5], [-65, 243.5], [-64, 236.5], [-63, 232.5], [-62, 227.0], [-61, 223.5], [-60, 220.0], [-59, 214.5], [-58, 211.0], [-57, 210.0], [-56, 206.5], [-55, 203.5], [-54, 201.5], [-53, 198.5], [-52, 195.0], [-51, 194.5], [-50, 191.5], [-49, 189.5], [-48, 187.5], [-47, 184.0], [-46, 182.0], [-45, 180.0], [-44, 178.5], [-43, 177.0], [-42, 175.25], [-41, 173.75], [-40, 174.0], [-39, 171.0], [-38, 170.0], [-37, 168.0], [-36, 166.5], [-35, 164.0], [-34, 164.5], [-33, 162.5], [-32, 163.0], [-31, 163.0], [-30, 162.5], [-29, 161.5], [-28, 160.5], [-27, 160.0], [-26, 159.25], [-25, 159.5], [-24, 159.0], [-23, 159.0], [-22, 159.0], [-21, 158.0], [-20, 157.5], [-19, 157.5], [-18, 158.5], [-17, 158.5], [-16, 155.75], [-15, 156.75], [-14, 157.0], [-13, 158.0], [-12, 157.75], [-11, 157.75], [-10, 158.25], [-9, 158.0], [-8, 158.0], [-7, 157.75], [-6, 158.75], [-5, 159.5], [-4, 159.75], [-3, 159.75]]}