{"heading": -20.4, "target": 101.6552081006889, "gap_dist": 424.40361102364193, "gap_info": [{"width": 147.01628973798458, "center_angle": 45.63648178169836, "edge_a": [37, 216.0], "edge_b": [51, 347.0], "depth": 347.0, "passable": false, "chosen": false}, {"width": 424.40361102364193, "center_angle": 101.6552081006889, "edge_a": [88, 499.5], "edge_b": [174, 123.75], "depth": 499.5, "passable": true, "chosen": true}], "scan": [[-3, 193.75], [-2, 193.25], [-1, 192.25], [0, 191.75], [1, 191.75], [2, 190.75], [3, 188.0], [4, 186.5], [5, 186.5], [6, 187.75], [7, 187.5], [8, 186.0], [9, 185.25], [10, 184.5], [11, 185.25], [12, 186.0], [13, 185.25], [14, 184.5], [15, 186.0], [16, 186.0], [17, 187.25], [18, 187.25], [19, 188.75], [20, 189.0], [21, 188.25], [22, 190.5], [23, 191.25], [24, 191.75], [25, 193.25], [26, 193.0], [27, 195.0], [28, 196.25], [29, 197.5], [30, 199.75], [31, 200.75], [32, 201.75], [33, 201.75], [34, 206.0], [35, 207.0], [37, 216.0], [39, 2974.0], [40, 2941.5], [42, 6178.5], [43, 1493.0], [44, 1480.0], [45, 1454.5], [51, 347.0], [52, 348.5], [53, 348.5], [54, 351.5], [55, 351.5], [56, 352.0], [57, 356.25], [58, 358.0], [59, 361.0], [60, 361.25], [61, 362.75], [62, 366.0], [63, 368.25], [64, 370.5], [65, 373.0], [66, 376.0], [67, 379.25], [68, 381.5], [69, 388.0], [70, 390.5], [71, 394.5], [72, 400.5], [73, 401.75], [74, 409.0], [75, 411.5], [76, 413.0], [77, 420.5], [78, 426.0], [79, 432.25], [80, 434.25], [81, 442.0], [82, 453.5], [83, 458.0], [84, 469.5], [85, 475.5], [86, 489.5], [87, 495.5], [88, 499.5], [89, 519.0], [90, 529.0], [91, 550.0], [94, 594.0], [95, 603.5], [96, 620.5], [97, 633.0], [98, 664.5], [99, 670.5], [100, 680.0], [101, 4314.0], [102, 4270.75], [103, 4236.0], [105, 4121.5], [106, 4093.5], [107, 994.25], [108, 984.75], [109, 976.0], [110, 967.5], [111, 959.5], [112, 954.5], [113, 944.25], [114, 939.25], [115, 933.0], [116, 920.0], [117, 919.0], [118, 911.0], [119, 907.5], [120, 898.0], [121, 895.5], [122, 891.0], [123, 890.0], [128, 11281.5], [130, 15027.0], [131, 15006.0], [132, 14941.5], [133, 14924.0], [134, 14907.0], [135, 14876.0], [142, 8210.5], [145, 6023.5], [146, 6029.5], [148, 4186.5], [149, 4200.5], [150, 4210.5], [151, 4224.0], [152, 4251.0], [153, 701.0], [154, 696.5], [155, 693.75], [156, 687.5], [157, 685.75], [158, 681.75], [159, 680.25], [160, 676.0], [161, 675.0], [163, 60.0], [165, 70.25], [166, 69.75], [174, 123.75], [175, 124.25], [176, 126.0], [177, 124.5], [178, 125.25], [179, 125.0], [180, 124.5], [-175, 68.5], [-173, 60.75], [-171, 77.0], [-170, 72.25], [-166, 821.0], [-165, 816.25], [-164, 816.0], [-163, 816.25], [-162, 815.5], [-161, 816.25], [-160, 818.5], [-159, 820.5], [-158, 821.0], [-157, 825.0], [-156, 825.75], [-155, 831.0], [-154, 833.5], [-153, 838.5], [-152, 842.5], [-151, 844.5], [-150, 851.75], [-149, 855.5], [-148, 860.25], [-147, 864.0], [-146, 868.25], [-145, 885.0], [-144, 889.0], [-143, 889.5], [-142, 895.5], [-141, 897.0], [-140, 905.5], [-139, 907.75], [-138, 920.0], [-137, 926.5], [-136, 931.5], [-135, 948.0], [-134, 1095.75], [-133, 1098.25], [-132, 1098.0], [-131, 803.75], [-130, 793.5], [-129, 793.0], [-128, 791.25], [-127, 790.5], [-126, 806.5], [-124, 866.25], [-122, 965.0], [-121, 961.5], [-120, 946.0], [-119, 939.0], [-118, 935.0], [-117, 940.0], [-115, 1143.5], [-114, 1155.25], [-113, 1160.0], [-112, 1164.5], [-111, 1173.0], [-110, 1178.5], [-109, 1191.25], [-108, 1196.5], [-107, 1202.5], [-106, 1216.0], [-105, 1224.0], [-104, 1012.0], [-103, 1006.25], [-102, 1006.5], [-101, 998.0], [-100, 992.5], [-99, 990.5], [-98, 991.0], [-97, 986.25], [-96, 981.0], [-95, 979.25], [-94, 978.0], [-93, 976.25], [-92, 974.25], [-91, 973.25], [-90, 972.75], [-89, 976.0], [-88, 974.75], [-87, 975.75], [-86, 978.0], [-85, 978.75], [-84, 979.5], [-83, 980.25], [-82, 984.0], [-81, 990.0], [-80, 989.0], [-78, 182.5], [-77, 182.0], [-76, 179.5], [-75, 178.0], [-74, 178.0], [-73, 176.5], [-72, 176.0], [-71, 175.0], [-70, 174.5], [-69, 174.0], [-68, 173.0], [-67, 173.75], [-66, 172.75], [-65, 172.0], [-64, 172.5], [-63, 170.0], [-62, 170.25], [-61, 170.0], [-60, 171.25], [-59, 172.75], [-58, 173.0], [-57, 173.0], [-56, 173.75], [-55, 173.75], [-54, 174.75], [-53, 174.5], [-52, 176.5], [-51, 176.75], [-50, 176.0], [-49, 177.75], [-48, 178.25], [-47, 180.25], [-46, 180.75], [-45, 181.5], [-44, 182.5], [-43, 184.0], [-42, 185.5], [-41, 185.5], [-40, 186.0], [-39, 187.0], [-38, 189.75], [-37, 191.25], [-36, 191.75], [-35, 192.75], [-34, 195.0], [-33, 196.5], [-32, 199.75], [-31, 202.5], [-30, 203.0], [-29, 207.75], [-28, 208.25], [-27, 210.75], [-26, 212.25], [-25, 215.0], [-24, 221.0], [-23, 223.0], [-22, 228.75], [-21, 231.5], [-20, 225.5], [-19, 221.0], [-18, 214.5], [-17, 210.0], [-16, 208.0], [-15, 206.5], [-14, 206.0], [-13, 201.0], [-12, 200.5], [-11, 200.5], [-10, 198.5], [-9, 197.0], [-8, 194.0], [-7, 193.5], [-6, 190.5], [-5, 190.0], [-4, 191.0]]}