{"heading": 23.4, "target": 75.4570893757015, "gap_dist": 365.03033581441343, "gap_info": [{"width": 197.22026835524585, "center_angle": -23.678750633147416, "edge_a": [-40, 344.0], "edge_b": [-9, 381.5], "depth": 381.5, "passable": false, "chosen": false}, {"width": 46.48365765498869, "center_angle": -7.588500371690939, "edge_a": [-9, 381.5], "edge_b": [-6, 339.0], "depth": 381.5, "passable": false, "chosen": false}, {"width": 365.03033581441343, "center_angle": 75.4570893757015, "edge_a": [44, 353.0], "edge_b": [106, 362.5], "depth": 362.5, "passable": true, "chosen": true}, {"width": 261.63927293543725, "center_angle": 146.51113067892712, "edge_a": [140, 355.0], "edge_b": [170, 101.0], "depth": 355.0, "passable": true, "chosen": false}], "scan": [[-4, 312.0], [-2, 292.5], [-1, 273.0], [1, 250.5], [2, 243.5], [3, 237.0], [4, 225.0], [5, 220.0], [6, 209.0], [7, 204.5], [8, 200.0], [9, 194.0], [10, 190.0], [11, 186.0], [12, 180.5], [13, 177.0], [14, 176.5], [15, 177.0], [16, 176.5], [17, 179.0], [18, 181.0], [19, 182.5], [20, 186.0], [21, 189.0], [22, 194.5], [23, 196.5], [24, 199.0], [25, 204.0], [26, 206.5], [27, 215.0], [28, 218.0], [29, 222.0], [30, 230.5], [31, 239.0], [32, 244.0], [33, 253.5], [34, 259.0], [35, 263.5], [36, 271.5], [37, 277.5], [38, 284.0], [39, 297.0], [40, 301.0], [41, 318.0], [42, 327.5], [44, 353.0], [45, 12329.5], [46, 12337.0], [54, 12764.5], [59, 4442.5], [60, 4414.5], [67, 4057.0], [75, 910.0], [76, 906.5], [77, 893.5], [78, 891.0], [79, 891.5], [80, 893.0], [81, 892.5], [82, 895.0], [83, 908.0], [84, 920.5], [85, 936.0], [86, 947.75], [89, 2838.0], [92, 2012.5], [93, 1978.0], [97, 7436.5], [98, 7384.5], [100, 1005.0], [101, 983.5], [102, 965.5], [103, 963.5], [104, 965.5], [106, 362.5], [107, 361.0], [108, 360.5], [109, 355.5], [110, 354.0], [111, 351.5], [112, 350.5], [113, 349.5], [114, 347.0], [115, 346.0], [116, 345.5], [117, 344.0], [118, 341.75], [119, 342.0], [120, 339.0], [121, 339.5], [122, 340.0], [123, 339.5], [124, 339.5], [125, 337.0], [126, 336.0], [127, 337.0], [128, 337.0], [129, 337.5], [130, 337.5], [131, 338.0], [132, 339.0], [133, 341.5], [134, 340.5], [135, 341.0], [136, 342.5], [137, 343.5], [138, 347.0], [139, 349.0], [140, 355.0], [143, 3236.5], [145, 6772.0], [146, 6804.0], [150, 3406.5], [155, 1794.5], [157, 7611.5], [158, 1889.5], [162, 71.0], [165, 70.75], [167, 61.5], [170, 101.0], [171, 108.5], [172, 109.75], [174, 123.25], [175, 126.5], [176, 127.25], [177, 125.25], [178, 125.5], [179, 124.25], [-175, 68.5], [-169, 69.5], [-168, 71.0], [-166, 79.25], [-164, 4879.5], [-163, 6695.5], [-155, 14080.5], [-154, 14047.0], [-153, 14019.5], [-151, 13919.5], [-150, 13898.5], [-149, 13877.5], [-146, 13844.0], [-141, 5970.5], [-140, 5941.0], [-139, 5947.0], [-137, 6020.0], [-134, 3160.5], [-124, 2524.5], [-122, 2377.5], [-121, 2239.0], [-120, 2122.5], [-119, 2065.5], [-118, 2013.0], [-117, 1916.5], [-116, 1873.0], [-115, 1790.5], [-114, 1751.0], [-113, 1679.5], [-112, 1648.0], [-111, 1641.5], [-110, 1657.0], [-108, 1572.5], [-107, 1546.0], [-106, 1501.0], [-105, 1478.0], [-104, 1456.0], [-103, 1419.0], [-102, 1401.5], [-101, 1365.0], [-100, 1348.0], [-99, 1331.5], [-98, 1299.5], [-97, 1286.5], [-96, 1258.0], [-95, 1245.5], [-94, 1234.5], [-93, 1207.5], [-91, 1105.5], [-90, 1096.5], [-89, 1077.0], [-87, 446.5], [-85, 403.0], [-84, 383.5], [-83, 374.0], [-82, 363.5], [-81, 347.5], [-80, 340.0], [-79, 323.5], [-78, 316.0], [-77, 302.5], [-76, 296.5], [-75, 290.0], [-74, 279.5], [-73, 275.5], [-72, 268.0], [-71, 263.0], [-70, 258.0], [-69, 251.0], [-68, 247.0], [-67, 239.5], [-66, 237.0], [-65, 235.0], [-64, 228.0], [-63, 224.5], [-62, 219.5], [-61, 218.0], [-60, 212.0], [-59, 209.0], [-58, 208.0], [-57, 210.0], [-56, 212.5], [-55, 214.75], [-54, 221.5], [-53, 227.0], [-52, 231.0], [-51, 238.0], [-50, 244.0], [-49, 253.0], [-47, 265.5], [-46, 277.5], [-45, 285.0], [-44, 303.0], [-43, 311.0], [-42, 326.0], [-41, 335.0], [-40, 344.0], [-36, 707.0], [-35, 710.0], [-34, 721.5], [-33, 726.5], [-32, 736.25], [-31, 740.0], [-30, 742.25], [-29, 750.25], [-28, 760.0], [-27, 779.0], [-26, 783.5], [-25, 796.0], [-24, 804.5], [-23, 815.0], [-21, 1061.0], [-20, 1081.5], [-19, 1092.0], [-18, 1101.5], [-17, 1122.0], [-16, 1132.5], [-15, 1155.0], [-14, 1166.5], [-13, 1191.0], [-12, 1205.5], [-11, 1218.0], [-9, 381.5], [-6, 339.0]]}