{"heading": -75.6, "target": -124.07486375868854, "gap_dist": 277.21720665447566, "gap_info": [{"width": 277.21720665447566, "center_angle": -124.07486375868854, "edge_a": [-180, 123.75], "edge_b": [-112, 490.0], "depth": 490.0, "passable": true, "chosen": true}, {"width": 529.4155888052036, "center_angle": 52.18379737403049, "edge_a": [18, 476.5], "edge_b": [85, 494.0], "depth": 494.0, "passable": true, "chosen": false}, {"width": 371.8774877162071, "center_angle": 119.30838404380135, "edge_a": [110, 497.5], "edge_b": [170, 104.0], "depth": 497.5, "passable": true, "chosen": false}], "scan": [[-2, 290.5], [-1, 294.5], [0, 303.5], [1, 306.5], [2, 311.5], [3, 321.5], [4, 326.0], [5, 336.5], [6, 342.0], [7, 352.5], [8, 359.5], [9, 366.0], [10, 378.0], [11, 385.5], [12, 394.0], [13, 408.5], [14, 416.0], [15, 423.5], [16, 445.5], [17, 455.0], [18, 476.5], [20, 504.5], [21, 534.0], [23, 587.5], [25, 659.5], [40, 3216.5], [41, 3220.5], [42, 3032.0], [43, 3034.0], [47, 3204.5], [48, 3208.5], [49, 3213.0], [50, 3218.0], [51, 3227.0], [52, 3231.5], [53, 3237.5], [54, 3456.0], [55, 3473.5], [59, 3530.0], [60, 3550.5], [61, 3577.0], [62, 3590.5], [63, 3603.5], [64, 3636.5], [65, 3655.5], [66, 3691.0], [67, 3709.5], [68, 3727.5], [69, 2872.5], [70, 2810.0], [71, 2735.5], [72, 2671.5], [73, 2552.5], [75, 2345.5], [76, 2374.0], [77, 2395.5], [78, 616.5], [79, 600.5], [80, 570.5], [81, 559.5], [83, 524.5], [84, 513.0], [85, 494.0], [86, 484.5], [87, 469.5], [88, 462.0], [89, 456.5], [90, 443.5], [91, 438.5], [92, 428.5], [93, 423.0], [94, 417.0], [95, 408.5], [96, 403.75], [97, 396.5], [98, 392.0], [99, 392.5], [100, 396.0], [101, 406.5], [102, 410.0], [103, 414.5], [104, 428.0], [105, 435.5], [106, 452.5], [107, 459.5], [108, 468.0], [109, 490.0], [110, 497.5], [111, 518.5], [116, 6716.5], [117, 6694.5], [119, 8136.0], [122, 3329.0], [127, 5458.5], [138, 14154.5], [152, 3677.0], [155, 1285.0], [156, 1280.0], [157, 1271.0], [158, 1264.5], [159, 1259.0], [160, 1250.0], [165, 73.0], [166, 72.5], [170, 104.0], [172, 112.5], [173, 119.5], [174, 121.0], [175, 127.0], [176, 128.0], [177, 126.75], [178, 126.5], [179, 126.5], [-180, 123.75], [-175, 71.75], [-173, 61.5], [-169, 71.0], [-167, 75.5], [-165, 5096.5], [-164, 5063.0], [-163, 4996.5], [-162, 4967.5], [-161, 4938.5], [-160, 4881.5], [-159, 4853.5], [-158, 4760.0], [-156, 73.75], [-153, 70.0], [-146, 4532.5], [-145, 4530.0], [-144, 4510.5], [-143, 4492.5], [-142, 4473.5], [-141, 4453.0], [-140, 4447.0], [-139, 4442.0], [-138, 4425.0], [-137, 4421.0], [-136, 4419.0], [-135, 4399.0], [-134, 3791.0], [-133, 3795.0], [-132, 3806.5], [-115, 584.0], [-112, 490.0], [-110, 462.5], [-109, 439.5], [-108, 429.5], [-107, 411.5], [-106, 402.5], [-105, 384.0], [-104, 376.5], [-103, 369.0], [-102, 363.0], [-101, 345.25], [-100, 332.0], [-99, 328.0], [-98, 324.0], [-97, 312.5], [-96, 306.75], [-95, 300.5], [-94, 295.75], [-93, 290.25], [-92, 282.25], [-91, 280.0], [-90, 271.5], [-89, 268.5], [-88, 265.0], [-87, 258.5], [-86, 256.0], [-85, 252.5], [-84, 248.0], [-83, 244.5], [-82, 240.0], [-81, 238.0], [-80, 234.0], [-79, 231.5], [-78, 228.5], [-77, 227.0], [-76, 227.0], [-75, 222.0], [-74, 221.0], [-73, 216.5], [-72, 214.5], [-71, 213.0], [-70, 211.0], [-69, 210.5], [-68, 206.0], [-67, 204.5], [-66, 204.0], [-65, 202.5], [-64, 201.5], [-63, 201.0], [-62, 199.5], [-61, 198.5], [-60, 198.0], [-59, 197.5], [-58, 197.0], [-57, 196.0], [-56, 195.0], [-55, 194.0], [-54, 194.5], [-53, 194.5], [-52, 193.5], [-51, 192.0], [-50, 191.5], [-49, 190.5], [-48, 190.5], [-47, 191.0], [-46, 192.0], [-45, 190.0], [-44, 190.0], [-43, 191.5], [-42, 191.0], [-41, 191.5], [-40, 192.5], [-39, 192.0], [-38, 191.5], [-37, 193.0], [-36, 192.5], [-35, 194.0], [-34, 194.0], [-33, 195.0], [-32, 195.5], [-31, 196.0], [-30, 198.0], [-29, 198.0], [-28, 199.5], [-27, 200.0], [-26, 200.5], [-25, 202.5], [-24, 203.0], [-23, 206.0], [-22, 205.0], [-21, 209.0], [-20, 210.5], [-19, 211.5], [-18, 213.0], [-17, 215.0], [-16, 218.5], [-15, 219.5], [-14, 221.5], [-13, 225.0], [-12, 227.0], [-11, 230.0], [-10, 232.5], [-9, 235.5], [-8, 238.0], [-7, 239.5], [-6, 243.5], [-5, 247.0], [-4, 252.5]]}