{"heading": 32.7, "target": -158.42222783472926, "gap_dist": 352.2562577742216, "gap_info": [{"width": 352.2562577742216, "center_angle": -158.42222783472926, "edge_a": [-178, 107.0], "edge_b": [-154, 465.0], "depth": 465.0, "passable": true, "chosen": true}, {"width": 594.9988073457932, "center_angle": -143.84036040595214, "edge_a": [-142, 493.5], "edge_b": [42, 155.75], "depth": 493.5, "passable": true, "chosen": false}, {"width": 235.48002206144145, "center_angle": 119.81236002970974, "edge_a": [103, 337.0], "edge_b": [173, 121.75], "depth": 337.0, "passable": false, "chosen": false}], "scan": [[-2, 645.5], [-1, 662.5], [0, 664.5], [1, 670.0], [2, 673.5], [3, 682.5], [4, 688.0], [7, 2027.5], [8, 2035.5], [9, 2041.5], [10, 2050.5], [11, 2059.5], [12, 2081.5], [13, 2094.5], [14, 2105.5], [15, 2116.0], [16, 2138.5], [17, 2151.0], [18, 2172.5], [19, 2184.5], [21, 3844.0], [24, 3913.5], [25, 3896.5], [26, 3897.0], [27, 1431.5], [28, 1428.0], [29, 1431.0], [30, 1432.0], [31, 1439.5], [32, 1444.0], [33, 1448.5], [34, 1459.5], [35, 1450.5], [36, 1412.5], [37, 1380.0], [38, 1327.5], [39, 1305.0], [40, 1287.0], [42, 155.75], [43, 155.0], [44, 154.5], [45, 153.5], [46, 152.0], [47, 152.0], [48, 154.5], [49, 154.75], [50, 156.5], [51, 157.25], [52, 157.0], [53, 157.5], [54, 158.5], [55, 159.5], [56, 159.0], [57, 159.0], [58, 161.5], [59, 161.5], [60, 162.5], [61, 164.0], [62, 165.0], [63, 167.0], [64, 168.25], [65, 169.5], [66, 170.5], [67, 172.5], [68, 172.75], [69, 174.25], [70, 177.0], [71, 179.0], [72, 180.0], [73, 182.0], [74, 184.0], [75, 189.75], [76, 189.5], [77, 192.0], [78, 194.0], [79, 199.0], [80, 201.0], [81, 203.0], [82, 208.5], [83, 211.75], [84, 217.5], [85, 218.0], [86, 218.5], [87, 224.5], [88, 237.5], [89, 239.0], [90, 242.5], [91, 251.5], [92, 254.0], [93, 262.5], [94, 265.5], [95, 273.5], [96, 278.0], [97, 283.0], [98, 295.5], [99, 302.5], [100, 313.0], [101, 319.5], [102, 332.0], [103, 337.0], [107, 3039.0], [109, 2090.0], [112, 6411.5], [120, 6038.5], [121, 6020.5], [122, 6002.0], [124, 6123.0], [125, 6118.5], [127, 6089.5], [128, 6083.0], [129, 6077.0], [130, 6072.0], [132, 6072.0], [133, 6073.0], [134, 6075.0], [140, 1506.5], [142, 1162.5], [143, 1174.0], [148, 2754.0], [150, 2297.0], [151, 6242.5], [152, 6270.5], [157, 2908.5], [163, 61.5], [165, 70.25], [166, 68.75], [173, 121.75], [174, 123.5], [175, 124.75], [176, 126.5], [177, 125.5], [178, 125.5], [179, 125.25], [180, 125.0], [-178, 107.0], [-175, 68.25], [-170, 76.5], [-168, 73.25], [-158, 6665.5], [-154, 465.0], [-153, 455.0], [-152, 452.0], [-151, 447.0], [-150, 444.0], [-149, 442.0], [-148, 441.0], [-147, 443.0], [-146, 445.0], [-145, 449.0], [-144, 451.5], [-143, 483.0], [-142, 493.5], [-141, 13646.5], [-140, 13638.5], [-139, 13628.5], [-136, 13641.5], [-130, 6295.5], [-129, 5823.0], [-128, 5802.5], [-127, 5811.0], [-126, 5857.5], [-123, 5548.5], [-117, 3078.0], [-115, 3595.5], [-114, 3387.0], [-113, 3294.5], [-112, 3207.0], [-111, 3048.5], [-110, 2974.5], [-109, 2835.0], [-108, 2771.5], [-107, 2655.0], [-106, 2599.5], [-105, 2556.5], [-104, 2468.5], [-103, 2421.5], [-102, 2337.5], [-101, 2296.5], [-100, 2221.0], [-99, 2186.0], [-98, 2154.0], [-97, 2092.0], [-96, 2060.5], [-95, 2031.5], [-94, 1974.5], [-93, 1948.5], [-92, 1899.5], [-91, 1877.0], [-90, 1834.5], [-89, 1814.0], [-88, 1784.0], [-87, 1798.0], [-86, 1822.0], [-85, 1776.0], [-84, 1755.5], [-83, 1720.5], [-82, 1704.5], [-81, 1691.0], [-80, 1663.0], [-79, 1650.5], [-78, 1624.5], [-77, 1613.5], [-76, 1592.0], [-75, 1580.0], [-74, 1570.5], [-73, 1549.0], [-72, 1539.5], [-71, 1525.0], [-70, 1518.0], [-69, 1506.0], [-68, 1498.5], [-67, 1491.5], [-66, 1480.0], [-64, 1400.5], [-63, 1396.5], [-62, 1386.0], [-61, 1382.0], [-60, 1377.5], [-59, 1370.5], [-58, 1367.0], [-57, 1360.25], [-56, 1358.5], [-55, 1355.5], [-54, 1350.5], [-53, 1348.0], [-52, 1345.0], [-51, 1343.0], [-50, 1338.0], [-49, 1337.5], [-48, 1336.0], [-47, 1334.5], [-46, 1334.5], [-45, 1335.5], [-44, 1337.0], [-43, 1338.0], [-42, 1338.5], [-41, 1340.5], [-40, 1342.5], [-39, 1347.0], [-38, 1348.5], [-37, 1353.5], [-36, 1354.5], [-35, 1358.0], [-34, 1366.0], [-33, 1369.0], [-32, 1376.5], [-31, 1381.5], [-30, 1386.0], [-29, 1396.0], [-28, 1400.0], [-27, 1413.0], [-26, 1417.5], [-25, 1429.0], [-24, 1437.5], [-23, 1446.5], [-22, 1459.5], [-21, 1466.0], [-20, 1482.5], [-19, 1491.5], [-18, 1500.5], [-17, 1520.0], [-16, 1530.5], [-15, 1551.0], [-14, 1562.5], [-13, 1194.5], [-12, 1190.0], [-11, 1195.0], [-9, 630.0], [-8, 635.0], [-7, 637.0], [-6, 637.0], [-5, 639.5], [-4, 641.0], [-3, 642.5]]}