{"heading": -16.8, "target": -62.053671526940555, "gap_dist": 376.6491853698988, "gap_info": [{"width": 256.0287234065158, "center_angle": -156.32826803702886, "edge_a": [-162, 480.0], "edge_b": [-145, 241.5], "depth": 480.0, "passable": false, "chosen": false}, {"width": 376.6491853698988, "center_angle": -62.053671526940555, "edge_a": [-109, 262.0], "edge_b": [-21, 291.5], "depth": 291.5, "passable": true, "chosen": true}, {"width": 248.52950847933243, "center_angle": 105.30410831688273, "edge_a": [88, 308.5], "edge_b": [170, 101.5], "depth": 308.5, "passable": false, "chosen": false}], "scan": [[-4, 212.5], [-3, 232.0], [-2, 225.5], [-1, 223.5], [0, 222.0], [1, 217.0], [2, 216.5], [3, 212.5], [4, 209.0], [5, 207.0], [6, 205.5], [7, 202.0], [8, 199.0], [9, 201.5], [10, 199.0], [11, 194.0], [12, 195.0], [13, 195.5], [14, 192.0], [15, 191.0], [16, 190.5], [17, 188.5], [18, 187.5], [19, 184.5], [20, 184.0], [21, 182.5], [22, 182.5], [23, 182.5], [24, 182.5], [25, 183.0], [26, 181.0], [27, 181.5], [28, 180.5], [29, 179.5], [30, 178.5], [31, 178.5], [32, 178.5], [33, 180.0], [34, 180.0], [35, 178.0], [36, 179.0], [37, 180.0], [38, 178.5], [39, 178.5], [40, 178.5], [41, 180.0], [42, 181.0], [43, 181.5], [44, 182.5], [45, 182.5], [46, 183.0], [47, 182.0], [48, 184.0], [49, 185.0], [50, 186.0], [51, 187.0], [52, 188.0], [53, 189.0], [54, 190.5], [55, 193.0], [56, 193.0], [57, 191.5], [58, 192.0], [59, 200.0], [60, 202.5], [61, 211.5], [62, 211.0], [63, 208.5], [65, 209.5], [66, 208.0], [67, 215.0], [68, 218.5], [69, 228.5], [71, 240.5], [72, 240.5], [73, 250.5], [74, 251.5], [75, 252.0], [77, 249.0], [78, 250.5], [79, 255.5], [80, 261.0], [81, 267.5], [83, 291.0], [85, 286.0], [86, 301.0], [87, 302.5], [88, 308.5], [90, 1215.0], [91, 1214.0], [92, 1214.5], [93, 1215.5], [94, 1215.0], [95, 1216.5], [96, 1218.5], [97, 1218.5], [98, 1219.0], [99, 1220.5], [100, 1222.0], [101, 1227.0], [102, 1227.0], [103, 1228.5], [104, 1233.5], [105, 1241.5], [106, 1244.0], [107, 1251.5], [108, 1254.0], [109, 1264.5], [110, 1269.0], [111, 1274.0], [112, 1283.5], [113, 1290.0], [114, 1302.5], [115, 1307.0], [116, 1314.0], [117, 1329.5], [118, 1338.0], [119, 1356.0], [120, 1364.0], [121, 1382.0], [122, 1391.5], [123, 1414.0], [124, 1423.5], [125, 1433.5], [126, 1467.5], [128, 1493.5], [129, 1507.5], [130, 797.5], [131, 788.5], [132, 789.5], [135, 798.75], [136, 806.0], [137, 813.5], [138, 822.0], [139, 858.0], [140, 1812.0], [141, 1841.0], [142, 1868.0], [143, 1894.5], [144, 1954.0], [145, 1987.5], [146, 2055.0], [147, 2092.0], [148, 2131.0], [150, 1454.5], [151, 971.5], [152, 976.5], [153, 2513.0], [154, 2573.5], [155, 2637.0], [156, 2779.0], [157, 2853.0], [158, 2931.0], [159, 3064.5], [160, 2858.75], [163, 60.75], [165, 70.25], [170, 101.5], [171, 110.25], [173, 121.25], [174, 124.0], [175, 125.5], [176, 126.75], [177, 126.75], [178, 124.0], [179, 124.5], [180, 125.0], [-175, 70.25], [-173, 59.5], [-172, 69.5], [-170, 76.25], [-169, 75.5], [-168, 73.75], [-167, 468.0], [-166, 468.0], [-165, 469.5], [-164, 472.0], [-163, 477.0], [-162, 480.0], [-160, 1703.0], [-159, 1716.0], [-158, 1735.0], [-157, 1744.0], [-156, 1752.5], [-155, 1769.5], [-154, 1780.0], [-153, 1812.0], [-151, 3401.5], [-150, 3442.5], [-149, 3468.0], [-148, 3516.5], [-147, 3541.5], [-146, 3570.0], [-145, 241.5], [-144, 236.5], [-143, 235.5], [-142, 234.5], [-141, 233.75], [-140, 233.75], [-139, 234.5], [-138, 233.0], [-137, 234.0], [-136, 234.0], [-135, 233.0], [-134, 233.5], [-133, 234.5], [-132, 235.5], [-131, 235.0], [-130, 237.0], [-129, 236.5], [-128, 237.5], [-127, 238.5], [-126, 239.0], [-125, 240.5], [-124, 242.0], [-123, 242.5], [-122, 244.0], [-121, 244.5], [-120, 246.0], [-119, 246.0], [-118, 249.0], [-117, 251.0], [-116, 252.5], [-115, 255.0], [-114, 255.5], [-113, 259.5], [-112, 263.0], [-111, 265.5], [-110, 263.5], [-109, 262.0], [-96, 2280.0], [-94, 3742.0], [-82, 13107.0], [-79, 7662.0], [-78, 7659.0], [-76, 7615.5], [-74, 7695.0], [-72, 7282.5], [-71, 7276.0], [-68, 4220.5], [-61, 2467.0], [-60, 2454.0], [-59, 2436.0], [-58, 2425.0], [-57, 2480.0], [-56, 2428.0], [-55, 2448.0], [-53, 4794.0], [-50, 6956.5], [-49, 6844.0], [-47, 6538.0], [-46, 6364.0], [-45, 6274.0], [-43, 1979.5], [-42, 1976.0], [-41, 1978.0], [-40, 1982.0], [-38, 3728.5], [-37, 5533.0], [-36, 5441.0], [-35, 5392.5], [-34, 5341.0], [-33, 5075.0], [-32, 5032.5], [-31, 2938.0], [-30, 2903.5], [-29, 2893.0], [-28, 2902.5], [-26, 4797.5], [-25, 5010.0], [-24, 5146.0], [-23, 5042.0], [-21, 291.5], [-20, 286.0], [-19, 282.0], [-18, 273.0], [-17, 268.5], [-16, 260.5], [-15, 257.5], [-14, 255.0], [-13, 249.0], [-12, 245.0], [-11, 240.5], [-10, 233.5], [-9, 230.0], [-8, 225.5], [-7, 224.0], [-6, 218.0], [-5, 216.0]]}