{"heading": 585.4, "target": 80.7144895141424, "gap_dist": 281.70856400142924, "gap_info": [{"width": 281.70856400142924, "center_angle": 80.7144895141424, "edge_a": [67, 484.0], "edge_b": [171, 114.75], "depth": 484.0, "passable": true, "chosen": true}], "scan": [[-3, 169.5], [-2, 181.5], [-1, 180.5], [0, 182.0], [1, 182.0], [2, 182.5], [3, 182.0], [4, 182.0], [5, 183.0], [6, 183.0], [7, 183.5], [8, 183.5], [9, 183.5], [10, 185.0], [11, 184.5], [12, 185.0], [13, 186.0], [14, 186.0], [15, 188.5], [16, 189.0], [17, 190.0], [18, 190.5], [19, 192.5], [20, 192.5], [21, 194.0], [22, 196.0], [23, 198.5], [24, 199.0], [25, 199.5], [26, 203.0], [27, 204.5], [28, 206.5], [29, 208.0], [30, 210.5], [31, 213.5], [32, 217.0], [33, 220.5], [34, 222.0], [35, 225.0], [36, 228.0], [37, 232.5], [38, 235.5], [39, 240.0], [40, 242.0], [41, 246.75], [42, 250.5], [43, 256.5], [44, 258.25], [45, 266.0], [46, 268.5], [47, 271.5], [48, 279.5], [49, 283.0], [50, 294.5], [51, 299.0], [52, 307.0], [53, 312.5], [54, 323.0], [55, 326.5], [56, 338.5], [57, 346.0], [58, 358.5], [59, 365.5], [60, 380.5], [61, 389.5], [62, 405.0], [63, 414.0], [64, 434.0], [65, 445.5], [66, 470.0], [67, 484.0], [84, 2324.5], [85, 2315.5], [86, 2307.0], [88, 2136.5], [89, 2149.0], [90, 2301.5], [92, 1243.0], [93, 2300.0], [94, 2309.0], [95, 2314.0], [96, 2316.75], [97, 2325.5], [98, 2330.5], [99, 2339.5], [100, 2343.5], [101, 2356.0], [102, 2362.5], [103, 2592.5], [104, 2600.5], [105, 2609.0], [106, 2631.0], [107, 2653.5], [109, 2682.5], [110, 2702.5], [111, 2733.5], [112, 2748.0], [113, 1256.0], [115, 2823.0], [116, 2845.5], [117, 2860.5], [118, 2905.0], [119, 2943.0], [120, 2969.5], [121, 3018.0], [122, 3037.0], [123, 2088.5], [124, 2066.0], [125, 2031.0], [126, 1963.5], [127, 1929.0], [128, 1872.0], [129, 1843.5], [130, 1793.5], [131, 1767.5], [132, 1741.5], [133, 1644.5], [134, 1633.5], [135, 1654.5], [136, 1679.0], [137, 1725.5], [138, 1752.0], [139, 1780.5], [140, 1808.5], [141, 1866.25], [142, 1929.5], [143, 1964.5], [144, 2038.5], [145, 2076.0], [147, 5042.0], [148, 4355.0], [149, 4328.5], [150, 4307.0], [151, 3852.0], [153, 6253.0], [154, 4281.0], [156, 3268.0], [158, 3213.0], [162, 62.5], [164, 72.5], [165, 72.5], [166, 68.25], [171, 114.75], [172, 114.5], [173, 120.5], [174, 122.25], [175, 126.25], [176, 126.75], [177, 127.25], [178, 127.25], [179, 127.0], [180, 127.0], [-175, 70.75], [-170, 73.75], [-168, 71.5], [-166, 78.5], [-162, 5376.0], [-160, 68.5], [-159, 82.0], [-156, 4083.0], [-152, 8775.5], [-151, 707.5], [-150, 689.0], [-149, 659.0], [-148, 643.5], [-147, 618.0], [-146, 604.5], [-145, 580.0], [-144, 571.0], [-143, 551.0], [-142, 542.0], [-141, 532.0], [-140, 532.5], [-139, 535.5], [-138, 540.5], [-137, 554.0], [-136, 559.5], [-135, 570.5], [-134, 579.0], [-133, 594.5], [-132, 613.0], [-131, 622.5], [-130, 641.5], [-129, 651.0], [-128, 673.5], [-127, 687.0], [-126, 699.0], [-125, 721.5], [-124, 732.5], [-123, 761.5], [-122, 1383.0], [-121, 1355.0], [-120, 1301.0], [-119, 1274.5], [-118, 1259.5], [-117, 1271.5], [-116, 1280.0], [-115, 1302.0], [-114, 1313.5], [-113, 1335.5], [-112, 1348.0], [-111, 1379.0], [-103, 5413.0], [-102, 5358.5], [-101, 5359.0], [-100, 5354.0], [-99, 5331.5], [-98, 5328.5], [-97, 5299.5], [-95, 4697.0], [-94, 4714.5], [-93, 4725.5], [-84, 781.5], [-83, 766.0], [-78, 521.0], [-74, 426.0], [-72, 396.0], [-71, 385.0], [-70, 375.5], [-69, 357.5], [-68, 349.5], [-67, 334.5], [-66, 326.5], [-65, 315.0], [-64, 309.0], [-63, 299.0], [-62, 293.5], [-61, 284.0], [-60, 279.0], [-59, 271.5], [-58, 267.5], [-57, 259.5], [-56, 256.0], [-55, 252.5], [-54, 245.5], [-53, 242.0], [-52, 236.5], [-51, 233.5], [-50, 229.0], [-49, 227.0], [-48, 220.5], [-47, 219.5], [-46, 214.5], [-45, 211.5], [-44, 208.5], [-43, 206.5], [-42, 205.5], [-41, 202.5], [-40, 201.0], [-39, 196.5], [-38, 196.0], [-37, 194.0], [-36, 192.0], [-35, 189.0], [-34, 187.5], [-33, 184.5], [-32, 184.0], [-31, 183.0], [-30, 182.5], [-29, 180.5], [-28, 178.5], [-27, 177.0], [-26, 176.0], [-25, 176.0], [-24, 174.0], [-23, 173.5], [-22, 173.5], [-21, 173.0], [-20, 172.0], [-19, 171.5], [-18, 171.0], [-17, 170.0], [-16, 169.0], [-15, 169.0], [-14, 168.0], [-13, 169.0], [-12, 168.5], [-11, 167.5], [-10, 168.0], [-9, 167.5], [-8, 167.0], [-7, 167.0], [-6, 168.5], [-5, 167.5], [-4, 168.0]]}