{"heading": 14.6, "target": 34.936166112689996, "gap_dist": 451.461037760677, "gap_info": [{"width": 320.83044212457537, "center_angle": -108.75092089069454, "edge_a": [-115, 491.5], "edge_b": [-88, 151.0], "depth": 491.5, "passable": true, "chosen": false}, {"width": 451.461037760677, "center_angle": 34.936166112689996, "edge_a": [-14, 304.5], "edge_b": [76, 349.5], "depth": 349.5, "passable": true, "chosen": true}, {"width": 266.3757790977603, "center_angle": 137.51122286598982, "edge_a": [127, 338.0], "edge_b": [171, 111.75], "depth": 338.0, "passable": true, "chosen": false}, {"width": 14.853078722597564, "center_angle": 172.58546250052493, "edge_a": [171, 111.75], "edge_b": [174, 125.25], "depth": 125.25, "passable": false, "chosen": false}], "scan": [[-3, 4187.5], [-2, 4181.5], [-1, 4189.5], [0, 4198.0], [1, 4207.0], [2, 4214.5], [3, 4228.25], [4, 4250.25], [5, 4224.75], [6, 4201.5], [8, 3627.5], [9, 3644.0], [10, 3668.5], [16, 2619.0], [17, 2542.5], [18, 2469.25], [19, 2338.0], [20, 2275.75], [21, 2217.75], [22, 2109.5], [23, 2057.0], [24, 1959.5], [25, 1914.5], [26, 1870.5], [27, 1793.0], [28, 1719.5], [29, 1686.0], [30, 1624.5], [31, 1595.5], [32, 1568.25], [33, 1516.0], [34, 1492.75], [35, 1470.75], [36, 1430.0], [37, 1412.0], [38, 1375.0], [39, 1356.5], [40, 1325.0], [41, 1309.75], [42, 1294.75], [43, 1267.5], [44, 1254.5], [45, 1230.5], [46, 1218.5], [47, 1206.0], [48, 1193.5], [49, 1172.5], [50, 1165.0], [51, 1146.0], [52, 1137.0], [53, 1128.0], [54, 1111.5], [55, 1103.75], [56, 1086.0], [57, 1079.0], [58, 1074.5], [59, 1060.25], [60, 1053.75], [61, 1049.0], [62, 1035.25], [63, 1029.75], [64, 1023.0], [65, 1017.5], [66, 1007.25], [67, 1003.5], [68, 1000.0], [69, 993.25], [70, 986.75], [71, 982.0], [72, 979.5], [73, 976.5], [74, 971.0], [75, 972.5], [76, 349.5], [77, 347.0], [78, 341.5], [79, 339.5], [80, 338.5], [81, 334.0], [82, 331.5], [83, 329.0], [84, 326.5], [85, 325.0], [86, 323.0], [87, 322.0], [88, 319.0], [89, 318.5], [90, 317.5], [91, 314.25], [92, 313.25], [93, 313.0], [94, 312.0], [95, 311.5], [96, 311.0], [97, 310.5], [98, 309.0], [99, 309.0], [100, 307.0], [101, 305.0], [102, 304.75], [103, 305.75], [104, 304.25], [105, 305.5], [106, 307.5], [107, 310.0], [108, 308.5], [109, 308.75], [110, 311.5], [111, 311.75], [112, 314.0], [113, 314.0], [114, 315.0], [115, 314.25], [116, 314.25], [117, 318.5], [118, 321.0], [119, 322.5], [120, 325.0], [121, 326.25], [122, 327.75], [123, 330.5], [124, 335.0], [125, 335.75], [126, 341.0], [127, 338.0], [129, 1325.0], [130, 1344.0], [131, 1378.5], [132, 1395.5], [133, 1413.0], [134, 1454.0], [135, 1473.5], [136, 1521.0], [137, 1544.5], [138, 1569.5], [139, 1595.0], [140, 1655.5], [141, 1684.5], [142, 1751.5], [143, 1785.5], [144, 1860.0], [145, 1902.0], [146, 1943.0], [147, 2035.0], [148, 2085.5], [149, 2141.0], [150, 2254.0], [151, 2315.0], [152, 2447.5], [154, 2603.0], [160, 3586.5], [164, 69.0], [165, 70.0], [166, 70.25], [171, 111.75], [174, 125.25], [175, 126.25], [176, 127.75], [177, 126.75], [178, 125.25], [179, 125.25], [180, 125.5], [-174, 68.5], [-173, 61.75], [-171, 79.0], [-168, 70.75], [-166, 2379.5], [-165, 2395.5], [-164, 2410.5], [-163, 2439.5], [-162, 2452.0], [-161, 2466.5], [-159, 4078.5], [-158, 4132.0], [-157, 4158.5], [-156, 4187.0], [-155, 4246.5], [-154, 4278.5], [-153, 4344.0], [-152, 4378.25], [-151, 4414.75], [-150, 4408.5], [-149, 4565.5], [-148, 4611.5], [-147, 4657.5], [-146, 4703.5], [-145, 4802.5], [-144, 4854.5], [-143, 4957.5], [-142, 5012.5], [-141, 5070.5], [-140, 669.0], [-139, 637.5], [-138, 623.0], [-137, 612.0], [-136, 586.0], [-135, 574.0], [-134, 548.5], [-133, 539.5], [-132, 526.75], [-131, 518.0], [-130, 500.5], [-129, 493.0], [-128, 485.5], [-127, 474.0], [-126, 466.0], [-125, 459.5], [-124, 450.0], [-123, 442.0], [-122, 435.5], [-121, 436.75], [-120, 440.75], [-119, 452.5], [-118, 459.5], [-117, 465.75], [-116, 482.5], [-115, 491.5], [-114, 510.0], [-113, 521.5], [-112, 531.5], [-111, 555.5], [-110, 567.5], [-108, 619.0], [-88, 151.0], [-87, 150.5], [-86, 151.0], [-85, 150.5], [-84, 149.0], [-83, 149.0], [-82, 149.5], [-81, 148.0], [-80, 148.5], [-79, 148.0], [-78, 146.5], [-77, 146.5], [-76, 144.0], [-75, 143.5], [-74, 145.0], [-73, 145.5], [-72, 146.5], [-71, 147.5], [-70, 148.5], [-69, 148.5], [-68, 148.5], [-67, 150.0], [-66, 149.5], [-65, 150.0], [-64, 150.0], [-63, 151.0], [-62, 150.0], [-61, 150.5], [-60, 153.25], [-59, 153.25], [-58, 154.0], [-57, 156.75], [-56, 157.0], [-55, 157.5], [-54, 157.25], [-53, 159.75], [-52, 160.75], [-51, 162.25], [-50, 163.5], [-49, 163.75], [-48, 166.0], [-47, 167.25], [-46, 170.0], [-45, 170.0], [-44, 170.75], [-43, 174.5], [-42, 175.25], [-41, 179.0], [-40, 181.0], [-39, 181.0], [-38, 184.5], [-37, 186.0], [-36, 189.0], [-35, 190.5], [-34, 192.5], [-33, 196.0], [-32, 197.5], [-31, 204.0], [-30, 205.5], [-29, 212.0], [-28, 214.5], [-27, 218.0], [-26, 225.0], [-25, 227.5], [-24, 236.0], [-23, 239.5], [-22, 242.0], [-21, 252.0], [-20, 256.0], [-19, 265.0], [-18, 270.0], [-17, 275.5], [-16, 285.5], [-15, 291.0], [-14, 304.5], [-12, 4223.0], [-11, 4214.0], [-10, 4199.5], [-9, 4188.5], [-8, 4166.0], [-7, 4169.0], [-6, 4163.0], [-5, 4162.5]]}