{"heading": -16.6, "target": 83.06400216829722, "gap_dist": 354.59007171019493, "gap_info": [{"width": 38.71860425001452, "center_angle": 10.409954141769445, "edge_a": [9, 313.5], "edge_b": [12, 278.0], "depth": 313.5, "passable": false, "chosen": false}, {"width": 354.59007171019493, "center_angle": 83.06400216829722, "edge_a": [76, 135.5], "edge_b": [85, 493.25], "depth": 493.25, "passable": true, "chosen": true}, {"width": 488.9311918837336, "center_angle": 102.21097490726365, "edge_a": [90, 494.75], "edge_b": [171, 112.25], "depth": 494.75, "passable": true, "chosen": false}], "scan": [[-1, 2213.0], [8, 333.75], [9, 313.5], [12, 278.0], [13, 270.25], [14, 263.0], [15, 248.75], [16, 243.25], [17, 233.75], [18, 228.75], [19, 243.25], [21, 229.0], [22, 198.0], [24, 201.75], [25, 202.25], [27, 192.5], [28, 188.0], [29, 186.5], [30, 178.5], [31, 169.25], [33, 165.0], [35, 152.25], [36, 153.0], [38, 144.0], [39, 145.5], [40, 145.0], [42, 144.75], [43, 144.25], [44, 143.25], [45, 145.5], [46, 139.0], [47, 138.25], [48, 140.75], [49, 135.25], [50, 137.0], [51, 122.75], [52, 124.75], [53, 126.75], [54, 125.0], [55, 122.75], [56, 121.0], [57, 121.75], [58, 121.5], [59, 122.0], [60, 121.75], [61, 120.25], [62, 120.75], [63, 120.0], [64, 119.0], [65, 118.75], [66, 118.0], [67, 118.75], [68, 117.0], [69, 117.5], [70, 119.0], [71, 118.5], [72, 118.5], [73, 119.0], [74, 120.5], [76, 135.5], [78, 6483.5], [80, 536.25], [81, 525.25], [82, 518.0], [84, 507.75], [85, 493.25], [86, 487.25], [87, 488.5], [88, 490.75], [89, 491.75], [90, 494.75], [91, 516.5], [96, 7511.5], [97, 7528.0], [98, 4133.75], [100, 8996.5], [105, 11984.5], [107, 7155.0], [117, 1727.0], [119, 7687.75], [120, 7749.75], [124, 1975.0], [126, 2562.25], [128, 4685.75], [130, 1376.25], [134, 5824.75], [136, 1024.5], [138, 1078.25], [139, 1039.75], [140, 1045.75], [141, 1034.0], [142, 1042.25], [143, 1052.25], [151, 2997.25], [153, 3070.0], [155, 3771.0], [156, 3752.5], [158, 2119.5], [159, 2105.75], [160, 2100.5], [161, 2107.25], [165, 71.5], [171, 112.25], [173, 117.5], [174, 125.5], [175, 126.5], [176, 127.5], [177, 126.75], [178, 125.75], [179, 126.25], [180, 127.25], [-171, 79.75], [-170, 78.5], [-166, 3751.5], [-155, 3706.75], [-154, 3690.75], [-153, 3680.25], [-152, 3678.5], [-151, 3687.75], [-150, 3685.5], [-149, 3700.5], [-148, 3704.0], [-147, 3709.5], [-146, 3714.0], [-145, 3723.75], [-144, 3735.25], [-143, 3752.0], [-142, 3761.0], [-141, 3773.0], [-140, 3781.75], [-139, 3796.75], [-138, 3777.5], [-137, 3759.75], [-135, 2736.0], [-134, 2694.25], [-133, 2618.75], [-132, 2594.0], [-131, 2602.25], [-130, 2634.75], [-129, 2703.25], [-128, 2741.75], [-126, 2526.5], [-125, 2402.25], [-124, 2347.75], [-123, 2239.75], [-122, 2191.5], [-121, 2147.5], [-120, 2061.25], [-119, 2021.75], [-118, 1946.0], [-117, 1911.5], [-116, 1846.5], [-115, 1815.0], [-114, 1785.75], [-113, 1729.75], [-112, 1701.0], [-111, 1653.75], [-110, 1630.5], [-109, 1608.0], [-108, 1566.0], [-107, 1546.5], [-106, 1509.25], [-105, 1492.5], [-104, 1462.5], [-103, 1447.25], [-102, 1433.75], [-101, 1404.75], [-100, 1390.75], [-99, 1365.75], [-98, 1353.75], [-97, 1341.0], [-96, 1319.5], [-95, 1310.0], [-94, 1289.25], [-93, 1279.0], [-92, 1270.0], [-91, 1253.25], [-90, 1244.75], [-89, 1229.5], [-88, 1221.5], [-87, 1215.75], [-86, 1204.25], [-85, 1197.25], [-84, 1185.5], [-83, 1179.5], [-82, 1173.5], [-81, 1163.75], [-80, 1158.5], [-79, 1148.0], [-78, 1144.5], [-77, 1141.75], [-76, 1134.0], [-75, 1130.25], [-74, 1122.25], [-73, 1119.25], [-72, 1114.5], [-71, 1111.25], [-70, 1109.25], [-69, 1105.0], [-68, 1103.5], [-67, 1101.75], [-66, 1100.25], [-65, 1098.25], [-64, 1098.25], [-63, 1100.0], [-62, 1098.25], [-61, 1097.5], [-60, 1098.5], [-59, 1099.25], [-58, 1100.5], [-57, 1100.0], [-56, 1102.75], [-55, 1106.0], [-54, 1107.25], [-53, 1112.25], [-52, 1115.75], [-51, 1125.75], [-50, 1126.25], [-49, 1162.0], [-45, 766.0], [-42, 622.25], [-41, 615.5], [-40, 616.25], [-39, 621.0], [-38, 624.0], [-37, 627.75], [-36, 635.5], [-35, 640.0], [-34, 647.0], [-33, 652.25], [-32, 656.75], [-31, 667.0], [-30, 670.75], [-29, 680.25], [-28, 1325.75], [-27, 1341.75], [-26, 1356.75], [-25, 1370.25], [-24, 1397.75], [-23, 1413.25], [-22, 1441.5], [-21, 1455.25], [-20, 1470.25], [-19, 1505.5], [-18, 1522.75], [-17, 1560.5], [-16, 1579.0], [-15, 1597.5], [-14, 1636.5], [-13, 1657.5], [-12, 1701.5], [-11, 1726.75], [-10, 1754.25], [-9, 1813.5], [-8, 1844.75], [-7, 1906.25], [-6, 1938.25], [-5, 2011.0], [-4, 2052.0]]}