{"heading": -49.7, "target": 36.81983720200251, "gap_dist": 387.6920491833692, "gap_info": [{"width": 387.6920491833692, "center_angle": 36.81983720200251, "edge_a": [-10, 265.25], "edge_b": [67, 384.75], "depth": 384.75, "passable": true, "chosen": true}, {"width": 52.73659642643962, "center_angle": 99.10754431631756, "edge_a": [97, 389.5], "edge_b": [101, 433.75], "depth": 433.75, "passable": false, "chosen": false}, {"width": 409.4391182585215, "center_angle": 114.96414073770572, "edge_a": [104, 477.5], "edge_b": [171, 109.5], "depth": 477.5, "passable": true, "chosen": false}, {"width": 13.433764345220625, "center_angle": 172.57793983704656, "edge_a": [171, 109.5], "edge_b": [174, 121.5], "depth": 121.5, "passable": false, "chosen": false}], "scan": [[-3, 1941.5], [-2, 1974.0], [0, 4459.0], [1, 4607.0], [2, 4691.25], [3, 4879.75], [4, 4976.75], [5, 5062.0], [7, 806.75], [8, 801.5], [9, 800.25], [10, 803.25], [11, 814.75], [12, 816.5], [13, 815.0], [14, 826.5], [15, 3312.5], [16, 3355.5], [18, 8134.0], [19, 628.5], [20, 618.5], [21, 617.0], [22, 616.5], [23, 622.5], [24, 625.0], [25, 629.0], [26, 638.5], [27, 643.5], [28, 653.5], [29, 658.5], [31, 1332.5], [32, 1330.0], [33, 1338.0], [34, 1606.0], [35, 1608.25], [36, 1613.5], [37, 2241.5], [38, 2240.0], [43, 2102.75], [44, 2080.0], [45, 2064.75], [46, 2081.75], [48, 1725.75], [49, 1690.5], [51, 1440.25], [52, 1487.5], [54, 1585.0], [55, 1602.0], [56, 1582.75], [57, 1582.0], [58, 1559.25], [59, 1551.25], [60, 1535.25], [61, 1523.25], [62, 1509.25], [63, 1503.25], [64, 1543.0], [67, 384.75], [68, 372.75], [69, 366.0], [70, 352.75], [71, 346.75], [72, 341.25], [73, 328.75], [74, 322.75], [75, 314.75], [76, 308.75], [77, 303.75], [78, 296.0], [79, 290.75], [80, 282.75], [81, 279.75], [82, 275.25], [83, 273.5], [84, 276.5], [85, 279.25], [86, 282.25], [87, 286.75], [89, 297.0], [90, 320.25], [91, 335.75], [92, 337.25], [93, 338.25], [94, 340.0], [96, 366.75], [97, 389.5], [101, 433.75], [102, 437.25], [103, 462.75], [104, 477.5], [105, 512.75], [111, 718.5], [113, 1880.0], [114, 1833.75], [115, 1827.5], [116, 1835.0], [117, 1887.0], [118, 1918.75], [119, 1719.0], [121, 1531.0], [122, 1498.75], [123, 1480.0], [124, 1468.75], [125, 1461.0], [127, 3254.5], [128, 3252.25], [129, 3243.5], [130, 3231.75], [131, 3248.25], [132, 3268.5], [147, 928.5], [148, 902.5], [150, 830.75], [151, 812.0], [152, 771.25], [153, 754.0], [154, 735.5], [155, 705.25], [156, 690.5], [157, 657.75], [158, 642.0], [159, 618.5], [160, 606.5], [161, 594.75], [163, 61.0], [164, 70.0], [165, 70.0], [166, 69.5], [171, 109.5], [174, 121.5], [175, 126.25], [176, 126.5], [177, 125.25], [178, 123.75], [179, 123.75], [180, 124.5], [-175, 69.25], [-173, 60.25], [-170, 73.75], [-167, 357.5], [-166, 354.75], [-165, 354.5], [-164, 353.25], [-163, 352.25], [-162, 349.0], [-161, 347.5], [-160, 347.0], [-159, 343.25], [-158, 341.25], [-157, 339.25], [-156, 337.5], [-155, 337.25], [-154, 337.0], [-153, 337.75], [-152, 336.5], [-151, 336.75], [-150, 336.5], [-149, 336.5], [-148, 335.25], [-147, 333.0], [-146, 333.25], [-145, 333.5], [-144, 332.75], [-143, 333.25], [-142, 333.25], [-141, 333.5], [-140, 334.25], [-139, 335.25], [-138, 336.25], [-137, 336.75], [-136, 337.75], [-135, 338.25], [-134, 340.0], [-133, 339.75], [-132, 342.75], [-131, 343.75], [-130, 346.5], [-129, 347.25], [-128, 348.75], [-127, 351.75], [-126, 353.75], [-125, 355.0], [-124, 356.0], [-123, 359.75], [-122, 361.75], [-121, 363.75], [-120, 367.0], [-119, 368.0], [-118, 373.0], [-117, 375.25], [-116, 377.75], [-115, 383.5], [-114, 385.75], [-113, 382.25], [-112, 371.75], [-110, 351.0], [-109, 336.25], [-108, 329.0], [-107, 315.5], [-106, 310.25], [-105, 300.0], [-104, 295.75], [-103, 290.0], [-102, 282.0], [-101, 278.25], [-100, 270.5], [-99, 267.5], [-98, 265.0], [-97, 255.5], [-96, 255.5], [-95, 247.0], [-94, 242.25], [-93, 240.75], [-92, 240.0], [-91, 237.5], [-90, 232.25], [-89, 229.5], [-88, 224.25], [-87, 222.25], [-86, 220.5], [-85, 217.0], [-84, 216.0], [-83, 211.5], [-82, 211.25], [-81, 211.0], [-80, 207.75], [-79, 206.5], [-78, 203.5], [-77, 202.75], [-76, 199.25], [-75, 199.0], [-74, 199.5], [-73, 195.75], [-72, 195.5], [-71, 193.5], [-70, 193.0], [-69, 192.25], [-68, 191.25], [-67, 190.5], [-66, 189.5], [-65, 188.5], [-64, 188.0], [-63, 188.25], [-62, 187.0], [-61, 186.5], [-60, 187.75], [-59, 186.5], [-58, 186.0], [-57, 185.25], [-56, 185.0], [-55, 184.25], [-54, 184.0], [-53, 183.5], [-52, 184.0], [-51, 185.0], [-50, 184.25], [-49, 184.0], [-48, 185.5], [-47, 185.5], [-46, 187.0], [-45, 185.75], [-44, 186.0], [-43, 187.5], [-42, 185.75], [-41, 186.75], [-40, 187.5], [-39, 188.5], [-38, 190.5], [-37, 194.25], [-36, 194.25], [-35, 195.5], [-34, 197.5], [-33, 197.0], [-32, 198.5], [-31, 202.0], [-30, 197.25], [-28, 206.5], [-27, 206.25], [-26, 203.5], [-25, 207.0], [-23, 226.0], [-22, 226.25], [-20, 237.5], [-19, 233.5], [-18, 232.25], [-17, 233.0], [-16, 232.0], [-15, 237.5], [-14, 246.75], [-13, 250.0], [-12, 252.25], [-10, 265.25], [-9, 1728.5], [-8, 1755.75], [-7, 1799.25], [-6, 1823.5], [-5, 1875.25]]}