{"heading": 32.0, "target": -1.111869876141605, "gap_dist": 292.7231344228609, "gap_info": [{"width": 56.68646932351471, "center_angle": -83.1497610587855, "edge_a": [-84, 226.5], "edge_b": [-82, 167.5], "depth": 226.5, "passable": false, "chosen": false}, {"width": 17.597309109768542, "center_angle": -40.93493294799675, "edge_a": [-43, 178.5], "edge_b": [-39, 190.5], "depth": 190.5, "passable": false, "chosen": false}, {"width": 292.7231344228609, "center_angle": -1.111869876141605, "edge_a": [-3, 409.5], "edge_b": [172, 112.5], "depth": 409.5, "passable": true, "chosen": true}], "scan": [[-3, 409.5], [1, 1943.25], [2, 1959.25], [3, 1971.25], [4, 1981.25], [5, 2009.25], [6, 2022.5], [7, 2049.5], [8, 2065.0], [9, 4813.0], [12, 9027.5], [13, 8947.5], [14, 8901.5], [15, 8932.5], [16, 8927.0], [17, 11452.0], [18, 11470.0], [19, 11493.5], [20, 12685.5], [21, 12703.5], [22, 12809.0], [33, 8096.0], [44, 4436.5], [58, 2684.0], [59, 2672.0], [65, 704.5], [66, 693.0], [67, 687.0], [68, 675.0], [69, 670.0], [70, 659.5], [71, 655.0], [72, 652.0], [73, 642.0], [74, 635.0], [75, 626.0], [76, 622.0], [77, 616.0], [78, 614.25], [79, 607.75], [80, 604.0], [81, 601.0], [82, 594.5], [83, 591.0], [84, 587.5], [85, 585.5], [86, 579.5], [87, 578.5], [88, 578.75], [89, 575.0], [90, 573.0], [91, 569.75], [92, 571.0], [93, 569.5], [94, 564.75], [95, 563.25], [96, 562.25], [97, 562.0], [98, 560.0], [99, 559.5], [100, 559.5], [101, 559.5], [102, 560.0], [103, 560.75], [104, 560.75], [105, 563.5], [106, 565.0], [107, 564.0], [108, 562.25], [109, 564.5], [110, 564.5], [112, 616.5], [113, 618.0], [114, 615.0], [115, 609.5], [116, 607.5], [117, 606.0], [118, 601.0], [119, 599.0], [120, 597.5], [121, 596.0], [122, 595.0], [123, 593.5], [124, 589.5], [125, 588.5], [126, 588.0], [127, 587.0], [128, 586.0], [129, 586.5], [130, 586.0], [131, 587.5], [132, 591.0], [133, 590.5], [134, 593.5], [135, 593.0], [136, 598.5], [137, 598.5], [138, 597.5], [139, 598.5], [140, 608.5], [141, 3444.5], [143, 3544.5], [144, 3587.0], [145, 3623.5], [146, 3668.5], [160, 3632.0], [161, 75.0], [165, 72.0], [172, 112.5], [173, 119.5], [174, 122.5], [175, 126.5], [176, 128.25], [177, 128.25], [178, 127.5], [179, 128.0], [180, 126.25], [-175, 72.75], [-173, 62.75], [-170, 72.0], [-168, 76.5], [-167, 76.25], [-164, 5667.0], [-163, 5681.0], [-161, 2816.0], [-150, 2183.5], [-147, 1844.0], [-145, 1735.5], [-144, 303.5], [-143, 299.5], [-142, 296.5], [-141, 293.0], [-140, 287.0], [-139, 283.0], [-138, 278.0], [-137, 274.5], [-136, 269.5], [-135, 267.0], [-134, 264.5], [-133, 260.25], [-132, 258.0], [-131, 256.0], [-130, 253.5], [-129, 249.0], [-128, 247.5], [-127, 244.5], [-126, 242.75], [-125, 239.75], [-124, 239.0], [-123, 237.75], [-122, 234.0], [-121, 231.75], [-120, 230.0], [-119, 230.0], [-118, 226.0], [-117, 224.5], [-116, 223.75], [-115, 222.5], [-114, 222.75], [-113, 223.0], [-112, 224.25], [-111, 221.5], [-110, 221.25], [-109, 221.0], [-108, 220.25], [-107, 220.5], [-106, 219.25], [-105, 220.5], [-104, 217.75], [-103, 215.5], [-102, 216.0], [-101, 218.0], [-100, 218.5], [-99, 219.0], [-98, 219.5], [-97, 219.0], [-96, 220.0], [-95, 220.5], [-94, 220.5], [-93, 221.0], [-92, 221.25], [-91, 222.25], [-90, 222.5], [-89, 222.0], [-88, 225.5], [-87, 224.75], [-86, 227.5], [-85, 228.0], [-84, 226.5], [-82, 167.5], [-81, 167.0], [-80, 169.5], [-79, 172.5], [-78, 164.0], [-77, 162.0], [-76, 159.5], [-75, 159.5], [-74, 158.0], [-73, 158.5], [-72, 157.0], [-71, 155.5], [-70, 158.5], [-69, 158.0], [-68, 158.5], [-67, 157.0], [-66, 156.0], [-65, 156.5], [-64, 157.0], [-63, 157.5], [-62, 157.0], [-61, 156.0], [-60, 157.0], [-59, 155.5], [-58, 155.5], [-57, 156.0], [-56, 156.5], [-55, 157.0], [-54, 158.5], [-53, 164.0], [-52, 162.5], [-51, 161.0], [-50, 161.5], [-49, 163.0], [-48, 169.0], [-47, 167.0], [-46, 168.5], [-45, 170.5], [-44, 177.5], [-43, 178.5], [-39, 190.5], [-38, 195.0], [-37, 190.5], [-36, 194.0], [-35, 200.0], [-34, 192.5], [-33, 193.0], [-32, 198.25], [-31, 198.75], [-30, 200.0], [-28, 219.0], [-27, 220.75], [-25, 221.25], [-24, 225.25], [-23, 229.5], [-22, 233.0], [-21, 236.5], [-20, 247.0], [-19, 251.5], [-18, 258.0], [-17, 263.0], [-16, 268.0], [-15, 279.25], [-14, 283.0], [-13, 295.5], [-12, 301.0], [-11, 314.5], [-10, 321.0], [-9, 328.5], [-8, 348.0], [-7, 356.0], [-5, 390.5], [-4, 395.25]]}