{"heading": -56.1, "target": -43.16507332316654, "gap_dist": 421.6309857383684, "gap_info": [{"width": 21.12416333906772, "center_angle": -179.0911178471981, "edge_a": [-180, 124.25], "edge_b": [-178, 103.5], "depth": 124.25, "passable": false, "chosen": false}, {"width": 336.5010806837466, "center_angle": -120.92213058000614, "edge_a": [-178, 103.5], "edge_b": [-108, 388.5], "depth": 388.5, "passable": true, "chosen": false}, {"width": 421.6309857383684, "center_angle": -43.16507332316654, "edge_a": [-84, 335.0], "edge_b": [5, 294.0], "depth": 335.0, "passable": true, "chosen": true}, {"width": 231.16100684724879, "center_angle": 136.86826481911774, "edge_a": [129, 464.5], "edge_b": [172, 110.5], "depth": 464.5, "passable": false, "chosen": false}], "scan": [[5, 294.0], [7, 271.5], [8, 266.5], [10, 249.5], [11, 236.0], [12, 233.5], [13, 223.5], [14, 219.5], [15, 211.5], [16, 208.5], [17, 204.0], [18, 198.0], [19, 194.5], [20, 187.5], [21, 186.0], [22, 183.5], [23, 179.0], [24, 179.5], [25, 182.5], [26, 180.5], [27, 179.0], [28, 176.5], [29, 176.0], [30, 176.75], [31, 179.25], [32, 180.5], [33, 189.0], [34, 191.5], [35, 195.25], [36, 199.5], [37, 207.0], [38, 210.5], [39, 216.0], [41, 234.5], [42, 245.5], [43, 245.5], [45, 208.0], [46, 204.5], [47, 204.5], [48, 203.5], [49, 202.25], [50, 203.0], [51, 202.5], [52, 201.5], [53, 200.5], [54, 200.5], [55, 200.5], [56, 199.5], [57, 199.0], [58, 198.0], [59, 197.25], [60, 195.75], [61, 196.25], [62, 196.75], [63, 196.75], [64, 196.5], [65, 196.0], [66, 197.25], [67, 197.25], [68, 197.25], [69, 199.5], [70, 198.0], [71, 198.0], [72, 200.0], [73, 199.5], [74, 201.5], [75, 202.0], [76, 201.5], [77, 202.0], [78, 202.0], [79, 204.0], [80, 204.0], [81, 205.0], [82, 207.0], [83, 207.75], [84, 210.5], [85, 210.5], [86, 212.0], [87, 214.0], [88, 215.5], [89, 217.0], [90, 219.0], [91, 221.5], [92, 224.0], [93, 226.0], [94, 228.0], [95, 231.5], [96, 234.5], [97, 237.0], [98, 239.5], [99, 238.5], [100, 244.5], [101, 249.0], [102, 251.5], [103, 256.5], [104, 260.0], [105, 263.0], [106, 268.0], [107, 271.5], [108, 277.0], [109, 280.0], [110, 283.0], [111, 291.5], [112, 295.5], [113, 301.5], [114, 305.0], [115, 315.0], [116, 322.0], [117, 332.0], [118, 350.0], [119, 346.5], [120, 367.0], [122, 398.75], [124, 401.0], [125, 405.0], [127, 443.5], [128, 449.5], [129, 464.5], [131, 1305.0], [137, 3651.0], [138, 3647.5], [139, 3649.0], [141, 1935.5], [142, 1929.5], [144, 2191.5], [145, 2174.5], [146, 2162.0], [147, 2172.0], [148, 2186.5], [151, 5487.5], [153, 2626.0], [154, 2604.5], [155, 2600.5], [156, 2640.0], [158, 4671.5], [159, 4653.5], [160, 4456.5], [161, 4479.5], [165, 71.0], [167, 59.25], [172, 110.5], [173, 118.25], [174, 120.25], [175, 124.75], [176, 126.0], [177, 125.0], [178, 125.0], [179, 126.25], [-180, 124.25], [-178, 103.5], [-168, 71.25], [-167, 75.25], [-163, 4151.5], [-162, 4148.0], [-161, 4147.0], [-160, 4158.0], [-159, 4157.5], [-158, 4154.5], [-157, 4156.5], [-156, 4160.5], [-155, 4180.0], [-154, 4191.5], [-153, 4199.5], [-152, 4181.5], [-151, 3160.0], [-150, 3102.0], [-149, 2989.0], [-148, 2972.5], [-147, 2994.0], [-146, 3022.5], [-145, 3087.5], [-144, 3094.5], [-139, 2268.0], [-137, 2133.0], [-136, 2016.5], [-135, 1961.5], [-134, 1858.0], [-133, 1810.0], [-132, 1729.5], [-131, 1691.0], [-130, 1656.0], [-129, 1590.5], [-128, 1560.0], [-127, 1503.0], [-126, 1477.0], [-125, 1427.5], [-124, 1404.0], [-123, 1381.0], [-122, 1345.0], [-121, 1325.0], [-120, 1289.5], [-119, 1272.0], [-118, 1255.5], [-117, 1222.0], [-116, 1209.5], [-115, 1181.0], [-114, 1169.0], [-113, 1142.0], [-112, 1130.0], [-111, 1117.5], [-110, 1097.0], [-109, 1089.5], [-108, 388.5], [-107, 385.5], [-106, 379.0], [-105, 374.5], [-104, 370.0], [-103, 362.0], [-102, 359.0], [-101, 355.0], [-100, 352.5], [-99, 348.5], [-98, 343.5], [-97, 340.0], [-96, 338.0], [-95, 335.5], [-94, 334.0], [-93, 330.0], [-92, 328.5], [-91, 326.0], [-90, 324.5], [-89, 322.0], [-88, 320.5], [-87, 320.5], [-86, 319.5], [-85, 325.0], [-84, 335.0], [-76, 878.0], [-75, 857.0], [-74, 847.0], [-73, 847.0], [-72, 844.25], [-71, 843.25], [-70, 843.0], [-69, 843.0], [-68, 844.0], [-67, 844.5], [-66, 843.0], [-65, 843.0], [-64, 844.0], [-63, 848.0], [-62, 850.0], [-61, 851.5], [-60, 854.0], [-59, 858.5], [-58, 860.0], [-57, 863.0], [-56, 868.0], [-55, 872.5], [-54, 876.5], [-53, 880.5], [-52, 884.5], [-51, 890.5], [-50, 893.0], [-49, 903.5], [-48, 908.0], [-47, 920.5], [-46, 925.0], [-45, 930.5], [-44, 939.5], [-43, 946.0], [-42, 958.5], [-41, 963.0], [-40, 968.5], [-39, 982.0], [-38, 992.0], [-37, 1007.5], [-36, 1015.5], [-35, 1035.0], [-34, 1043.5], [-33, 1052.5], [-32, 1071.0], [-31, 1080.5], [-30, 1103.0], [-29, 1115.5], [-28, 1127.0], [-27, 1153.0], [-26, 1167.0], [-25, 1196.5], [-24, 1211.0], [-23, 1243.0], [-22, 1259.5], [-21, 1278.5], [-20, 1316.5], [-19, 1336.5], [-18, 1382.5], [-17, 1404.5], [-16, 1426.5], [-15, 1475.5], [-14, 1502.5], [-13, 1557.0], [-12, 1586.5], [-11, 1646.5], [-10, 1675.0], [-9, 1706.5], [-8, 1781.0], [-7, 1823.0], [-6, 1917.5], [-5, 1966.5], [-4, 2074.0]]}