{"heading": -12.9, "target": 44.6467261448446, "gap_dist": 307.90939801087575, "gap_info": [{"width": 81.42468372314788, "center_angle": -53.18939907298039, "edge_a": [-54, 336.0], "edge_b": [-52, 229.0], "depth": 336.0, "passable": false, "chosen": false}, {"width": 307.90939801087575, "center_angle": 44.6467261448446, "edge_a": [33, 453.5], "edge_b": [170, 112.25], "depth": 453.5, "passable": true, "chosen": true}, {"width": 8.772585841712335, "center_angle": 172.53986032270257, "edge_a": [171, 114.5], "edge_b": [174, 120.75], "depth": 120.75, "passable": false, "chosen": false}], "scan": [[-3, 235.0], [-2, 238.0], [-1, 240.0], [0, 243.5], [1, 245.0], [2, 246.5], [3, 253.0], [4, 255.5], [5, 258.0], [6, 260.0], [7, 264.5], [8, 265.0], [9, 268.5], [10, 277.0], [11, 278.5], [12, 280.0], [13, 284.5], [14, 289.0], [15, 295.0], [16, 298.0], [17, 301.0], [18, 310.0], [19, 314.5], [20, 336.0], [21, 343.0], [22, 338.5], [23, 343.0], [25, 384.5], [26, 387.5], [27, 384.5], [28, 382.5], [29, 388.5], [31, 437.0], [32, 434.5], [33, 453.5], [35, 723.5], [37, 1770.0], [38, 1791.5], [39, 1841.0], [40, 1867.0], [41, 1919.0], [42, 1946.0], [43, 2007.0], [44, 2039.0], [45, 2071.5], [47, 943.0], [48, 919.5], [49, 911.0], [50, 906.5], [51, 899.0], [52, 900.0], [53, 902.0], [54, 903.0], [55, 904.0], [56, 919.0], [60, 3451.5], [61, 3404.5], [66, 4893.0], [67, 4882.5], [70, 6416.5], [83, 3199.5], [91, 950.0], [92, 942.5], [93, 937.5], [94, 936.0], [95, 935.0], [96, 935.0], [97, 934.75], [98, 934.75], [99, 936.5], [100, 936.0], [101, 938.5], [102, 938.0], [103, 939.0], [104, 939.5], [105, 944.5], [106, 946.5], [107, 949.5], [108, 952.0], [109, 959.0], [110, 963.0], [111, 967.0], [112, 973.5], [113, 978.5], [114, 984.0], [115, 987.5], [116, 989.5], [117, 998.5], [118, 1002.5], [119, 1014.0], [120, 1016.5], [122, 1197.5], [123, 1201.5], [124, 1221.0], [125, 1246.0], [126, 1301.5], [127, 1330.0], [128, 1398.5], [129, 1432.0], [131, 1567.0], [132, 1595.5], [134, 5705.0], [135, 5658.0], [136, 5659.0], [137, 5622.0], [138, 5763.5], [139, 5865.5], [140, 5825.0], [141, 5848.5], [142, 5927.5], [143, 5911.0], [144, 5873.5], [145, 1074.0], [146, 1073.0], [147, 1069.5], [148, 1069.0], [149, 1068.0], [150, 1066.5], [151, 1066.0], [152, 1064.5], [153, 1062.5], [154, 1062.5], [155, 1061.5], [156, 1061.5], [157, 1062.0], [158, 1065.0], [159, 1066.5], [160, 1068.5], [164, 68.75], [165, 69.75], [170, 112.25], [171, 114.5], [174, 120.75], [175, 125.25], [176, 126.0], [177, 125.0], [178, 123.25], [179, 124.25], [180, 122.75], [-170, 69.25], [-166, 668.5], [-164, 607.0], [-163, 589.0], [-162, 555.0], [-160, 523.0], [-159, 497.5], [-158, 485.5], [-157, 466.0], [-156, 455.5], [-155, 447.0], [-154, 429.5], [-153, 421.0], [-152, 408.0], [-151, 402.0], [-150, 396.5], [-149, 384.5], [-148, 378.5], [-147, 368.5], [-146, 364.5], [-145, 354.5], [-144, 348.5], [-143, 344.0], [-142, 335.5], [-141, 332.0], [-140, 322.5], [-139, 319.0], [-138, 316.5], [-137, 309.5], [-136, 306.0], [-135, 299.5], [-134, 296.5], [-133, 294.0], [-132, 292.5], [-131, 290.0], [-130, 284.0], [-129, 281.5], [-128, 277.5], [-127, 275.5], [-126, 272.5], [-125, 270.5], [-124, 268.5], [-123, 265.5], [-122, 264.0], [-121, 260.5], [-120, 260.0], [-119, 258.5], [-118, 256.5], [-117, 254.5], [-116, 253.0], [-115, 251.5], [-114, 249.0], [-113, 247.5], [-112, 246.0], [-111, 246.25], [-110, 245.75], [-109, 242.75], [-108, 242.25], [-107, 241.75], [-106, 240.5], [-105, 240.75], [-104, 240.25], [-103, 240.5], [-102, 239.25], [-101, 239.5], [-100, 238.0], [-99, 239.0], [-98, 239.5], [-97, 238.0], [-96, 239.0], [-95, 240.0], [-94, 240.0], [-93, 240.0], [-92, 239.5], [-91, 241.0], [-90, 243.0], [-89, 244.0], [-88, 244.5], [-87, 245.25], [-86, 245.5], [-85, 246.0], [-84, 247.5], [-83, 248.5], [-82, 250.0], [-81, 252.0], [-80, 254.0], [-79, 256.5], [-78, 258.0], [-77, 260.5], [-76, 261.5], [-75, 265.0], [-74, 265.0], [-73, 265.5], [-72, 269.5], [-71, 271.0], [-70, 275.0], [-69, 276.5], [-68, 278.0], [-67, 282.5], [-66, 285.5], [-65, 290.0], [-64, 292.5], [-63, 293.5], [-62, 298.0], [-61, 301.0], [-60, 307.5], [-59, 310.0], [-58, 316.5], [-57, 320.5], [-56, 324.0], [-55, 333.0], [-54, 336.0], [-52, 229.0], [-51, 224.0], [-50, 222.5], [-49, 220.0], [-48, 219.0], [-47, 216.5], [-46, 214.5], [-45, 212.0], [-44, 212.0], [-43, 211.0], [-42, 209.0], [-41, 207.5], [-40, 207.0], [-39, 206.0], [-38, 205.0], [-37, 204.0], [-36, 203.5], [-35, 202.5], [-34, 202.0], [-33, 202.0], [-32, 202.0], [-31, 201.5], [-30, 200.5], [-29, 200.0], [-28, 199.5], [-27, 199.0], [-26, 199.5], [-25, 200.0], [-24, 199.5], [-23, 200.5], [-22, 201.0], [-21, 201.0], [-20, 200.0], [-19, 201.0], [-18, 200.0], [-17, 204.5], [-16, 204.5], [-15, 204.0], [-14, 204.5], [-13, 205.5], [-12, 206.0], [-11, 207.5], [-10, 209.0], [-9, 210.5], [-8, 211.5], [-7, 213.0], [-6, 213.5], [-5, 217.0]]}