{"heading": 6.4, "target": 43.2471068814291, "gap_dist": 285.0893089713609, "gap_info": [{"width": 285.0893089713609, "center_angle": 43.2471068814291, "edge_a": [32, 452.0], "edge_b": [171, 111.5], "depth": 452.0, "passable": true, "chosen": true}], "scan": [[-3, 213.75], [-2, 219.0], [-1, 220.25], [0, 221.25], [1, 224.75], [2, 227.25], [3, 232.5], [4, 236.0], [5, 240.5], [6, 242.5], [7, 246.5], [8, 252.5], [9, 254.5], [10, 258.25], [11, 262.25], [12, 265.0], [13, 273.0], [14, 275.0], [15, 282.25], [16, 286.75], [17, 291.0], [18, 300.0], [19, 303.25], [20, 317.5], [22, 342.0], [23, 338.5], [25, 371.0], [27, 392.0], [28, 391.0], [29, 400.0], [31, 447.75], [32, 452.0], [34, 2188.25], [35, 2182.75], [36, 2175.0], [37, 2167.5], [38, 2153.75], [39, 2148.25], [40, 2136.5], [41, 2131.75], [42, 2122.75], [43, 2119.25], [44, 2116.25], [45, 2108.75], [46, 2104.25], [47, 2102.25], [48, 2099.75], [49, 2097.5], [50, 2095.0], [51, 2095.75], [52, 2096.0], [53, 2097.75], [54, 2100.0], [55, 2102.25], [56, 2105.75], [57, 2109.5], [58, 2115.25], [59, 2120.25], [60, 2124.25], [61, 2132.5], [62, 2135.75], [63, 2147.0], [64, 2152.25], [65, 2163.5], [66, 2171.25], [67, 2178.25], [68, 2191.25], [69, 2198.75], [70, 2218.75], [71, 2229.25], [72, 2239.5], [73, 2261.0], [74, 2272.75], [75, 2294.25], [76, 2307.25], [77, 2333.25], [78, 2348.25], [79, 2363.25], [80, 2390.75], [81, 2407.75], [82, 2441.0], [83, 2458.25], [84, 2499.25], [85, 2519.75], [86, 2561.5], [87, 2582.75], [88, 2605.5], [89, 2656.0], [90, 2683.25], [92, 752.75], [93, 748.5], [94, 744.25], [95, 737.25], [96, 732.75], [97, 727.0], [98, 726.0], [99, 719.25], [100, 715.5], [101, 712.75], [102, 712.5], [103, 710.25], [108, 3847.5], [109, 3921.75], [110, 4000.25], [111, 4164.75], [112, 4257.25], [113, 4134.0], [114, 4144.5], [115, 4242.0], [117, 4166.25], [118, 4143.0], [119, 4088.0], [120, 4072.5], [121, 4054.75], [123, 4223.25], [124, 4195.75], [125, 4180.0], [126, 2693.75], [127, 2684.25], [128, 2670.0], [129, 2661.5], [130, 2646.25], [131, 2640.75], [132, 2635.75], [133, 2626.0], [134, 2621.5], [135, 2614.25], [136, 2611.25], [137, 2607.0], [138, 2604.0], [140, 4010.5], [141, 4021.25], [142, 4021.25], [143, 4019.25], [144, 4022.75], [145, 4026.0], [146, 4033.0], [147, 4037.5], [148, 4043.25], [149, 4055.75], [150, 4063.25], [151, 4082.0], [152, 4091.5], [153, 4103.25], [154, 4127.25], [155, 4138.75], [156, 4161.25], [157, 1633.5], [158, 1622.0], [159, 1634.5], [160, 1648.0], [164, 66.75], [165, 70.25], [171, 111.5], [172, 111.5], [174, 122.0], [175, 125.5], [176, 125.5], [177, 124.75], [178, 124.5], [179, 123.25], [180, 122.25], [-176, 70.75], [-171, 77.5], [-169, 76.0], [-168, 74.5], [-165, 757.25], [-164, 739.25], [-163, 731.5], [-162, 725.0], [-161, 715.0], [-160, 709.5], [-159, 697.5], [-158, 691.25], [-157, 686.5], [-156, 678.25], [-155, 673.75], [-154, 665.5], [-153, 663.0], [-152, 656.25], [-151, 654.75], [-150, 653.5], [-149, 645.75], [-148, 642.25], [-147, 637.0], [-146, 635.75], [-145, 633.25], [-144, 627.25], [-143, 625.5], [-142, 621.0], [-141, 623.25], [-140, 628.0], [-139, 618.5], [-138, 609.5], [-137, 613.5], [-136, 614.5], [-135, 608.75], [-134, 605.25], [-133, 600.0], [-132, 599.25], [-131, 601.25], [-130, 600.0], [-129, 600.75], [-128, 596.75], [-127, 594.5], [-126, 595.0], [-125, 595.25], [-124, 595.5], [-123, 1160.0], [-122, 1159.75], [-121, 1158.75], [-120, 1164.25], [-119, 1176.25], [-118, 1188.5], [-116, 3296.5], [-115, 3293.0], [-111, 1598.0], [-109, 3183.5], [-107, 5010.75], [-102, 7063.5], [-101, 2362.25], [-100, 2368.25], [-97, 3610.5], [-95, 6076.5], [-94, 2379.75], [-93, 2362.0], [-92, 2342.25], [-91, 2339.5], [-90, 2340.0], [-88, 5089.0], [-87, 5013.75], [-85, 4823.5], [-82, 4584.5], [-80, 2309.25], [-78, 2405.75], [-75, 4140.25], [-73, 4049.5], [-72, 4011.25], [-71, 3789.75], [-69, 3672.75], [-68, 3684.25], [-67, 3658.75], [-66, 3634.25], [-65, 3485.75], [-64, 3506.25], [-63, 1644.75], [-62, 1630.25], [-61, 1614.75], [-60, 1617.5], [-59, 1624.75], [-58, 1655.75], [-56, 3789.25], [-54, 196.5], [-53, 196.5], [-52, 194.25], [-51, 193.25], [-50, 192.25], [-49, 191.0], [-48, 190.0], [-47, 189.75], [-46, 189.25], [-45, 188.5], [-44, 186.75], [-43, 185.75], [-42, 185.5], [-41, 185.25], [-40, 184.5], [-39, 184.25], [-38, 183.75], [-37, 183.25], [-36, 183.0], [-35, 183.25], [-34, 182.5], [-33, 183.25], [-32, 183.0], [-31, 183.25], [-30, 183.25], [-29, 183.75], [-28, 184.0], [-27, 184.0], [-26, 184.75], [-25, 184.5], [-24, 186.0], [-23, 186.75], [-22, 186.5], [-21, 187.0], [-20, 188.0], [-19, 190.5], [-18, 190.25], [-17, 191.75], [-16, 192.5], [-15, 194.0], [-14, 194.75], [-13, 196.0], [-12, 198.0], [-11, 196.0], [-10, 199.0], [-9, 202.25], [-8, 203.0], [-7, 204.25], [-6, 206.0], [-5, 209.5], [-4, 210.25]]}