{"heading": -192.4, "target": 93.5009481830225, "gap_dist": 283.9075515950337, "gap_info": [{"width": 283.9075515950337, "center_angle": 93.5009481830225, "edge_a": [82, 495.0], "edge_b": [170, 101.5], "depth": 495.0, "passable": true, "chosen": true}, {"width": 20.344845485365617, "center_angle": 171.63149048545873, "edge_a": [170, 101.5], "edge_b": [173, 121.0], "depth": 121.0, "passable": false, "chosen": false}], "scan": [[-4, 609.0], [-3, 606.5], [-2, 610.0], [-1, 653.5], [0, 663.5], [1, 663.0], [4, 783.5], [5, 767.0], [6, 766.5], [7, 769.0], [9, 193.5], [10, 195.5], [11, 194.5], [12, 194.5], [13, 194.5], [14, 194.0], [15, 193.0], [16, 193.0], [17, 192.5], [18, 192.0], [19, 192.5], [20, 193.0], [21, 193.5], [22, 193.5], [23, 193.5], [24, 194.5], [25, 195.5], [26, 196.0], [27, 196.5], [28, 198.0], [29, 199.0], [30, 199.5], [31, 200.5], [32, 201.5], [33, 202.0], [34, 202.0], [35, 204.0], [36, 206.0], [37, 208.0], [38, 210.0], [39, 212.5], [40, 212.5], [41, 216.0], [42, 216.5], [43, 220.5], [44, 222.0], [45, 223.0], [46, 225.0], [47, 225.5], [48, 228.0], [49, 229.5], [50, 229.5], [51, 241.5], [52, 242.0], [53, 246.0], [54, 249.0], [55, 252.0], [56, 256.5], [57, 259.0], [58, 265.5], [59, 268.5], [60, 270.0], [61, 275.0], [62, 280.5], [63, 287.0], [64, 291.0], [65, 299.0], [66, 304.0], [67, 314.5], [68, 317.5], [69, 329.5], [70, 334.25], [71, 339.25], [72, 353.0], [73, 371.5], [75, 386.5], [76, 404.5], [77, 406.0], [78, 439.0], [79, 441.5], [80, 446.5], [81, 486.0], [82, 495.0], [83, 503.5], [85, 2222.5], [86, 2215.5], [87, 2208.5], [88, 2198.75], [89, 2192.25], [90, 2183.25], [91, 2180.75], [92, 2170.25], [93, 2167.0], [94, 2160.25], [95, 2157.25], [96, 2154.25], [97, 2153.75], [98, 2152.75], [99, 2151.5], [100, 2151.5], [101, 2152.5], [102, 2152.5], [103, 2155.0], [104, 2157.0], [105, 2159.25], [106, 2163.25], [107, 2167.5], [108, 2175.5], [109, 2179.0], [110, 2187.0], [111, 2189.5], [112, 2194.5], [113, 2207.0], [114, 2214.5], [115, 2227.5], [116, 2235.5], [117, 2253.0], [118, 2261.25], [119, 2268.5], [120, 2289.5], [121, 2309.5], [122, 2321.5], [123, 2333.0], [124, 2359.0], [125, 2371.5], [126, 2398.5], [127, 2412.5], [128, 2441.0], [129, 2458.5], [130, 2475.5], [131, 2512.5], [132, 2529.5], [133, 2570.5], [134, 2592.5], [135, 2637.0], [136, 2661.0], [137, 2684.0], [138, 799.0], [139, 793.5], [140, 788.5], [141, 785.0], [142, 779.5], [143, 776.5], [144, 769.5], [145, 765.5], [146, 761.0], [147, 753.5], [148, 752.0], [149, 753.75], [156, 3895.5], [157, 3967.5], [158, 4043.5], [159, 4126.5], [160, 4308.0], [163, 61.25], [164, 68.75], [165, 69.75], [166, 69.0], [170, 101.5], [173, 121.0], [174, 123.5], [175, 125.0], [176, 126.5], [177, 125.75], [178, 124.0], [179, 123.0], [180, 123.5], [-175, 68.5], [-173, 60.75], [-169, 71.0], [-168, 69.75], [-166, 4019.0], [-165, 4025.5], [-164, 4046.0], [-163, 4056.0], [-162, 4070.5], [-161, 4077.5], [-160, 4095.0], [-159, 4105.0], [-158, 4115.0], [-157, 4136.0], [-156, 4147.5], [-155, 4172.5], [-154, 4187.0], [-153, 4201.5], [-152, 4202.5], [-151, 4165.5], [-150, 4282.0], [-149, 4301.5], [-148, 4341.5], [-147, 4364.5], [-146, 4388.0], [-145, 4435.0], [-143, 2850.0], [-142, 2861.0], [-139, 4668.0], [-137, 4736.5], [-134, 4919.0], [-133, 5022.0], [-132, 5100.0], [-130, 5271.5], [-125, 1815.75], [-124, 1826.5], [-123, 1849.0], [-122, 3791.5], [-120, 735.0], [-119, 712.0], [-118, 705.25], [-117, 697.0], [-116, 680.0], [-115, 672.0], [-114, 661.0], [-113, 653.5], [-112, 644.25], [-111, 638.5], [-110, 633.5], [-109, 627.75], [-108, 622.5], [-107, 611.0], [-106, 608.5], [-105, 604.0], [-104, 599.75], [-103, 594.5], [-102, 587.25], [-101, 585.5], [-100, 579.5], [-99, 578.25], [-98, 572.0], [-97, 568.0], [-96, 565.0], [-95, 562.0], [-94, 565.5], [-93, 560.5], [-92, 554.0], [-91, 551.0], [-90, 551.5], [-89, 557.0], [-88, 550.0], [-87, 543.0], [-86, 536.5], [-85, 535.25], [-84, 535.5], [-83, 535.5], [-82, 535.0], [-81, 534.5], [-80, 533.5], [-79, 530.5], [-78, 531.5], [-77, 534.0], [-76, 536.5], [-73, 1583.5], [-72, 1576.5], [-71, 1584.5], [-70, 1594.5], [-68, 2148.0], [-67, 2165.5], [-66, 3356.5], [-62, 1544.5], [-61, 1554.75], [-54, 2433.0], [-49, 3447.0], [-47, 3537.5], [-46, 2311.5], [-45, 2303.0], [-44, 2320.0], [-43, 5550.0], [-42, 5458.0], [-41, 5281.0], [-40, 5208.0], [-39, 5149.0], [-37, 4874.0], [-36, 4809.5], [-35, 4751.5], [-34, 4698.0], [-32, 4533.0], [-31, 2273.5], [-30, 2260.5], [-29, 2334.5], [-28, 2359.5], [-27, 2880.5], [-23, 3978.0], [-21, 3756.0], [-20, 3689.0], [-19, 3665.5], [-18, 3629.0], [-17, 3604.5], [-15, 3453.0], [-14, 3503.0], [-13, 1624.0], [-12, 1602.0], [-11, 1582.5], [-10, 1582.0], [-9, 1585.5], [-8, 1591.5], [-7, 602.5], [-6, 605.5], [-5, 609.5]]}