{"heading": 42.1, "target": 93.33254631788205, "gap_dist": 482.83614889516343, "gap_info": [{"width": 203.05649926228836, "center_angle": 0.33188115982690314, "edge_a": [-23, 194.5], "edge_b": [14, 326.0], "depth": 326.0, "passable": false, "chosen": false}, {"width": 146.12542167802067, "center_angle": 55.23615062897107, "edge_a": [54, 235.75], "edge_b": [56, 381.5], "depth": 381.5, "passable": false, "chosen": false}, {"width": 482.83614889516343, "center_angle": 93.33254631788205, "edge_a": [56, 381.5], "edge_b": [121, 498.25], "depth": 498.25, "passable": true, "chosen": true}, {"width": 387.85465039800675, "center_angle": 138.04219115606463, "edge_a": [131, 469.5], "edge_b": [170, 108.75], "depth": 469.5, "passable": true, "chosen": false}], "scan": [[-4, 5294.5], [-3, 5236.5], [-1, 5075.0], [0, 4795.0], [1, 4754.5], [3, 4626.5], [4, 4436.0], [5, 4464.0], [6, 4479.0], [7, 4436.5], [8, 4506.5], [9, 4608.5], [10, 4822.0], [13, 3672.0], [14, 326.0], [15, 320.0], [16, 316.0], [17, 309.0], [18, 307.0], [19, 302.5], [20, 297.0], [21, 295.5], [22, 289.75], [23, 286.5], [24, 285.0], [25, 279.5], [26, 277.25], [27, 272.5], [28, 271.0], [29, 269.0], [30, 266.75], [31, 263.25], [32, 261.75], [33, 259.25], [34, 255.75], [35, 254.0], [36, 251.25], [37, 250.25], [38, 247.5], [39, 247.0], [40, 245.25], [41, 243.5], [42, 243.0], [43, 240.5], [44, 239.75], [45, 239.0], [46, 238.25], [47, 237.0], [48, 236.25], [49, 235.0], [50, 233.75], [51, 230.5], [52, 232.25], [53, 234.5], [54, 235.75], [56, 381.5], [61, 2999.0], [62, 2911.5], [63, 2829.0], [64, 2680.5], [65, 2611.5], [66, 2487.0], [67, 2428.0], [68, 2322.5], [69, 2272.0], [70, 2224.0], [71, 2138.0], [72, 2099.0], [73, 2026.0], [74, 1991.0], [75, 1955.5], [76, 1893.0], [77, 1862.5], [78, 1804.5], [79, 1778.5], [80, 1753.0], [81, 1703.5], [82, 1681.0], [83, 1640.0], [84, 1621.5], [85, 1581.5], [86, 1564.0], [87, 1547.5], [88, 1516.5], [89, 1501.0], [90, 1472.0], [91, 1458.0], [92, 1434.0], [93, 1421.0], [94, 1409.0], [95, 1386.5], [96, 1376.5], [97, 1354.5], [98, 1345.5], [99, 1336.0], [100, 1318.5], [101, 1309.5], [102, 1301.5], [103, 1294.5], [104, 626.5], [105, 610.0], [106, 602.5], [107, 589.5], [108, 582.0], [109, 576.0], [110, 564.5], [111, 560.0], [112, 549.0], [113, 543.5], [114, 538.5], [115, 531.75], [116, 526.5], [117, 518.0], [118, 514.5], [119, 505.5], [120, 503.0], [121, 498.25], [122, 495.75], [123, 492.0], [124, 486.25], [125, 484.5], [126, 480.0], [127, 478.25], [128, 474.75], [129, 473.0], [130, 471.5], [131, 469.5], [136, 1295.0], [137, 1189.5], [138, 1195.0], [139, 1199.0], [140, 1200.0], [141, 1202.5], [142, 1209.5], [143, 1214.0], [144, 1218.5], [145, 1224.75], [146, 1230.0], [147, 1238.25], [148, 1244.0], [149, 1251.0], [150, 1263.5], [151, 1268.0], [152, 1282.0], [153, 1289.5], [154, 1296.0], [155, 1309.5], [156, 1317.5], [157, 1336.5], [158, 1345.5], [159, 1366.0], [160, 1376.5], [161, 1385.5], [163, 61.5], [170, 108.75], [171, 108.5], [173, 121.25], [174, 124.5], [175, 126.0], [176, 127.5], [177, 127.0], [178, 125.5], [179, 125.5], [180, 126.0], [-171, 79.0], [-168, 70.25], [-163, 874.5], [-162, 841.5], [-161, 834.0], [-160, 834.5], [-159, 838.0], [-158, 839.0], [-157, 847.5], [-156, 3349.0], [-155, 3332.0], [-153, 1065.0], [-152, 1050.5], [-151, 1048.0], [-150, 1045.0], [-149, 1038.0], [-148, 1022.5], [-147, 1010.5], [-146, 1007.5], [-145, 1010.5], [-144, 1027.0], [-142, 3448.0], [-141, 3449.25], [-140, 3450.5], [-139, 3452.0], [-138, 3455.0], [-135, 2060.5], [-134, 2064.0], [-133, 2070.5], [-132, 2078.0], [-131, 2084.0], [-130, 2094.0], [-129, 2098.5], [-128, 2105.0], [-127, 2119.5], [-126, 2128.0], [-125, 2141.5], [-124, 2149.5], [-123, 2169.0], [-122, 2178.0], [-121, 2186.0], [-119, 3738.5], [-118, 3790.0], [-117, 3810.5], [-116, 3832.5], [-115, 3878.5], [-114, 3903.0], [-113, 3957.0], [-112, 3986.5], [-111, 4045.5], [-110, 4075.5], [-109, 4110.0], [-108, 4120.5], [-107, 4095.0], [-106, 4284.0], [-104, 252.0], [-103, 248.25], [-102, 241.0], [-101, 237.5], [-100, 231.75], [-99, 228.5], [-98, 225.5], [-97, 220.5], [-96, 218.5], [-95, 212.25], [-94, 209.75], [-93, 206.75], [-92, 203.5], [-91, 202.0], [-90, 197.75], [-89, 196.25], [-88, 192.0], [-87, 190.5], [-86, 189.75], [-85, 187.0], [-84, 186.5], [-83, 185.0], [-82, 182.75], [-81, 182.25], [-80, 181.0], [-79, 179.5], [-78, 179.0], [-77, 177.75], [-76, 176.25], [-75, 175.75], [-74, 172.5], [-73, 169.5], [-72, 169.5], [-71, 169.25], [-70, 169.25], [-69, 169.5], [-68, 167.75], [-67, 167.5], [-66, 166.75], [-65, 166.25], [-64, 166.25], [-63, 165.0], [-62, 164.5], [-61, 164.0], [-60, 162.5], [-59, 161.75], [-58, 160.5], [-57, 160.5], [-56, 157.0], [-55, 157.5], [-54, 158.75], [-53, 160.0], [-52, 161.0], [-51, 161.5], [-50, 162.75], [-49, 163.0], [-48, 165.0], [-47, 166.0], [-46, 166.25], [-45, 167.75], [-44, 167.75], [-43, 168.25], [-42, 169.75], [-41, 170.25], [-40, 170.5], [-39, 171.0], [-38, 172.5], [-37, 173.5], [-36, 174.0], [-35, 174.75], [-34, 176.25], [-33, 177.5], [-32, 177.75], [-31, 180.5], [-30, 180.75], [-29, 181.75], [-28, 183.0], [-27, 183.5], [-26, 187.0], [-25, 185.5], [-23, 194.5], [-20, 4707.5], [-19, 7195.5], [-17, 6794.5], [-16, 6698.5], [-15, 6447.0], [-14, 6329.5], [-13, 6243.0], [-10, 3427.5], [-8, 3459.25], [-7, 3451.25], [-6, 5403.5], [-5, 5340.5]]}