{"heading": -4.1, "target": 47.16536848589686, "gap_dist": 452.6811782964095, "gap_info": [{"width": 157.33865365343715, "center_angle": -36.668304191522274, "edge_a": [-38, 167.0], "edge_b": [-36, 332.75], "depth": 332.75, "passable": false, "chosen": false}, {"width": 46.96457138738792, "center_angle": -32.61014531167192, "edge_a": [-34, 323.5], "edge_b": [-31, 279.25], "depth": 323.5, "passable": false, "chosen": false}, {"width": 452.6811782964095, "center_angle": 47.16536848589686, "edge_a": [15, 431.0], "edge_b": [79, 435.0], "depth": 435.0, "passable": true, "chosen": true}, {"width": 271.3609500480196, "center_angle": 132.91039731925324, "edge_a": [121, 346.0], "edge_b": [172, 113.25], "depth": 346.0, "passable": true, "chosen": false}], "scan": [[-3, 243.5], [-2, 248.0], [-1, 254.0], [0, 262.0], [1, 268.5], [2, 278.5], [3, 285.0], [4, 292.5], [5, 302.5], [6, 318.5], [7, 325.0], [8, 332.5], [9, 350.0], [10, 359.5], [11, 368.5], [12, 388.0], [13, 400.0], [14, 411.5], [15, 431.0], [17, 4324.5], [18, 4341.5], [19, 4353.0], [20, 4366.0], [21, 4367.5], [22, 4389.0], [23, 4404.0], [24, 4365.5], [25, 4367.0], [27, 3789.0], [28, 3801.0], [29, 3829.0], [35, 2687.0], [36, 2610.0], [37, 2472.5], [38, 2409.0], [39, 2350.0], [40, 2238.5], [41, 2185.0], [42, 2085.0], [43, 2040.0], [44, 1952.0], [45, 1912.0], [46, 1874.5], [47, 1803.5], [48, 1769.0], [49, 1736.0], [50, 1705.0], [51, 1648.0], [52, 1593.5], [53, 1569.5], [54, 1549.0], [55, 1508.0], [56, 1487.0], [57, 1451.0], [58, 1436.0], [59, 1419.5], [60, 1386.5], [61, 1372.0], [62, 1344.0], [63, 1329.5], [64, 1314.0], [65, 1292.5], [66, 1268.0], [67, 1255.0], [68, 1244.0], [69, 1224.5], [70, 1214.0], [71, 1205.0], [72, 1186.5], [73, 1179.5], [74, 1165.0], [75, 1158.0], [76, 1142.5], [77, 1139.5], [79, 435.0], [80, 430.0], [81, 424.0], [82, 418.5], [83, 409.75], [84, 407.0], [85, 403.0], [86, 396.0], [87, 393.0], [88, 387.5], [89, 385.0], [90, 378.5], [91, 375.5], [92, 373.5], [93, 368.5], [94, 367.5], [95, 360.5], [96, 358.0], [97, 353.5], [98, 351.5], [99, 349.5], [100, 346.0], [101, 345.5], [102, 344.0], [103, 341.0], [104, 339.5], [105, 336.5], [106, 334.5], [107, 334.5], [108, 331.5], [109, 331.0], [110, 328.5], [111, 327.5], [112, 327.5], [113, 327.5], [114, 326.5], [115, 325.0], [116, 324.5], [117, 320.5], [118, 322.5], [119, 324.0], [121, 346.0], [122, 1070.0], [123, 1077.5], [124, 1085.0], [125, 1095.5], [126, 1100.75], [127, 1111.5], [128, 1118.0], [129, 1124.0], [130, 1137.25], [131, 1144.5], [132, 1157.5], [133, 1167.0], [134, 1184.0], [135, 1192.5], [136, 1200.0], [137, 1219.5], [138, 1229.0], [139, 1238.0], [140, 1258.5], [141, 1270.0], [142, 1293.5], [143, 1304.5], [144, 1316.5], [145, 1343.0], [146, 1359.0], [147, 1390.5], [148, 1407.0], [149, 1423.0], [150, 1457.0], [151, 1476.5], [152, 1517.0], [153, 1539.5], [154, 1584.0], [155, 1609.0], [156, 1635.5], [157, 1688.0], [158, 1717.0], [159, 606.0], [163, 61.0], [165, 70.0], [168, 59.75], [172, 113.25], [173, 121.25], [174, 122.5], [175, 124.25], [176, 127.75], [177, 125.75], [178, 124.75], [179, 126.0], [180, 126.5], [-175, 67.75], [-169, 69.5], [-168, 70.0], [-166, 3509.0], [-165, 3512.25], [-164, 3526.5], [-163, 3531.5], [-161, 740.0], [-160, 704.0], [-159, 694.0], [-158, 683.5], [-157, 680.0], [-156, 678.5], [-155, 673.5], [-154, 669.0], [-152, 666.0], [-151, 666.0], [-149, 2203.0], [-148, 2215.0], [-147, 2232.5], [-146, 2242.0], [-145, 2261.5], [-144, 2271.5], [-143, 2282.5], [-142, 2306.0], [-141, 2334.5], [-140, 3915.0], [-139, 3938.0], [-138, 3964.0], [-137, 4016.5], [-136, 4044.0], [-135, 4103.5], [-134, 4136.0], [-133, 4200.0], [-132, 4234.0], [-131, 4262.0], [-130, 4236.0], [-129, 4421.5], [-128, 4465.0], [-127, 4508.5], [-126, 4602.0], [-125, 4651.5], [-124, 4701.0], [-123, 4809.0], [-122, 4860.0], [-120, 5105.5], [-119, 5173.5], [-117, 3237.0], [-115, 271.0], [-114, 267.75], [-113, 259.0], [-112, 255.0], [-111, 250.5], [-110, 242.5], [-109, 239.0], [-108, 232.0], [-107, 229.0], [-106, 223.0], [-105, 219.5], [-104, 216.5], [-103, 211.5], [-102, 209.0], [-101, 203.0], [-100, 200.5], [-99, 199.0], [-98, 195.0], [-97, 193.0], [-96, 191.5], [-95, 189.0], [-94, 186.5], [-93, 185.5], [-92, 183.5], [-91, 182.0], [-89, 175.0], [-88, 175.0], [-87, 174.5], [-86, 174.0], [-85, 173.0], [-84, 169.5], [-83, 169.0], [-82, 167.5], [-81, 167.5], [-80, 167.0], [-79, 165.0], [-78, 164.5], [-77, 162.0], [-76, 162.0], [-75, 162.5], [-74, 162.0], [-73, 161.0], [-72, 160.0], [-71, 160.0], [-70, 159.5], [-69, 159.5], [-68, 158.5], [-67, 158.0], [-66, 157.0], [-65, 153.0], [-64, 153.0], [-63, 152.5], [-62, 153.0], [-61, 153.0], [-60, 153.0], [-59, 154.0], [-58, 156.5], [-57, 157.5], [-56, 157.5], [-55, 157.5], [-54, 159.0], [-53, 158.5], [-52, 160.5], [-51, 160.0], [-50, 160.0], [-49, 160.5], [-48, 161.5], [-47, 162.5], [-46, 164.5], [-45, 164.5], [-44, 164.0], [-43, 165.5], [-42, 167.0], [-41, 168.5], [-40, 170.5], [-39, 168.5], [-38, 167.0], [-36, 332.75], [-35, 329.5], [-34, 323.5], [-31, 279.25], [-30, 273.25], [-29, 258.75], [-28, 252.75], [-27, 247.0], [-26, 240.75], [-25, 229.0], [-24, 220.0], [-23, 215.0], [-22, 210.5], [-21, 203.75], [-20, 199.0], [-19, 192.0], [-18, 189.5], [-17, 186.0], [-16, 185.5], [-15, 184.5], [-14, 184.5], [-13, 187.0], [-12, 188.0], [-11, 193.5], [-10, 195.0], [-9, 197.0], [-8, 203.0], [-7, 204.5], [-6, 209.5], [-5, 213.5]]}