{"heading": -261.3, "target": 66.45336782277042, "gap_dist": 462.280201733152, "gap_info": [{"width": 611.7517877430992, "center_angle": -129.9490799324447, "edge_a": [-156, 499.0], "edge_b": [-45, 220.0], "depth": 499.0, "passable": true, "chosen": false}, {"width": 275.23548524306403, "center_angle": 14.440117496049412, "edge_a": [-11, 245.5], "edge_b": [29, 419.5], "depth": 419.5, "passable": true, "chosen": false}, {"width": 462.280201733152, "center_angle": 66.45336782277042, "edge_a": [52, 429.5], "edge_b": [171, 110.75], "depth": 429.5, "passable": true, "chosen": true}], "scan": [[-2, 1570.5], [-1, 1588.5], [0, 1600.5], [6, 1024.0], [7, 1035.0], [12, 1633.0], [13, 1620.0], [14, 1615.5], [15, 1619.0], [17, 6719.0], [20, 584.5], [21, 577.0], [22, 584.5], [23, 6843.0], [24, 6887.0], [25, 6930.0], [26, 2230.5], [29, 419.5], [30, 411.5], [31, 406.5], [32, 398.0], [33, 395.5], [34, 394.0], [35, 396.5], [36, 398.5], [37, 397.5], [38, 395.5], [39, 390.5], [40, 386.5], [41, 383.5], [42, 384.5], [43, 386.0], [44, 388.5], [45, 394.0], [46, 398.5], [48, 422.0], [49, 426.5], [51, 423.0], [52, 429.5], [55, 4742.5], [56, 4693.0], [57, 4648.5], [58, 4630.0], [61, 3332.0], [62, 3329.5], [63, 3354.5], [75, 1474.5], [76, 1471.0], [77, 1464.5], [78, 1460.5], [79, 1458.0], [80, 1459.0], [83, 2105.5], [84, 2144.5], [85, 2237.0], [87, 9341.5], [88, 9415.5], [89, 8012.5], [90, 8032.5], [91, 8051.0], [92, 8070.0], [93, 7522.5], [94, 7527.5], [97, 4713.5], [98, 4736.5], [101, 2145.5], [102, 2106.5], [103, 2068.5], [104, 2077.5], [107, 1411.5], [108, 1414.0], [109, 1417.5], [110, 1422.5], [111, 1435.0], [112, 1440.5], [114, 2337.0], [116, 2213.5], [117, 2114.5], [118, 2063.0], [119, 1973.0], [120, 1933.0], [121, 1858.0], [122, 1820.0], [123, 1789.0], [124, 1305.5], [125, 1277.5], [126, 1221.0], [127, 1193.5], [128, 1169.5], [129, 1123.0], [130, 1101.0], [131, 1085.5], [132, 1093.5], [133, 1101.0], [134, 1121.5], [135, 1132.5], [136, 1143.0], [137, 1152.0], [138, 1172.0], [139, 1183.0], [141, 1277.5], [142, 1250.5], [143, 1237.0], [144, 1216.0], [145, 1205.0], [146, 1198.0], [147, 1180.0], [148, 1171.0], [149, 1155.5], [150, 1145.5], [151, 1137.5], [152, 1121.0], [153, 1112.5], [154, 1100.0], [155, 1094.5], [156, 1086.0], [157, 1080.0], [158, 1074.5], [159, 1065.5], [160, 1060.5], [165, 70.5], [171, 110.75], [173, 117.5], [174, 123.5], [175, 125.5], [176, 127.0], [177, 126.25], [178, 125.25], [179, 124.25], [180, 124.25], [-175, 68.0], [-173, 58.0], [-170, 73.0], [-169, 72.0], [-166, 552.5], [-165, 544.5], [-164, 540.0], [-163, 531.5], [-162, 526.25], [-161, 515.5], [-160, 509.5], [-159, 505.5], [-158, 499.0], [-157, 497.0], [-156, 499.0], [-155, 524.0], [-154, 536.5], [-153, 568.5], [-152, 582.5], [-151, 619.0], [-150, 637.5], [-148, 690.5], [-146, 1240.0], [-145, 1253.0], [-144, 1277.0], [-143, 1289.5], [-142, 1312.5], [-141, 1326.5], [-140, 1341.0], [-139, 1369.5], [-138, 1386.0], [-137, 1418.5], [-136, 1436.0], [-135, 1454.0], [-134, 1492.0], [-133, 1514.0], [-132, 1556.0], [-131, 1578.5], [-130, 1631.0], [-129, 1657.5], [-128, 1684.0], [-127, 1745.0], [-126, 1776.5], [-125, 1843.5], [-124, 1878.5], [-123, 1917.0], [-122, 2000.5], [-121, 2044.0], [-120, 2139.0], [-119, 2187.5], [-118, 2241.0], [-117, 2367.0], [-116, 2222.0], [-115, 2176.0], [-114, 2135.5], [-113, 2124.5], [-112, 2118.5], [-111, 2118.0], [-110, 2129.0], [-109, 2138.0], [-108, 2175.5], [-107, 2214.0], [-106, 3004.0], [-105, 3002.5], [-104, 2992.5], [-103, 2988.5], [-102, 2984.0], [-101, 3552.5], [-97, 7523.0], [-96, 7318.5], [-95, 7243.5], [-94, 7103.0], [-93, 7040.0], [-92, 7012.0], [-91, 7034.0], [-90, 7033.0], [-87, 9558.5], [-86, 9576.5], [-84, 10776.0], [-83, 10840.75], [-82, 10817.75], [-81, 10815.5], [-78, 4539.0], [-72, 11300.5], [-64, 4726.0], [-59, 2981.0], [-58, 2966.0], [-54, 2485.5], [-48, 9212.5], [-46, 2139.5], [-45, 220.0], [-44, 218.0], [-43, 217.5], [-42, 205.0], [-41, 205.0], [-40, 206.5], [-39, 209.5], [-38, 210.0], [-37, 213.5], [-36, 210.0], [-35, 197.0], [-34, 195.5], [-33, 205.5], [-31, 194.5], [-30, 195.5], [-29, 195.5], [-28, 196.0], [-27, 196.5], [-26, 194.5], [-25, 195.0], [-24, 194.0], [-23, 195.5], [-22, 199.0], [-21, 199.5], [-20, 204.5], [-19, 206.5], [-18, 210.5], [-16, 244.0], [-15, 247.0], [-14, 244.0], [-13, 240.5], [-12, 242.5], [-11, 245.5], [-8, 1663.0], [-5, 2225.5]]}