{"heading": -0.6, "target": -84.53536527123111, "gap_dist": 504.54024374288394, "gap_info": [{"width": 198.4889072670909, "center_angle": -161.11791471934336, "edge_a": [-180, 122.25], "edge_b": [-156, 443.5], "depth": 443.5, "passable": false, "chosen": false}, {"width": 504.54024374288394, "center_angle": -84.53536527123111, "edge_a": [-115, 488.0], "edge_b": [4, 247.5], "depth": 488.0, "passable": true, "chosen": true}, {"width": 167.0378509754576, "center_angle": 56.622105946306725, "edge_a": [54, 200.0], "edge_b": [58, 380.5], "depth": 380.5, "passable": false, "chosen": false}, {"width": 314.86842731066736, "center_angle": 143.1689653455163, "edge_a": [137, 485.5], "edge_b": [171, 111.75], "depth": 485.5, "passable": true, "chosen": false}], "scan": [[-3, 1054.5], [-2, 1048.0], [-1, 1049.0], [0, 1062.5], [1, 1085.5], [4, 247.5], [5, 245.0], [6, 242.5], [7, 239.5], [8, 236.0], [9, 235.5], [10, 231.0], [11, 229.0], [12, 226.5], [13, 224.5], [14, 222.5], [15, 221.0], [16, 217.0], [17, 215.5], [18, 216.0], [19, 211.5], [20, 210.5], [21, 208.5], [22, 207.5], [23, 206.5], [24, 206.0], [25, 205.0], [26, 204.0], [27, 202.5], [28, 202.0], [29, 201.0], [30, 201.0], [31, 200.5], [32, 198.0], [33, 196.0], [34, 197.0], [35, 196.0], [36, 195.5], [37, 195.0], [38, 194.5], [39, 194.5], [40, 196.0], [41, 194.5], [42, 194.0], [43, 194.0], [44, 195.5], [45, 195.5], [46, 194.5], [47, 197.0], [48, 196.0], [49, 196.5], [50, 195.0], [51, 196.5], [52, 198.5], [53, 199.0], [54, 200.0], [58, 380.5], [59, 383.0], [60, 381.0], [61, 378.5], [62, 373.5], [63, 372.0], [64, 369.5], [65, 364.5], [66, 361.5], [67, 358.5], [68, 356.5], [69, 352.0], [70, 351.0], [71, 350.0], [72, 345.5], [73, 344.0], [74, 342.5], [75, 339.5], [76, 340.0], [77, 337.0], [78, 336.0], [79, 336.0], [80, 335.0], [81, 334.0], [82, 333.0], [83, 331.5], [84, 331.0], [85, 329.5], [86, 329.0], [87, 327.75], [88, 327.0], [89, 328.5], [90, 329.0], [91, 329.0], [92, 329.5], [93, 330.0], [94, 330.0], [95, 331.5], [96, 331.5], [97, 331.5], [98, 333.0], [99, 334.5], [100, 335.25], [101, 337.25], [102, 340.0], [103, 340.25], [104, 343.0], [105, 344.5], [106, 345.5], [107, 347.5], [108, 350.0], [109, 352.5], [110, 354.0], [111, 356.0], [112, 357.5], [113, 360.5], [114, 365.5], [115, 367.0], [116, 372.0], [117, 375.0], [118, 376.5], [119, 382.5], [120, 386.0], [121, 390.0], [122, 394.0], [123, 400.5], [124, 404.5], [125, 407.5], [126, 414.0], [127, 418.0], [128, 425.0], [129, 428.5], [130, 433.0], [131, 442.5], [132, 447.5], [133, 458.0], [134, 463.0], [135, 469.5], [136, 477.0], [137, 485.5], [138, 500.5], [139, 511.0], [140, 521.5], [141, 532.5], [142, 545.0], [143, 553.0], [144, 581.5], [145, 588.5], [146, 599.0], [147, 621.5], [148, 635.5], [149, 649.5], [150, 675.0], [151, 690.5], [152, 718.0], [153, 734.5], [154, 751.5], [155, 785.5], [156, 805.0], [157, 850.0], [160, 1834.5], [161, 1833.5], [164, 71.0], [171, 111.75], [172, 113.25], [174, 123.0], [175, 126.5], [176, 128.0], [177, 128.25], [178, 127.5], [179, 127.0], [-180, 122.25], [-175, 71.0], [-173, 60.5], [-169, 73.25], [-168, 73.5], [-165, 1375.0], [-164, 1384.5], [-156, 443.5], [-155, 418.5], [-153, 396.0], [-152, 375.5], [-151, 365.5], [-150, 350.0], [-149, 340.5], [-148, 332.0], [-147, 318.5], [-146, 313.0], [-145, 305.5], [-144, 292.5], [-143, 286.0], [-142, 280.0], [-141, 282.0], [-140, 286.0], [-139, 288.5], [-138, 294.5], [-137, 298.5], [-136, 305.0], [-135, 308.5], [-134, 313.0], [-133, 320.0], [-132, 324.0], [-131, 331.5], [-130, 336.0], [-129, 346.0], [-128, 351.0], [-127, 355.5], [-126, 366.0], [-125, 371.0], [-124, 377.0], [-123, 390.0], [-122, 397.0], [-121, 410.5], [-120, 418.5], [-119, 426.0], [-118, 442.0], [-117, 450.5], [-116, 475.0], [-115, 488.0], [-114, 500.5], [-112, 555.0], [-111, 561.0], [-110, 557.5], [-109, 552.0], [-108, 549.5], [-107, 544.5], [-106, 542.0], [-105, 539.5], [-104, 536.5], [-103, 534.5], [-102, 532.0], [-101, 531.0], [-100, 529.5], [-99, 527.0], [-98, 526.5], [-97, 524.5], [-96, 522.0], [-95, 520.5], [-94, 519.75], [-93, 520.0], [-92, 520.0], [-91, 518.5], [-90, 520.0], [-89, 520.0], [-88, 519.5], [-87, 520.0], [-86, 520.5], [-85, 522.5], [-84, 523.5], [-83, 525.5], [-82, 525.5], [-81, 527.0], [-80, 529.0], [-79, 529.5], [-78, 532.0], [-77, 536.0], [-76, 536.5], [-75, 541.0], [-74, 542.5], [-73, 544.0], [-72, 548.0], [-71, 551.0], [-70, 556.0], [-69, 558.0], [-68, 562.0], [-67, 567.5], [-66, 569.0], [-65, 575.0], [-64, 579.0], [-63, 581.5], [-62, 589.5], [-61, 595.5], [-60, 604.5], [-59, 610.5], [-58, 615.5], [-57, 624.0], [-56, 629.5], [-55, 638.0], [-54, 649.0], [-53, 656.5], [-52, 668.0], [-51, 674.0], [-50, 681.0], [-49, 700.5], [-48, 708.0], [-47, 723.0], [-46, 734.0], [-45, 742.5], [-44, 762.5], [-43, 771.5], [-42, 794.0], [-41, 803.5], [-40, 812.5], [-39, 835.0], [-38, 849.5], [-37, 873.0], [-36, 889.5], [-35, 904.5], [-34, 937.5], [-33, 956.5], [-32, 974.0], [-31, 1016.0], [-30, 1039.0], [-29, 1078.5], [-27, 881.5], [-26, 872.5], [-25, 859.5], [-24, 857.0], [-23, 857.0], [-22, 857.0], [-21, 863.0], [-20, 869.5], [-19, 885.0], [-18, 893.5], [-16, 1337.0], [-15, 1334.5], [-14, 1327.5], [-13, 1323.0], [-12, 933.0], [-11, 927.5], [-10, 927.5], [-9, 933.0], [-7, 1049.0], [-6, 1042.5], [-5, 1039.0], [-4, 1036.5]]}