{"heading": -28.3, "target": -65.70898163192022, "gap_dist": 425.6422651219301, "gap_info": [{"width": 425.6422651219301, "center_angle": -65.70898163192022, "edge_a": [-99, 391.0], "edge_b": [-39, 477.5], "depth": 477.5, "passable": true, "chosen": true}, {"width": 294.2165187000854, "center_angle": 102.93623289551869, "edge_a": [91, 499.0], "edge_b": [172, 110.5], "depth": 499.0, "passable": true, "chosen": false}], "scan": [[-4, 232.0], [-3, 227.5], [-2, 226.5], [-1, 225.0], [0, 223.0], [1, 222.0], [2, 219.0], [3, 218.5], [4, 215.5], [5, 214.5], [6, 213.0], [7, 211.5], [8, 211.0], [9, 209.0], [10, 208.0], [11, 207.0], [12, 205.0], [13, 205.0], [14, 203.5], [15, 203.5], [16, 204.0], [17, 202.0], [18, 201.5], [19, 201.5], [20, 201.0], [21, 201.0], [22, 201.0], [23, 200.5], [24, 200.5], [25, 200.5], [26, 200.5], [27, 200.5], [28, 201.5], [29, 201.5], [30, 202.5], [31, 201.75], [32, 201.75], [33, 201.75], [34, 203.0], [35, 203.75], [36, 205.75], [37, 206.25], [38, 207.25], [39, 208.5], [40, 209.5], [41, 210.75], [42, 212.25], [43, 213.25], [44, 215.25], [45, 216.0], [46, 219.25], [47, 219.75], [48, 221.25], [49, 223.75], [50, 226.25], [51, 227.5], [52, 229.0], [53, 230.5], [54, 235.0], [55, 237.25], [56, 239.5], [57, 241.0], [58, 243.0], [59, 248.25], [60, 250.0], [61, 254.0], [62, 257.0], [63, 260.5], [64, 264.0], [65, 266.0], [66, 276.0], [67, 278.25], [68, 283.0], [69, 285.0], [70, 292.0], [71, 296.0], [72, 301.0], [73, 307.5], [74, 312.0], [75, 322.5], [76, 327.5], [77, 337.5], [78, 344.5], [79, 349.0], [80, 361.0], [81, 367.5], [82, 381.0], [83, 389.0], [84, 395.5], [85, 410.0], [86, 420.5], [87, 439.5], [88, 451.5], [89, 475.5], [90, 487.0], [91, 499.0], [93, 550.0], [100, 803.0], [111, 2755.5], [112, 2759.5], [113, 2746.25], [114, 2562.5], [115, 2564.5], [116, 2724.0], [117, 2734.0], [118, 2734.5], [119, 2738.25], [120, 2741.0], [121, 2747.75], [122, 2753.5], [123, 2757.5], [124, 2760.5], [125, 2774.0], [126, 2779.0], [127, 3002.0], [128, 3014.5], [129, 3024.5], [132, 3067.5], [133, 3086.0], [134, 3112.0], [135, 3127.0], [136, 3141.0], [137, 3172.0], [138, 3180.0], [139, 3195.5], [141, 1177.0], [142, 1174.5], [143, 1171.5], [144, 1169.5], [146, 2422.5], [147, 2371.0], [148, 2328.5], [149, 1472.5], [150, 1499.0], [151, 1495.0], [152, 1483.0], [153, 1460.0], [154, 1482.5], [155, 1512.5], [156, 2033.5], [157, 2055.0], [158, 2080.0], [159, 2130.0], [160, 2153.5], [161, 2202.5], [165, 71.5], [168, 60.0], [170, 99.75], [172, 110.5], [173, 120.75], [174, 124.5], [175, 126.0], [176, 127.75], [177, 126.0], [178, 125.25], [179, 125.25], [-168, 73.5], [-166, 81.5], [-164, 1407.5], [-163, 1333.0], [-162, 1313.5], [-160, 1209.0], [-159, 1184.5], [-158, 1143.5], [-157, 1122.5], [-156, 1083.5], [-155, 1064.5], [-154, 1046.0], [-153, 1014.0], [-152, 1002.5], [-151, 995.5], [-150, 1007.5], [-149, 1017.0], [-148, 1026.0], [-147, 1049.0], [-146, 1061.5], [-141, 8729.0], [-139, 8151.0], [-133, 12092.5], [-130, 3759.0], [-127, 9361.0], [-125, 1278.5], [-124, 1274.5], [-123, 1269.0], [-122, 1261.5], [-120, 431.5], [-119, 427.5], [-118, 423.0], [-117, 420.5], [-116, 416.5], [-115, 412.5], [-114, 410.0], [-113, 408.25], [-112, 406.75], [-111, 401.5], [-110, 399.0], [-109, 397.0], [-108, 395.5], [-107, 391.0], [-106, 391.0], [-105, 388.5], [-104, 387.5], [-103, 385.5], [-102, 385.0], [-101, 385.0], [-100, 388.0], [-99, 391.0], [-94, 5613.0], [-93, 5576.5], [-92, 5538.0], [-91, 5469.5], [-90, 5437.5], [-89, 5373.5], [-88, 5343.5], [-87, 2012.75], [-86, 1991.25], [-85, 1985.0], [-84, 1983.0], [-83, 1985.5], [-82, 2004.0], [-81, 2714.5], [-80, 2688.0], [-79, 2446.0], [-78, 2432.0], [-77, 2420.5], [-75, 2101.0], [-74, 2111.5], [-73, 2124.0], [-72, 1421.5], [-71, 1402.5], [-70, 1379.5], [-69, 1393.0], [-67, 1632.5], [-66, 1644.5], [-65, 1650.5], [-64, 4865.0], [-63, 4254.5], [-62, 4258.0], [-61, 4274.5], [-60, 4286.5], [-46, 669.5], [-40, 504.5], [-39, 477.5], [-38, 466.0], [-37, 444.0], [-35, 421.0], [-34, 405.0], [-33, 397.5], [-32, 380.0], [-31, 372.0], [-30, 367.0], [-29, 355.5], [-28, 349.5], [-27, 339.0], [-26, 332.5], [-25, 322.0], [-24, 318.0], [-23, 314.0], [-22, 305.0], [-21, 301.0], [-20, 292.0], [-19, 288.0], [-18, 281.25], [-17, 280.0], [-16, 277.0], [-15, 271.5], [-14, 268.0], [-13, 262.5], [-12, 259.5], [-11, 257.5], [-10, 253.0], [-9, 251.5], [-8, 245.25], [-7, 244.25], [-6, 239.5], [-5, 238.5]]}