{"heading": -135.9, "target": -129.50074282420064, "gap_dist": 410.95201521311094, "gap_info": [{"width": 249.2189026728567, "center_angle": -169.51712223663864, "edge_a": [-178, 104.5], "edge_b": [-167, 351.0], "depth": 351.0, "passable": false, "chosen": false}, {"width": 410.95201521311094, "center_angle": -129.50074282420064, "edge_a": [-167, 351.0], "edge_b": [-89, 329.0], "depth": 351.0, "passable": true, "chosen": true}, {"width": 41.48999452010583, "center_angle": 31.572581156381617, "edge_a": [30, 359.0], "edge_b": [33, 395.5], "depth": 395.5, "passable": false, "chosen": false}, {"width": 480.7013394057217, "center_angle": 48.68832913704075, "edge_a": [36, 423.0], "edge_b": [170, 108.75], "depth": 423.0, "passable": true, "chosen": false}], "scan": [[-4, 213.5], [-3, 224.0], [-2, 228.5], [-1, 229.5], [0, 229.5], [1, 234.75], [2, 236.0], [3, 238.5], [4, 241.5], [5, 243.0], [6, 244.5], [7, 247.5], [8, 249.0], [9, 252.5], [10, 258.0], [11, 259.0], [12, 261.5], [13, 265.5], [14, 268.5], [15, 277.5], [16, 278.5], [17, 278.0], [18, 295.5], [19, 304.5], [20, 310.0], [21, 299.5], [22, 304.5], [23, 311.0], [24, 331.5], [25, 336.5], [26, 356.0], [27, 357.5], [28, 345.5], [29, 351.5], [30, 359.0], [33, 395.5], [34, 396.5], [35, 414.5], [36, 423.0], [37, 1271.0], [38, 1263.0], [39, 1253.0], [40, 1254.5], [41, 1657.5], [44, 3649.0], [45, 3665.5], [48, 7435.0], [50, 1904.5], [51, 1889.5], [52, 1880.5], [54, 2115.0], [55, 2106.0], [56, 2096.5], [57, 2101.0], [61, 5492.5], [62, 5418.5], [63, 2576.5], [64, 2536.0], [65, 2535.5], [66, 2549.0], [67, 2581.0], [68, 4644.0], [69, 4568.0], [71, 4396.5], [72, 4395.0], [73, 4358.5], [74, 4385.0], [75, 4538.5], [76, 4630.0], [77, 4695.5], [78, 4560.0], [79, 4713.5], [80, 4687.0], [81, 4650.5], [82, 4586.5], [83, 4557.5], [84, 4503.5], [85, 4476.0], [86, 4428.5], [87, 4407.0], [88, 4384.0], [89, 4345.0], [90, 4326.0], [91, 4289.5], [92, 4271.5], [93, 4231.5], [94, 4208.5], [95, 4248.5], [96, 4246.5], [97, 4230.5], [98, 4212.5], [99, 4178.0], [100, 4170.5], [101, 4166.5], [102, 4143.5], [103, 4136.5], [104, 4131.0], [105, 4116.5], [106, 4098.5], [107, 4091.0], [108, 4083.5], [109, 4078.5], [110, 4100.0], [111, 4101.0], [112, 4101.0], [113, 4104.0], [114, 4106.5], [115, 4115.0], [116, 4137.5], [117, 4144.5], [118, 4124.5], [119, 3118.0], [120, 3068.5], [121, 3010.0], [122, 2925.0], [123, 2940.0], [124, 2971.0], [125, 3042.5], [126, 3062.0], [131, 2329.5], [132, 2192.0], [133, 2132.0], [134, 2017.0], [135, 1966.0], [136, 1916.5], [137, 1823.0], [138, 1780.5], [139, 1740.0], [140, 1668.5], [141, 1637.0], [142, 1576.5], [143, 1548.5], [144, 1520.0], [145, 1468.5], [146, 1445.0], [147, 1401.5], [148, 1380.5], [149, 1360.5], [150, 1322.5], [151, 1305.5], [152, 1275.0], [153, 1259.0], [154, 1243.0], [155, 1213.5], [156, 1202.0], [157, 1174.5], [158, 1162.0], [159, 1152.0], [160, 1129.0], [165, 70.5], [167, 64.5], [170, 108.75], [171, 110.5], [172, 112.25], [173, 118.25], [174, 120.75], [175, 125.25], [176, 125.75], [177, 126.5], [178, 125.75], [179, 126.0], [180, 126.0], [-178, 104.5], [-175, 70.25], [-174, 63.25], [-167, 351.0], [-162, 891.0], [-161, 891.5], [-160, 892.0], [-159, 892.5], [-158, 892.0], [-157, 893.5], [-156, 896.5], [-155, 899.0], [-154, 900.5], [-153, 901.5], [-152, 903.0], [-151, 907.5], [-150, 909.5], [-149, 912.0], [-148, 917.5], [-147, 920.0], [-146, 926.5], [-145, 930.0], [-144, 933.0], [-143, 942.5], [-142, 946.5], [-141, 954.0], [-140, 959.0], [-139, 964.0], [-138, 974.0], [-137, 979.5], [-136, 986.0], [-135, 999.0], [-134, 1004.5], [-133, 1018.5], [-132, 1027.0], [-131, 1043.0], [-130, 1052.0], [-129, 1059.5], [-128, 1077.0], [-127, 1085.0], [-126, 1104.5], [-125, 1114.5], [-124, 1126.0], [-123, 1148.0], [-122, 1159.5], [-121, 1184.0], [-120, 1198.0], [-119, 1212.0], [-118, 1238.0], [-117, 1252.0], [-116, 1285.5], [-115, 1303.0], [-114, 1321.0], [-113, 1361.0], [-112, 1384.5], [-111, 1427.0], [-110, 1448.5], [-109, 1472.0], [-108, 1528.0], [-107, 1555.5], [-106, 1615.5], [-104, 1702.5], [-101, 1855.0], [-100, 951.5], [-98, 915.5], [-89, 329.0], [-88, 323.5], [-86, 290.0], [-85, 283.0], [-84, 268.5], [-82, 246.5], [-81, 241.5], [-80, 238.0], [-79, 236.5], [-78, 235.0], [-77, 232.5], [-76, 228.0], [-75, 230.0], [-74, 231.0], [-73, 234.75], [-72, 236.5], [-71, 238.25], [-70, 243.0], [-69, 247.0], [-68, 252.5], [-67, 255.0], [-66, 258.5], [-65, 266.0], [-64, 270.5], [-63, 274.0], [-61, 242.0], [-60, 240.0], [-59, 237.25], [-58, 234.75], [-57, 233.75], [-56, 228.75], [-55, 227.5], [-54, 224.0], [-53, 222.5], [-52, 221.5], [-51, 219.0], [-50, 218.0], [-49, 215.0], [-48, 213.5], [-47, 213.5], [-46, 210.0], [-45, 210.0], [-44, 207.0], [-43, 205.5], [-42, 205.0], [-41, 205.5], [-40, 204.0], [-39, 203.5], [-38, 202.5], [-37, 201.0], [-36, 200.5], [-35, 201.0], [-34, 201.0], [-33, 200.5], [-32, 199.5], [-31, 199.5], [-30, 199.5], [-29, 198.5], [-28, 198.0], [-27, 198.0], [-26, 198.5], [-25, 198.0], [-24, 198.5], [-23, 198.5], [-22, 200.0], [-21, 199.5], [-20, 200.0], [-19, 200.5], [-18, 200.5], [-17, 202.0], [-16, 202.0], [-15, 202.5], [-14, 202.5], [-13, 202.5], [-12, 205.5], [-11, 205.5], [-10, 205.0], [-9, 207.5], [-8, 208.0], [-7, 210.0], [-6, 212.0], [-5, 213.5]]}