{"heading": -48.7, "target": 77.67518075319798, "gap_dist": 276.08959077815723, "gap_info": [{"width": 276.08959077815723, "center_angle": 77.67518075319798, "edge_a": [64, 457.5], "edge_b": [170, 108.25], "depth": 457.5, "passable": true, "chosen": true}], "scan": [[-2, 183.0], [-1, 183.0], [0, 183.0], [1, 184.0], [2, 183.5], [3, 183.5], [4, 185.0], [5, 185.0], [6, 186.0], [7, 186.0], [8, 186.5], [9, 187.5], [10, 186.5], [11, 188.0], [12, 189.0], [13, 188.5], [14, 190.5], [15, 192.0], [16, 194.0], [17, 193.5], [18, 193.0], [19, 196.5], [20, 197.5], [21, 199.0], [22, 199.5], [23, 201.0], [24, 204.0], [25, 204.0], [26, 208.5], [27, 209.5], [28, 211.0], [29, 213.5], [30, 219.5], [31, 221.5], [32, 225.5], [33, 228.5], [34, 230.0], [35, 235.5], [36, 237.0], [37, 242.5], [38, 245.0], [39, 251.5], [40, 254.5], [41, 259.0], [42, 265.0], [43, 268.0], [44, 274.5], [45, 277.5], [46, 282.0], [47, 290.5], [48, 295.0], [49, 299.0], [50, 307.5], [51, 313.5], [52, 323.25], [53, 329.25], [54, 336.0], [55, 349.5], [56, 356.5], [57, 371.5], [58, 379.0], [59, 386.5], [60, 402.5], [61, 412.5], [62, 435.5], [63, 447.0], [64, 457.5], [84, 3062.5], [86, 2876.5], [87, 2878.0], [90, 3054.5], [91, 3058.0], [92, 3060.0], [93, 3065.5], [94, 3071.0], [95, 3080.5], [96, 3088.5], [98, 3325.0], [99, 3334.5], [102, 3369.5], [104, 3412.0], [105, 3438.5], [106, 3448.5], [108, 3503.0], [110, 3560.0], [111, 3583.0], [112, 3601.0], [113, 2738.0], [114, 2691.0], [115, 2624.5], [116, 2510.0], [117, 2454.5], [119, 2215.5], [120, 2227.5], [121, 2268.0], [122, 2288.5], [123, 2310.0], [124, 2355.5], [125, 2379.5], [126, 2427.5], [127, 2454.5], [128, 2483.0], [129, 2539.0], [130, 4601.5], [131, 4595.0], [132, 4786.0], [133, 4857.0], [134, 4926.0], [135, 4997.5], [136, 5152.0], [137, 5226.5], [138, 5305.5], [139, 4858.0], [142, 4822.0], [143, 4807.5], [145, 3810.5], [146, 3769.0], [147, 3726.5], [151, 8019.0], [152, 8263.0], [154, 5116.0], [155, 5113.5], [165, 70.0], [170, 108.25], [171, 110.25], [172, 112.75], [173, 118.25], [174, 120.5], [175, 124.75], [176, 125.75], [177, 125.25], [178, 124.5], [179, 124.75], [180, 123.25], [-175, 68.75], [-170, 71.75], [-166, 1020.0], [-165, 1015.5], [-164, 1005.5], [-163, 1002.5], [-162, 998.0], [-161, 994.5], [-154, 7679.5], [-151, 4330.5], [-149, 4345.0], [-147, 6527.5], [-146, 6365.5], [-145, 6273.5], [-143, 6001.0], [-142, 5934.0], [-141, 5587.0], [-140, 5506.5], [-139, 5445.0], [-138, 1236.0], [-137, 1205.0], [-136, 1193.5], [-135, 1184.0], [-134, 1157.5], [-133, 1144.5], [-132, 1127.5], [-131, 1134.0], [-130, 1150.5], [-129, 1189.5], [-128, 1208.0], [-127, 1228.5], [-126, 1277.0], [-125, 1302.0], [-123, 5088.0], [-122, 5058.0], [-121, 5027.5], [-120, 4950.0], [-119, 4899.0], [-108, 4688.5], [-107, 4671.0], [-106, 4665.5], [-105, 4653.25], [-104, 4641.25], [-103, 4609.0], [-102, 4609.0], [-101, 4593.0], [-100, 4581.0], [-99, 4571.5], [-98, 4549.5], [-96, 3946.0], [-95, 3968.0], [-94, 3985.0], [-77, 488.5], [-76, 458.0], [-74, 416.5], [-73, 407.5], [-72, 385.5], [-71, 376.5], [-70, 369.5], [-69, 352.0], [-68, 344.0], [-67, 328.5], [-66, 322.5], [-65, 315.5], [-64, 302.5], [-63, 298.0], [-62, 289.5], [-61, 284.0], [-60, 275.0], [-59, 271.5], [-58, 268.0], [-57, 259.5], [-56, 255.0], [-55, 248.0], [-54, 245.0], [-53, 242.5], [-52, 235.5], [-51, 234.0], [-50, 227.0], [-49, 224.0], [-48, 222.5], [-47, 218.0], [-46, 214.5], [-45, 211.0], [-44, 207.5], [-43, 205.5], [-42, 203.0], [-41, 201.0], [-40, 200.0], [-39, 198.0], [-38, 196.5], [-37, 194.0], [-36, 192.5], [-35, 190.5], [-34, 189.0], [-33, 187.0], [-32, 185.5], [-31, 185.5], [-30, 182.5], [-29, 181.5], [-28, 179.5], [-27, 178.5], [-26, 178.0], [-25, 176.0], [-24, 175.5], [-23, 174.5], [-22, 173.5], [-21, 172.5], [-20, 172.5], [-19, 171.0], [-18, 171.5], [-17, 171.5], [-16, 170.5], [-15, 170.5], [-14, 170.0], [-13, 168.5], [-12, 168.5], [-11, 169.0], [-10, 169.5], [-9, 169.5], [-8, 169.5], [-7, 168.5], [-6, 168.0], [-5, 169.5], [-4, 168.5], [-3, 168.5]]}