{"heading": 52.8, "target": 57.776302255417576, "gap_dist": 582.3005515401217, "gap_info": [{"width": 582.3005515401217, "center_angle": 57.776302255417576, "edge_a": [17, 454.5], "edge_b": [96, 479.75], "depth": 479.75, "passable": true, "chosen": true}, {"width": 428.7959645606344, "center_angle": 127.77188984444437, "edge_a": [119, 498.0], "edge_b": [170, 113.0], "depth": 498.0, "passable": true, "chosen": false}], "scan": [[-3, 270.75], [-2, 279.25], [-1, 283.5], [0, 289.75], [1, 294.5], [2, 300.25], [3, 309.75], [4, 314.75], [5, 325.5], [6, 332.0], [7, 338.5], [8, 350.5], [9, 357.5], [10, 373.25], [11, 380.75], [12, 389.25], [13, 405.75], [14, 414.25], [15, 433.0], [16, 443.0], [17, 454.5], [38, 3144.75], [40, 2957.75], [42, 3126.0], [43, 3131.5], [44, 3133.0], [45, 3135.75], [46, 3142.25], [47, 3145.5], [48, 3148.75], [50, 3167.5], [53, 3407.75], [54, 3431.0], [55, 3439.75], [56, 1043.0], [58, 997.0], [59, 997.75], [60, 997.25], [61, 1012.5], [62, 1027.25], [63, 1048.75], [64, 1075.0], [65, 1086.75], [67, 1059.0], [69, 2682.5], [70, 2566.0], [71, 2510.0], [73, 933.25], [74, 890.75], [75, 892.25], [76, 896.0], [77, 904.5], [78, 949.75], [79, 2477.75], [80, 2503.5], [81, 2529.25], [82, 2556.25], [84, 1407.25], [85, 4649.5], [86, 4630.75], [87, 4874.0], [88, 4940.0], [89, 5079.5], [90, 5146.25], [91, 5218.25], [92, 5384.75], [93, 5470.0], [96, 479.75], [97, 477.0], [98, 472.75], [99, 470.25], [100, 470.25], [101, 471.25], [102, 471.25], [103, 470.75], [104, 473.0], [105, 469.75], [106, 470.0], [107, 471.75], [108, 472.25], [109, 474.75], [110, 480.25], [111, 482.25], [112, 481.5], [113, 483.0], [114, 487.5], [115, 483.5], [116, 494.5], [117, 498.75], [118, 501.0], [119, 498.0], [120, 504.0], [121, 507.5], [122, 511.25], [123, 517.25], [124, 519.75], [125, 527.5], [126, 531.5], [127, 535.0], [128, 544.75], [129, 547.5], [130, 558.0], [131, 565.75], [132, 574.5], [133, 581.75], [134, 587.25], [135, 604.0], [136, 607.75], [137, 617.5], [138, 630.25], [139, 644.5], [140, 652.5], [141, 668.25], [142, 678.0], [143, 697.25], [144, 827.5], [145, 842.75], [146, 858.25], [147, 893.25], [148, 910.75], [149, 932.0], [150, 977.75], [151, 1005.0], [154, 1133.5], [155, 1193.75], [159, 3094.25], [160, 3087.75], [165, 71.75], [168, 59.5], [170, 113.0], [171, 112.0], [172, 112.25], [173, 121.0], [174, 122.75], [175, 124.25], [176, 126.75], [177, 126.75], [178, 124.75], [179, 125.0], [180, 125.5], [-174, 66.25], [-171, 82.0], [-168, 72.5], [-167, 461.0], [-166, 456.25], [-165, 449.5], [-164, 447.5], [-163, 443.5], [-162, 443.0], [-161, 441.0], [-160, 435.25], [-159, 433.25], [-158, 428.75], [-157, 426.25], [-156, 426.25], [-155, 422.75], [-154, 421.75], [-153, 420.0], [-152, 419.5], [-151, 417.75], [-150, 415.25], [-149, 414.5], [-148, 413.25], [-147, 412.5], [-146, 410.5], [-145, 410.75], [-144, 410.25], [-143, 409.25], [-142, 410.0], [-141, 408.0], [-140, 407.0], [-139, 406.5], [-138, 406.25], [-137, 407.5], [-136, 408.25], [-135, 406.75], [-134, 408.0], [-133, 408.25], [-132, 408.75], [-131, 411.25], [-130, 411.25], [-129, 412.75], [-128, 412.25], [-127, 412.0], [-126, 415.5], [-125, 417.75], [-124, 420.5], [-123, 422.0], [-122, 424.25], [-121, 427.5], [-120, 427.0], [-119, 429.25], [-118, 434.0], [-117, 435.5], [-116, 445.25], [-115, 445.25], [-114, 439.0], [-113, 411.75], [-112, 401.25], [-111, 391.0], [-110, 373.25], [-109, 363.75], [-108, 349.0], [-107, 341.0], [-106, 328.5], [-105, 321.75], [-104, 316.75], [-103, 307.5], [-102, 302.25], [-101, 292.25], [-100, 287.75], [-99, 279.5], [-98, 275.0], [-97, 271.25], [-96, 264.5], [-95, 260.25], [-94, 253.75], [-93, 251.25], [-92, 248.0], [-91, 242.25], [-90, 240.0], [-89, 235.25], [-88, 231.5], [-87, 228.25], [-86, 224.75], [-85, 223.5], [-84, 218.5], [-83, 216.75], [-82, 213.25], [-81, 212.0], [-80, 211.0], [-79, 208.0], [-78, 206.75], [-77, 204.75], [-76, 203.5], [-75, 202.25], [-74, 200.75], [-73, 200.0], [-72, 195.75], [-71, 195.25], [-70, 193.75], [-69, 193.0], [-68, 192.5], [-67, 191.0], [-66, 190.25], [-65, 187.75], [-64, 186.75], [-63, 186.5], [-62, 185.25], [-61, 184.25], [-60, 183.75], [-59, 184.0], [-58, 182.0], [-57, 182.25], [-56, 183.0], [-55, 182.5], [-54, 182.5], [-53, 181.75], [-52, 182.25], [-51, 182.5], [-50, 182.25], [-49, 181.5], [-48, 181.5], [-47, 182.0], [-46, 182.5], [-45, 182.5], [-44, 183.0], [-43, 183.0], [-42, 184.0], [-41, 184.0], [-40, 185.5], [-39, 186.0], [-38, 186.75], [-37, 187.25], [-36, 187.5], [-35, 190.5], [-34, 190.25], [-33, 192.75], [-32, 192.75], [-31, 194.25], [-30, 195.25], [-29, 196.5], [-28, 198.0], [-27, 198.75], [-26, 201.5], [-25, 202.75], [-24, 204.0], [-23, 205.75], [-22, 207.25], [-21, 209.5], [-20, 210.5], [-19, 212.5], [-18, 216.25], [-17, 218.75], [-16, 222.5], [-15, 223.75], [-14, 227.0], [-13, 229.5], [-12, 232.25], [-11, 237.5], [-10, 240.5], [-9, 245.75], [-8, 249.0], [-7, 255.5], [-6, 257.75], [-5, 260.25], [-4, 268.0]]}