{"heading": 28.7, "target": 94.75182205379593, "gap_dist": 458.1476722619097, "gap_info": [{"width": 203.41961148749206, "center_angle": -29.298478841849782, "edge_a": [-53, 252.5], "edge_b": [-7, 267.5], "depth": 267.5, "passable": false, "chosen": false}, {"width": 101.95084041439374, "center_angle": 47.72214083218922, "edge_a": [44, 157.5], "edge_b": [50, 257.25], "depth": 257.25, "passable": false, "chosen": false}, {"width": 458.1476722619097, "center_angle": 94.75182205379593, "edge_a": [50, 257.25], "edge_b": [116, 499.75], "depth": 499.75, "passable": true, "chosen": true}, {"width": 321.7839053045779, "center_angle": 152.09460221266053, "edge_a": [147, 427.5], "edge_b": [172, 111.5], "depth": 427.5, "passable": true, "chosen": false}], "scan": [[-2, 224.25], [-1, 219.5], [0, 215.75], [1, 205.75], [2, 201.75], [3, 194.25], [4, 191.0], [5, 183.75], [6, 181.25], [7, 175.75], [8, 173.75], [9, 171.5], [10, 165.0], [11, 162.75], [12, 161.0], [13, 157.75], [14, 154.5], [15, 151.0], [16, 149.5], [17, 148.25], [18, 145.5], [19, 144.5], [20, 141.75], [21, 141.0], [22, 139.5], [23, 136.5], [24, 136.0], [25, 135.0], [26, 134.25], [27, 133.75], [28, 132.25], [29, 128.75], [30, 127.25], [31, 126.5], [32, 126.0], [33, 124.75], [34, 124.25], [35, 126.75], [36, 125.0], [37, 125.5], [38, 126.25], [39, 126.0], [40, 127.5], [41, 129.0], [42, 134.0], [44, 157.5], [50, 257.25], [55, 3774.75], [56, 3806.25], [60, 3077.0], [62, 2816.25], [63, 2741.0], [64, 2599.5], [65, 2532.5], [66, 2409.75], [67, 2353.75], [68, 2246.0], [69, 2196.5], [70, 2149.5], [71, 2060.5], [72, 2019.75], [73, 1980.75], [74, 1908.0], [75, 1874.5], [76, 1813.5], [77, 1783.75], [78, 1725.75], [79, 1699.75], [80, 1674.0], [81, 1627.5], [82, 1605.25], [83, 1565.25], [84, 1547.0], [85, 1511.0], [86, 1492.5], [87, 1475.75], [88, 1447.25], [89, 1432.75], [90, 1405.5], [91, 1394.25], [92, 1381.5], [93, 1355.0], [94, 1343.5], [95, 1323.0], [96, 1312.0], [97, 1292.75], [98, 1283.5], [99, 1274.5], [100, 1255.0], [101, 1246.25], [102, 1239.0], [103, 1223.25], [104, 1215.5], [105, 1202.5], [106, 1197.0], [107, 1193.0], [108, 1182.75], [109, 1177.5], [110, 1168.0], [111, 1163.5], [113, 515.5], [114, 510.0], [115, 501.0], [116, 499.75], [117, 496.25], [118, 488.5], [119, 484.5], [120, 477.5], [121, 472.0], [122, 469.0], [123, 466.25], [124, 460.5], [125, 459.25], [126, 452.75], [127, 450.5], [128, 448.5], [129, 444.0], [130, 442.75], [131, 440.5], [132, 439.0], [133, 435.75], [134, 434.75], [135, 433.75], [136, 431.5], [137, 430.75], [138, 430.75], [139, 429.5], [140, 429.25], [141, 428.5], [142, 429.0], [143, 426.75], [144, 426.25], [145, 424.0], [146, 425.0], [147, 427.5], [149, 1180.25], [150, 1192.25], [151, 1195.75], [152, 1207.25], [153, 1213.75], [154, 1220.5], [155, 1235.0], [156, 1242.25], [157, 1258.75], [158, 1266.75], [159, 1285.5], [160, 1294.25], [161, 1302.5], [165, 69.75], [166, 69.75], [172, 111.5], [173, 120.5], [174, 123.25], [175, 125.25], [176, 127.75], [177, 126.75], [178, 125.25], [179, 124.75], [180, 124.25], [-175, 69.5], [-171, 76.75], [-170, 76.0], [-168, 72.75], [-167, 73.0], [-165, 2680.5], [-164, 2838.0], [-162, 3129.25], [-159, 3543.25], [-157, 3330.75], [-155, 3464.75], [-154, 3451.75], [-153, 3441.75], [-152, 3422.75], [-151, 3412.5], [-150, 3396.0], [-149, 3387.0], [-148, 3377.75], [-146, 3588.5], [-145, 3573.25], [-144, 3570.25], [-143, 3562.75], [-142, 3561.25], [-141, 3561.25], [-140, 3563.0], [-139, 3565.5], [-137, 3562.0], [-136, 3574.25], [-135, 2754.75], [-133, 2181.25], [-131, 2186.25], [-130, 2197.75], [-129, 2203.0], [-128, 2208.5], [-126, 1204.5], [-125, 1210.75], [-124, 1204.25], [-123, 1220.0], [-121, 2287.5], [-120, 2311.0], [-119, 1452.0], [-118, 1449.0], [-117, 1445.5], [-116, 1426.5], [-115, 1412.0], [-114, 1403.25], [-113, 1404.5], [-112, 1410.25], [-111, 4135.0], [-110, 4166.0], [-109, 4198.0], [-108, 4267.75], [-107, 4243.25], [-106, 378.0], [-105, 367.75], [-104, 363.0], [-103, 358.0], [-102, 346.5], [-101, 341.5], [-100, 332.75], [-99, 329.5], [-98, 324.75], [-97, 315.25], [-96, 312.0], [-95, 304.5], [-94, 302.25], [-93, 299.25], [-92, 294.0], [-91, 291.75], [-90, 287.25], [-89, 283.5], [-88, 278.5], [-87, 277.0], [-86, 275.5], [-85, 271.25], [-84, 269.25], [-83, 266.0], [-82, 265.0], [-81, 263.5], [-80, 259.0], [-79, 258.75], [-78, 254.75], [-77, 253.25], [-76, 252.5], [-75, 248.25], [-74, 247.5], [-73, 244.75], [-72, 244.25], [-71, 243.25], [-70, 241.75], [-69, 240.5], [-68, 238.5], [-67, 237.75], [-66, 236.75], [-65, 235.5], [-64, 234.75], [-63, 234.5], [-62, 234.5], [-61, 234.0], [-60, 232.75], [-59, 233.0], [-58, 233.0], [-57, 233.75], [-56, 233.75], [-55, 234.75], [-53, 252.5], [-41, 5640.25], [-34, 7654.75], [-31, 2769.25], [-29, 6022.5], [-26, 8887.0], [-22, 4654.25], [-21, 4698.0], [-17, 6724.75], [-16, 6594.75], [-15, 6471.5], [-14, 6367.25], [-12, 6081.5], [-11, 3401.75], [-9, 3432.25], [-7, 267.5], [-6, 260.0], [-5, 247.5], [-4, 242.0]]}