{"heading": -101.5, "target": 26.47899778541645, "gap_dist": 272.9158524160881, "gap_info": [{"width": 165.41000303351774, "center_angle": -169.3736702297985, "edge_a": [-178, 107.0], "edge_b": [-167, 387.5], "depth": 387.5, "passable": false, "chosen": false}, {"width": 121.17514454293075, "center_angle": -88.57523430283679, "edge_a": [-96, 355.5], "edge_b": [-76, 211.0], "depth": 355.5, "passable": false, "chosen": false}, {"width": 272.9158524160881, "center_angle": 26.47899778541645, "edge_a": [18, 433.0], "edge_b": [171, 110.0], "depth": 433.0, "passable": true, "chosen": true}], "scan": [[-2, 272.0], [-1, 274.0], [0, 281.5], [1, 286.5], [2, 291.5], [4, 327.25], [5, 328.5], [6, 321.5], [8, 348.25], [9, 361.5], [10, 369.5], [11, 368.5], [12, 369.5], [13, 377.5], [14, 384.25], [15, 409.0], [16, 414.25], [17, 426.0], [18, 433.0], [23, 2599.5], [25, 793.5], [26, 784.0], [27, 782.0], [28, 773.5], [29, 770.0], [30, 764.0], [31, 759.5], [32, 753.5], [33, 751.5], [34, 746.5], [35, 745.0], [36, 744.0], [37, 739.0], [38, 738.0], [39, 735.0], [40, 733.5], [41, 729.0], [42, 728.0], [43, 726.0], [44, 724.0], [45, 724.0], [46, 725.5], [47, 738.0], [49, 14738.0], [50, 14718.0], [51, 14718.5], [53, 8763.5], [54, 8814.5], [55, 7366.5], [56, 7394.5], [57, 7414.0], [59, 6885.5], [60, 6898.5], [62, 6917.0], [63, 6858.5], [74, 3434.0], [75, 3333.0], [76, 3148.5], [77, 3061.5], [78, 2904.0], [79, 2831.5], [80, 2763.5], [81, 2637.0], [82, 2602.5], [83, 2602.0], [85, 628.5], [86, 626.75], [87, 626.75], [88, 628.75], [89, 632.0], [90, 632.0], [91, 633.0], [92, 635.5], [93, 637.0], [94, 639.5], [95, 641.0], [96, 644.75], [97, 647.0], [98, 651.25], [99, 653.0], [100, 658.25], [101, 660.0], [102, 664.0], [103, 670.0], [104, 671.5], [105, 675.5], [106, 682.0], [107, 684.5], [108, 695.5], [109, 698.5], [110, 699.75], [112, 1459.5], [113, 1447.5], [114, 1438.5], [115, 1422.75], [116, 1411.0], [119, 895.5], [120, 895.0], [121, 896.0], [122, 902.0], [123, 905.0], [124, 907.5], [125, 913.0], [126, 916.5], [127, 927.0], [128, 931.5], [129, 941.5], [130, 946.5], [131, 952.0], [132, 963.5], [133, 969.0], [134, 981.5], [135, 989.5], [136, 998.0], [137, 1015.5], [138, 1028.0], [139, 1033.0], [140, 1050.5], [141, 1058.0], [142, 1063.5], [143, 1077.0], [144, 1090.5], [145, 1097.0], [147, 1266.0], [148, 1267.5], [150, 998.5], [151, 975.5], [152, 974.5], [153, 972.0], [154, 988.0], [156, 1144.5], [157, 1160.0], [158, 1145.25], [159, 1139.75], [160, 1139.5], [165, 71.0], [168, 60.0], [171, 110.0], [172, 110.75], [173, 120.0], [174, 122.75], [175, 124.75], [176, 126.75], [177, 123.75], [178, 124.25], [179, 125.0], [180, 124.75], [-178, 107.0], [-173, 61.5], [-171, 76.75], [-170, 81.0], [-167, 387.5], [-166, 386.5], [-165, 385.5], [-164, 384.5], [-163, 385.0], [-162, 383.5], [-161, 382.5], [-160, 379.0], [-159, 378.5], [-158, 375.0], [-157, 375.0], [-156, 375.5], [-155, 373.5], [-154, 372.5], [-153, 373.5], [-152, 373.5], [-151, 372.5], [-150, 372.0], [-149, 373.0], [-148, 372.0], [-147, 373.5], [-146, 375.0], [-145, 377.5], [-144, 378.5], [-143, 380.0], [-142, 366.0], [-141, 341.0], [-140, 331.5], [-138, 314.0], [-137, 297.5], [-136, 283.0], [-135, 276.5], [-134, 272.5], [-133, 261.5], [-132, 252.0], [-131, 246.0], [-130, 241.5], [-129, 233.0], [-128, 230.0], [-127, 226.5], [-126, 219.5], [-125, 216.0], [-124, 209.0], [-123, 205.0], [-122, 200.5], [-121, 197.5], [-120, 195.0], [-119, 194.0], [-118, 192.5], [-117, 190.0], [-116, 193.25], [-115, 192.75], [-114, 196.5], [-113, 199.5], [-112, 203.5], [-111, 212.5], [-110, 214.5], [-109, 225.5], [-107, 237.0], [-106, 244.0], [-105, 249.5], [-104, 261.5], [-103, 267.5], [-102, 281.0], [-101, 288.5], [-100, 297.0], [-99, 310.5], [-98, 319.0], [-96, 355.5], [-85, 3998.5], [-83, 3257.5], [-78, 5635.0], [-76, 211.0], [-75, 212.0], [-74, 208.5], [-73, 208.0], [-72, 208.0], [-71, 204.0], [-70, 203.0], [-69, 200.75], [-68, 200.0], [-67, 199.0], [-66, 198.0], [-65, 196.0], [-64, 195.0], [-63, 194.5], [-62, 193.0], [-61, 192.5], [-60, 192.0], [-59, 191.0], [-58, 191.5], [-57, 189.5], [-56, 188.0], [-55, 188.5], [-54, 188.5], [-53, 187.5], [-52, 186.5], [-51, 186.5], [-50, 187.5], [-49, 187.0], [-48, 187.0], [-47, 186.0], [-46, 186.5], [-45, 186.5], [-44, 186.5], [-43, 187.5], [-42, 185.5], [-41, 188.5], [-40, 189.5], [-39, 188.5], [-38, 189.5], [-37, 190.5], [-36, 191.5], [-35, 191.0], [-34, 193.0], [-33, 193.0], [-32, 194.0], [-31, 194.0], [-30, 195.0], [-29, 197.5], [-28, 199.25], [-27, 200.75], [-26, 201.25], [-25, 203.5], [-24, 204.5], [-23, 204.0], [-22, 206.0], [-21, 208.0], [-20, 209.0], [-19, 213.5], [-18, 213.5], [-17, 215.0], [-16, 218.0], [-15, 223.75], [-14, 226.75], [-13, 228.5], [-12, 234.0], [-11, 234.0], [-10, 237.25], [-9, 241.25], [-8, 243.0], [-7, 247.5], [-6, 248.5], [-5, 254.5], [-4, 258.0]]}