{"heading": -35.5, "target": 12.288428576859491, "gap_dist": 261.13906738707925, "gap_info": [{"width": 142.0777270052578, "center_angle": -95.61830553352321, "edge_a": [-96, 395.25], "edge_b": [-95, 244.0], "depth": 395.25, "passable": false, "chosen": false}, {"width": 261.13906738707925, "center_angle": 12.288428576859491, "edge_a": [6, 381.75], "edge_b": [170, 110.25], "depth": 381.75, "passable": true, "chosen": true}, {"width": 11.244419215651867, "center_angle": 171.5619706562324, "edge_a": [170, 110.25], "edge_b": [173, 119.75], "depth": 119.75, "passable": false, "chosen": false}], "scan": [[-4, 310.5], [-3, 322.25], [-2, 309.25], [0, 321.5], [1, 343.0], [2, 349.5], [3, 368.0], [5, 375.25], [6, 381.75], [8, 1942.75], [9, 1970.5], [10, 1994.5], [11, 2048.0], [12, 2074.0], [13, 2101.5], [14, 2157.0], [16, 4440.5], [17, 4508.5], [18, 4582.5], [19, 4724.0], [20, 4805.0], [21, 4981.5], [22, 5074.0], [23, 5153.5], [24, 5334.75], [25, 5344.5], [26, 5720.5], [27, 5847.0], [28, 5967.5], [29, 6236.25], [30, 3461.5], [31, 3429.25], [32, 3382.5], [36, 8216.75], [45, 7839.5], [53, 815.0], [54, 810.0], [55, 802.5], [56, 800.5], [57, 797.5], [58, 789.25], [59, 787.25], [60, 785.0], [61, 783.5], [62, 782.0], [63, 782.0], [64, 781.75], [65, 777.25], [66, 777.0], [67, 776.75], [68, 775.5], [69, 774.75], [70, 775.5], [71, 778.25], [72, 778.0], [73, 778.0], [74, 778.75], [75, 779.0], [76, 781.75], [77, 784.25], [78, 783.0], [79, 785.5], [80, 788.25], [81, 791.0], [82, 790.5], [83, 793.25], [84, 794.5], [85, 800.0], [86, 803.25], [87, 803.0], [88, 811.75], [90, 996.0], [91, 988.25], [92, 977.25], [93, 987.75], [94, 1004.75], [95, 1022.75], [96, 1061.0], [97, 1081.0], [98, 1124.75], [99, 1146.25], [100, 1171.75], [101, 1225.75], [102, 1256.75], [103, 1331.0], [104, 1354.25], [105, 1386.0], [106, 1846.5], [107, 1837.5], [108, 1822.5], [109, 1824.5], [110, 1822.5], [111, 1817.5], [112, 1833.5], [113, 5633.5], [114, 5631.5], [115, 1565.0], [116, 1543.0], [117, 1528.25], [118, 1521.0], [120, 827.0], [121, 825.75], [122, 822.75], [123, 821.5], [124, 820.75], [125, 819.75], [126, 819.0], [127, 815.75], [128, 815.5], [129, 816.25], [130, 818.5], [131, 819.75], [132, 822.0], [133, 824.25], [134, 825.75], [135, 827.0], [136, 828.25], [137, 829.5], [138, 832.75], [139, 837.5], [140, 840.75], [142, 4984.0], [143, 4977.5], [144, 4971.25], [145, 4963.5], [146, 4966.75], [147, 4980.0], [148, 4943.75], [150, 4339.75], [151, 4366.75], [165, 69.0], [166, 67.5], [168, 60.5], [170, 110.25], [173, 119.75], [174, 122.75], [175, 124.25], [176, 126.5], [177, 125.0], [178, 124.25], [179, 124.25], [180, 124.0], [-175, 67.75], [-173, 60.5], [-170, 78.0], [-167, 483.0], [-166, 475.5], [-165, 470.0], [-164, 461.75], [-163, 456.5], [-162, 449.0], [-161, 443.5], [-160, 439.0], [-159, 430.5], [-158, 425.75], [-157, 419.25], [-156, 416.0], [-155, 413.75], [-154, 409.75], [-153, 407.75], [-152, 402.0], [-151, 399.25], [-150, 397.0], [-149, 392.75], [-148, 390.5], [-147, 386.0], [-146, 384.25], [-145, 382.25], [-144, 379.0], [-143, 377.75], [-142, 374.75], [-141, 373.25], [-140, 371.75], [-139, 369.5], [-138, 368.25], [-137, 365.5], [-136, 364.5], [-135, 363.5], [-134, 361.5], [-133, 361.25], [-132, 358.5], [-131, 358.5], [-130, 358.0], [-129, 357.5], [-128, 356.25], [-127, 355.25], [-126, 355.25], [-125, 355.75], [-124, 355.75], [-123, 355.0], [-122, 355.0], [-121, 355.5], [-120, 355.25], [-119, 355.25], [-118, 355.75], [-117, 357.0], [-116, 357.25], [-115, 358.5], [-114, 360.75], [-113, 361.75], [-112, 364.25], [-111, 364.75], [-110, 365.75], [-109, 369.25], [-108, 369.5], [-107, 372.5], [-106, 373.75], [-105, 377.0], [-104, 378.25], [-103, 379.75], [-102, 382.75], [-101, 384.75], [-100, 389.25], [-99, 391.5], [-98, 394.0], [-97, 398.25], [-96, 395.25], [-95, 244.0], [-94, 242.0], [-93, 236.5], [-92, 234.0], [-91, 227.0], [-90, 225.25], [-89, 224.5], [-88, 220.75], [-87, 218.75], [-86, 215.0], [-85, 212.5], [-84, 210.75], [-83, 208.25], [-82, 206.5], [-81, 205.25], [-80, 203.75], [-79, 201.25], [-78, 199.0], [-77, 197.75], [-76, 197.0], [-75, 195.25], [-74, 194.25], [-73, 193.25], [-72, 192.0], [-71, 190.25], [-70, 190.0], [-69, 189.5], [-68, 187.25], [-67, 186.0], [-66, 184.5], [-65, 184.0], [-64, 184.75], [-63, 183.75], [-62, 183.25], [-61, 183.0], [-60, 183.25], [-59, 183.25], [-58, 182.5], [-57, 181.25], [-56, 181.75], [-55, 182.0], [-54, 182.5], [-53, 182.5], [-52, 182.5], [-51, 182.5], [-50, 183.5], [-49, 183.25], [-48, 183.5], [-47, 184.5], [-46, 184.5], [-45, 187.25], [-44, 185.25], [-43, 186.25], [-42, 186.0], [-41, 186.5], [-40, 188.5], [-39, 189.5], [-38, 191.25], [-37, 191.25], [-36, 192.75], [-35, 193.75], [-34, 194.5], [-33, 197.25], [-32, 198.75], [-31, 201.25], [-30, 202.5], [-29, 203.75], [-28, 206.0], [-27, 206.5], [-26, 211.25], [-25, 212.5], [-24, 214.0], [-23, 218.5], [-22, 219.25], [-21, 222.5], [-20, 224.0], [-19, 225.75], [-18, 232.75], [-17, 233.0], [-16, 234.5], [-15, 235.5], [-14, 237.75], [-13, 254.25], [-12, 259.75], [-11, 273.5], [-10, 269.5], [-9, 266.0], [-7, 282.0], [-6, 291.25], [-5, 298.5]]}