{"heading": 17.2, "target": 37.416891252187135, "gap_dist": 441.9836690964494, "gap_info": [{"width": 67.97397908422592, "center_angle": -64.52463098397132, "edge_a": [-74, 197.5], "edge_b": [-54, 178.0], "depth": 197.5, "passable": false, "chosen": false}, {"width": 441.9836690964494, "center_angle": 37.416891252187135, "edge_a": [-3, 341.5], "edge_b": [74, 371.5], "depth": 371.5, "passable": true, "chosen": true}, {"width": 232.56781338646093, "center_angle": 137.6683885538232, "edge_a": [126, 297.5], "edge_b": [171, 109.5], "depth": 297.5, "passable": false, "chosen": false}], "scan": [[0, 4281.5], [1, 4258.0], [2, 4254.5], [3, 4253.0], [4, 4246.0], [5, 4260.0], [6, 4266.0], [7, 4257.5], [8, 4266.5], [9, 4275.0], [10, 4282.0], [11, 4288.0], [12, 4298.5], [13, 4333.5], [14, 4311.5], [15, 4283.0], [17, 3747.0], [18, 3714.0], [19, 3750.5], [28, 2361.5], [29, 2295.0], [30, 2172.0], [31, 2114.0], [32, 2058.5], [33, 2004.5], [34, 1906.0], [35, 1862.0], [36, 1822.5], [37, 1743.0], [38, 1706.0], [39, 1671.5], [40, 1606.5], [41, 1574.0], [42, 1545.0], [43, 1496.5], [44, 1475.0], [45, 1454.0], [46, 1408.5], [47, 1389.0], [48, 1371.5], [49, 1354.0], [50, 1336.5], [51, 1305.0], [52, 1289.5], [53, 1276.0], [54, 1249.0], [55, 1236.5], [56, 1222.5], [57, 1198.5], [58, 1188.0], [59, 1177.0], [60, 1166.0], [61, 1144.5], [62, 1134.5], [63, 1125.5], [64, 1108.5], [65, 1099.0], [66, 1085.0], [67, 1077.5], [68, 1070.0], [69, 1063.0], [70, 1051.0], [71, 1046.0], [72, 1041.5], [73, 1036.5], [74, 371.5], [75, 367.5], [76, 359.5], [77, 356.5], [78, 353.0], [79, 345.5], [80, 343.0], [81, 338.5], [82, 333.5], [83, 331.5], [84, 329.5], [85, 324.0], [86, 320.0], [87, 317.5], [88, 315.0], [89, 314.0], [90, 313.0], [91, 309.5], [92, 307.0], [93, 305.5], [94, 305.0], [95, 303.0], [96, 302.0], [97, 300.0], [98, 297.5], [99, 297.0], [100, 296.5], [101, 295.0], [102, 294.5], [103, 293.0], [104, 292.5], [105, 292.0], [106, 291.0], [107, 290.0], [108, 288.5], [109, 289.0], [110, 288.5], [111, 287.0], [112, 287.5], [113, 287.5], [114, 287.5], [115, 287.5], [116, 288.0], [117, 289.0], [118, 290.5], [119, 291.5], [120, 292.5], [121, 295.0], [122, 296.0], [123, 297.5], [124, 299.0], [125, 300.0], [126, 297.5], [128, 1147.0], [129, 1160.0], [130, 1181.0], [131, 1191.0], [132, 1203.0], [133, 1226.0], [134, 1238.5], [135, 1251.5], [136, 1265.5], [137, 1297.0], [138, 1312.0], [139, 1327.5], [140, 1362.5], [141, 1380.0], [142, 1397.5], [143, 1416.0], [144, 1459.5], [145, 1482.5], [146, 1505.5], [147, 1554.5], [148, 1582.5], [149, 1614.0], [150, 1675.5], [151, 1707.5], [152, 1741.0], [153, 1817.0], [154, 1857.0], [155, 1898.5], [156, 1992.5], [157, 2043.5], [158, 2096.5], [159, 2212.5], [160, 2272.5], [161, 2336.0], [165, 71.25], [171, 109.5], [173, 120.75], [174, 123.5], [175, 126.5], [176, 127.5], [177, 126.25], [178, 125.25], [179, 125.75], [180, 126.75], [-175, 69.75], [-173, 60.75], [-171, 75.0], [-169, 68.75], [-168, 69.25], [-167, 69.25], [-164, 1019.0], [-163, 972.5], [-162, 966.0], [-161, 965.0], [-160, 954.0], [-159, 951.0], [-158, 955.5], [-156, 2309.5], [-155, 2320.5], [-154, 2343.5], [-153, 2355.0], [-152, 2367.0], [-151, 2391.0], [-150, 2411.5], [-149, 4008.0], [-148, 4037.5], [-147, 4065.0], [-146, 4093.5], [-145, 4123.5], [-144, 4186.5], [-143, 4217.5], [-142, 4251.0], [-141, 4327.5], [-140, 4369.0], [-139, 4348.5], [-138, 4476.0], [-137, 4534.5], [-136, 4583.0], [-135, 4680.5], [-134, 4734.5], [-133, 4847.5], [-132, 4905.0], [-130, 5082.0], [-129, 5161.0], [-128, 5233.0], [-127, 362.5], [-126, 356.5], [-125, 341.0], [-124, 335.0], [-123, 328.5], [-122, 318.25], [-121, 312.5], [-120, 307.25], [-119, 298.25], [-118, 294.5], [-117, 289.75], [-116, 282.25], [-115, 279.25], [-114, 275.5], [-113, 270.25], [-112, 267.0], [-111, 262.5], [-110, 256.0], [-109, 253.0], [-108, 250.5], [-107, 245.5], [-106, 242.5], [-105, 239.5], [-104, 236.0], [-103, 233.0], [-102, 230.5], [-101, 228.0], [-100, 224.5], [-99, 222.5], [-98, 219.5], [-97, 218.5], [-96, 216.0], [-95, 212.0], [-94, 211.5], [-93, 210.25], [-92, 208.5], [-91, 208.0], [-90, 207.5], [-89, 205.0], [-88, 203.5], [-87, 202.0], [-86, 201.5], [-85, 201.5], [-84, 201.0], [-83, 198.5], [-82, 198.5], [-81, 197.0], [-80, 197.0], [-79, 197.5], [-78, 196.5], [-77, 196.0], [-76, 196.0], [-75, 197.0], [-74, 197.5], [-68, 7793.5], [-66, 2895.5], [-64, 6151.5], [-63, 6182.5], [-61, 9370.0], [-60, 9156.5], [-54, 178.0], [-53, 174.0], [-52, 171.0], [-51, 171.0], [-50, 172.5], [-49, 174.5], [-48, 175.5], [-47, 176.0], [-46, 177.0], [-45, 178.5], [-44, 179.0], [-43, 181.5], [-42, 182.0], [-41, 181.5], [-40, 184.5], [-39, 185.5], [-38, 186.0], [-37, 189.5], [-36, 190.5], [-35, 191.0], [-34, 193.5], [-33, 194.0], [-32, 195.0], [-31, 198.5], [-30, 200.0], [-29, 202.0], [-28, 205.5], [-27, 207.0], [-26, 210.0], [-25, 214.5], [-24, 218.5], [-23, 221.0], [-22, 226.0], [-21, 228.5], [-20, 231.5], [-19, 238.0], [-18, 241.5], [-17, 244.0], [-16, 251.5], [-15, 256.5], [-14, 260.0], [-13, 268.5], [-12, 272.5], [-11, 277.0], [-10, 287.0], [-9, 292.5], [-8, 297.0], [-7, 305.5], [-6, 312.5], [-5, 327.0], [-4, 335.0], [-3, 341.5]]}