{"heading": 34.2, "target": 49.57739433900397, "gap_dist": 533.1623776273278, "gap_info": [{"width": 247.18138210754262, "center_angle": -134.62063602807032, "edge_a": [-150, 463.75], "edge_b": [-120, 487.25], "depth": 487.25, "passable": false, "chosen": false}, {"width": 21.999592854924938, "center_angle": -3.456981798441788, "edge_a": [-5, 275.25], "edge_b": [-2, 291.5], "depth": 291.5, "passable": false, "chosen": false}, {"width": 533.1623776273278, "center_angle": 49.57739433900397, "edge_a": [16, 489.0], "edge_b": [83, 491.0], "depth": 491.0, "passable": true, "chosen": true}, {"width": 391.41903979008646, "center_angle": 119.61119547183428, "edge_a": [108, 429.0], "edge_b": [171, 110.5], "depth": 429.0, "passable": true, "chosen": false}], "scan": [[-2, 291.5], [-1, 295.0], [0, 305.0], [1, 310.5], [2, 322.0], [3, 328.0], [4, 335.0], [5, 346.5], [6, 354.0], [7, 368.0], [8, 376.5], [9, 393.0], [10, 402.5], [11, 409.5], [12, 427.5], [13, 437.5], [14, 448.25], [15, 474.5], [16, 489.0], [17, 523.5], [18, 539.5], [21, 634.5], [24, 777.0], [36, 3831.5], [37, 3642.0], [39, 3813.0], [40, 3815.0], [41, 3817.25], [42, 3823.5], [43, 3825.5], [45, 3836.0], [47, 4073.0], [48, 4082.5], [49, 4091.5], [50, 4107.5], [51, 4110.5], [52, 4127.0], [53, 4163.5], [54, 4178.0], [55, 4206.5], [56, 4223.0], [57, 4258.5], [58, 4277.5], [59, 3437.5], [60, 3398.0], [62, 1022.5], [63, 1016.0], [64, 985.5], [65, 976.0], [66, 962.0], [67, 955.5], [68, 941.0], [69, 934.5], [70, 923.0], [71, 918.75], [72, 914.25], [73, 905.0], [74, 899.5], [75, 891.0], [76, 889.0], [77, 885.5], [78, 879.0], [79, 876.5], [80, 869.0], [81, 866.0], [82, 865.0], [83, 491.0], [84, 487.75], [85, 486.0], [86, 482.5], [87, 475.5], [88, 473.5], [89, 467.5], [90, 465.0], [91, 461.5], [92, 459.0], [93, 456.5], [94, 453.0], [95, 450.5], [96, 448.0], [97, 446.0], [98, 442.0], [99, 440.0], [100, 438.0], [101, 437.0], [102, 434.5], [103, 432.5], [104, 432.0], [105, 431.0], [106, 429.5], [107, 429.5], [108, 429.0], [111, 1022.5], [112, 1040.5], [113, 1045.5], [114, 1053.0], [115, 1062.5], [116, 1069.0], [117, 1091.0], [118, 1094.5], [119, 1109.0], [125, 2949.0], [126, 2941.5], [127, 2944.5], [128, 2910.5], [129, 2874.0], [130, 2900.0], [134, 4958.5], [136, 3460.0], [138, 2394.0], [139, 2391.5], [140, 8385.0], [144, 6768.0], [153, 7953.5], [155, 3838.5], [156, 3878.5], [159, 2911.0], [160, 2902.0], [161, 2912.5], [164, 69.25], [165, 70.75], [166, 65.0], [171, 110.5], [172, 111.25], [173, 119.5], [174, 122.25], [175, 124.75], [176, 126.5], [177, 125.75], [178, 123.75], [179, 124.5], [180, 124.25], [-175, 67.75], [-166, 525.0], [-165, 510.75], [-164, 506.0], [-163, 498.75], [-162, 495.5], [-161, 492.5], [-160, 486.0], [-159, 482.0], [-158, 475.75], [-157, 471.75], [-156, 469.0], [-155, 466.75], [-154, 465.25], [-153, 464.0], [-152, 463.75], [-151, 463.25], [-150, 463.75], [-146, 629.0], [-145, 3809.0], [-144, 3803.0], [-143, 3793.5], [-142, 3776.5], [-141, 3167.5], [-140, 3172.0], [-139, 3175.75], [-138, 3191.25], [-120, 487.25], [-119, 474.25], [-118, 446.5], [-117, 435.0], [-116, 424.25], [-115, 404.25], [-114, 395.0], [-113, 377.25], [-112, 370.5], [-111, 353.5], [-110, 346.5], [-109, 338.75], [-108, 327.5], [-107, 320.75], [-106, 308.5], [-105, 303.0], [-104, 294.25], [-103, 290.0], [-102, 281.75], [-101, 277.25], [-100, 273.0], [-99, 267.25], [-98, 263.5], [-97, 259.5], [-96, 252.5], [-95, 249.25], [-94, 242.75], [-93, 239.75], [-92, 236.75], [-91, 234.0], [-90, 230.75], [-89, 225.75], [-88, 223.5], [-87, 219.5], [-86, 218.25], [-85, 214.0], [-84, 211.5], [-83, 209.5], [-82, 206.25], [-81, 204.75], [-80, 203.25], [-79, 202.25], [-78, 200.75], [-77, 197.75], [-76, 195.75], [-75, 193.75], [-74, 193.25], [-73, 190.5], [-72, 190.25], [-71, 189.5], [-70, 188.0], [-69, 187.25], [-68, 186.25], [-67, 185.25], [-66, 184.75], [-65, 184.75], [-64, 183.25], [-63, 182.25], [-62, 182.25], [-61, 182.0], [-60, 181.75], [-59, 180.0], [-58, 180.0], [-57, 180.0], [-56, 179.25], [-55, 178.75], [-54, 179.5], [-53, 178.5], [-52, 177.75], [-51, 179.25], [-50, 181.5], [-49, 181.5], [-48, 181.5], [-47, 182.0], [-46, 181.5], [-45, 182.0], [-44, 183.25], [-43, 183.5], [-42, 183.5], [-41, 184.25], [-40, 185.0], [-39, 185.0], [-38, 186.75], [-37, 187.0], [-36, 188.0], [-35, 188.25], [-34, 190.0], [-33, 193.0], [-32, 193.25], [-31, 194.75], [-30, 195.5], [-29, 197.5], [-28, 198.75], [-27, 200.0], [-26, 202.5], [-25, 203.0], [-24, 206.25], [-23, 207.75], [-22, 209.25], [-21, 212.5], [-20, 214.25], [-19, 218.5], [-18, 220.25], [-17, 222.75], [-16, 227.75], [-15, 230.0], [-14, 235.75], [-13, 238.0], [-12, 243.5], [-11, 246.5], [-10, 250.0], [-9, 255.25], [-8, 258.5], [-7, 264.5], [-6, 267.0], [-5, 275.25]]}