{"heading": 13.5, "target": 71.04412815285073, "gap_dist": 357.8255196259353, "gap_info": [{"width": 225.03993898144458, "center_angle": -73.5216952248788, "edge_a": [-76, 445.5], "edge_b": [-65, 130.0], "depth": 445.5, "passable": false, "chosen": false}, {"width": 357.8255196259353, "center_angle": 71.04412815285073, "edge_a": [10, 192.25], "edge_b": [109, 273.5], "depth": 273.5, "passable": true, "chosen": true}, {"width": 219.49187958241788, "center_angle": 151.43416028049472, "edge_a": [146, 341.25], "edge_b": [170, 101.5], "depth": 341.25, "passable": false, "chosen": false}], "scan": [[-2, 157.5], [-1, 159.0], [0, 161.0], [1, 163.25], [2, 166.75], [3, 168.75], [4, 173.0], [5, 175.25], [6, 178.25], [7, 185.25], [8, 187.5], [9, 191.75], [10, 192.25], [14, 8690.25], [15, 8615.0], [16, 8454.75], [17, 8414.75], [18, 8434.75], [19, 8451.0], [21, 12052.25], [22, 11050.75], [23, 11070.25], [24, 12140.5], [25, 12152.5], [26, 12188.75], [40, 4253.75], [55, 751.0], [56, 752.25], [57, 758.25], [58, 767.5], [59, 775.5], [60, 780.5], [61, 797.0], [62, 796.5], [63, 814.0], [64, 834.5], [65, 858.25], [66, 2167.5], [69, 7944.0], [76, 1847.5], [80, 957.5], [81, 923.0], [82, 909.0], [83, 887.25], [84, 879.25], [85, 874.25], [86, 874.75], [87, 878.5], [88, 888.75], [93, 6482.5], [95, 4626.25], [100, 6325.75], [103, 6458.75], [106, 6449.75], [107, 6446.0], [108, 6446.5], [109, 273.5], [110, 270.25], [111, 268.25], [112, 266.25], [113, 268.75], [114, 269.0], [115, 269.5], [116, 271.5], [117, 272.0], [118, 273.0], [119, 274.0], [120, 274.0], [121, 275.25], [122, 276.0], [123, 277.5], [124, 278.5], [125, 281.5], [126, 282.25], [127, 285.0], [128, 285.5], [129, 285.75], [130, 290.25], [131, 291.5], [132, 294.0], [133, 295.5], [134, 299.75], [135, 301.25], [136, 304.25], [137, 306.75], [138, 309.25], [139, 313.0], [140, 316.5], [141, 318.25], [142, 325.5], [143, 328.0], [144, 330.75], [145, 338.0], [146, 341.25], [149, 3752.25], [150, 3701.75], [152, 2211.0], [153, 2213.25], [154, 2238.5], [156, 3566.0], [163, 62.75], [165, 71.0], [170, 101.5], [172, 110.0], [173, 119.5], [175, 125.75], [176, 127.25], [177, 126.0], [178, 125.75], [179, 125.5], [180, 125.5], [-171, 79.5], [-170, 77.75], [-166, 84.0], [-165, 84.0], [-158, 6112.75], [-157, 6132.5], [-155, 6133.25], [-154, 6107.0], [-151, 3313.5], [-142, 2701.25], [-141, 2631.25], [-140, 2472.0], [-139, 2338.5], [-138, 2277.0], [-137, 2218.5], [-136, 2111.25], [-135, 2060.75], [-134, 1967.5], [-133, 1926.0], [-132, 1844.5], [-131, 1809.5], [-130, 1798.75], [-129, 1829.5], [-127, 1714.75], [-126, 1686.0], [-125, 1634.25], [-124, 1608.5], [-123, 1585.0], [-122, 1541.75], [-121, 1522.5], [-120, 1481.75], [-119, 1464.5], [-118, 1430.75], [-117, 1414.75], [-116, 1399.25], [-115, 1371.0], [-114, 1356.5], [-113, 1360.0], [-106, 397.5], [-105, 374.0], [-104, 353.75], [-103, 344.5], [-102, 335.25], [-101, 321.25], [-100, 319.75], [-99, 320.75], [-98, 323.25], [-97, 325.5], [-96, 330.25], [-95, 332.25], [-94, 335.25], [-93, 342.25], [-92, 343.75], [-91, 350.25], [-90, 353.75], [-89, 357.0], [-88, 363.0], [-87, 367.5], [-86, 375.75], [-85, 379.0], [-84, 383.25], [-83, 393.75], [-82, 398.5], [-81, 405.5], [-80, 410.25], [-79, 422.0], [-78, 427.5], [-77, 433.5], [-76, 445.5], [-75, 748.0], [-74, 743.0], [-73, 743.25], [-72, 744.0], [-71, 745.25], [-70, 747.0], [-69, 747.75], [-68, 749.0], [-67, 751.0], [-66, 754.0], [-65, 130.0], [-64, 130.25], [-63, 131.5], [-62, 131.25], [-61, 130.75], [-60, 131.0], [-59, 131.5], [-58, 130.25], [-57, 129.5], [-56, 129.0], [-55, 127.75], [-54, 127.0], [-53, 126.75], [-52, 126.0], [-51, 124.5], [-50, 125.0], [-49, 125.5], [-48, 125.25], [-47, 124.75], [-46, 123.25], [-45, 122.25], [-44, 121.75], [-43, 124.75], [-42, 124.75], [-41, 124.25], [-40, 126.25], [-39, 126.5], [-38, 126.75], [-37, 127.0], [-36, 126.5], [-35, 126.25], [-34, 126.75], [-33, 127.0], [-32, 127.0], [-31, 128.75], [-30, 129.25], [-29, 129.75], [-28, 129.5], [-27, 130.75], [-26, 131.5], [-25, 131.25], [-24, 132.0], [-23, 132.5], [-22, 133.0], [-21, 133.25], [-20, 134.75], [-19, 135.75], [-18, 137.25], [-17, 138.75], [-16, 139.25], [-15, 140.5], [-14, 142.0], [-13, 143.25], [-12, 143.25], [-11, 144.75], [-10, 146.0], [-9, 148.5], [-8, 149.5], [-7, 151.0], [-6, 152.25], [-5, 153.5], [-4, 154.75], [-3, 156.25]]}