{"heading": -182.0, "target": -126.22671977640985, "gap_dist": 311.9828783125626, "gap_info": [{"width": 311.9828783125626, "center_angle": -126.22671977640985, "edge_a": [-147, 440.5], "edge_b": [-108, 499.5], "depth": 499.5, "passable": true, "chosen": true}, {"width": 510.82726775648473, "center_angle": -37.24778187377768, "edge_a": [-72, 459.0], "edge_b": [14, 335.5], "depth": 459.0, "passable": true, "chosen": false}, {"width": 82.98936634124502, "center_angle": 66.2025314551874, "edge_a": [64, 348.5], "edge_b": [68, 427.0], "depth": 427.0, "passable": false, "chosen": false}, {"width": 463.07144912414554, "center_angle": 82.54143434806377, "edge_a": [68, 427.0], "edge_b": [171, 107.25], "depth": 427.0, "passable": true, "chosen": false}], "scan": [[-2, 1930.0], [-1, 1899.0], [0, 1840.0], [1, 1811.0], [2, 1784.5], [3, 1732.5], [4, 1708.5], [5, 1663.5], [6, 1643.5], [7, 1624.0], [8, 1507.5], [9, 1489.0], [10, 1472.5], [11, 1441.0], [12, 1425.5], [13, 1411.0], [14, 335.5], [16, 308.5], [17, 300.5], [18, 293.0], [19, 276.5], [20, 265.5], [22, 252.5], [23, 241.5], [24, 237.0], [25, 226.0], [26, 221.5], [27, 218.0], [28, 214.5], [29, 199.5], [30, 195.5], [31, 189.0], [32, 186.5], [33, 183.5], [34, 176.5], [35, 174.5], [36, 168.5], [37, 168.0], [38, 166.5], [39, 170.5], [40, 168.5], [41, 165.5], [42, 168.0], [43, 170.5], [44, 173.0], [45, 179.0], [47, 188.0], [48, 191.5], [49, 195.0], [50, 200.5], [51, 205.0], [53, 220.0], [54, 224.0], [56, 242.5], [57, 255.0], [58, 260.5], [59, 266.5], [61, 294.0], [62, 314.0], [64, 348.5], [68, 427.0], [69, 750.0], [70, 757.5], [71, 780.5], [72, 793.0], [73, 804.5], [74, 839.5], [75, 856.0], [76, 892.5], [77, 912.0], [78, 968.0], [80, 1026.0], [82, 1088.0], [83, 1302.0], [84, 1315.5], [85, 1338.0], [87, 1071.5], [88, 1057.5], [89, 1044.5], [90, 1039.5], [91, 1037.0], [92, 1045.5], [94, 1246.5], [95, 1536.0], [96, 1555.5], [97, 1597.0], [98, 1620.5], [99, 1660.0], [102, 1413.5], [103, 1417.0], [104, 1418.5], [105, 1426.0], [106, 1433.5], [107, 1441.0], [108, 1448.0], [109, 1458.5], [110, 1465.5], [111, 1472.0], [112, 1484.0], [113, 1492.0], [114, 1499.5], [115, 1513.0], [116, 1520.0], [117, 1537.5], [118, 1546.0], [119, 1568.5], [120, 3225.5], [123, 3347.0], [124, 3301.0], [125, 3264.0], [126, 3260.0], [127, 3268.0], [128, 3312.5], [132, 828.0], [133, 823.5], [134, 825.5], [135, 830.0], [136, 832.5], [137, 835.0], [138, 844.0], [139, 848.0], [140, 856.5], [141, 860.5], [142, 864.0], [143, 874.0], [144, 876.5], [145, 885.5], [146, 878.5], [147, 854.5], [148, 842.5], [149, 819.5], [150, 810.5], [151, 793.5], [152, 782.5], [153, 773.75], [154, 763.5], [155, 755.0], [156, 742.0], [157, 739.0], [158, 745.0], [159, 768.0], [160, 779.5], [161, 794.0], [163, 61.75], [165, 70.0], [166, 66.75], [171, 107.25], [173, 121.0], [174, 124.25], [175, 125.25], [176, 125.5], [177, 123.75], [178, 123.5], [179, 124.25], [180, 123.75], [-175, 70.75], [-173, 60.75], [-171, 78.25], [-170, 77.75], [-168, 76.25], [-167, 77.75], [-165, 482.0], [-164, 484.0], [-163, 487.0], [-162, 483.5], [-161, 477.5], [-160, 472.5], [-159, 466.5], [-158, 460.0], [-157, 453.0], [-156, 454.5], [-155, 453.5], [-154, 452.5], [-153, 451.0], [-152, 444.0], [-151, 443.5], [-150, 440.5], [-149, 439.5], [-148, 438.0], [-147, 440.5], [-143, 2813.5], [-142, 6279.0], [-141, 6269.0], [-138, 1553.5], [-137, 6198.5], [-133, 6227.0], [-131, 6297.5], [-130, 6289.0], [-129, 6295.5], [-128, 6310.5], [-125, 6328.0], [-124, 6338.5], [-123, 6357.5], [-122, 6370.0], [-121, 6381.0], [-120, 6388.5], [-119, 6399.5], [-118, 6448.0], [-117, 6389.0], [-113, 6439.5], [-110, 552.5], [-108, 499.5], [-107, 471.0], [-105, 431.0], [-104, 421.0], [-103, 403.0], [-102, 395.5], [-101, 386.5], [-100, 370.5], [-99, 362.5], [-98, 348.5], [-97, 343.5], [-96, 337.5], [-95, 325.0], [-94, 320.5], [-93, 308.0], [-92, 309.0], [-91, 310.5], [-90, 312.5], [-89, 320.0], [-88, 322.0], [-87, 330.0], [-86, 335.0], [-85, 341.0], [-84, 351.0], [-83, 354.5], [-82, 365.0], [-81, 370.5], [-80, 383.0], [-79, 388.0], [-78, 394.5], [-77, 407.0], [-76, 413.5], [-75, 430.0], [-74, 437.5], [-73, 445.0], [-72, 459.0], [-70, 5545.5], [-68, 2762.0], [-62, 7320.0], [-61, 7285.5], [-52, 10577.5], [-50, 14418.5], [-49, 14359.0], [-48, 14327.5], [-47, 14303.0], [-46, 14261.5], [-45, 14248.5], [-44, 14221.5], [-42, 14209.0], [-41, 14202.0], [-36, 6353.5], [-35, 6350.5], [-34, 6359.0], [-27, 3547.5], [-19, 2993.0], [-18, 2914.5], [-17, 2751.0], [-16, 2674.5], [-15, 2536.0], [-14, 2472.0], [-13, 2354.0], [-12, 2298.5], [-11, 2248.0], [-10, 2152.0], [-9, 2108.5], [-8, 2068.0], [-7, 2090.5], [-6, 2079.0], [-5, 1978.5], [-4, 1941.0], [-3, 1909.0]]}