{"heading": 6.4, "target": 38.55488468030701, "gap_dist": 430.1158962191367, "gap_info": [{"width": 321.7987360988576, "center_angle": -89.1488223260355, "edge_a": [-98, 495.5], "edge_b": [-63, 173.0], "depth": 495.5, "passable": true, "chosen": false}, {"width": 430.1158962191367, "center_angle": 38.55488468030701, "edge_a": [-4, 318.0], "edge_b": [78, 338.5], "depth": 338.5, "passable": true, "chosen": true}, {"width": 216.9689602113102, "center_angle": 142.6793278514274, "edge_a": [133, 295.5], "edge_b": [170, 108.25], "depth": 295.5, "passable": false, "chosen": false}], "scan": [[-2, 4273.0], [-1, 4261.5], [0, 4238.0], [1, 4241.5], [2, 4227.5], [3, 4214.5], [4, 4216.5], [5, 4220.0], [6, 4223.0], [7, 4233.0], [8, 4245.0], [9, 4248.5], [10, 4260.5], [11, 4260.5], [12, 4278.5], [13, 4290.5], [14, 4251.0], [15, 4254.0], [17, 3676.5], [18, 3689.5], [19, 3712.5], [26, 2502.5], [27, 2432.0], [28, 2297.5], [29, 2236.5], [30, 2123.5], [31, 2070.0], [32, 1966.5], [33, 1920.0], [34, 1877.5], [35, 1797.5], [36, 1761.5], [37, 1690.0], [38, 1659.0], [39, 1627.0], [40, 1569.0], [41, 1542.0], [42, 1493.5], [43, 1471.0], [44, 1429.5], [45, 1410.0], [46, 1391.5], [47, 1373.5], [48, 1338.0], [49, 1323.0], [50, 1293.0], [51, 1278.5], [52, 1264.0], [53, 1238.0], [54, 1227.5], [55, 1202.5], [56, 1192.5], [57, 1183.5], [58, 1161.0], [59, 1151.0], [60, 1132.0], [61, 1123.0], [62, 1112.0], [63, 1096.0], [64, 1089.0], [65, 1071.5], [66, 1064.5], [67, 1051.5], [68, 1046.5], [69, 1041.0], [70, 1027.0], [71, 1020.5], [72, 1013.5], [73, 1008.5], [74, 1003.0], [75, 991.5], [76, 987.5], [77, 985.5], [78, 338.5], [79, 336.5], [80, 331.5], [81, 328.5], [82, 322.0], [83, 318.5], [84, 315.5], [85, 312.5], [86, 310.0], [87, 305.5], [88, 304.0], [89, 300.75], [90, 299.5], [91, 298.5], [92, 297.0], [93, 297.0], [94, 293.0], [95, 291.5], [96, 289.25], [97, 288.5], [98, 287.0], [99, 285.5], [100, 285.5], [101, 284.0], [102, 283.5], [103, 282.5], [104, 280.5], [105, 280.0], [106, 280.0], [107, 278.5], [108, 277.0], [109, 276.5], [110, 275.5], [111, 276.0], [112, 275.0], [113, 276.5], [114, 277.0], [115, 276.0], [116, 277.0], [117, 278.5], [118, 278.5], [119, 279.5], [120, 279.5], [121, 280.5], [122, 282.5], [123, 282.5], [124, 283.5], [125, 286.0], [126, 286.5], [127, 289.0], [128, 289.5], [129, 291.0], [130, 293.0], [131, 294.5], [132, 296.5], [133, 295.5], [136, 1222.5], [137, 1253.0], [138, 1268.0], [139, 1283.0], [140, 1308.0], [141, 1324.5], [142, 1357.5], [143, 1375.5], [144, 1394.0], [145, 1431.5], [146, 1452.0], [147, 1496.5], [148, 1520.5], [149, 1545.5], [150, 1600.5], [151, 1628.5], [152, 1690.0], [153, 1722.5], [154, 1758.0], [155, 1831.5], [156, 1870.5], [157, 1956.0], [158, 2003.5], [159, 2052.5], [160, 2159.0], [161, 2213.0], [163, 61.5], [165, 70.25], [170, 108.25], [171, 109.25], [173, 121.5], [174, 123.5], [175, 125.25], [176, 126.0], [177, 126.0], [178, 125.5], [179, 127.0], [180, 126.25], [-175, 69.0], [-170, 69.0], [-169, 72.25], [-168, 71.0], [-166, 3644.5], [-164, 2839.5], [-162, 2271.5], [-161, 2271.5], [-159, 1100.5], [-158, 1095.0], [-157, 1080.0], [-156, 1055.0], [-155, 1052.5], [-154, 1048.5], [-153, 1049.5], [-152, 1051.5], [-151, 1267.5], [-150, 1270.0], [-149, 1275.0], [-148, 1278.5], [-147, 1273.5], [-146, 1274.5], [-145, 1285.5], [-144, 1300.5], [-143, 4214.0], [-142, 4247.0], [-141, 4279.0], [-140, 4348.5], [-139, 4385.5], [-138, 4372.0], [-136, 4540.0], [-135, 4628.5], [-134, 4676.5], [-133, 4776.5], [-132, 4826.0], [-131, 4936.0], [-130, 4984.5], [-129, 5044.0], [-127, 5241.0], [-125, 661.0], [-124, 629.5], [-123, 620.5], [-122, 597.5], [-121, 586.0], [-120, 575.0], [-119, 556.5], [-118, 545.5], [-117, 530.0], [-116, 525.5], [-115, 508.5], [-114, 501.5], [-113, 495.5], [-112, 482.5], [-111, 478.0], [-110, 467.5], [-109, 462.0], [-108, 455.5], [-107, 447.0], [-106, 442.0], [-105, 433.5], [-104, 433.5], [-103, 434.5], [-102, 438.0], [-101, 455.0], [-100, 463.0], [-99, 483.0], [-98, 495.5], [-97, 508.5], [-96, 535.0], [-95, 546.5], [-94, 577.0], [-92, 631.0], [-76, 7508.5], [-74, 5810.0], [-70, 4291.0], [-65, 2932.0], [-63, 173.0], [-61, 166.0], [-60, 166.5], [-59, 168.0], [-58, 169.0], [-57, 171.5], [-56, 172.0], [-55, 174.5], [-54, 175.5], [-53, 176.0], [-52, 175.0], [-51, 176.0], [-50, 178.0], [-49, 179.0], [-48, 178.5], [-47, 179.5], [-46, 180.5], [-45, 181.0], [-44, 182.0], [-43, 182.5], [-42, 183.0], [-41, 183.5], [-40, 186.5], [-39, 186.5], [-38, 186.5], [-37, 189.5], [-36, 191.5], [-35, 194.0], [-34, 195.0], [-33, 196.0], [-32, 198.5], [-31, 199.5], [-30, 202.5], [-29, 204.5], [-28, 208.5], [-27, 210.0], [-26, 212.0], [-25, 215.5], [-24, 218.5], [-23, 221.5], [-22, 223.5], [-21, 226.0], [-20, 232.5], [-19, 234.5], [-18, 242.0], [-17, 244.0], [-16, 245.0], [-15, 255.5], [-14, 258.5], [-13, 265.0], [-12, 268.0], [-11, 271.5], [-10, 280.0], [-9, 284.0], [-8, 293.0], [-7, 296.5], [-6, 306.5], [-5, 313.0], [-4, 318.0]]}