{"heading": 64.9, "target": 23.81044251868906, "gap_dist": 264.09583535080264, "gap_info": [{"width": 60.6153297393603, "center_angle": -5.771561964106067, "edge_a": [-8, 225.0], "edge_b": [-4, 283.0], "depth": 283.0, "passable": false, "chosen": false}, {"width": 264.09583535080264, "center_angle": 23.81044251868906, "edge_a": [-4, 283.0], "edge_b": [52, 279.5], "depth": 283.0, "passable": true, "chosen": true}, {"width": 170.11453233464024, "center_angle": 124.93781487259349, "edge_a": [103, 198.0], "edge_b": [170, 104.5], "depth": 198.0, "passable": false, "chosen": false}], "scan": [[0, 7303.0], [3, 5607.5], [7, 4105.0], [10, 7623.0], [13, 2754.5], [14, 2735.5], [16, 6052.0], [24, 4684.0], [27, 6833.5], [28, 6719.5], [30, 6394.5], [31, 6286.5], [34, 3398.5], [35, 5446.0], [37, 3424.5], [38, 5413.0], [39, 5349.5], [40, 5243.5], [41, 5190.5], [43, 5031.5], [44, 4755.5], [45, 4713.0], [46, 4672.0], [47, 4590.5], [49, 4394.5], [50, 4426.0], [52, 279.5], [53, 276.0], [54, 267.5], [55, 265.5], [56, 262.5], [57, 255.5], [58, 251.5], [59, 245.0], [60, 241.5], [61, 238.0], [62, 234.5], [63, 231.5], [64, 226.0], [65, 225.0], [66, 220.5], [67, 218.0], [68, 214.5], [69, 212.5], [70, 208.0], [71, 206.0], [72, 203.0], [73, 201.5], [74, 200.0], [75, 197.5], [76, 196.0], [77, 193.5], [78, 191.75], [79, 191.0], [80, 189.0], [81, 189.0], [82, 185.0], [83, 185.0], [84, 184.5], [85, 183.5], [86, 182.0], [87, 182.0], [88, 180.5], [89, 180.5], [90, 180.0], [91, 179.5], [92, 179.0], [93, 176.5], [94, 176.0], [95, 175.5], [96, 173.0], [97, 170.0], [98, 170.5], [99, 172.5], [100, 177.5], [101, 178.0], [102, 180.0], [103, 198.0], [106, 3115.5], [107, 2936.0], [108, 2853.5], [109, 2709.0], [110, 2643.0], [111, 2518.5], [112, 2461.0], [113, 2407.0], [114, 2307.0], [115, 2260.0], [116, 2169.5], [117, 2129.0], [118, 2052.5], [119, 2019.0], [120, 1951.0], [121, 1920.5], [122, 1860.5], [123, 1832.5], [124, 1780.5], [125, 1756.5], [126, 1731.0], [127, 1685.5], [128, 1665.5], [129, 1626.5], [130, 1605.5], [131, 1568.0], [132, 1551.5], [133, 1521.0], [134, 1505.0], [135, 1477.0], [136, 1463.0], [137, 1450.0], [138, 1441.0], [139, 1416.0], [140, 1405.0], [141, 1383.5], [142, 1372.0], [143, 1352.5], [144, 1343.0], [145, 1324.5], [146, 1316.0], [147, 1300.0], [148, 1295.5], [149, 1288.5], [150, 1273.5], [151, 1265.5], [152, 1254.5], [153, 1247.0], [154, 1240.5], [155, 593.5], [156, 580.5], [157, 576.5], [158, 565.5], [159, 560.5], [160, 555.0], [161, 548.5], [163, 59.75], [164, 68.5], [165, 68.5], [170, 104.5], [172, 112.0], [174, 122.0], [175, 126.0], [176, 126.25], [177, 125.25], [178, 125.0], [179, 125.5], [180, 124.25], [-175, 67.75], [-173, 58.5], [-169, 67.0], [-167, 74.0], [-166, 1225.0], [-165, 1231.0], [-164, 1244.5], [-163, 1252.5], [-162, 1268.5], [-161, 1276.0], [-160, 1284.0], [-159, 1297.5], [-158, 1305.5], [-157, 1321.5], [-156, 1330.5], [-155, 1345.5], [-154, 1355.5], [-153, 1374.5], [-152, 1385.5], [-151, 1395.0], [-150, 1414.5], [-149, 1426.5], [-148, 1447.5], [-147, 1460.0], [-146, 1487.5], [-145, 1500.5], [-144, 1530.5], [-143, 1545.5], [-142, 1561.5], [-141, 1597.0], [-140, 1615.0], [-139, 1654.0], [-138, 1676.5], [-137, 1720.5], [-136, 1746.0], [-135, 1774.0], [-134, 1825.0], [-133, 1853.0], [-132, 1912.0], [-131, 1973.5], [-130, 2008.5], [-129, 2083.0], [-128, 2121.0], [-127, 2161.0], [-126, 2242.0], [-125, 2282.5], [-124, 2367.0], [-123, 2408.5], [-121, 2571.0], [-120, 2633.5], [-119, 2771.0], [-118, 2844.0], [-117, 1117.0], [-116, 1124.5], [-115, 1121.0], [-114, 1119.0], [-113, 1128.0], [-112, 1142.5], [-110, 3431.0], [-109, 3412.5], [-108, 3402.5], [-107, 3384.0], [-106, 3374.5], [-105, 3359.5], [-104, 3353.0], [-103, 3338.0], [-101, 1629.5], [-100, 3528.0], [-99, 3524.5], [-98, 3516.5], [-97, 3513.0], [-96, 3511.0], [-95, 3509.0], [-94, 3508.5], [-93, 3509.5], [-92, 3509.0], [-91, 3515.0], [-90, 3516.0], [-89, 2698.5], [-87, 2125.0], [-86, 2128.5], [-85, 2132.5], [-84, 2139.0], [-83, 2145.0], [-82, 2153.0], [-81, 2158.5], [-80, 2170.0], [-79, 2176.0], [-78, 2181.5], [-77, 2194.5], [-76, 2201.0], [-75, 2219.5], [-74, 2228.0], [-73, 2260.5], [-72, 3791.0], [-71, 3812.0], [-70, 3831.5], [-69, 3874.5], [-68, 3895.5], [-67, 3919.5], [-66, 3967.0], [-65, 3995.0], [-64, 4049.0], [-63, 4077.5], [-62, 4139.0], [-61, 4172.0], [-60, 4147.0], [-58, 4302.5], [-56, 389.5], [-55, 378.5], [-54, 360.5], [-53, 351.5], [-52, 336.0], [-51, 327.5], [-50, 314.5], [-48, 300.0], [-47, 295.0], [-46, 281.0], [-45, 278.0], [-44, 268.0], [-43, 262.0], [-42, 257.25], [-41, 254.25], [-40, 243.5], [-39, 237.5], [-38, 233.0], [-37, 229.0], [-36, 222.0], [-35, 219.0], [-34, 213.5], [-33, 210.5], [-32, 205.0], [-31, 203.5], [-30, 199.0], [-29, 198.0], [-28, 196.0], [-27, 192.0], [-26, 190.0], [-25, 187.5], [-23, 181.5], [-22, 181.0], [-21, 178.0], [-20, 177.0], [-19, 174.5], [-18, 175.0], [-17, 174.0], [-16, 173.0], [-15, 174.0], [-14, 176.5], [-13, 183.0], [-12, 187.5], [-11, 198.0], [-10, 211.0], [-8, 225.0], [-4, 283.0]]}