{"heading": 145.9, "target": 95.48893563906582, "gap_dist": 313.567243598129, "gap_info": [{"width": 82.8294272673731, "center_angle": 36.51572604896271, "edge_a": [34, 285.0], "edge_b": [41, 160.0], "depth": 285.0, "passable": false, "chosen": false}, {"width": 313.567243598129, "center_angle": 95.48893563906582, "edge_a": [59, 190.0], "edge_b": [111, 422.5], "depth": 422.5, "passable": true, "chosen": true}, {"width": 239.9010304060295, "center_angle": 150.5315688691009, "edge_a": [145, 366.5], "edge_b": [170, 106.0], "depth": 366.5, "passable": false, "chosen": false}], "scan": [[-2, 275.0], [-1, 261.0], [1, 263.5], [3, 248.5], [4, 244.75], [5, 242.0], [6, 237.5], [7, 236.0], [8, 232.5], [9, 228.5], [10, 225.5], [11, 224.5], [12, 222.5], [13, 221.5], [14, 219.0], [15, 220.0], [16, 219.5], [17, 218.5], [18, 218.0], [19, 221.5], [20, 222.0], [21, 223.0], [22, 224.5], [23, 225.0], [24, 226.5], [25, 226.5], [26, 228.0], [27, 229.0], [28, 230.5], [30, 248.5], [31, 255.0], [32, 257.0], [34, 285.0], [35, 759.0], [36, 746.5], [37, 741.5], [38, 735.5], [39, 727.5], [40, 736.5], [41, 160.0], [42, 158.5], [43, 158.5], [44, 160.5], [45, 162.0], [46, 162.0], [47, 163.5], [48, 164.0], [49, 164.5], [50, 166.0], [51, 168.0], [52, 176.0], [53, 176.5], [54, 176.5], [55, 183.5], [56, 183.5], [57, 185.5], [58, 187.0], [59, 190.0], [61, 2718.5], [62, 2656.5], [64, 2470.0], [65, 2516.5], [66, 2499.5], [67, 2467.5], [68, 2442.0], [69, 2435.0], [70, 2503.0], [71, 2549.0], [72, 2643.5], [73, 2697.0], [74, 2798.5], [76, 2646.0], [77, 2652.5], [78, 2672.5], [79, 2825.0], [80, 2812.5], [81, 2776.0], [82, 2761.0], [83, 2730.0], [84, 2716.0], [85, 2692.5], [86, 2680.5], [87, 2668.5], [88, 2650.5], [89, 2641.0], [90, 2624.0], [91, 2615.0], [92, 2600.5], [93, 2595.0], [94, 2580.5], [95, 2575.5], [96, 2570.5], [97, 2560.5], [98, 2558.0], [99, 2549.5], [100, 2546.0], [101, 2544.0], [102, 2539.75], [103, 2535.5], [104, 2513.5], [105, 2503.5], [106, 2546.0], [107, 2537.5], [108, 2537.0], [109, 2548.0], [110, 2557.0], [111, 422.5], [112, 408.5], [113, 404.5], [114, 403.0], [115, 407.5], [116, 406.0], [117, 400.0], [118, 394.5], [119, 379.0], [120, 372.5], [121, 362.0], [122, 359.0], [123, 355.0], [124, 347.0], [125, 343.0], [126, 334.5], [127, 332.5], [128, 330.0], [129, 328.0], [130, 325.75], [131, 324.5], [132, 323.0], [133, 321.75], [134, 321.75], [135, 321.25], [136, 321.0], [137, 321.75], [138, 323.25], [139, 327.5], [140, 328.0], [141, 329.0], [142, 337.0], [143, 342.0], [144, 357.5], [145, 366.5], [147, 2166.0], [148, 2211.5], [149, 2649.0], [150, 2667.0], [151, 2702.5], [152, 2761.5], [153, 2672.0], [154, 2643.0], [155, 2588.0], [156, 2562.5], [157, 2537.0], [158, 2489.5], [159, 2465.0], [160, 2421.5], [161, 2402.0], [165, 70.75], [170, 106.0], [171, 106.0], [173, 120.25], [174, 122.5], [175, 124.75], [176, 126.25], [177, 124.0], [178, 123.75], [179, 125.25], [-171, 81.5], [-169, 78.0], [-166, 1974.5], [-165, 1974.0], [-164, 1982.0], [-163, 1986.0], [-162, 1993.5], [-161, 1997.0], [-160, 2002.5], [-159, 2006.5], [-158, 2010.0], [-157, 2016.0], [-156, 2020.0], [-155, 2025.0], [-154, 2034.5], [-153, 2039.5], [-152, 2052.5], [-151, 2057.0], [-150, 2062.0], [-149, 2075.5], [-148, 2083.0], [-147, 2100.0], [-146, 2108.5], [-145, 2125.0], [-144, 2134.5], [-143, 2145.0], [-142, 2166.5], [-141, 2178.0], [-140, 2198.0], [-139, 2209.5], [-138, 2223.0], [-137, 2251.0], [-136, 2265.0], [-135, 2293.5], [-134, 2308.0], [-133, 2321.5], [-132, 2356.5], [-131, 2372.5], [-130, 2408.5], [-129, 2427.5], [-128, 2470.5], [-127, 2492.5], [-126, 2517.0], [-125, 2565.5], [-124, 2592.0], [-123, 2647.5], [-122, 2678.0], [-121, 2738.5], [-120, 2771.0], [-119, 2805.5], [-118, 2876.5], [-117, 2914.5], [-116, 2995.0], [-115, 3037.0], [-114, 3081.0], [-113, 3173.0], [-112, 3222.0], [-111, 3326.0], [-110, 3382.0], [-109, 3500.0], [-108, 3561.0], [-107, 3625.0], [-106, 3768.0], [-105, 3847.5], [-104, 4018.5], [-103, 4106.0], [-101, 1525.0], [-100, 1486.0], [-99, 1464.0], [-98, 1448.75], [-97, 1450.75], [-96, 1498.5], [-95, 1503.5], [-94, 1530.0], [-93, 1550.5], [-92, 1573.0], [-91, 1622.5], [-90, 1646.5], [-89, 1700.5], [-88, 1730.5], [-87, 1794.0], [-85, 2427.5], [-84, 2477.5], [-83, 2504.0], [-82, 2551.5], [-81, 2576.5], [-80, 2616.5], [-79, 2664.5], [-78, 2691.0], [-77, 3878.5], [-76, 3871.0], [-75, 3875.5], [-72, 5297.5], [-70, 5304.0], [-69, 5310.0], [-68, 5316.5], [-67, 5331.0], [-66, 5338.0], [-65, 2509.0], [-64, 2543.0], [-63, 2582.0], [-61, 2220.0], [-60, 2220.5], [-59, 2229.0], [-58, 2255.0], [-57, 2374.5], [-56, 2351.5], [-55, 2378.75], [-54, 2427.25], [-53, 4136.0], [-52, 4084.5], [-51, 5755.5], [-50, 5784.5], [-49, 5812.0], [-48, 5822.5], [-46, 5990.5], [-43, 2946.5], [-39, 6459.0], [-38, 6516.5], [-36, 807.0], [-35, 799.5], [-34, 794.0], [-33, 797.0], [-32, 799.5], [-31, 807.0], [-30, 821.0], [-29, 836.0], [-28, 874.0], [-27, 893.5], [-26, 7889.5], [-24, 3913.0], [-21, 8614.5], [-19, 1592.5], [-18, 9294.5], [-17, 9441.0], [-16, 7238.5], [-14, 989.0], [-13, 999.0], [-10, 8612.0], [-7, 1829.0], [-6, 6654.5]]}