{"heading": -209.7, "target": 85.10497582355801, "gap_dist": 519.7437218839666, "gap_info": [{"width": 58.76497983571169, "center_angle": 66.6081106497448, "edge_a": [65, 355.75], "edge_b": [68, 411.0], "depth": 411.0, "passable": false, "chosen": false}, {"width": 75.80661218397655, "center_angle": 70.61883886234268, "edge_a": [69, 418.5], "edge_b": [72, 490.5], "depth": 490.5, "passable": false, "chosen": false}, {"width": 519.7437218839666, "center_angle": 85.10497582355801, "edge_a": [72, 490.5], "edge_b": [171, 111.5], "depth": 490.5, "passable": true, "chosen": true}], "scan": [[-3, 133.5], [-2, 134.0], [-1, 134.0], [0, 134.0], [1, 134.5], [2, 135.75], [3, 135.75], [4, 135.5], [5, 135.75], [6, 137.0], [7, 137.25], [8, 136.75], [9, 137.75], [10, 138.0], [11, 138.75], [12, 139.75], [13, 139.75], [14, 140.25], [15, 140.25], [16, 140.5], [17, 141.25], [18, 141.75], [19, 142.75], [20, 144.0], [21, 144.75], [22, 146.25], [23, 147.5], [24, 148.5], [25, 149.25], [26, 150.25], [27, 151.5], [28, 152.75], [29, 155.25], [30, 156.5], [31, 158.25], [32, 160.25], [33, 162.75], [34, 165.5], [35, 168.0], [36, 170.25], [37, 170.5], [38, 171.75], [39, 175.25], [40, 177.25], [41, 179.25], [42, 181.75], [43, 188.25], [44, 191.25], [45, 193.75], [46, 201.0], [47, 204.5], [48, 206.75], [49, 207.5], [51, 219.25], [52, 225.25], [53, 227.5], [54, 242.75], [55, 248.75], [56, 255.5], [57, 260.0], [58, 264.25], [59, 278.0], [60, 285.0], [61, 299.75], [63, 316.25], [65, 355.75], [68, 411.0], [69, 418.5], [72, 490.5], [73, 2163.5], [74, 2169.5], [75, 2164.75], [76, 2160.5], [77, 2155.25], [78, 2153.0], [79, 2151.0], [80, 2145.25], [81, 2145.0], [82, 2141.75], [83, 2141.5], [84, 2142.5], [85, 2144.25], [86, 2146.25], [87, 2151.0], [88, 2152.5], [89, 2155.5], [90, 2163.25], [91, 2167.0], [92, 2175.75], [93, 2180.0], [94, 2184.0], [95, 2195.25], [96, 2201.75], [97, 2214.75], [98, 2223.25], [99, 2237.75], [100, 2248.0], [101, 2258.0], [102, 2276.5], [103, 2287.75], [104, 2299.0], [105, 2320.75], [106, 2333.25], [107, 2359.75], [108, 2373.75], [109, 2388.5], [110, 2418.25], [111, 2433.25], [112, 2465.25], [113, 2482.75], [114, 2502.0], [115, 2540.75], [116, 2561.0], [117, 2604.75], [118, 2628.75], [119, 2651.0], [120, 2699.5], [121, 2756.25], [122, 2784.25], [123, 2814.5], [124, 820.0], [125, 814.75], [126, 810.5], [127, 804.0], [128, 802.0], [129, 799.25], [130, 793.25], [131, 792.0], [132, 788.25], [133, 787.25], [134, 788.5], [135, 801.5], [140, 3971.0], [141, 4132.25], [142, 4216.75], [143, 4311.5], [145, 4209.0], [146, 4316.25], [147, 4277.5], [148, 4235.75], [149, 4213.25], [151, 4148.5], [152, 4130.75], [154, 4313.25], [155, 4264.75], [156, 4244.75], [157, 2760.25], [158, 2751.75], [159, 2742.5], [160, 2727.5], [161, 2718.25], [164, 70.5], [171, 111.5], [172, 110.75], [173, 118.5], [174, 121.25], [175, 126.25], [176, 126.75], [177, 125.75], [178, 125.5], [179, 125.0], [180, 123.75], [-173, 60.0], [-169, 71.75], [-167, 77.0], [-166, 4381.5], [-165, 4408.75], [-164, 4436.25], [-163, 4490.75], [-161, 2905.75], [-159, 4631.75], [-158, 4686.75], [-157, 4730.0], [-155, 4822.0], [-154, 4865.5], [-152, 4886.75], [-151, 5095.5], [-150, 5137.5], [-148, 5293.0], [-144, 1860.25], [-143, 1861.75], [-142, 1880.0], [-141, 3863.25], [-139, 754.0], [-138, 744.5], [-137, 735.25], [-136, 719.75], [-135, 710.5], [-134, 697.25], [-133, 689.5], [-132, 678.0], [-131, 671.25], [-130, 663.5], [-129, 657.5], [-128, 651.25], [-127, 643.0], [-126, 642.75], [-125, 629.25], [-124, 624.75], [-123, 621.0], [-122, 614.5], [-121, 610.5], [-120, 605.0], [-119, 600.75], [-118, 594.0], [-117, 591.75], [-116, 596.0], [-115, 595.25], [-114, 583.25], [-113, 572.0], [-112, 580.25], [-111, 580.0], [-110, 576.0], [-109, 565.75], [-108, 555.0], [-107, 555.0], [-106, 555.0], [-105, 554.25], [-104, 551.75], [-103, 548.25], [-102, 545.0], [-101, 542.75], [-100, 542.5], [-99, 543.0], [-98, 546.5], [-96, 2068.5], [-93, 1604.5], [-92, 1592.25], [-91, 1585.75], [-90, 1593.0], [-89, 1602.5], [-88, 2140.0], [-87, 2152.25], [-86, 2168.0], [-85, 3375.25], [-84, 3359.0], [-82, 1548.5], [-81, 1544.0], [-79, 3106.5], [-76, 4929.5], [-73, 2423.25], [-71, 6997.25], [-68, 3434.5], [-66, 3534.75], [-64, 2288.0], [-63, 2313.0], [-61, 5516.0], [-59, 5262.5], [-58, 5185.0], [-55, 4890.0], [-54, 4757.75], [-53, 4697.75], [-49, 2233.5], [-47, 2328.0], [-44, 951.5], [-43, 956.5], [-42, 953.0], [-41, 951.0], [-40, 953.5], [-39, 956.5], [-37, 674.0], [-35, 636.0], [-34, 622.0], [-33, 632.5], [-32, 639.5], [-31, 647.5], [-30, 691.0], [-28, 1543.5], [-27, 1549.5], [-26, 1573.0], [-25, 1608.0], [-23, 3902.75], [-22, 3877.75], [-21, 3866.0], [-20, 3845.75], [-19, 3835.5], [-18, 3826.5], [-17, 3809.5], [-16, 3802.75], [-15, 3789.25], [-13, 132.25], [-12, 136.25], [-11, 136.75], [-10, 136.0], [-9, 136.0], [-8, 135.75], [-7, 135.0], [-6, 134.0], [-5, 133.5], [-4, 133.75]]}