{"heading": 3.8, "target": 35.0322875452386, "gap_dist": 444.72360088543536, "gap_info": [{"width": 233.137040805282, "center_angle": -141.83738272846017, "edge_a": [-180, 123.5], "edge_b": [-130, 372.0], "depth": 372.0, "passable": false, "chosen": false}, {"width": 67.62370251154482, "center_angle": -70.2177825183802, "edge_a": [-79, 201.0], "edge_b": [-60, 173.0], "depth": 201.0, "passable": false, "chosen": false}, {"width": 444.72360088543536, "center_angle": 35.0322875452386, "edge_a": [-4, 359.0], "edge_b": [74, 359.5], "depth": 359.5, "passable": true, "chosen": true}, {"width": 234.27834088104288, "center_angle": 137.70500147180232, "edge_a": [126, 299.0], "edge_b": [171, 110.5], "depth": 299.0, "passable": false, "chosen": false}], "scan": [[-3, 4271.5], [-2, 4256.5], [-1, 4245.5], [0, 4238.0], [1, 4228.0], [2, 4231.5], [3, 4234.5], [4, 4240.5], [5, 4241.5], [6, 4249.0], [7, 4268.0], [8, 4273.5], [9, 4274.0], [10, 4286.0], [11, 4307.5], [12, 4287.0], [13, 4270.0], [15, 3689.5], [16, 3701.0], [17, 3720.5], [24, 2582.5], [25, 2430.0], [26, 2364.5], [27, 2242.5], [28, 2187.5], [29, 2086.0], [30, 2038.0], [31, 1943.0], [32, 1901.0], [33, 1862.5], [34, 1788.5], [35, 1754.5], [36, 1687.5], [37, 1656.5], [38, 1595.5], [39, 1567.0], [40, 1541.5], [41, 1492.5], [42, 1468.5], [43, 1426.5], [44, 1407.5], [45, 1387.5], [46, 1351.0], [47, 1333.0], [48, 1318.5], [49, 1304.5], [50, 1277.0], [51, 1263.0], [52, 1237.0], [53, 1225.5], [54, 1201.5], [55, 1192.0], [56, 1183.0], [57, 1162.5], [58, 1153.75], [59, 1143.75], [60, 1124.0], [61, 1115.0], [62, 1100.5], [63, 1092.5], [64, 1085.5], [65, 1070.5], [66, 1064.0], [67, 1050.5], [68, 1044.0], [69, 1033.0], [70, 1025.5], [71, 1021.0], [72, 1015.5], [73, 1014.5], [74, 359.5], [75, 356.0], [76, 353.0], [77, 347.0], [78, 343.0], [79, 336.0], [80, 332.5], [81, 331.5], [82, 325.5], [83, 324.5], [84, 321.0], [85, 319.5], [86, 314.0], [87, 313.0], [88, 311.5], [89, 309.0], [90, 306.25], [91, 303.5], [92, 302.0], [93, 300.5], [94, 299.75], [95, 300.0], [96, 296.25], [97, 296.25], [98, 294.25], [99, 293.75], [100, 293.25], [101, 292.5], [102, 291.0], [103, 290.25], [104, 290.0], [105, 289.0], [106, 288.0], [107, 287.5], [108, 287.5], [109, 285.5], [110, 287.0], [111, 287.5], [112, 287.0], [113, 288.25], [114, 289.0], [115, 289.25], [116, 289.5], [117, 289.5], [118, 289.75], [119, 291.0], [120, 292.25], [121, 293.5], [122, 295.5], [123, 296.25], [124, 296.75], [125, 299.0], [126, 299.0], [128, 1180.5], [129, 1191.0], [130, 1202.0], [131, 1215.0], [132, 1237.5], [133, 1250.0], [134, 1277.5], [135, 1292.5], [136, 1307.5], [137, 1337.5], [138, 1354.0], [139, 1372.5], [140, 1405.5], [141, 1424.0], [142, 1465.0], [143, 1488.0], [144, 1511.0], [145, 1558.0], [146, 1586.0], [147, 1642.5], [148, 1672.0], [149, 1704.0], [150, 1772.0], [151, 1808.5], [152, 1844.0], [153, 1925.5], [154, 1969.0], [155, 2069.0], [156, 2121.5], [157, 2231.0], [158, 2290.0], [159, 2352.5], [160, 1630.5], [164, 68.25], [165, 69.0], [166, 69.0], [171, 110.5], [172, 111.25], [174, 122.0], [175, 125.25], [176, 126.5], [177, 126.0], [178, 125.5], [179, 124.75], [-180, 123.5], [-175, 68.0], [-168, 70.25], [-165, 2233.0], [-164, 2251.75], [-163, 2263.0], [-162, 2280.25], [-161, 2289.75], [-160, 2299.75], [-159, 2318.0], [-158, 2326.0], [-157, 2346.5], [-156, 2356.0], [-155, 2370.0], [-154, 2394.0], [-153, 2405.0], [-151, 4015.5], [-150, 4045.0], [-149, 4097.5], [-148, 4125.0], [-147, 4182.5], [-146, 4213.0], [-145, 4246.0], [-144, 4314.0], [-143, 4348.5], [-142, 4363.5], [-141, 4392.0], [-140, 4492.5], [-139, 4592.0], [-138, 4638.5], [-137, 4734.0], [-136, 4786.0], [-135, 4839.5], [-134, 4949.0], [-133, 5007.5], [-131, 5200.0], [-130, 372.0], [-129, 364.5], [-128, 352.0], [-127, 345.5], [-126, 333.0], [-125, 327.5], [-124, 322.0], [-123, 311.25], [-122, 306.5], [-121, 298.0], [-120, 295.5], [-119, 292.0], [-118, 283.0], [-117, 279.5], [-116, 272.0], [-115, 267.5], [-114, 265.0], [-113, 261.75], [-112, 261.0], [-111, 255.0], [-110, 251.5], [-109, 246.0], [-108, 243.5], [-107, 240.5], [-106, 237.5], [-105, 235.5], [-104, 230.5], [-103, 228.5], [-102, 226.5], [-101, 223.5], [-100, 221.0], [-99, 218.0], [-98, 217.0], [-97, 216.75], [-96, 211.5], [-95, 211.0], [-94, 209.0], [-93, 208.5], [-92, 206.0], [-91, 205.0], [-90, 205.25], [-89, 203.25], [-88, 202.25], [-87, 202.25], [-86, 201.0], [-85, 200.0], [-84, 197.5], [-83, 197.25], [-82, 198.75], [-81, 200.0], [-80, 200.25], [-79, 201.0], [-69, 2910.5], [-66, 6151.0], [-60, 173.0], [-59, 171.0], [-58, 169.5], [-57, 171.0], [-56, 170.5], [-55, 172.0], [-54, 171.5], [-53, 173.0], [-52, 173.5], [-51, 175.0], [-50, 176.0], [-49, 176.0], [-48, 177.5], [-47, 178.25], [-46, 180.0], [-45, 181.0], [-44, 181.25], [-43, 182.75], [-42, 183.25], [-41, 185.0], [-40, 188.0], [-39, 188.5], [-38, 190.5], [-37, 190.75], [-36, 192.25], [-35, 196.0], [-34, 197.5], [-33, 199.0], [-32, 202.5], [-31, 203.0], [-30, 207.0], [-29, 211.0], [-28, 213.0], [-27, 218.0], [-26, 221.0], [-25, 225.0], [-24, 228.5], [-23, 231.0], [-22, 235.5], [-21, 237.5], [-20, 246.5], [-19, 249.5], [-18, 253.25], [-17, 261.0], [-16, 264.5], [-15, 273.0], [-14, 276.5], [-13, 281.5], [-12, 290.5], [-11, 295.0], [-10, 303.5], [-8, 318.0], [-7, 331.0], [-6, 338.5], [-5, 350.5], [-4, 359.0]]}