{"heading": 29.6, "target": 73.75667161373423, "gap_dist": 482.3115933375876, "gap_info": [{"width": 43.774483997714434, "center_angle": -115.56860770002007, "edge_a": [-117, 434.5], "edge_b": [-114, 396.5], "depth": 434.5, "passable": false, "chosen": false}, {"width": 65.5755924912469, "center_angle": -2.309209959679997, "edge_a": [-4, 220.5], "edge_b": [-1, 284.75], "depth": 284.75, "passable": false, "chosen": false}, {"width": 82.67500843443963, "center_angle": 19.02004444170645, "edge_a": [16, 496.0], "edge_b": [23, 376.5], "depth": 496.0, "passable": false, "chosen": false}, {"width": 482.3115933375876, "center_angle": 73.75667161373423, "edge_a": [60, 496.0], "edge_b": [173, 119.5], "depth": 496.0, "passable": true, "chosen": true}], "scan": [[-1, 284.75], [0, 293.5], [1, 299.0], [2, 310.0], [3, 316.5], [4, 324.0], [5, 337.0], [6, 344.0], [7, 358.0], [8, 366.5], [9, 374.0], [10, 391.0], [11, 401.5], [12, 410.5], [13, 434.5], [14, 447.5], [16, 496.0], [18, 550.5], [20, 595.0], [23, 376.5], [24, 376.5], [25, 377.5], [26, 378.0], [27, 379.0], [28, 380.0], [29, 381.0], [30, 382.0], [31, 382.5], [32, 387.0], [33, 388.0], [34, 387.5], [35, 391.0], [36, 393.0], [37, 396.0], [38, 397.5], [39, 399.0], [40, 404.0], [41, 406.0], [42, 409.0], [43, 411.5], [44, 413.5], [45, 415.5], [46, 419.5], [47, 427.0], [48, 428.5], [49, 431.5], [50, 435.5], [51, 442.0], [52, 446.0], [53, 454.0], [54, 457.75], [55, 461.0], [56, 468.5], [57, 474.0], [58, 484.0], [59, 489.0], [60, 496.0], [61, 505.5], [62, 512.0], [63, 519.0], [64, 556.0], [65, 553.5], [67, 598.5], [68, 608.0], [69, 600.5], [70, 607.0], [72, 657.0], [73, 660.0], [74, 670.0], [75, 901.0], [76, 911.5], [77, 930.5], [78, 1881.5], [79, 1892.5], [80, 1912.5], [81, 1956.0], [82, 1979.5], [83, 2027.0], [84, 2051.5], [85, 2077.5], [86, 1159.0], [87, 1136.5], [88, 1118.0], [89, 1118.0], [90, 1119.0], [91, 1114.5], [92, 1115.5], [94, 5040.5], [95, 5228.0], [96, 5315.5], [97, 5418.5], [101, 6186.0], [104, 3609.0], [106, 3565.5], [111, 5007.0], [116, 6535.5], [127, 998.0], [128, 992.5], [129, 990.0], [130, 986.0], [131, 984.0], [132, 977.0], [133, 972.0], [134, 969.0], [135, 969.0], [136, 968.5], [137, 968.0], [138, 966.5], [139, 967.0], [140, 967.0], [141, 967.0], [142, 965.0], [143, 964.5], [144, 964.0], [145, 963.5], [146, 963.0], [147, 964.0], [148, 962.0], [149, 963.5], [150, 961.0], [151, 963.5], [152, 967.5], [153, 968.0], [154, 970.5], [155, 972.5], [156, 973.0], [158, 1177.0], [159, 1164.5], [160, 1143.0], [170, 100.0], [173, 119.5], [174, 122.25], [175, 124.25], [176, 126.75], [177, 126.75], [178, 124.5], [179, 126.0], [180, 124.25], [-175, 69.0], [-173, 60.5], [-172, 61.75], [-166, 903.5], [-165, 901.0], [-164, 898.0], [-163, 895.0], [-162, 894.5], [-161, 894.5], [-160, 894.0], [-159, 895.0], [-158, 901.5], [-148, 5073.5], [-147, 5063.0], [-146, 5036.5], [-145, 5026.0], [-144, 5007.5], [-143, 5000.5], [-142, 4996.0], [-141, 4990.0], [-140, 4971.0], [-139, 4360.0], [-138, 4367.0], [-137, 4376.5], [-136, 4383.0], [-126, 758.5], [-117, 434.5], [-114, 396.5], [-113, 374.5], [-112, 360.0], [-111, 352.0], [-110, 335.0], [-109, 328.5], [-108, 322.0], [-107, 308.5], [-106, 302.0], [-105, 291.5], [-104, 287.0], [-103, 282.0], [-102, 272.0], [-101, 268.0], [-100, 259.5], [-99, 255.5], [-98, 251.5], [-97, 244.0], [-96, 241.0], [-95, 237.0], [-94, 230.0], [-93, 227.0], [-92, 222.5], [-91, 220.5], [-90, 216.5], [-89, 210.75], [-88, 208.0], [-87, 203.5], [-86, 201.5], [-85, 198.25], [-84, 197.5], [-83, 196.25], [-82, 191.5], [-81, 189.0], [-80, 187.25], [-79, 186.0], [-78, 186.0], [-77, 182.75], [-76, 182.0], [-75, 180.0], [-74, 179.0], [-73, 177.5], [-72, 175.5], [-71, 175.0], [-70, 173.25], [-69, 172.75], [-68, 170.5], [-67, 170.0], [-66, 167.5], [-65, 166.5], [-64, 166.5], [-63, 167.0], [-62, 164.0], [-61, 162.5], [-60, 162.5], [-59, 163.0], [-58, 163.0], [-57, 162.5], [-56, 163.0], [-55, 161.5], [-54, 161.0], [-53, 162.0], [-52, 161.0], [-51, 161.0], [-50, 161.0], [-49, 160.0], [-48, 160.5], [-47, 160.0], [-46, 160.5], [-45, 159.5], [-44, 162.0], [-43, 161.0], [-42, 161.0], [-41, 162.0], [-40, 162.0], [-39, 162.0], [-38, 162.5], [-37, 163.0], [-36, 163.0], [-35, 163.0], [-34, 165.0], [-33, 165.5], [-32, 166.5], [-31, 169.0], [-30, 169.5], [-29, 170.0], [-28, 171.5], [-27, 172.5], [-26, 173.0], [-25, 174.0], [-24, 175.0], [-23, 177.5], [-22, 177.5], [-21, 179.5], [-20, 181.0], [-19, 182.0], [-18, 184.0], [-17, 185.0], [-16, 188.5], [-15, 191.0], [-14, 192.5], [-13, 195.5], [-12, 196.0], [-11, 199.5], [-10, 202.0], [-9, 204.5], [-8, 209.0], [-7, 209.5], [-6, 214.5], [-5, 218.5], [-4, 220.5]]}