{"heading": 12.0, "target": 52.14526439155054, "gap_dist": 441.35669385629, "gap_info": [{"width": 303.87306674120777, "center_angle": -133.29714475612607, "edge_a": [-180, 122.25], "edge_b": [-123, 497.75], "depth": 497.75, "passable": true, "chosen": false}, {"width": 79.95902904112583, "center_angle": -93.19896769466946, "edge_a": [-94, 342.0], "edge_b": [-92, 228.5], "depth": 342.0, "passable": false, "chosen": false}, {"width": 441.35669385629, "center_angle": 52.14526439155054, "edge_a": [-14, 249.5], "edge_b": [110, 269.5], "depth": 269.5, "passable": true, "chosen": true}, {"width": 190.55959891443467, "center_angle": 162.42609939767905, "edge_a": [160, 335.5], "edge_b": [170, 107.75], "depth": 335.5, "passable": false, "chosen": false}], "scan": [[-2, 4226.0], [-1, 4231.5], [0, 4221.0], [2, 4199.5], [3, 4174.5], [4, 4167.5], [5, 4155.0], [6, 4149.0], [7, 4126.5], [8, 4128.0], [9, 4122.0], [10, 4114.5], [11, 4092.5], [12, 4090.5], [13, 4087.5], [14, 4084.5], [15, 4095.0], [16, 4105.5], [17, 4102.5], [18, 4110.0], [19, 4117.5], [20, 4125.5], [21, 4132.5], [22, 4146.0], [23, 4107.0], [26, 3532.0], [27, 3551.0], [28, 3570.0], [37, 2164.5], [39, 1984.5], [40, 1931.0], [41, 1830.5], [42, 1786.0], [43, 1746.0], [44, 1669.5], [45, 1636.0], [46, 1602.5], [47, 1542.0], [48, 1515.0], [49, 1487.0], [50, 1461.5], [51, 1415.5], [52, 1394.5], [53, 1349.5], [54, 1330.5], [55, 1312.5], [56, 1281.0], [57, 1264.5], [58, 1248.0], [59, 1215.5], [60, 1202.0], [61, 1190.0], [62, 1163.0], [63, 1149.0], [64, 1138.5], [65, 1117.0], [66, 1104.5], [67, 1085.0], [68, 1075.0], [69, 1064.5], [70, 1049.0], [71, 1040.5], [72, 1030.5], [73, 1014.0], [74, 1007.0], [75, 999.0], [76, 985.5], [77, 978.0], [78, 964.0], [79, 958.0], [80, 953.5], [81, 942.0], [82, 937.0], [83, 931.0], [84, 925.5], [85, 919.5], [86, 913.5], [87, 910.5], [88, 907.5], [89, 905.0], [90, 901.5], [91, 895.0], [92, 893.0], [93, 891.5], [94, 886.0], [95, 884.5], [96, 881.5], [97, 880.0], [98, 878.0], [99, 877.0], [100, 876.5], [101, 875.5], [102, 876.0], [103, 874.0], [104, 874.0], [105, 874.5], [106, 875.0], [107, 876.0], [108, 875.0], [109, 875.5], [110, 269.5], [111, 268.0], [112, 267.5], [113, 265.5], [114, 265.0], [115, 265.0], [116, 264.0], [117, 261.5], [118, 259.5], [119, 260.5], [120, 259.0], [121, 258.5], [122, 258.0], [123, 258.5], [124, 259.5], [125, 263.0], [126, 262.5], [127, 262.0], [128, 264.5], [129, 265.0], [130, 265.5], [131, 267.5], [132, 267.0], [133, 269.0], [134, 268.5], [135, 269.0], [136, 272.0], [137, 272.5], [138, 273.5], [139, 275.0], [140, 276.5], [141, 277.5], [142, 280.5], [143, 282.0], [144, 284.0], [145, 287.0], [146, 288.5], [147, 289.5], [148, 294.0], [149, 295.0], [150, 297.0], [151, 302.0], [152, 303.0], [153, 309.0], [154, 311.5], [155, 314.0], [156, 318.0], [157, 322.0], [158, 325.0], [159, 332.0], [160, 335.5], [163, 59.5], [164, 68.0], [165, 68.75], [166, 68.0], [170, 107.75], [171, 109.0], [173, 116.0], [174, 119.5], [175, 125.75], [176, 127.0], [177, 124.25], [178, 124.25], [179, 124.25], [-180, 122.25], [-176, 69.5], [-171, 72.25], [-167, 71.0], [-166, 3732.0], [-165, 3739.5], [-164, 3747.5], [-163, 3759.0], [-162, 3765.5], [-161, 3771.0], [-160, 3778.0], [-159, 3784.0], [-158, 1237.5], [-156, 2987.0], [-155, 2961.5], [-152, 926.5], [-151, 915.0], [-150, 913.5], [-149, 919.0], [-148, 937.0], [-147, 2479.5], [-146, 2493.0], [-145, 2504.5], [-143, 909.5], [-142, 882.0], [-141, 873.5], [-140, 862.0], [-139, 861.0], [-138, 867.5], [-137, 868.0], [-136, 859.0], [-135, 866.0], [-134, 4440.0], [-133, 4481.0], [-132, 4520.5], [-131, 4522.0], [-129, 4686.0], [-128, 4780.0], [-127, 4828.0], [-126, 4929.0], [-124, 510.25], [-123, 497.75], [-122, 485.5], [-121, 462.0], [-120, 453.5], [-119, 434.0], [-118, 424.5], [-117, 415.5], [-116, 401.0], [-115, 397.0], [-114, 382.0], [-113, 378.0], [-112, 372.5], [-111, 361.0], [-110, 354.5], [-109, 349.0], [-108, 339.5], [-107, 334.0], [-106, 324.0], [-105, 320.0], [-104, 317.0], [-103, 308.5], [-102, 305.0], [-101, 302.5], [-100, 300.5], [-99, 301.75], [-98, 304.25], [-97, 316.0], [-96, 321.5], [-95, 328.0], [-94, 342.0], [-92, 228.5], [-91, 226.5], [-90, 223.0], [-89, 221.0], [-88, 219.5], [-87, 216.5], [-86, 214.0], [-85, 212.0], [-84, 207.5], [-83, 205.0], [-82, 202.5], [-81, 202.0], [-80, 202.0], [-79, 197.5], [-78, 197.0], [-77, 195.5], [-76, 194.5], [-75, 194.5], [-74, 193.0], [-73, 191.5], [-72, 191.5], [-71, 188.5], [-70, 188.0], [-69, 188.0], [-68, 186.5], [-67, 185.5], [-66, 185.5], [-65, 185.5], [-64, 185.0], [-63, 184.5], [-62, 184.0], [-61, 183.5], [-60, 183.0], [-59, 182.0], [-58, 177.5], [-57, 177.0], [-56, 176.5], [-55, 178.5], [-54, 177.5], [-53, 177.0], [-52, 181.5], [-51, 183.0], [-50, 184.0], [-49, 184.5], [-48, 184.5], [-47, 184.0], [-46, 184.0], [-45, 184.5], [-44, 186.0], [-43, 186.5], [-42, 187.0], [-41, 188.0], [-40, 187.5], [-39, 191.0], [-38, 191.0], [-37, 192.0], [-36, 193.0], [-35, 194.0], [-34, 195.0], [-33, 196.5], [-32, 198.5], [-31, 200.5], [-30, 201.5], [-29, 201.0], [-28, 204.0], [-27, 205.5], [-26, 208.0], [-25, 210.0], [-24, 211.5], [-23, 218.0], [-22, 218.5], [-21, 222.5], [-20, 225.0], [-19, 227.5], [-18, 232.5], [-17, 235.0], [-16, 238.0], [-14, 249.5], [-13, 4562.5], [-12, 4538.0], [-11, 4484.5], [-10, 4457.0], [-9, 4434.0], [-8, 4388.0], [-7, 4366.0], [-6, 4324.75], [-5, 4302.75], [-4, 4269.25]]}