{"heading": 0.0, "target": 47.62520610469958, "gap_dist": 449.73815953452555, "gap_info": [{"width": 239.75508336633862, "center_angle": -126.56470286582142, "edge_a": [-180, 123.5], "edge_b": [-104, 258.5], "depth": 258.5, "passable": false, "chosen": false}, {"width": 68.92245095668841, "center_angle": -25.765110636741728, "edge_a": [-27, 197.5], "edge_b": [-25, 318.75], "depth": 318.75, "passable": false, "chosen": false}, {"width": 449.73815953452555, "center_angle": 47.62520610469958, "edge_a": [16, 432.5], "edge_b": [78, 448.5], "depth": 448.5, "passable": true, "chosen": true}, {"width": 259.0370916988704, "center_angle": 131.0011348175586, "edge_a": [118, 315.0], "edge_b": [171, 110.25], "depth": 315.0, "passable": false, "chosen": false}], "scan": [[-3, 256.0], [-2, 259.75], [-1, 263.75], [0, 267.5], [1, 277.25], [2, 282.75], [3, 291.75], [4, 297.0], [5, 302.5], [6, 315.0], [7, 321.0], [8, 336.0], [9, 343.0], [10, 349.5], [11, 365.25], [12, 373.75], [13, 382.0], [14, 401.5], [15, 411.5], [16, 432.5], [20, 4368.0], [21, 4372.5], [22, 4376.0], [23, 4382.5], [24, 4419.0], [25, 4424.0], [26, 4423.0], [27, 4424.5], [28, 4389.0], [30, 3825.5], [31, 3829.5], [32, 3842.0], [39, 2737.0], [40, 2581.5], [41, 2510.0], [42, 2377.5], [43, 2315.5], [44, 2257.0], [45, 2145.5], [46, 2092.5], [47, 2041.5], [48, 1996.0], [49, 1913.5], [50, 1874.5], [51, 1801.0], [52, 1766.0], [53, 1703.0], [54, 1673.5], [55, 1646.0], [56, 1595.5], [57, 1572.5], [58, 1551.0], [59, 1507.0], [60, 1484.0], [61, 1447.0], [62, 1430.5], [63, 1415.5], [64, 1382.25], [65, 1366.25], [66, 1335.0], [67, 1320.0], [68, 1295.5], [69, 1283.75], [70, 1272.5], [71, 1247.5], [72, 1237.5], [73, 1228.0], [74, 1208.5], [75, 1198.5], [76, 1181.5], [78, 448.5], [79, 441.5], [80, 435.5], [81, 426.5], [82, 423.75], [83, 411.5], [84, 407.5], [85, 402.5], [86, 394.0], [87, 390.0], [88, 384.75], [89, 382.0], [90, 377.25], [91, 371.0], [92, 367.0], [93, 360.0], [94, 357.5], [95, 355.0], [96, 349.5], [97, 347.0], [98, 341.5], [99, 340.0], [100, 339.0], [101, 333.25], [102, 332.25], [103, 330.5], [104, 327.5], [105, 324.5], [106, 322.0], [107, 321.5], [108, 319.5], [109, 317.0], [110, 315.5], [111, 314.5], [112, 312.5], [113, 311.5], [114, 310.5], [115, 310.0], [116, 308.5], [117, 308.0], [118, 315.0], [122, 1044.0], [123, 1046.5], [124, 1050.0], [125, 1059.0], [126, 1064.5], [127, 1073.0], [128, 1079.0], [129, 1089.0], [130, 1094.5], [131, 1100.5], [132, 1111.0], [133, 1117.5], [134, 1131.5], [135, 1138.0], [136, 1144.5], [137, 1162.0], [138, 1170.5], [139, 1178.0], [140, 1186.5], [141, 1201.0], [142, 1210.5], [143, 1230.75], [144, 1242.0], [145, 1265.5], [146, 1276.5], [147, 1288.0], [148, 1313.5], [149, 1326.5], [150, 1340.5], [151, 1370.5], [152, 1387.5], [153, 1421.5], [154, 1438.5], [155, 1455.5], [156, 1495.5], [157, 1518.5], [158, 1564.5], [159, 1587.5], [160, 1639.5], [161, 1665.5], [164, 67.0], [165, 69.0], [166, 68.0], [171, 110.25], [172, 116.5], [173, 119.75], [174, 122.25], [176, 127.75], [177, 125.5], [178, 125.25], [179, 126.25], [180, 125.75], [-180, 123.5], [-175, 71.25], [-170, 74.5], [-165, 3488.0], [-164, 824.75], [-163, 824.25], [-162, 3483.0], [-161, 3489.25], [-160, 3492.25], [-159, 3495.0], [-158, 3498.0], [-157, 708.5], [-156, 710.0], [-154, 655.0], [-153, 648.0], [-152, 645.5], [-151, 643.5], [-150, 645.0], [-149, 648.5], [-147, 659.0], [-146, 628.0], [-145, 634.5], [-144, 2172.5], [-143, 2188.5], [-142, 2197.0], [-141, 2206.0], [-140, 2226.5], [-139, 2237.0], [-138, 2259.0], [-137, 2273.0], [-136, 2305.0], [-135, 3888.0], [-134, 3914.5], [-133, 3966.5], [-132, 3996.5], [-131, 4054.5], [-130, 4085.5], [-129, 4118.0], [-128, 4185.0], [-127, 4222.5], [-126, 4233.0], [-124, 4366.0], [-123, 4458.5], [-122, 4504.5], [-121, 4601.5], [-120, 4651.5], [-119, 4705.0], [-118, 4817.5], [-115, 5062.0], [-114, 5129.0], [-112, 3267.5], [-111, 3166.5], [-109, 5677.5], [-104, 258.5], [-103, 254.25], [-102, 249.0], [-101, 244.75], [-100, 240.5], [-99, 236.25], [-98, 232.5], [-97, 226.75], [-96, 223.25], [-95, 220.75], [-94, 216.5], [-93, 214.0], [-92, 210.5], [-91, 208.0], [-90, 205.5], [-89, 203.5], [-88, 202.0], [-87, 200.5], [-86, 197.75], [-85, 196.0], [-84, 194.5], [-83, 193.0], [-82, 191.75], [-81, 191.0], [-80, 189.5], [-79, 186.0], [-78, 185.5], [-77, 185.75], [-76, 183.0], [-75, 182.5], [-74, 182.0], [-73, 177.0], [-72, 178.0], [-71, 177.0], [-70, 177.0], [-69, 177.0], [-68, 177.0], [-67, 176.0], [-66, 175.0], [-65, 174.0], [-64, 173.5], [-63, 172.0], [-62, 171.0], [-61, 171.0], [-60, 170.0], [-59, 169.0], [-58, 166.5], [-57, 166.0], [-56, 165.0], [-55, 166.0], [-54, 167.0], [-53, 168.0], [-52, 170.0], [-51, 171.0], [-50, 173.0], [-49, 174.5], [-48, 174.5], [-47, 175.0], [-46, 176.5], [-45, 177.5], [-44, 177.5], [-43, 178.5], [-42, 178.5], [-41, 178.5], [-40, 180.0], [-39, 181.5], [-38, 183.0], [-37, 183.5], [-36, 184.0], [-35, 184.0], [-34, 186.5], [-33, 188.0], [-32, 188.5], [-31, 190.0], [-30, 192.0], [-29, 194.5], [-28, 196.0], [-27, 197.5], [-25, 318.75], [-24, 324.25], [-23, 316.0], [-22, 310.5], [-21, 304.5], [-20, 291.5], [-18, 273.0], [-17, 267.5], [-16, 263.75], [-15, 255.75], [-14, 251.5], [-13, 242.5], [-12, 237.25], [-11, 233.5], [-10, 226.5], [-9, 224.0], [-8, 224.0], [-7, 221.0], [-6, 223.0], [-5, 224.5]]}