{"heading": 23.7, "target": 75.06586150573355, "gap_dist": 452.9640817264156, "gap_info": [{"width": 70.85029721734728, "center_angle": 9.592320634780904, "edge_a": [9, 220.25], "edge_b": [10, 320.0], "depth": 320.0, "passable": false, "chosen": false}, {"width": 452.9640817264156, "center_angle": 75.06586150573355, "edge_a": [45, 453.5], "edge_b": [103, 485.0], "depth": 485.0, "passable": true, "chosen": true}, {"width": 126.83426954758832, "center_angle": 141.32054029401246, "edge_a": [139, 325.0], "edge_b": [143, 449.0], "depth": 449.0, "passable": false, "chosen": false}, {"width": 348.6901923456998, "center_angle": 148.18724841143163, "edge_a": [143, 449.0], "edge_b": [170, 109.25], "depth": 449.0, "passable": true, "chosen": false}], "scan": [[-2, 191.25], [-1, 194.5], [0, 196.0], [1, 200.5], [2, 201.25], [3, 203.25], [4, 207.5], [5, 210.0], [6, 213.5], [7, 216.0], [8, 218.5], [9, 220.25], [10, 320.0], [11, 320.0], [12, 321.0], [13, 320.75], [14, 310.5], [15, 305.5], [16, 297.0], [17, 294.0], [18, 285.0], [19, 282.0], [20, 279.0], [21, 269.5], [22, 268.0], [23, 263.0], [24, 260.25], [25, 260.25], [26, 257.75], [27, 259.0], [28, 262.0], [29, 267.0], [30, 275.0], [31, 287.0], [32, 291.0], [33, 300.0], [34, 306.0], [35, 313.0], [36, 327.5], [37, 335.0], [38, 350.0], [39, 358.0], [40, 367.5], [41, 385.5], [42, 394.0], [43, 415.5], [44, 441.0], [45, 453.5], [48, 521.5], [50, 4414.0], [51, 4419.5], [52, 4430.5], [53, 4436.5], [54, 4462.0], [55, 4461.0], [56, 4451.0], [57, 4428.5], [59, 3856.0], [60, 3869.5], [61, 3893.5], [67, 2851.5], [68, 2676.0], [70, 2447.5], [71, 2382.5], [72, 2258.0], [73, 2202.5], [74, 2152.0], [75, 2052.5], [76, 2008.5], [77, 1924.0], [78, 1886.5], [79, 1849.5], [80, 1783.5], [81, 1749.5], [82, 1688.0], [83, 1660.0], [84, 1610.0], [85, 1584.5], [86, 1562.0], [87, 1518.0], [88, 1496.0], [89, 1457.5], [90, 1441.0], [91, 1425.0], [92, 1393.0], [93, 1378.5], [94, 1349.0], [95, 1336.5], [96, 1308.5], [97, 1295.5], [98, 1283.0], [99, 1259.5], [100, 1246.5], [101, 1237.0], [102, 1227.0], [103, 485.0], [104, 472.0], [105, 465.5], [106, 457.5], [107, 444.5], [108, 439.0], [109, 429.0], [110, 424.5], [111, 418.5], [112, 410.5], [113, 406.0], [114, 397.0], [115, 393.5], [116, 389.5], [117, 383.5], [118, 380.5], [119, 373.5], [120, 370.0], [121, 363.0], [122, 360.5], [123, 355.0], [124, 352.5], [125, 350.5], [126, 343.5], [127, 343.0], [128, 338.5], [129, 337.0], [130, 335.5], [131, 331.0], [132, 328.5], [133, 327.75], [134, 326.25], [135, 323.25], [136, 321.5], [137, 322.0], [138, 322.5], [139, 325.0], [143, 449.0], [144, 1124.5], [146, 1045.5], [147, 1049.0], [148, 1050.75], [149, 1056.5], [150, 1059.5], [151, 1063.5], [152, 1073.5], [153, 1076.75], [154, 1083.0], [155, 1089.5], [156, 1094.25], [157, 1104.0], [158, 1109.5], [159, 1123.5], [160, 1129.0], [161, 1133.0], [163, 61.25], [165, 70.0], [166, 70.5], [170, 109.25], [171, 109.25], [173, 120.75], [174, 122.75], [175, 125.25], [176, 128.0], [177, 127.0], [178, 124.75], [179, 125.5], [180, 125.75], [-175, 68.5], [-173, 62.5], [-171, 79.0], [-170, 73.75], [-169, 72.5], [-168, 71.0], [-165, 504.0], [-164, 504.5], [-163, 507.0], [-162, 507.75], [-161, 519.5], [-159, 586.5], [-157, 2643.5], [-151, 1220.5], [-150, 3214.5], [-149, 3299.5], [-148, 3338.5], [-147, 3309.5], [-146, 3300.0], [-145, 3284.5], [-144, 3277.0], [-143, 3270.5], [-142, 3257.0], [-141, 3251.0], [-140, 3245.0], [-139, 3442.0], [-137, 791.5], [-136, 3428.5], [-135, 3437.5], [-134, 3439.0], [-133, 3439.75], [-132, 3441.75], [-131, 673.5], [-130, 669.5], [-128, 612.0], [-127, 606.5], [-126, 600.5], [-125, 601.0], [-124, 602.25], [-123, 598.5], [-122, 595.0], [-121, 596.25], [-120, 585.5], [-119, 582.0], [-118, 587.0], [-117, 2136.0], [-116, 2153.0], [-115, 2174.0], [-114, 2185.0], [-113, 2203.0], [-112, 2214.0], [-111, 2225.5], [-110, 2260.5], [-109, 3850.5], [-108, 3877.0], [-107, 3903.5], [-106, 3928.0], [-105, 3988.0], [-104, 4018.5], [-103, 4080.0], [-102, 4112.5], [-101, 4182.5], [-100, 4217.5], [-99, 4174.5], [-97, 4373.5], [-96, 4413.5], [-95, 4505.0], [-94, 4554.0], [-93, 4657.0], [-92, 4709.5], [-91, 4817.0], [-90, 4871.5], [-89, 4942.5], [-88, 5079.0], [-87, 5149.5], [-86, 3224.5], [-85, 3179.5], [-84, 3127.5], [-82, 5707.5], [-80, 6115.0], [-79, 6209.5], [-78, 6330.0], [-77, 6453.5], [-75, 7075.0], [-71, 229.0], [-70, 223.75], [-69, 221.75], [-68, 220.75], [-67, 215.75], [-66, 213.0], [-65, 208.25], [-64, 206.5], [-63, 204.0], [-62, 201.25], [-61, 200.75], [-60, 198.5], [-59, 196.25], [-58, 194.0], [-57, 192.25], [-56, 191.5], [-55, 188.75], [-54, 187.25], [-53, 185.5], [-52, 185.25], [-51, 184.75], [-50, 183.0], [-49, 182.0], [-48, 180.75], [-47, 180.5], [-46, 179.0], [-45, 177.75], [-44, 178.25], [-43, 176.5], [-42, 175.5], [-41, 175.0], [-40, 174.25], [-39, 174.0], [-38, 172.25], [-37, 172.5], [-36, 172.5], [-35, 170.0], [-34, 169.75], [-33, 169.25], [-32, 168.75], [-31, 167.0], [-30, 168.25], [-29, 168.0], [-28, 167.25], [-27, 172.5], [-26, 170.75], [-25, 171.25], [-24, 171.25], [-23, 172.25], [-22, 173.25], [-21, 173.75], [-20, 174.75], [-19, 176.0], [-18, 176.5], [-17, 176.75], [-16, 177.75], [-15, 180.25], [-14, 180.25], [-13, 182.0], [-12, 183.0], [-11, 183.5], [-10, 184.5], [-9, 184.75], [-8, 184.75], [-7, 187.5], [-6, 189.0], [-5, 190.25], [-4, 191.25], [-3, 194.5]]}