{"heading": -66.7, "target": 38.27892565939173, "gap_dist": 508.1689663550714, "gap_info": [{"width": 52.41251387006453, "center_angle": -47.664200156089755, "edge_a": [-49, 258.5], "edge_b": [-46, 207.5], "depth": 258.5, "passable": false, "chosen": false}, {"width": 106.23283910827203, "center_angle": 23.146237677854735, "edge_a": [22, 308.0], "edge_b": [24, 413.5], "depth": 413.5, "passable": false, "chosen": false}, {"width": 508.1689663550714, "center_angle": 38.27892565939173, "edge_a": [29, 495.5], "edge_b": [171, 108.75], "depth": 495.5, "passable": true, "chosen": true}], "scan": [[-3, 213.5], [-2, 223.0], [-1, 225.0], [0, 227.5], [1, 230.0], [2, 232.0], [3, 234.5], [4, 239.0], [5, 241.0], [6, 244.5], [7, 245.5], [8, 248.0], [9, 252.5], [10, 255.0], [11, 259.5], [12, 261.0], [13, 264.5], [14, 267.5], [15, 272.5], [16, 274.0], [17, 279.0], [18, 282.5], [19, 286.5], [20, 294.0], [21, 298.5], [22, 308.0], [24, 413.5], [25, 433.0], [26, 437.75], [27, 449.25], [28, 460.25], [29, 495.5], [30, 505.5], [31, 521.0], [33, 578.5], [35, 627.0], [36, 641.0], [38, 716.5], [43, 1283.5], [44, 1305.0], [45, 1313.5], [46, 1159.0], [47, 1132.0], [48, 1121.5], [49, 1127.0], [50, 1142.0], [51, 1149.5], [52, 1167.0], [53, 1175.0], [54, 1185.5], [55, 1205.0], [56, 1214.5], [57, 1237.5], [58, 1247.5], [59, 1260.0], [61, 8152.0], [63, 10763.5], [64, 10793.5], [65, 11839.5], [66, 11862.5], [67, 11929.0], [68, 11956.0], [69, 12012.0], [79, 7577.0], [86, 4188.5], [87, 4202.5], [89, 3691.5], [95, 3917.5], [113, 7992.5], [117, 2397.0], [118, 2399.0], [120, 7639.5], [122, 7523.5], [123, 7488.0], [124, 7452.5], [128, 2200.0], [129, 2191.5], [145, 6944.5], [147, 6971.5], [148, 6971.5], [149, 6973.0], [150, 6983.5], [151, 7007.5], [152, 7018.5], [153, 7037.5], [154, 7047.5], [155, 7068.5], [156, 843.0], [157, 811.0], [158, 803.0], [159, 801.5], [160, 808.0], [165, 70.25], [167, 60.5], [171, 108.75], [173, 120.5], [174, 123.75], [175, 125.75], [176, 126.25], [177, 125.5], [178, 125.0], [179, 124.75], [180, 125.0], [-175, 70.25], [-173, 59.5], [-168, 74.25], [-166, 85.0], [-165, 85.0], [-162, 3227.0], [-154, 78.5], [-147, 7232.0], [-143, 10258.0], [-141, 10736.5], [-140, 10854.0], [-138, 1174.0], [-137, 1169.5], [-136, 1164.5], [-135, 1160.5], [-134, 1153.0], [-133, 1149.5], [-132, 1145.0], [-131, 1141.0], [-130, 1138.0], [-129, 1133.5], [-128, 1131.0], [-127, 1129.5], [-126, 929.0], [-125, 923.0], [-124, 909.5], [-123, 905.5], [-122, 894.0], [-121, 887.5], [-120, 882.5], [-119, 871.0], [-118, 864.0], [-117, 856.0], [-116, 852.0], [-115, 848.0], [-114, 866.5], [-105, 1217.5], [-103, 587.0], [-102, 587.0], [-100, 509.0], [-99, 507.0], [-97, 459.0], [-96, 461.0], [-94, 413.5], [-93, 408.0], [-92, 396.5], [-91, 390.5], [-90, 379.5], [-89, 374.0], [-88, 369.0], [-87, 359.5], [-86, 355.0], [-85, 349.5], [-84, 342.0], [-83, 337.5], [-82, 330.5], [-81, 326.0], [-80, 323.0], [-79, 315.5], [-78, 314.0], [-77, 308.0], [-76, 306.0], [-75, 305.5], [-74, 298.5], [-73, 296.0], [-72, 291.5], [-71, 289.0], [-70, 286.0], [-69, 283.5], [-68, 281.5], [-67, 278.5], [-66, 276.0], [-65, 274.5], [-64, 272.0], [-63, 271.0], [-62, 270.0], [-61, 270.0], [-60, 269.0], [-59, 264.5], [-58, 265.0], [-57, 263.5], [-56, 263.5], [-55, 263.0], [-54, 261.5], [-53, 260.0], [-52, 258.0], [-51, 258.0], [-50, 257.5], [-49, 258.5], [-46, 207.5], [-45, 206.5], [-44, 205.0], [-43, 204.5], [-42, 204.5], [-41, 200.5], [-40, 200.5], [-39, 199.0], [-38, 198.5], [-37, 197.5], [-36, 196.0], [-35, 196.0], [-34, 195.0], [-33, 195.5], [-32, 194.5], [-31, 193.5], [-30, 192.0], [-29, 191.0], [-28, 190.5], [-27, 190.5], [-26, 191.0], [-25, 192.0], [-24, 192.5], [-23, 194.5], [-22, 196.5], [-21, 195.5], [-20, 196.5], [-19, 197.5], [-18, 198.0], [-17, 199.0], [-16, 199.5], [-15, 200.0], [-14, 201.0], [-13, 202.0], [-12, 204.0], [-11, 205.0], [-10, 205.5], [-9, 206.5], [-8, 206.5], [-7, 208.5], [-6, 210.0], [-5, 211.5], [-4, 212.5]]}