{"heading": 29.6, "target": 44.62746170150225, "gap_dist": 538.0482802744486, "gap_info": [{"width": 254.0776681423529, "center_angle": -139.23267027335777, "edge_a": [-155, 467.5], "edge_b": [-124, 483.5], "depth": 483.5, "passable": false, "chosen": false}, {"width": 538.0482802744486, "center_angle": 44.62746170150225, "edge_a": [11, 497.5], "edge_b": [79, 488.0], "depth": 497.5, "passable": true, "chosen": true}, {"width": 395.65874628843096, "center_angle": 116.22049800989848, "edge_a": [104, 425.5], "edge_b": [171, 110.25], "depth": 425.5, "passable": true, "chosen": false}], "scan": [[-2, 327.75], [-1, 336.5], [0, 342.0], [1, 356.5], [2, 364.0], [3, 379.0], [4, 387.5], [5, 406.0], [6, 414.5], [7, 423.0], [8, 445.5], [9, 457.5], [11, 497.5], [31, 3814.0], [34, 3798.5], [35, 3809.25], [36, 3810.5], [37, 3812.25], [38, 3815.5], [41, 3830.5], [42, 4053.5], [43, 4071.0], [44, 4088.25], [45, 4100.5], [47, 4133.75], [48, 4147.75], [49, 4162.5], [50, 4192.5], [51, 4208.0], [52, 4244.25], [53, 4262.75], [54, 4273.75], [55, 3409.75], [56, 1025.5], [57, 1012.25], [58, 1008.0], [59, 990.25], [60, 977.0], [61, 957.5], [62, 950.5], [63, 941.25], [64, 931.25], [65, 923.5], [66, 912.75], [67, 909.25], [68, 899.0], [69, 894.0], [70, 890.0], [71, 884.0], [72, 881.25], [73, 873.75], [74, 871.75], [75, 867.75], [76, 861.0], [77, 859.5], [78, 857.5], [79, 488.0], [80, 481.5], [81, 478.5], [82, 474.75], [83, 470.75], [84, 468.5], [85, 461.25], [86, 459.5], [87, 456.75], [88, 454.0], [89, 451.25], [90, 448.75], [91, 445.75], [92, 441.75], [93, 440.0], [94, 438.5], [95, 436.75], [96, 435.0], [97, 433.25], [98, 431.75], [99, 429.75], [100, 428.0], [101, 427.0], [102, 427.5], [103, 426.5], [104, 425.5], [107, 1027.75], [108, 1037.25], [109, 1044.75], [110, 1053.0], [111, 1065.0], [112, 1073.0], [113, 1094.0], [114, 1097.5], [115, 1104.5], [120, 2959.75], [121, 2944.5], [123, 2933.0], [124, 2885.0], [125, 2892.5], [126, 2921.5], [129, 4985.0], [131, 3470.5], [133, 2392.75], [134, 2396.75], [136, 8390.5], [139, 6795.0], [143, 5239.5], [144, 5282.5], [146, 8205.5], [147, 8008.5], [148, 7943.0], [150, 3858.0], [152, 3901.5], [154, 2926.75], [155, 2909.25], [156, 2908.75], [157, 2960.5], [158, 5809.5], [159, 5713.5], [160, 5618.0], [161, 5523.75], [165, 69.75], [166, 69.5], [171, 110.25], [173, 120.75], [174, 122.75], [175, 124.75], [176, 126.5], [177, 126.25], [178, 124.25], [179, 124.25], [180, 124.5], [-175, 68.0], [-174, 62.5], [-166, 502.5], [-165, 495.25], [-164, 493.5], [-163, 490.5], [-162, 484.5], [-161, 482.0], [-160, 475.75], [-159, 473.5], [-158, 470.75], [-157, 467.75], [-156, 468.75], [-155, 467.5], [-150, 3811.25], [-149, 3807.75], [-148, 3804.5], [-147, 3779.75], [-145, 3178.25], [-144, 3187.25], [-143, 3203.75], [-142, 3221.0], [-124, 483.5], [-123, 454.5], [-122, 443.0], [-121, 419.0], [-120, 410.0], [-119, 401.0], [-118, 382.5], [-117, 374.0], [-116, 359.5], [-115, 351.5], [-114, 337.0], [-113, 331.0], [-112, 325.0], [-111, 312.25], [-110, 307.75], [-109, 298.0], [-108, 293.0], [-107, 289.0], [-106, 280.0], [-105, 276.25], [-104, 269.0], [-103, 265.5], [-102, 258.5], [-101, 255.0], [-100, 252.5], [-99, 244.25], [-98, 241.75], [-97, 240.5], [-96, 235.0], [-95, 232.25], [-94, 228.0], [-93, 224.5], [-92, 219.5], [-91, 217.5], [-90, 216.5], [-89, 212.5], [-88, 210.75], [-87, 208.0], [-86, 205.75], [-85, 204.0], [-84, 202.25], [-83, 200.25], [-82, 199.0], [-81, 197.0], [-80, 195.5], [-79, 193.75], [-78, 193.0], [-77, 192.5], [-76, 190.0], [-75, 189.25], [-74, 188.25], [-73, 188.25], [-72, 186.75], [-71, 186.0], [-70, 185.5], [-69, 185.0], [-68, 184.0], [-67, 183.5], [-66, 183.0], [-65, 182.0], [-64, 181.25], [-63, 181.25], [-62, 180.5], [-61, 179.75], [-60, 179.0], [-59, 179.5], [-58, 180.25], [-57, 179.0], [-56, 180.75], [-55, 181.0], [-54, 181.75], [-53, 181.0], [-52, 181.25], [-51, 183.25], [-50, 183.5], [-49, 183.5], [-48, 184.0], [-47, 185.0], [-46, 184.75], [-45, 184.75], [-44, 186.25], [-43, 187.25], [-42, 188.5], [-41, 189.75], [-40, 190.5], [-39, 192.0], [-38, 192.5], [-37, 194.0], [-36, 195.25], [-35, 196.0], [-34, 197.75], [-33, 198.5], [-32, 202.0], [-31, 203.25], [-30, 204.0], [-29, 207.0], [-28, 207.75], [-27, 211.25], [-26, 212.5], [-25, 217.5], [-24, 220.0], [-23, 221.75], [-22, 224.75], [-21, 227.25], [-20, 231.75], [-19, 235.0], [-18, 236.75], [-17, 241.75], [-16, 244.5], [-15, 252.0], [-14, 255.5], [-13, 259.25], [-12, 264.25], [-11, 268.0], [-10, 275.5], [-9, 278.5], [-8, 283.0], [-7, 291.0], [-6, 295.0], [-5, 303.75], [-4, 309.5], [-3, 321.0]]}