{"heading": -9.8, "target": 38.86091409785385, "gap_dist": 427.7384035610476, "gap_info": [{"width": 321.1467943275866, "center_angle": -87.30622432649582, "edge_a": [-97, 479.5], "edge_b": [-60, 176.0], "depth": 479.5, "passable": true, "chosen": false}, {"width": 427.7384035610476, "center_angle": 38.86091409785385, "edge_a": [-4, 315.5], "edge_b": [78, 340.0], "depth": 340.0, "passable": true, "chosen": true}, {"width": 215.7266645378458, "center_angle": 143.3826866988157, "edge_a": [133, 293.0], "edge_b": [172, 110.25], "depth": 293.0, "passable": false, "chosen": false}], "scan": [[-3, 4289.0], [-2, 4275.5], [-1, 4264.0], [0, 4270.0], [1, 4249.0], [2, 4245.5], [3, 4231.0], [4, 4225.5], [5, 4225.0], [6, 4227.0], [7, 4234.0], [8, 4240.5], [9, 4253.5], [10, 4266.5], [11, 4272.0], [12, 4274.5], [13, 4285.5], [14, 4282.5], [15, 4263.0], [16, 4262.5], [18, 3684.0], [19, 3694.5], [20, 3722.5], [27, 2569.5], [28, 2419.5], [29, 2293.0], [30, 2173.5], [31, 2119.0], [32, 2065.5], [33, 1965.5], [34, 1918.5], [35, 1874.0], [36, 1796.5], [37, 1759.5], [38, 1687.0], [39, 1654.0], [40, 1620.5], [41, 1563.0], [42, 1537.5], [43, 1487.0], [44, 1465.0], [45, 1446.0], [46, 1426.5], [47, 1388.5], [48, 1371.5], [49, 1334.5], [50, 1319.5], [51, 1305.0], [52, 1274.5], [53, 1261.5], [54, 1236.5], [55, 1225.0], [56, 1213.5], [57, 1190.0], [58, 1180.0], [59, 1169.0], [60, 1148.0], [61, 1139.0], [62, 1119.0], [63, 1109.5], [64, 1101.0], [65, 1086.0], [66, 1078.0], [67, 1064.0], [68, 1056.5], [69, 1042.5], [70, 1037.5], [71, 1032.5], [72, 1021.0], [73, 1016.5], [74, 1006.0], [75, 1001.0], [76, 995.5], [77, 991.5], [78, 340.0], [79, 336.0], [80, 332.0], [81, 328.5], [82, 322.5], [83, 321.5], [84, 314.75], [85, 313.5], [86, 311.5], [87, 305.5], [88, 305.25], [89, 301.75], [90, 300.0], [91, 298.5], [92, 296.5], [93, 295.0], [94, 292.5], [95, 291.5], [96, 287.5], [97, 286.5], [98, 285.5], [99, 285.0], [100, 284.0], [101, 284.0], [102, 280.0], [103, 280.5], [104, 278.5], [105, 278.5], [106, 278.0], [107, 277.0], [108, 276.5], [109, 275.5], [110, 274.5], [111, 274.5], [112, 273.5], [113, 274.0], [114, 274.5], [115, 274.5], [116, 275.0], [117, 275.25], [118, 276.0], [119, 277.0], [120, 277.5], [121, 277.0], [122, 278.5], [123, 280.0], [124, 280.5], [125, 282.0], [126, 282.0], [127, 284.5], [128, 285.5], [129, 287.0], [130, 290.0], [131, 291.0], [132, 293.5], [133, 293.0], [136, 1210.0], [137, 1236.5], [138, 1251.0], [139, 1265.0], [140, 1277.0], [141, 1307.5], [142, 1322.5], [143, 1356.0], [144, 1373.0], [145, 1409.5], [146, 1428.5], [147, 1447.5], [148, 1491.5], [149, 1515.5], [150, 1567.5], [151, 1594.5], [152, 1623.0], [153, 1684.0], [154, 1717.0], [155, 1786.0], [156, 1824.5], [157, 1864.0], [158, 1946.5], [159, 1993.5], [160, 2043.5], [161, 2149.5], [164, 68.25], [165, 69.0], [166, 69.0], [169, 100.0], [172, 110.25], [173, 119.25], [174, 121.75], [175, 125.75], [176, 126.0], [177, 125.75], [178, 125.0], [179, 125.0], [-175, 68.0], [-171, 76.75], [-169, 71.25], [-168, 70.5], [-166, 3620.5], [-165, 1212.0], [-163, 2834.0], [-161, 2265.0], [-160, 2264.0], [-158, 2281.5], [-157, 2300.0], [-156, 2308.0], [-155, 2317.5], [-154, 2334.0], [-152, 916.5], [-151, 903.0], [-150, 902.5], [-149, 907.0], [-148, 909.5], [-146, 4032.5], [-145, 4064.0], [-144, 4120.5], [-143, 4148.5], [-141, 1049.5], [-140, 1064.0], [-139, 1068.5], [-138, 1030.5], [-137, 1012.0], [-136, 998.5], [-135, 993.0], [-134, 998.5], [-133, 4706.5], [-132, 4763.5], [-131, 4814.0], [-130, 4919.5], [-129, 4976.0], [-128, 5034.0], [-126, 5226.5], [-124, 648.0], [-123, 636.0], [-122, 623.5], [-121, 600.0], [-120, 588.0], [-119, 568.5], [-118, 560.5], [-117, 551.5], [-116, 529.0], [-115, 524.0], [-114, 510.5], [-113, 503.0], [-112, 492.5], [-111, 485.5], [-110, 479.5], [-109, 469.0], [-108, 463.0], [-107, 453.0], [-106, 448.0], [-105, 443.0], [-104, 435.0], [-103, 431.0], [-102, 430.5], [-101, 432.5], [-100, 440.0], [-99, 459.0], [-98, 468.5], [-97, 479.5], [-96, 502.0], [-94, 530.5], [-93, 557.0], [-88, 8730.5], [-75, 7508.0], [-70, 4294.0], [-65, 2939.0], [-64, 2908.5], [-60, 176.0], [-59, 173.5], [-58, 172.0], [-57, 173.5], [-56, 174.0], [-55, 174.5], [-54, 177.5], [-53, 178.5], [-52, 178.5], [-51, 178.5], [-50, 178.0], [-49, 179.5], [-48, 179.5], [-47, 181.0], [-46, 181.0], [-45, 182.0], [-44, 183.0], [-43, 183.0], [-42, 184.0], [-41, 184.5], [-40, 187.0], [-39, 187.5], [-38, 188.5], [-37, 189.5], [-36, 190.0], [-35, 195.0], [-34, 194.5], [-33, 195.0], [-32, 198.5], [-31, 200.5], [-30, 203.0], [-29, 204.0], [-28, 205.0], [-27, 209.0], [-26, 211.5], [-25, 215.5], [-24, 218.0], [-23, 220.5], [-22, 223.5], [-21, 225.5], [-20, 231.5], [-19, 234.5], [-18, 239.0], [-17, 242.0], [-16, 246.5], [-15, 252.5], [-14, 256.0], [-13, 263.0], [-12, 266.5], [-11, 270.0], [-10, 278.0], [-9, 281.0], [-8, 290.0], [-7, 293.5], [-6, 297.5], [-5, 310.0], [-4, 315.5]]}