{"heading": -4.3, "target": -169.21736225055136, "gap_dist": 283.9865096150956, "gap_info": [{"width": 283.9865096150956, "center_angle": -169.21736225055136, "edge_a": [-178, 102.5], "edge_b": [-167, 404.5], "depth": 404.5, "passable": true, "chosen": true}, {"width": 52.41067310097328, "center_angle": -118.5992760607356, "edge_a": [-120, 392.75], "edge_b": [-117, 344.0], "depth": 392.75, "passable": false, "chosen": false}, {"width": 229.8154933819807, "center_angle": 26.787059518629068, "edge_a": [18, 453.75], "edge_b": [170, 115.75], "depth": 453.75, "passable": false, "chosen": false}], "scan": [[-4, 230.75], [-3, 234.5], [-2, 238.5], [-1, 248.25], [0, 252.75], [1, 261.5], [2, 267.5], [3, 273.5], [4, 283.75], [5, 289.5], [6, 302.5], [7, 307.5], [8, 313.5], [9, 328.5], [10, 336.25], [11, 352.5], [12, 362.5], [13, 372.5], [14, 391.25], [15, 402.25], [17, 439.75], [18, 453.75], [35, 3186.25], [36, 3003.0], [37, 3012.5], [39, 3171.25], [40, 3174.25], [41, 3175.5], [42, 3181.5], [43, 3185.5], [44, 3189.0], [45, 3196.75], [46, 3198.75], [47, 1237.0], [48, 1228.75], [49, 1216.0], [50, 1208.5], [51, 1213.25], [52, 1220.25], [54, 3516.5], [56, 3563.25], [57, 3584.75], [58, 3618.0], [59, 3635.25], [61, 1352.5], [62, 3725.0], [64, 2870.0], [66, 1386.5], [67, 1359.25], [68, 1339.5], [69, 1326.5], [70, 1328.5], [71, 1336.25], [73, 2428.0], [74, 2474.75], [75, 2500.5], [76, 2525.75], [77, 2576.0], [78, 2602.25], [79, 2658.25], [81, 4683.0], [82, 4691.5], [83, 4919.25], [84, 4985.75], [85, 5055.0], [86, 5194.25], [87, 5270.75], [88, 5351.75], [89, 5516.5], [90, 5607.25], [91, 533.25], [92, 532.0], [93, 527.0], [94, 524.25], [95, 524.0], [96, 523.5], [97, 523.5], [98, 524.0], [99, 523.0], [100, 523.5], [101, 522.75], [102, 523.5], [103, 525.5], [104, 528.25], [105, 529.75], [106, 534.5], [107, 536.0], [108, 533.0], [109, 537.0], [110, 545.25], [111, 544.5], [112, 544.0], [113, 550.5], [114, 551.75], [115, 555.25], [116, 560.25], [117, 562.5], [118, 571.0], [119, 573.25], [120, 581.0], [121, 585.25], [122, 591.5], [123, 598.5], [124, 604.5], [125, 612.25], [126, 618.25], [127, 632.5], [128, 637.75], [129, 646.75], [130, 654.75], [131, 664.25], [132, 685.0], [133, 693.0], [134, 707.0], [135, 716.5], [136, 728.0], [137, 842.75], [138, 857.75], [139, 875.75], [140, 908.75], [141, 924.0], [142, 962.25], [143, 979.5], [144, 1001.75], [145, 1047.75], [146, 1116.75], [148, 1168.0], [149, 1188.5], [153, 5519.5], [154, 3123.25], [155, 3100.75], [157, 2212.75], [158, 2225.25], [159, 2237.25], [161, 2921.0], [163, 60.75], [165, 70.5], [166, 70.25], [170, 115.75], [172, 111.5], [173, 119.75], [174, 122.0], [175, 124.0], [176, 126.5], [177, 126.25], [178, 124.75], [180, 127.5], [-178, 102.5], [-175, 69.25], [-171, 77.75], [-169, 73.5], [-168, 74.0], [-167, 404.5], [-166, 400.75], [-165, 394.5], [-164, 393.25], [-163, 392.0], [-162, 390.5], [-161, 389.75], [-160, 384.75], [-159, 383.5], [-158, 380.75], [-157, 378.0], [-156, 376.75], [-155, 375.5], [-154, 375.25], [-153, 374.5], [-152, 375.75], [-151, 374.25], [-150, 372.0], [-149, 370.5], [-148, 372.25], [-147, 371.25], [-146, 371.0], [-145, 369.0], [-144, 368.25], [-143, 368.25], [-142, 368.0], [-141, 367.75], [-140, 370.0], [-139, 370.0], [-138, 369.25], [-137, 370.5], [-136, 370.5], [-135, 371.25], [-134, 372.5], [-133, 371.5], [-132, 372.25], [-131, 374.0], [-130, 376.75], [-129, 377.5], [-128, 378.5], [-127, 381.0], [-126, 381.0], [-125, 385.25], [-124, 389.75], [-123, 393.5], [-122, 399.25], [-121, 395.25], [-120, 392.75], [-117, 344.0], [-116, 324.75], [-115, 310.25], [-114, 304.25], [-113, 297.75], [-112, 283.75], [-111, 278.25], [-110, 268.5], [-109, 264.5], [-108, 255.5], [-107, 250.5], [-106, 245.5], [-105, 237.0], [-104, 231.75], [-103, 224.75], [-102, 221.25], [-101, 218.75], [-100, 213.0], [-99, 209.75], [-98, 204.75], [-97, 202.5], [-96, 200.5], [-95, 194.5], [-94, 193.0], [-93, 189.25], [-92, 187.25], [-91, 185.5], [-90, 181.75], [-89, 179.75], [-88, 176.5], [-87, 175.75], [-86, 172.5], [-85, 171.0], [-84, 170.0], [-83, 168.5], [-82, 167.5], [-81, 164.75], [-80, 163.5], [-79, 162.0], [-78, 161.75], [-77, 161.0], [-76, 159.0], [-75, 158.25], [-74, 157.5], [-73, 157.75], [-72, 157.25], [-71, 155.75], [-70, 155.25], [-69, 153.25], [-68, 153.0], [-67, 153.0], [-66, 151.0], [-65, 151.5], [-64, 150.75], [-63, 150.25], [-62, 149.25], [-61, 148.5], [-60, 149.25], [-59, 148.75], [-58, 148.75], [-57, 148.5], [-56, 148.5], [-55, 149.0], [-54, 148.75], [-53, 148.75], [-52, 148.75], [-51, 148.75], [-50, 149.0], [-49, 149.5], [-48, 150.75], [-47, 150.75], [-46, 151.0], [-45, 151.0], [-44, 151.0], [-43, 151.0], [-42, 151.0], [-41, 153.75], [-40, 153.75], [-39, 154.0], [-38, 155.5], [-37, 156.0], [-36, 157.0], [-35, 157.25], [-34, 157.75], [-33, 158.75], [-32, 160.0], [-31, 160.5], [-30, 161.0], [-29, 163.0], [-28, 163.5], [-27, 164.75], [-26, 167.5], [-25, 169.25], [-24, 170.5], [-23, 171.75], [-22, 173.0], [-21, 176.25], [-20, 176.75], [-19, 180.5], [-18, 182.25], [-17, 184.0], [-16, 189.0], [-15, 190.5], [-14, 194.5], [-13, 196.0], [-12, 199.5], [-11, 202.75], [-10, 206.0], [-9, 209.0], [-8, 211.75], [-7, 218.5], [-6, 220.75], [-5, 223.25]]}