{"heading": -8.7, "target": 54.799379705072134, "gap_dist": 280.15991502447594, "gap_info": [{"width": 280.15991502447594, "center_angle": 54.799379705072134, "edge_a": [38, 329.5], "edge_b": [170, 105.25], "depth": 329.5, "passable": true, "chosen": true}], "scan": [[-4, 177.5], [-3, 198.5], [-2, 200.5], [-1, 201.0], [0, 202.5], [1, 203.5], [2, 205.0], [3, 205.5], [4, 207.0], [5, 210.5], [6, 210.5], [7, 213.0], [8, 213.0], [9, 216.0], [10, 217.5], [11, 219.0], [12, 221.0], [13, 224.0], [14, 224.0], [15, 225.5], [16, 228.0], [17, 234.5], [18, 235.5], [19, 238.5], [20, 241.0], [21, 242.5], [22, 248.0], [23, 250.5], [24, 252.0], [25, 258.5], [26, 261.0], [27, 266.5], [28, 268.5], [29, 270.5], [30, 277.5], [31, 284.5], [32, 288.5], [33, 296.5], [34, 302.0], [35, 306.0], [36, 314.0], [37, 317.5], [38, 329.5], [43, 1524.5], [44, 7126.5], [49, 2993.5], [52, 1781.5], [53, 2065.0], [54, 4469.0], [56, 6446.0], [62, 6089.5], [64, 6017.5], [65, 6008.0], [67, 5964.5], [69, 6090.5], [71, 6051.0], [72, 6053.5], [73, 6041.0], [74, 6037.5], [75, 6024.5], [77, 6024.0], [78, 6024.5], [79, 6029.0], [80, 6023.0], [81, 6027.0], [84, 1459.0], [87, 1115.0], [88, 5966.0], [89, 5984.5], [90, 5991.5], [94, 2244.5], [96, 6175.0], [97, 6226.0], [99, 4420.5], [102, 2828.0], [104, 6600.5], [109, 1241.5], [113, 1306.5], [114, 1344.5], [120, 3190.0], [121, 3147.0], [122, 3113.0], [125, 642.0], [126, 636.5], [127, 634.5], [128, 637.0], [129, 638.5], [130, 640.0], [131, 645.5], [132, 648.5], [133, 657.0], [134, 666.5], [135, 706.5], [139, 7135.0], [140, 7071.5], [142, 689.0], [143, 695.0], [146, 724.5], [147, 721.0], [150, 650.5], [151, 653.5], [152, 658.5], [155, 4550.0], [159, 9868.0], [160, 10485.0], [165, 71.0], [170, 105.25], [171, 104.75], [173, 122.5], [174, 124.75], [175, 125.75], [176, 126.75], [177, 126.5], [178, 125.25], [179, 125.75], [180, 125.25], [-175, 67.0], [-169, 75.75], [-165, 3244.0], [-164, 3169.0], [-163, 3096.0], [-162, 2951.0], [-161, 2887.5], [-160, 2767.0], [-159, 2710.0], [-158, 2655.5], [-157, 2559.5], [-156, 2521.0], [-155, 2432.5], [-154, 2390.5], [-153, 2351.5], [-152, 2275.5], [-151, 2242.0], [-150, 2174.0], [-149, 2143.5], [-148, 2083.0], [-147, 2052.0], [-146, 2026.0], [-145, 1975.5], [-144, 1950.5], [-143, 1902.5], [-142, 1883.5], [-141, 1864.0], [-140, 1824.5], [-139, 1804.5], [-138, 1794.5], [-137, 1832.5], [-136, 1827.5], [-135, 1773.5], [-134, 1757.5], [-133, 1728.0], [-132, 1713.0], [-131, 1685.0], [-130, 1672.5], [-129, 1653.0], [-128, 1642.5], [-127, 1631.5], [-126, 1612.0], [-125, 1602.5], [-124, 1583.5], [-123, 1576.5], [-122, 1561.0], [-121, 1552.0], [-120, 1547.0], [-119, 1534.5], [-118, 1527.5], [-117, 1517.0], [-115, 1437.5], [-114, 1433.5], [-113, 1428.0], [-112, 1420.5], [-111, 1415.5], [-110, 1409.0], [-109, 1406.5], [-108, 1402.5], [-107, 1400.0], [-106, 1397.0], [-105, 1391.0], [-104, 1389.5], [-103, 1386.0], [-102, 1386.0], [-101, 1386.5], [-100, 1384.5], [-99, 1382.5], [-98, 1383.5], [-97, 1384.0], [-96, 1384.0], [-95, 1384.5], [-94, 1386.0], [-93, 1387.0], [-92, 1389.0], [-91, 1392.0], [-90, 1396.5], [-89, 1397.0], [-88, 1400.5], [-87, 1408.0], [-86, 1412.0], [-85, 1419.0], [-84, 1421.0], [-83, 1430.0], [-82, 1432.5], [-81, 1436.5], [-80, 1447.5], [-79, 1452.5], [-78, 1464.5], [-77, 1470.5], [-76, 1477.5], [-75, 1494.5], [-74, 1503.5], [-73, 1514.5], [-72, 1521.5], [-71, 1539.0], [-70, 1548.0], [-69, 1558.0], [-68, 1578.5], [-67, 1589.5], [-66, 1613.0], [-64, 1239.5], [-63, 1249.0], [-61, 682.5], [-60, 683.5], [-59, 686.5], [-58, 688.5], [-57, 690.0], [-56, 694.5], [-55, 697.0], [-54, 699.0], [-53, 701.5], [-52, 702.0], [-51, 704.0], [-50, 707.0], [-49, 716.5], [-48, 721.0], [-47, 728.0], [-46, 732.0], [-45, 736.5], [-44, 755.5], [-43, 2341.5], [-41, 2072.0], [-40, 2088.5], [-39, 2090.0], [-38, 2092.5], [-37, 2112.0], [-36, 2121.0], [-35, 2139.5], [-34, 2149.5], [-33, 2172.0], [-32, 2185.0], [-31, 2197.0], [-30, 2219.0], [-29, 2232.5], [-27, 3898.5], [-24, 3952.0], [-23, 3934.0], [-22, 1463.5], [-21, 1466.5], [-20, 1471.5], [-19, 1473.0], [-18, 1476.5], [-17, 189.0], [-16, 187.0], [-15, 184.0], [-14, 183.0], [-13, 182.5], [-12, 179.0], [-11, 177.0], [-10, 178.5], [-9, 177.0], [-8, 176.5], [-7, 175.0], [-6, 176.0], [-5, 176.5]]}