{"heading": -808.3, "target": -18.215349765907902, "gap_dist": 315.66995576555667, "gap_info": [{"width": 39.25625065235168, "center_angle": -50.5642319007815, "edge_a": [-52, 408.0], "edge_b": [-49, 374.5], "depth": 408.0, "passable": false, "chosen": false}, {"width": 315.66995576555667, "center_angle": -18.215349765907902, "edge_a": [-30, 496.0], "edge_b": [9, 221.5], "depth": 496.0, "passable": true, "chosen": true}, {"width": 278.5372877779833, "center_angle": 69.54062071278551, "edge_a": [51, 337.5], "edge_b": [171, 109.5], "depth": 337.5, "passable": true, "chosen": false}], "scan": [[-3, 1377.0], [-2, 1366.5], [9, 221.5], [10, 216.0], [11, 210.0], [13, 197.5], [14, 184.0], [15, 178.5], [16, 178.0], [17, 176.5], [18, 176.5], [19, 178.0], [20, 180.0], [21, 181.5], [22, 183.0], [23, 185.5], [24, 187.0], [25, 188.5], [26, 192.5], [27, 193.5], [28, 198.0], [29, 200.0], [30, 202.5], [31, 207.0], [32, 212.5], [33, 217.5], [34, 220.0], [35, 224.5], [36, 229.0], [37, 237.5], [38, 241.0], [39, 247.5], [40, 252.0], [41, 257.0], [42, 265.0], [43, 268.0], [44, 277.5], [45, 282.5], [46, 293.5], [47, 299.0], [48, 305.0], [49, 311.0], [51, 337.5], [54, 1298.75], [55, 1286.5], [56, 1254.5], [57, 1242.0], [58, 1231.0], [59, 1206.5], [60, 1192.25], [61, 1170.0], [62, 1160.0], [63, 1150.0], [64, 1130.25], [65, 1126.25], [66, 1105.25], [67, 1097.25], [68, 1078.0], [69, 1068.0], [70, 1063.5], [71, 1049.5], [72, 1042.5], [73, 1029.0], [74, 1042.75], [75, 1066.25], [76, 1057.5], [77, 1045.5], [78, 1004.0], [79, 988.0], [80, 961.0], [81, 949.0], [82, 936.5], [83, 914.0], [84, 905.0], [85, 883.0], [86, 873.0], [87, 857.0], [88, 854.0], [89, 858.0], [90, 870.5], [91, 900.0], [92, 913.5], [93, 941.0], [94, 955.0], [95, 994.5], [97, 7092.0], [98, 7085.0], [103, 2146.0], [104, 2160.5], [105, 2180.0], [108, 3676.5], [110, 5283.5], [112, 7119.0], [113, 7144.0], [115, 2256.5], [116, 2247.5], [118, 1012.5], [119, 1011.0], [120, 1000.0], [121, 998.0], [122, 997.0], [123, 999.0], [124, 1005.0], [125, 767.5], [126, 748.0], [127, 747.0], [128, 749.5], [129, 740.5], [130, 746.0], [131, 752.0], [132, 763.5], [133, 801.5], [134, 805.5], [135, 815.0], [136, 823.5], [141, 5111.0], [143, 1520.5], [146, 7712.5], [154, 1266.0], [156, 4430.0], [158, 6532.5], [160, 6378.5], [163, 61.5], [165, 69.75], [171, 109.5], [173, 115.75], [174, 122.75], [175, 124.25], [176, 126.75], [177, 125.25], [178, 125.25], [179, 125.0], [180, 125.75], [-175, 68.75], [-171, 74.0], [-170, 70.25], [-166, 72.25], [-158, 1530.5], [-149, 893.5], [-147, 821.0], [-146, 802.5], [-145, 782.5], [-144, 754.75], [-142, 694.0], [-141, 678.5], [-139, 617.5], [-138, 616.0], [-137, 622.0], [-136, 631.0], [-135, 627.5], [-134, 629.0], [-133, 617.5], [-132, 615.0], [-131, 608.0], [-130, 584.0], [-129, 575.0], [-128, 557.0], [-127, 550.25], [-126, 541.75], [-125, 527.0], [-124, 518.0], [-123, 509.0], [-122, 502.0], [-121, 490.5], [-120, 485.5], [-119, 480.5], [-118, 470.0], [-117, 467.5], [-116, 457.5], [-115, 453.5], [-114, 449.0], [-113, 441.0], [-112, 437.5], [-111, 432.5], [-110, 430.0], [-109, 425.5], [-108, 421.5], [-107, 418.0], [-106, 414.0], [-105, 412.0], [-104, 407.5], [-103, 406.0], [-102, 404.5], [-101, 400.5], [-100, 399.5], [-99, 395.5], [-98, 392.0], [-97, 390.0], [-96, 388.0], [-95, 387.5], [-94, 386.0], [-93, 385.0], [-92, 384.5], [-91, 382.0], [-90, 380.5], [-89, 380.0], [-88, 380.0], [-87, 379.0], [-86, 378.0], [-85, 378.0], [-84, 377.0], [-83, 377.0], [-82, 376.5], [-81, 376.0], [-80, 376.0], [-79, 376.0], [-78, 377.0], [-77, 377.5], [-76, 378.5], [-75, 379.5], [-74, 380.5], [-73, 381.5], [-72, 381.5], [-71, 383.0], [-70, 384.5], [-69, 384.5], [-68, 385.0], [-67, 386.5], [-66, 390.0], [-65, 391.0], [-64, 392.0], [-63, 395.0], [-62, 395.5], [-61, 399.0], [-60, 400.0], [-59, 402.0], [-58, 407.0], [-57, 409.0], [-56, 413.5], [-55, 413.0], [-54, 412.0], [-53, 410.5], [-52, 408.0], [-49, 374.5], [-48, 378.0], [-47, 382.5], [-46, 385.5], [-45, 392.0], [-44, 400.0], [-43, 400.5], [-42, 404.0], [-41, 415.5], [-40, 417.5], [-39, 421.5], [-37, 435.5], [-36, 448.5], [-35, 450.5], [-34, 463.0], [-33, 461.0], [-31, 494.0], [-30, 496.0], [-28, 521.0], [-26, 549.0], [-25, 554.0], [-24, 580.5], [-23, 588.0], [-22, 611.5], [-20, 645.5], [-18, 692.0], [-16, 747.5], [-15, 763.0], [-14, 795.0], [-13, 812.5], [-11, 891.5]]}