{"heading": 48.2, "target": 78.79753191528847, "gap_dist": 363.3832678580094, "gap_info": [{"width": 211.1115494327093, "center_angle": -21.408189574278023, "edge_a": [-35, 401.5], "edge_b": [2, 237.5], "depth": 401.5, "passable": false, "chosen": false}, {"width": 363.3832678580094, "center_angle": 78.79753191528847, "edge_a": [44, 317.5], "edge_b": [111, 340.0], "depth": 340.0, "passable": true, "chosen": true}, {"width": 223.65698881190048, "center_angle": 155.56840606282083, "edge_a": [149, 345.5], "edge_b": [174, 125.0], "depth": 345.5, "passable": false, "chosen": false}], "scan": [[2, 237.5], [3, 224.0], [5, 209.0], [6, 196.5], [7, 186.0], [9, 178.5], [10, 175.0], [11, 176.0], [12, 175.5], [13, 174.0], [14, 176.0], [15, 176.5], [16, 179.0], [17, 180.5], [18, 181.5], [19, 186.0], [20, 187.5], [21, 192.0], [22, 195.0], [23, 196.5], [24, 201.5], [25, 203.0], [26, 208.0], [27, 210.0], [28, 218.0], [29, 220.5], [30, 227.5], [31, 231.5], [32, 239.0], [33, 241.5], [34, 245.5], [35, 254.0], [36, 259.5], [37, 266.5], [38, 272.5], [39, 276.0], [40, 286.5], [41, 291.0], [42, 303.5], [43, 310.5], [44, 317.5], [47, 11188.25], [48, 12225.5], [49, 12252.0], [50, 12283.75], [64, 4401.0], [72, 4035.0], [87, 2296.25], [88, 2287.5], [97, 1966.5], [102, 7428.5], [103, 7339.0], [104, 7296.5], [109, 7004.5], [110, 6976.0], [111, 340.0], [112, 336.5], [113, 334.5], [114, 333.0], [115, 330.5], [116, 329.0], [117, 327.0], [118, 326.0], [119, 323.5], [120, 323.0], [121, 321.5], [122, 319.5], [123, 319.5], [124, 318.5], [125, 318.5], [126, 316.5], [127, 316.0], [128, 317.0], [129, 317.0], [130, 316.5], [131, 312.0], [132, 311.5], [133, 312.5], [134, 314.5], [135, 317.0], [136, 317.0], [137, 317.0], [138, 317.0], [139, 317.5], [140, 319.5], [141, 320.0], [142, 321.0], [143, 321.5], [144, 323.0], [145, 325.0], [146, 326.5], [147, 330.0], [148, 336.0], [149, 345.5], [151, 6759.5], [156, 3369.5], [157, 7256.5], [163, 62.25], [164, 69.5], [165, 70.0], [166, 69.5], [174, 125.0], [175, 126.0], [176, 126.5], [177, 126.0], [178, 126.0], [179, 125.0], [180, 123.5], [-173, 60.75], [-171, 77.5], [-169, 73.25], [-168, 73.25], [-166, 1217.5], [-165, 1214.0], [-164, 1211.0], [-163, 1229.5], [-158, 6652.0], [-157, 1165.5], [-156, 1149.5], [-155, 1136.0], [-154, 1120.5], [-153, 1119.0], [-152, 1121.5], [-151, 1145.0], [-149, 14056.5], [-148, 14008.0], [-147, 13971.0], [-146, 13940.0], [-145, 13921.0], [-144, 13888.0], [-142, 13864.5], [-135, 5986.0], [-134, 5985.0], [-132, 6023.0], [-131, 6039.0], [-128, 3173.0], [-118, 2532.0], [-117, 2381.5], [-116, 2312.5], [-115, 2189.5], [-114, 2133.0], [-113, 2027.0], [-112, 1975.0], [-111, 1926.5], [-110, 1842.5], [-109, 1804.0], [-108, 1732.5], [-107, 1696.0], [-106, 1669.5], [-105, 1669.5], [-104, 1689.75], [-103, 1617.5], [-102, 1588.5], [-101, 1538.0], [-100, 1514.5], [-99, 1491.0], [-98, 1450.0], [-97, 1429.5], [-96, 1412.0], [-95, 1378.0], [-94, 1362.0], [-93, 1329.0], [-92, 1314.0], [-91, 1285.0], [-90, 1272.0], [-89, 1259.5], [-88, 1236.5], [-87, 1223.0], [-86, 1132.5], [-85, 1123.5], [-84, 1112.0], [-83, 1102.5], [-82, 475.5], [-80, 426.0], [-79, 414.5], [-78, 393.5], [-77, 384.0], [-76, 363.5], [-75, 355.0], [-74, 349.0], [-73, 334.5], [-72, 327.0], [-71, 313.0], [-70, 308.0], [-69, 302.5], [-68, 291.0], [-67, 284.5], [-66, 276.5], [-65, 273.0], [-64, 264.5], [-63, 261.0], [-62, 257.0], [-61, 248.5], [-60, 246.0], [-59, 241.5], [-58, 238.0], [-57, 234.5], [-56, 232.5], [-55, 234.0], [-54, 236.0], [-53, 239.5], [-52, 241.75], [-51, 245.75], [-50, 255.5], [-49, 258.0], [-48, 266.5], [-47, 270.25], [-46, 274.75], [-45, 289.0], [-44, 295.0], [-43, 308.5], [-42, 315.0], [-41, 324.5], [-40, 338.5], [-39, 344.5], [-38, 360.5], [-36, 381.0], [-35, 401.5], [-34, 723.0], [-33, 725.0], [-32, 729.0], [-31, 735.0], [-30, 738.5], [-29, 742.5], [-28, 750.25], [-27, 753.75], [-26, 755.5], [-25, 768.0], [-24, 779.0], [-23, 793.5], [-22, 798.5], [-21, 806.0], [-20, 822.0], [-19, 833.0], [-18, 1061.0], [-17, 1074.0], [-16, 1095.0], [-15, 1102.5], [-14, 1111.5], [-13, 1131.5], [-12, 1143.0], [-11, 1164.5], [-10, 1175.0], [-9, 1185.5]]}