{"heading": -14.7, "target": -29.864654656992847, "gap_dist": 423.9605110025591, "gap_info": [{"width": 550.9117035632657, "center_angle": -70.65814297794498, "edge_a": [-180, 123.75], "edge_b": [-57, 494.5], "depth": 494.5, "passable": true, "chosen": false}, {"width": 423.9605110025591, "center_angle": -29.864654656992847, "edge_a": [-49, 493.0], "edge_b": [11, 247.0], "depth": 493.0, "passable": true, "chosen": true}, {"width": 286.11698446222186, "center_angle": 72.97276870484986, "edge_a": [54, 333.5], "edge_b": [171, 109.5], "depth": 333.5, "passable": true, "chosen": false}], "scan": [[-3, 2085.5], [-2, 2032.0], [-1, 1979.0], [0, 1880.0], [1, 1834.5], [2, 1799.5], [11, 247.0], [13, 231.0], [14, 217.0], [16, 198.5], [17, 194.0], [18, 186.0], [19, 186.0], [20, 186.0], [21, 186.0], [22, 187.0], [23, 188.5], [24, 190.0], [25, 191.0], [26, 193.5], [27, 196.5], [28, 199.0], [29, 201.0], [30, 203.0], [31, 208.0], [32, 210.5], [33, 213.5], [34, 219.0], [35, 221.5], [36, 226.0], [37, 229.0], [38, 232.0], [39, 239.0], [40, 243.5], [41, 250.0], [42, 253.5], [43, 257.5], [44, 265.0], [45, 269.5], [46, 278.0], [47, 283.0], [48, 288.0], [49, 292.5], [50, 302.5], [51, 308.0], [52, 320.5], [53, 327.0], [54, 333.5], [55, 860.25], [56, 847.0], [57, 844.0], [58, 842.0], [59, 841.5], [60, 840.0], [61, 839.5], [62, 838.0], [63, 838.5], [64, 836.0], [65, 836.0], [66, 836.5], [67, 837.5], [68, 837.5], [69, 838.0], [70, 839.0], [71, 840.0], [72, 841.5], [73, 842.5], [74, 845.0], [75, 847.5], [76, 850.0], [77, 854.0], [78, 858.0], [79, 860.5], [80, 866.0], [81, 870.5], [82, 873.0], [83, 879.0], [84, 882.0], [85, 888.5], [86, 892.5], [87, 896.0], [88, 905.5], [89, 910.0], [90, 922.5], [91, 925.5], [92, 930.0], [93, 940.0], [94, 945.5], [95, 957.0], [96, 965.0], [97, 972.5], [98, 986.0], [99, 993.0], [100, 1011.5], [101, 1020.0], [102, 1027.5], [103, 1034.5], [104, 1052.5], [105, 1062.0], [106, 1084.0], [107, 1093.5], [108, 1106.0], [109, 1132.0], [110, 1146.0], [111, 1171.5], [112, 1186.0], [113, 1199.5], [114, 1231.0], [115, 1247.0], [116, 1284.0], [117, 1301.5], [118, 1320.5], [119, 1363.5], [120, 1385.0], [121, 1429.0], [122, 1453.5], [123, 1503.0], [124, 1531.5], [125, 1562.0], [126, 1626.0], [127, 1660.5], [128, 1736.0], [129, 1779.5], [130, 1821.0], [131, 1912.0], [132, 1959.0], [133, 2068.0], [134, 2128.5], [135, 2192.5], [137, 2411.0], [142, 3167.0], [143, 3201.0], [144, 3000.5], [145, 2996.5], [146, 3149.0], [147, 3136.5], [148, 3119.0], [149, 3113.5], [150, 3108.0], [151, 3099.0], [152, 3095.5], [153, 3092.5], [154, 3088.0], [155, 3085.5], [156, 3282.0], [157, 3296.25], [158, 3292.75], [159, 881.5], [164, 68.75], [165, 70.25], [169, 100.0], [171, 109.5], [172, 113.25], [174, 121.75], [175, 125.75], [176, 126.5], [177, 126.0], [178, 126.0], [179, 125.5], [-180, 123.75], [-176, 71.0], [-168, 70.5], [-167, 79.75], [-165, 806.0], [-164, 814.0], [-162, 1052.5], [-161, 1076.5], [-160, 1070.5], [-159, 1090.5], [-158, 4530.0], [-157, 4585.5], [-156, 4698.5], [-155, 4758.0], [-154, 4823.5], [-152, 5091.0], [-151, 5164.5], [-150, 5230.5], [-149, 5236.0], [-147, 3289.5], [-146, 3192.0], [-144, 5979.0], [-143, 6195.5], [-141, 6555.0], [-139, 6907.0], [-138, 7042.0], [-136, 4532.5], [-135, 4511.0], [-132, 3027.5], [-129, 6048.0], [-125, 7486.5], [-123, 2673.0], [-121, 595.5], [-120, 592.0], [-119, 583.5], [-118, 580.5], [-117, 577.0], [-116, 571.0], [-115, 567.5], [-114, 562.0], [-113, 561.0], [-112, 559.5], [-111, 553.0], [-110, 551.5], [-109, 546.5], [-108, 544.5], [-107, 545.0], [-106, 544.0], [-105, 541.5], [-104, 538.75], [-103, 537.5], [-102, 536.0], [-101, 533.5], [-100, 533.5], [-99, 532.0], [-98, 533.0], [-97, 532.0], [-96, 531.25], [-95, 532.0], [-94, 532.0], [-93, 531.5], [-92, 532.5], [-91, 534.5], [-87, 3122.5], [-85, 6426.5], [-82, 8577.5], [-78, 5074.5], [-75, 7149.0], [-72, 6692.0], [-69, 3785.0], [-68, 3773.5], [-66, 3808.0], [-64, 637.5], [-63, 623.5], [-61, 566.5], [-60, 554.0], [-59, 527.0], [-58, 516.0], [-57, 494.5], [-56, 484.5], [-55, 477.0], [-54, 469.0], [-53, 471.5], [-52, 474.5], [-51, 482.5], [-50, 487.5], [-49, 493.0], [-48, 502.0], [-47, 508.0], [-46, 520.0], [-45, 526.5], [-44, 533.0], [-43, 546.5], [-42, 553.5], [-41, 560.0], [-40, 577.0], [-39, 585.5], [-38, 602.5], [-37, 612.0], [-36, 620.5], [-35, 640.0], [-34, 651.5], [-33, 678.0], [-32, 688.0], [-29, 4657.0], [-27, 4641.5], [-26, 4626.0], [-25, 4604.0], [-24, 4596.0], [-23, 4566.5], [-22, 4554.5], [-21, 4545.5], [-20, 4539.0], [-19, 4537.5], [-18, 4533.5], [-17, 4533.0], [-16, 4532.0], [-15, 4546.5], [-14, 4549.0], [-13, 4548.5], [-12, 4560.5], [-11, 4570.5], [-10, 4567.5], [-9, 4545.5], [-8, 3957.0], [-7, 3963.5], [-6, 3976.0]]}