{"heading": -61.5, "target": -46.011611165467976, "gap_dist": 373.76015561608466, "gap_info": [{"width": 217.53651587285225, "center_angle": -148.7114385465226, "edge_a": [-154, 495.5], "edge_b": [-137, 225.0], "depth": 495.5, "passable": false, "chosen": false}, {"width": 373.76015561608466, "center_angle": -46.011611165467976, "edge_a": [-90, 259.5], "edge_b": [18, 200.5], "depth": 259.5, "passable": true, "chosen": true}, {"width": 278.93838913990106, "center_angle": 94.69318838158698, "edge_a": [70, 253.5], "edge_b": [171, 109.0], "depth": 253.5, "passable": true, "chosen": false}], "scan": [[0, 7247.5], [1, 7148.0], [5, 863.0], [6, 855.5], [7, 853.5], [8, 852.0], [9, 865.5], [10, 879.0], [11, 895.0], [13, 6440.5], [18, 200.5], [19, 197.5], [20, 195.5], [21, 196.0], [22, 195.0], [23, 193.5], [24, 194.0], [25, 193.5], [26, 189.0], [27, 188.0], [28, 189.0], [29, 189.5], [30, 188.5], [31, 188.5], [32, 190.0], [33, 192.5], [34, 194.0], [35, 195.0], [36, 195.5], [37, 195.0], [38, 195.5], [39, 195.5], [40, 197.5], [41, 198.0], [42, 198.5], [43, 200.5], [44, 200.0], [45, 201.5], [46, 203.0], [47, 203.5], [48, 204.5], [49, 207.0], [50, 207.0], [51, 208.0], [52, 209.5], [53, 211.0], [54, 212.0], [55, 213.5], [56, 216.5], [57, 218.5], [58, 222.0], [59, 223.0], [60, 224.5], [61, 227.5], [62, 229.5], [63, 236.0], [64, 238.0], [65, 240.0], [66, 243.5], [67, 245.0], [68, 253.0], [69, 253.5], [70, 253.5], [72, 2126.0], [73, 2123.0], [74, 2130.0], [76, 3409.0], [77, 3486.0], [80, 2817.0], [83, 7898.0], [86, 2569.5], [92, 7177.5], [94, 7063.5], [99, 4916.5], [103, 10048.5], [104, 10203.5], [105, 10274.0], [108, 14090.0], [109, 14076.5], [110, 14039.0], [111, 13995.5], [112, 13978.5], [113, 13950.0], [114, 13943.0], [116, 7863.0], [118, 6545.0], [119, 6584.0], [120, 6600.0], [122, 6075.0], [123, 6094.0], [125, 6126.0], [127, 5706.5], [129, 3280.5], [139, 2708.5], [140, 2578.0], [141, 2504.0], [142, 2374.0], [143, 2314.5], [144, 2259.5], [145, 2157.5], [146, 2111.0], [147, 2019.0], [148, 1978.0], [149, 1939.0], [150, 1865.5], [151, 1832.0], [152, 1807.5], [153, 1822.5], [154, 1782.5], [155, 1746.0], [156, 1718.0], [157, 1666.5], [158, 1645.0], [159, 1600.5], [160, 1579.5], [161, 1561.0], [163, 61.75], [164, 68.25], [167, 60.25], [169, 94.5], [171, 109.0], [173, 119.0], [174, 122.0], [175, 125.75], [176, 126.0], [177, 125.0], [178, 124.75], [179, 124.75], [180, 123.75], [-172, 67.0], [-167, 385.5], [-166, 385.0], [-165, 395.5], [-164, 401.0], [-163, 407.0], [-162, 418.0], [-161, 424.5], [-160, 437.5], [-159, 442.5], [-158, 448.5], [-157, 462.5], [-156, 470.5], [-155, 487.0], [-154, 495.5], [-153, 502.0], [-152, 522.0], [-151, 841.0], [-150, 830.5], [-149, 833.0], [-148, 834.5], [-147, 838.0], [-146, 841.5], [-145, 845.5], [-144, 848.5], [-143, 851.5], [-142, 854.0], [-141, 855.0], [-140, 859.0], [-139, 862.5], [-138, 873.0], [-137, 225.0], [-136, 220.5], [-135, 219.5], [-134, 218.5], [-133, 217.5], [-132, 217.0], [-131, 218.0], [-130, 216.0], [-129, 215.5], [-128, 213.5], [-127, 212.5], [-126, 213.5], [-125, 212.0], [-124, 211.5], [-123, 213.0], [-122, 212.5], [-121, 213.5], [-120, 214.0], [-119, 214.5], [-118, 214.5], [-117, 215.0], [-116, 215.0], [-115, 215.0], [-114, 218.5], [-113, 220.0], [-112, 220.0], [-111, 221.0], [-110, 221.5], [-109, 223.0], [-108, 224.0], [-107, 226.0], [-106, 226.0], [-105, 227.5], [-104, 230.5], [-103, 231.5], [-102, 234.0], [-101, 235.5], [-100, 237.0], [-99, 240.5], [-98, 241.5], [-97, 243.0], [-96, 246.5], [-95, 249.5], [-94, 250.5], [-93, 252.0], [-92, 257.5], [-91, 260.5], [-90, 259.5], [-88, 1662.0], [-87, 1672.5], [-86, 1682.0], [-85, 1686.5], [-84, 1697.0], [-83, 1703.0], [-82, 1715.0], [-80, 3590.0], [-79, 3547.5], [-78, 3517.0], [-77, 3521.0], [-76, 3536.5], [-75, 3565.5], [-74, 4414.5], [-73, 4421.5], [-72, 4412.5], [-69, 8850.0], [-68, 8684.0], [-67, 8600.0], [-66, 8518.0], [-65, 8469.0], [-64, 8492.5], [-63, 8484.0], [-62, 12069.5], [-60, 11078.5], [-58, 12198.0], [-57, 12207.5], [-45, 4436.5], [-35, 3879.0], [-30, 732.0], [-29, 731.0], [-28, 738.5], [-27, 727.0], [-26, 723.0], [-25, 724.5], [-24, 725.5], [-23, 728.0], [-22, 728.5], [-21, 727.5], [-20, 749.5], [-18, 2116.5], [-17, 2112.0], [-16, 2109.5], [-14, 2663.5], [-11, 3438.5], [-9, 1856.0], [-6, 1905.0]]}