{"heading": 13.4, "target": -28.769326910803663, "gap_dist": 402.84806328615025, "gap_info": [{"width": 402.84806328615025, "center_angle": -28.769326910803663, "edge_a": [-49, 497.5], "edge_b": [5, 309.5], "depth": 497.5, "passable": true, "chosen": true}, {"width": 57.456561097777396, "center_angle": 6.808772592702936, "edge_a": [5, 309.5], "edge_b": [9, 255.5], "depth": 309.5, "passable": false, "chosen": false}, {"width": 244.43594599740933, "center_angle": 74.9707588327847, "edge_a": [58, 403.5], "edge_b": [97, 314.0], "depth": 403.5, "passable": false, "chosen": false}, {"width": 248.21429832821778, "center_angle": 135.72775814622773, "edge_a": [125, 352.0], "edge_b": [172, 110.75], "depth": 352.0, "passable": false, "chosen": false}], "scan": [[5, 309.5], [9, 255.5], [10, 240.5], [12, 225.0], [13, 213.0], [15, 196.0], [16, 193.0], [17, 183.0], [18, 180.0], [19, 179.0], [20, 178.5], [21, 176.0], [22, 176.5], [23, 176.5], [24, 176.5], [25, 181.0], [26, 183.0], [27, 185.5], [28, 188.5], [29, 193.5], [30, 196.0], [31, 198.5], [32, 200.5], [33, 205.25], [34, 207.75], [35, 214.0], [36, 216.5], [37, 223.0], [38, 227.0], [39, 233.5], [40, 237.0], [41, 245.0], [42, 249.5], [43, 258.0], [44, 262.5], [45, 270.0], [46, 276.5], [47, 278.5], [48, 280.0], [50, 305.0], [51, 318.5], [52, 326.5], [53, 340.0], [54, 347.5], [55, 366.0], [56, 374.5], [57, 392.5], [58, 403.5], [61, 2944.5], [65, 6256.5], [66, 6241.0], [67, 6208.0], [69, 6339.0], [70, 6324.5], [71, 6300.25], [72, 6305.0], [73, 6294.5], [74, 6290.0], [76, 6277.0], [77, 6281.0], [78, 6281.0], [79, 6281.5], [80, 6281.5], [84, 1957.0], [86, 6173.5], [87, 6221.5], [88, 6235.5], [94, 6401.0], [95, 6426.5], [97, 314.0], [98, 310.0], [99, 303.5], [100, 299.5], [101, 296.5], [102, 292.0], [103, 288.0], [104, 291.5], [105, 301.0], [106, 302.0], [108, 286.5], [109, 289.25], [110, 291.5], [111, 289.5], [112, 289.0], [113, 289.0], [114, 288.5], [115, 290.5], [116, 294.25], [117, 296.25], [118, 300.5], [119, 303.0], [120, 307.0], [121, 311.0], [122, 319.5], [123, 327.5], [124, 345.0], [125, 352.0], [127, 2491.0], [132, 4899.5], [133, 2240.0], [141, 6857.5], [143, 6740.5], [146, 3497.0], [150, 4647.0], [154, 9804.0], [155, 10027.5], [156, 10535.5], [158, 13774.0], [159, 13723.0], [161, 13684.5], [165, 71.25], [172, 110.75], [174, 121.75], [175, 126.75], [176, 125.75], [177, 125.0], [178, 125.5], [179, 126.25], [180, 125.5], [-175, 67.25], [-169, 70.75], [-168, 71.0], [-166, 2454.5], [-165, 2412.0], [-164, 2319.0], [-163, 2272.5], [-162, 2228.5], [-161, 2144.0], [-160, 2106.5], [-159, 2033.0], [-158, 1998.5], [-157, 1929.0], [-156, 1898.0], [-155, 1837.5], [-154, 1809.5], [-153, 1782.0], [-152, 1732.5], [-151, 1707.0], [-150, 1659.5], [-149, 1639.5], [-148, 1614.0], [-147, 1630.0], [-146, 1638.0], [-145, 1606.0], [-144, 1563.0], [-143, 1547.5], [-142, 1531.5], [-141, 1505.0], [-140, 1488.5], [-139, 1463.5], [-138, 1451.0], [-137, 1429.0], [-136, 1418.5], [-135, 1395.0], [-134, 1384.5], [-133, 1366.5], [-132, 1357.5], [-131, 1341.0], [-130, 1333.0], [-129, 1327.5], [-128, 1313.5], [-127, 1307.5], [-126, 1293.0], [-125, 1288.0], [-124, 1286.0], [-123, 1206.5], [-122, 1198.0], [-121, 1193.0], [-120, 1182.0], [-119, 1179.0], [-118, 1172.5], [-117, 1168.5], [-116, 1163.5], [-115, 1161.0], [-114, 1156.5], [-113, 1153.0], [-112, 1150.5], [-111, 1146.0], [-110, 1144.0], [-109, 1138.75], [-108, 1137.25], [-107, 1137.25], [-106, 1136.25], [-105, 1137.5], [-104, 633.5], [-103, 622.5], [-102, 617.0], [-101, 610.5], [-100, 599.0], [-99, 596.0], [-98, 584.0], [-97, 579.5], [-96, 570.0], [-95, 566.5], [-94, 563.0], [-93, 554.5], [-92, 551.0], [-91, 544.0], [-90, 541.0], [-89, 536.0], [-88, 532.0], [-87, 527.0], [-86, 524.0], [-85, 520.0], [-84, 517.0], [-83, 514.0], [-82, 512.5], [-81, 511.0], [-80, 508.0], [-79, 507.0], [-78, 505.5], [-77, 507.0], [-73, 1064.5], [-72, 1070.0], [-71, 1095.0], [-70, 1105.5], [-69, 1115.5], [-68, 1142.5], [-67, 1390.0], [-66, 1407.0], [-65, 1422.0], [-64, 1450.5], [-63, 1464.0], [-62, 1495.5], [-61, 1511.0], [-60, 1544.0], [-59, 1563.0], [-58, 734.0], [-52, 502.5], [-51, 496.0], [-50, 494.5], [-49, 497.5], [-48, 500.0], [-47, 502.5], [-46, 509.0], [-45, 512.5], [-44, 520.5], [-43, 523.5], [-42, 530.0], [-41, 535.5], [-40, 545.5], [-39, 549.5], [-38, 556.5], [-37, 561.5], [-36, 567.0], [-35, 576.0], [-34, 582.5], [-33, 593.5], [-32, 601.0], [-30, 2044.5], [-28, 3909.5], [-27, 3879.5], [-26, 3865.5], [-25, 3864.0], [-24, 3901.0], [-23, 3944.5], [-22, 4766.0], [-21, 4755.0], [-19, 9311.5], [-18, 9211.0], [-17, 9131.5], [-16, 8966.0], [-15, 8879.0], [-14, 8814.5], [-13, 8830.0], [-12, 8811.0], [-11, 12418.5], [-10, 12417.5], [-9, 11399.0], [-8, 11416.0], [-7, 12501.0], [-6, 12533.5], [-3, 5926.5]]}