{"heading": -2.4, "target": 115.44073727063312, "gap_dist": 396.01136347332255, "gap_info": [{"width": 144.2487079372963, "center_angle": 68.6999416034705, "edge_a": [62, 241.0], "edge_b": [73, 375.0], "depth": 375.0, "passable": false, "chosen": false}, {"width": 396.01136347332255, "center_angle": 115.44073727063312, "edge_a": [105, 491.5], "edge_b": [171, 108.0], "depth": 491.5, "passable": true, "chosen": true}], "scan": [[-3, 207.25], [-2, 208.75], [-1, 211.75], [0, 218.25], [1, 219.75], [2, 228.0], [3, 232.0], [4, 236.0], [5, 241.0], [6, 243.5], [7, 238.5], [8, 231.5], [9, 228.5], [10, 225.5], [11, 223.5], [12, 222.5], [13, 220.75], [14, 218.75], [15, 218.25], [16, 216.0], [17, 214.5], [18, 213.5], [19, 212.0], [20, 211.5], [21, 210.0], [22, 209.25], [23, 209.0], [24, 208.25], [25, 207.5], [26, 206.25], [27, 205.5], [28, 205.25], [29, 204.75], [30, 203.0], [31, 202.25], [32, 201.75], [33, 202.0], [34, 201.75], [35, 201.5], [36, 202.75], [37, 205.25], [38, 206.25], [39, 206.0], [40, 206.5], [41, 207.25], [42, 207.75], [43, 208.0], [44, 209.0], [45, 209.25], [46, 209.25], [47, 211.0], [48, 212.5], [49, 213.0], [50, 214.25], [51, 216.25], [52, 217.75], [53, 219.25], [54, 220.25], [55, 221.0], [56, 222.5], [57, 224.0], [58, 227.5], [59, 229.5], [60, 232.0], [62, 241.0], [64, 6201.0], [66, 1506.0], [67, 1494.5], [68, 1482.5], [69, 1478.5], [73, 375.0], [74, 371.0], [75, 371.5], [76, 372.25], [77, 375.25], [78, 376.25], [79, 377.5], [80, 380.0], [81, 381.0], [82, 386.0], [83, 387.25], [84, 391.75], [85, 393.5], [86, 399.0], [87, 400.25], [88, 401.5], [89, 405.25], [90, 408.0], [91, 412.75], [92, 415.25], [93, 423.25], [94, 426.25], [95, 427.25], [96, 436.75], [97, 439.75], [98, 448.0], [99, 453.0], [100, 456.0], [101, 465.5], [102, 472.0], [103, 474.75], [104, 484.75], [105, 491.5], [106, 503.5], [107, 509.5], [108, 516.0], [109, 528.5], [110, 536.25], [112, 569.5], [113, 603.0], [115, 620.5], [116, 633.0], [117, 644.5], [118, 692.0], [119, 685.0], [120, 703.5], [123, 4329.75], [125, 2346.5], [127, 1025.0], [128, 1013.75], [129, 999.75], [130, 993.25], [131, 978.25], [132, 972.0], [133, 959.5], [134, 955.0], [135, 950.0], [136, 940.5], [137, 935.5], [138, 931.25], [139, 922.0], [140, 917.5], [141, 911.5], [142, 908.75], [143, 905.75], [144, 906.75], [148, 5884.5], [150, 11175.0], [153, 15019.5], [154, 14984.0], [155, 14947.5], [156, 14904.25], [157, 14889.25], [158, 14875.75], [160, 8817.5], [161, 8902.25], [163, 61.5], [165, 69.75], [166, 70.5], [171, 108.0], [173, 119.75], [174, 123.25], [175, 125.25], [176, 126.0], [177, 124.25], [178, 123.5], [179, 123.5], [180, 123.75], [-175, 67.5], [-174, 63.75], [-169, 70.0], [-167, 645.75], [-166, 645.0], [-165, 646.5], [-164, 651.0], [-163, 651.25], [-162, 652.5], [-161, 660.25], [-160, 1690.0], [-159, 1668.0], [-158, 1645.0], [-157, 1601.5], [-156, 1577.5], [-155, 1540.5], [-154, 1519.5], [-153, 1502.5], [-152, 1463.0], [-151, 1445.0], [-150, 1413.5], [-149, 1400.5], [-148, 1387.5], [-147, 804.5], [-146, 803.5], [-145, 802.0], [-144, 801.0], [-143, 801.5], [-142, 800.0], [-141, 799.75], [-140, 800.25], [-139, 801.25], [-138, 801.25], [-137, 802.25], [-136, 803.75], [-135, 805.75], [-134, 813.5], [-133, 813.0], [-132, 816.0], [-131, 816.0], [-130, 820.0], [-129, 824.0], [-128, 833.5], [-127, 835.0], [-126, 837.5], [-125, 844.25], [-124, 852.75], [-123, 857.0], [-122, 861.5], [-121, 870.5], [-120, 874.5], [-119, 874.0], [-118, 883.0], [-117, 890.75], [-116, 897.5], [-115, 902.5], [-114, 907.0], [-112, 1072.0], [-110, 752.5], [-109, 742.5], [-108, 734.0], [-107, 727.25], [-106, 726.5], [-105, 757.75], [-103, 1081.0], [-101, 956.5], [-100, 933.0], [-99, 926.5], [-98, 912.0], [-97, 910.0], [-96, 913.0], [-95, 922.5], [-94, 1120.25], [-93, 1126.0], [-92, 1131.0], [-91, 1139.0], [-90, 1144.25], [-89, 1154.0], [-88, 1159.0], [-87, 1169.25], [-86, 1176.0], [-85, 1182.0], [-84, 1196.25], [-83, 1204.25], [-82, 992.25], [-81, 985.25], [-80, 979.0], [-79, 974.5], [-78, 969.5], [-77, 968.25], [-76, 963.25], [-75, 962.0], [-74, 958.25], [-73, 953.5], [-72, 952.0], [-71, 952.0], [-70, 952.75], [-69, 952.75], [-68, 951.25], [-67, 949.75], [-66, 950.0], [-65, 950.25], [-64, 951.25], [-63, 954.25], [-62, 956.5], [-61, 957.0], [-60, 959.25], [-59, 961.75], [-58, 963.75], [-57, 966.5], [-56, 969.5], [-55, 975.25], [-54, 979.25], [-53, 991.0], [-52, 1003.5], [-50, 169.75], [-49, 169.75], [-48, 168.25], [-47, 166.75], [-46, 167.5], [-45, 167.0], [-44, 166.25], [-43, 164.75], [-42, 163.0], [-41, 162.5], [-40, 161.75], [-39, 159.75], [-38, 160.0], [-37, 161.25], [-36, 164.0], [-35, 164.5], [-34, 165.0], [-33, 164.75], [-32, 165.75], [-31, 166.0], [-30, 167.5], [-29, 167.75], [-28, 168.25], [-27, 169.25], [-26, 171.0], [-25, 171.0], [-24, 172.0], [-23, 171.5], [-22, 172.25], [-21, 174.75], [-20, 176.5], [-19, 178.0], [-18, 178.5], [-17, 180.0], [-16, 182.0], [-15, 182.0], [-14, 185.5], [-13, 186.0], [-12, 187.5], [-11, 191.0], [-10, 192.5], [-9, 195.0], [-8, 196.5], [-7, 197.0], [-6, 201.0], [-5, 203.5], [-4, 206.0]]}