{"heading": -5.2, "target": 75.77365412012263, "gap_dist": 428.24141404567297, "gap_info": [{"width": 168.31130653152834, "center_angle": -138.65077155931476, "edge_a": [-162, 100.5], "edge_b": [-134, 491.25], "depth": 491.25, "passable": false, "chosen": false}, {"width": 30.126161553085765, "center_angle": -3.4396997350982206, "edge_a": [-5, 301.5], "edge_b": [-2, 326.75], "depth": 326.75, "passable": false, "chosen": false}, {"width": 428.24141404567297, "center_angle": 75.77365412012263, "edge_a": [64, 499.75], "edge_b": [170, 102.25], "depth": 499.75, "passable": true, "chosen": true}], "scan": [[-2, 326.75], [-1, 343.5], [0, 351.75], [1, 370.0], [2, 380.75], [3, 405.5], [4, 417.75], [5, 427.75], [6, 428.25], [7, 426.25], [8, 423.25], [9, 419.25], [10, 414.25], [11, 412.25], [12, 412.25], [13, 408.75], [14, 408.5], [15, 404.0], [16, 402.75], [17, 402.5], [18, 400.0], [19, 400.25], [20, 398.0], [21, 397.25], [22, 397.0], [23, 395.75], [24, 395.75], [25, 394.25], [26, 394.75], [27, 394.0], [28, 396.0], [29, 396.0], [30, 396.25], [31, 395.5], [32, 397.5], [33, 397.75], [34, 397.5], [35, 399.75], [36, 401.25], [37, 401.25], [38, 402.0], [39, 404.25], [40, 405.75], [41, 407.25], [42, 408.5], [43, 409.25], [44, 412.25], [45, 414.0], [46, 417.75], [47, 418.5], [48, 420.0], [49, 421.0], [50, 421.25], [51, 440.5], [52, 445.0], [53, 446.0], [54, 439.75], [55, 443.25], [56, 451.75], [57, 465.0], [58, 474.5], [59, 472.25], [60, 468.5], [61, 467.75], [62, 477.25], [63, 493.75], [64, 499.75], [65, 503.75], [66, 501.25], [67, 506.75], [68, 514.5], [69, 524.0], [70, 1966.25], [71, 1993.25], [72, 2018.5], [73, 2042.25], [74, 2098.0], [75, 1675.25], [76, 1663.5], [77, 1648.75], [78, 1658.0], [80, 1729.0], [81, 1741.25], [82, 1737.5], [83, 1754.25], [84, 5289.75], [85, 5394.75], [89, 6143.0], [90, 6289.0], [93, 3638.5], [94, 3561.75], [100, 5017.5], [101, 4996.0], [105, 6534.5], [108, 2251.0], [109, 2226.5], [110, 2219.5], [111, 2231.0], [116, 2190.5], [117, 2185.75], [118, 2184.0], [119, 2226.0], [122, 1844.0], [123, 1823.25], [124, 1804.75], [125, 1771.5], [126, 1754.0], [127, 1721.5], [128, 1706.25], [129, 1681.0], [130, 1670.75], [131, 1662.75], [132, 1626.5], [133, 1612.5], [134, 1588.5], [135, 1608.0], [136, 1637.0], [137, 1668.0], [138, 4506.5], [139, 4457.25], [142, 1253.75], [143, 1235.75], [144, 1202.25], [145, 1187.25], [146, 1173.5], [147, 1164.0], [148, 1180.5], [149, 1194.25], [150, 1222.25], [151, 1238.0], [152, 1254.0], [153, 1288.25], [154, 1304.75], [155, 1345.0], [156, 1366.0], [157, 1417.5], [159, 1474.0], [160, 1519.0], [163, 60.0], [165, 70.75], [166, 68.0], [170, 102.25], [171, 109.0], [172, 111.25], [173, 121.0], [174, 123.0], [175, 125.5], [176, 127.25], [177, 126.25], [178, 124.75], [179, 126.0], [180, 125.5], [-175, 69.25], [-169, 70.5], [-168, 70.5], [-165, 87.5], [-162, 100.5], [-157, 5009.25], [-155, 3060.25], [-154, 3053.5], [-153, 3047.25], [-152, 3039.0], [-151, 3035.75], [-150, 3124.5], [-134, 491.25], [-132, 427.0], [-130, 402.0], [-129, 380.25], [-128, 369.75], [-127, 353.0], [-126, 346.25], [-125, 337.75], [-124, 321.25], [-123, 314.0], [-122, 300.25], [-121, 294.0], [-120, 288.25], [-119, 278.75], [-118, 274.0], [-117, 265.5], [-116, 260.25], [-115, 252.5], [-114, 248.5], [-113, 245.25], [-112, 237.25], [-111, 234.0], [-110, 227.75], [-109, 225.5], [-108, 218.75], [-107, 217.0], [-106, 214.0], [-105, 207.0], [-104, 204.0], [-103, 200.5], [-102, 198.25], [-101, 196.25], [-100, 192.0], [-99, 190.25], [-98, 186.75], [-97, 184.75], [-96, 183.25], [-95, 180.75], [-94, 179.75], [-93, 175.75], [-92, 174.5], [-91, 173.25], [-90, 172.25], [-89, 170.5], [-88, 168.75], [-87, 168.0], [-86, 165.75], [-85, 165.0], [-84, 163.75], [-83, 162.75], [-82, 161.75], [-81, 162.0], [-80, 162.25], [-79, 161.75], [-78, 160.25], [-77, 158.75], [-76, 157.75], [-75, 157.25], [-74, 157.25], [-73, 157.25], [-72, 157.75], [-71, 157.5], [-70, 157.0], [-69, 154.5], [-68, 153.75], [-67, 155.75], [-66, 155.25], [-65, 154.0], [-64, 154.25], [-63, 154.25], [-62, 155.5], [-61, 155.75], [-60, 156.0], [-59, 155.5], [-58, 156.75], [-57, 156.5], [-56, 157.25], [-55, 157.75], [-54, 157.5], [-53, 158.0], [-52, 159.75], [-51, 159.5], [-50, 160.75], [-49, 161.5], [-48, 161.75], [-47, 161.75], [-46, 163.75], [-45, 164.75], [-44, 166.25], [-43, 167.25], [-42, 167.5], [-41, 168.75], [-40, 169.5], [-39, 170.75], [-38, 171.75], [-37, 173.5], [-36, 175.0], [-35, 176.5], [-34, 177.5], [-33, 180.0], [-32, 182.75], [-31, 183.5], [-30, 184.25], [-29, 188.5], [-28, 191.0], [-27, 194.75], [-26, 196.0], [-25, 197.75], [-24, 202.5], [-23, 205.25], [-22, 209.5], [-21, 211.25], [-20, 214.0], [-19, 219.75], [-18, 222.75], [-17, 229.25], [-16, 233.0], [-15, 239.75], [-14, 243.0], [-13, 246.0], [-12, 254.75], [-11, 258.5], [-10, 267.25], [-9, 271.5], [-8, 275.5], [-7, 285.5], [-6, 289.75], [-5, 301.5]]}