{"heading": -184.0, "target": 68.44210406176236, "gap_dist": 414.59542115629966, "gap_info": [{"width": 310.0788942110562, "center_angle": -92.2931331463555, "edge_a": [-180, 124.5], "edge_b": [-61, 239.5], "depth": 239.5, "passable": false, "chosen": false}, {"width": 97.37027816898524, "center_angle": 34.5990284332275, "edge_a": [29, 436.5], "edge_b": [41, 382.0], "depth": 436.5, "passable": false, "chosen": false}, {"width": 414.59542115629966, "center_angle": 68.44210406176236, "edge_a": [53, 408.0], "edge_b": [172, 111.75], "depth": 408.0, "passable": true, "chosen": true}], "scan": [[-2, 229.0], [-1, 251.25], [0, 253.0], [1, 259.25], [2, 261.0], [3, 262.25], [4, 267.5], [5, 270.0], [6, 275.25], [7, 278.0], [8, 282.5], [9, 284.0], [10, 287.0], [11, 290.5], [13, 313.0], [14, 325.0], [15, 318.5], [16, 319.25], [18, 336.25], [19, 351.5], [20, 361.0], [22, 362.25], [23, 367.0], [24, 380.75], [25, 411.0], [26, 417.0], [27, 418.5], [28, 418.0], [29, 436.5], [30, 2591.0], [31, 2549.5], [32, 2526.0], [33, 2502.5], [34, 2455.0], [35, 2434.5], [36, 2394.0], [37, 2375.5], [38, 2357.0], [39, 2339.5], [41, 382.0], [42, 362.0], [43, 356.5], [44, 352.0], [45, 350.5], [46, 344.5], [47, 343.0], [48, 342.0], [49, 343.0], [50, 353.0], [51, 356.5], [53, 408.0], [55, 570.5], [56, 569.0], [57, 570.5], [58, 569.5], [59, 569.75], [60, 573.5], [61, 577.0], [63, 1276.5], [64, 1261.5], [65, 1253.0], [66, 1247.0], [67, 1261.5], [68, 1290.5], [69, 1362.0], [70, 1405.0], [71, 1964.5], [72, 1967.5], [73, 1969.5], [74, 1971.75], [75, 1974.0], [76, 1977.5], [77, 1979.0], [78, 1982.75], [79, 1990.5], [80, 1992.5], [81, 1998.5], [82, 2002.5], [83, 2012.0], [84, 2017.0], [85, 2029.0], [86, 2036.5], [87, 2044.0], [88, 2061.0], [89, 2068.5], [90, 2084.0], [91, 2092.5], [92, 2102.5], [93, 2125.5], [94, 2136.0], [95, 2158.0], [96, 2169.0], [97, 2195.0], [98, 2208.0], [99, 2221.5], [100, 2251.5], [101, 2267.5], [102, 2283.0], [103, 2318.5], [104, 2338.0], [105, 2374.0], [106, 2395.5], [107, 2417.0], [109, 552.0], [110, 550.0], [111, 545.5], [112, 539.0], [113, 537.75], [114, 531.25], [115, 528.75], [116, 525.0], [117, 522.5], [118, 520.75], [119, 516.0], [120, 513.5], [121, 512.5], [122, 511.25], [123, 507.75], [124, 508.75], [125, 512.5], [128, 771.0], [130, 3791.5], [131, 3957.5], [132, 4042.0], [135, 4058.0], [136, 4041.0], [138, 3969.0], [139, 3951.5], [140, 3930.0], [142, 3880.0], [143, 3884.0], [144, 4071.0], [145, 4025.0], [146, 4011.0], [147, 3998.0], [148, 2530.0], [149, 2522.5], [150, 2511.5], [151, 2506.0], [152, 2494.0], [153, 2489.5], [154, 2488.0], [155, 2479.0], [156, 2477.5], [157, 2471.25], [158, 2469.25], [159, 2466.75], [160, 2465.5], [164, 69.75], [165, 70.75], [172, 111.75], [173, 119.25], [174, 121.5], [175, 126.25], [176, 126.75], [177, 126.5], [178, 126.25], [179, 125.0], [-180, 124.5], [-175, 69.0], [-171, 82.5], [-166, 2816.5], [-165, 4666.5], [-163, 4789.0], [-162, 4830.5], [-159, 5017.5], [-158, 5126.0], [-156, 5299.0], [-155, 5358.0], [-154, 5419.0], [-153, 5472.5], [-152, 5621.0], [-150, 5848.0], [-149, 3924.0], [-148, 3879.0], [-146, 1865.0], [-145, 1892.0], [-139, 7552.0], [-132, 810.5], [-131, 801.5], [-130, 791.5], [-129, 791.5], [-128, 789.5], [-127, 780.0], [-126, 777.0], [-125, 771.25], [-124, 769.0], [-123, 766.5], [-122, 762.75], [-121, 760.5], [-120, 756.0], [-119, 753.75], [-118, 748.25], [-117, 748.75], [-116, 749.5], [-115, 741.75], [-114, 743.0], [-113, 743.5], [-112, 743.0], [-111, 742.0], [-110, 738.5], [-109, 739.0], [-108, 738.5], [-107, 740.0], [-106, 738.0], [-105, 737.0], [-104, 742.0], [-103, 742.5], [-102, 742.0], [-101, 740.0], [-100, 744.0], [-99, 751.0], [-98, 752.75], [-97, 759.5], [-96, 754.0], [-95, 754.25], [-94, 756.5], [-93, 5161.5], [-91, 3749.5], [-88, 1772.0], [-87, 1780.5], [-86, 5136.5], [-85, 5170.0], [-80, 2102.0], [-78, 1878.0], [-77, 1871.0], [-76, 1877.75], [-74, 2215.5], [-72, 2024.0], [-71, 1988.5], [-70, 1986.0], [-69, 1945.5], [-68, 1934.0], [-67, 1947.0], [-66, 1975.0], [-64, 5003.0], [-62, 4619.0], [-61, 239.5], [-60, 238.0], [-59, 233.5], [-58, 233.0], [-57, 229.0], [-56, 228.0], [-55, 226.0], [-54, 224.0], [-53, 222.0], [-52, 220.5], [-51, 219.0], [-50, 217.5], [-49, 215.0], [-48, 215.0], [-47, 211.5], [-46, 211.0], [-45, 211.0], [-44, 209.5], [-43, 208.5], [-42, 206.5], [-41, 206.5], [-40, 205.0], [-39, 204.0], [-38, 204.0], [-37, 203.0], [-36, 204.5], [-35, 203.0], [-34, 202.5], [-33, 203.5], [-32, 202.0], [-31, 201.0], [-30, 202.0], [-29, 201.0], [-28, 202.0], [-27, 202.5], [-26, 202.0], [-25, 203.0], [-24, 202.5], [-23, 203.5], [-22, 203.0], [-21, 204.5], [-20, 204.5], [-19, 205.5], [-18, 206.0], [-17, 208.0], [-16, 209.5], [-15, 210.0], [-14, 209.5], [-13, 212.5], [-12, 214.5], [-11, 214.5], [-10, 215.5], [-9, 217.5], [-8, 217.5], [-7, 219.0], [-6, 221.5], [-5, 223.5], [-4, 227.0], [-3, 228.0]]}