{"heading": -37.9, "target": -85.85362772028394, "gap_dist": 689.2265219056608, "gap_info": [{"width": 689.2265219056608, "center_angle": -85.85362772028394, "edge_a": [-131, 493.5], "edge_b": [-39, 479.5], "depth": 493.5, "passable": true, "chosen": true}, {"width": 133.66936772074808, "center_angle": -29.17118804446695, "edge_a": [-30, 455.0], "edge_b": [-28, 322.0], "depth": 455.0, "passable": false, "chosen": false}, {"width": 115.47232885142051, "center_angle": -25.229761586038702, "edge_a": [-28, 322.0], "edge_b": [-21, 211.0], "depth": 322.0, "passable": false, "chosen": false}, {"width": 284.24271480623736, "center_angle": 44.86891460934825, "edge_a": [29, 330.5], "edge_b": [170, 110.5], "depth": 330.5, "passable": true, "chosen": false}], "scan": [[-3, 186.5], [-2, 186.5], [-1, 187.0], [0, 187.5], [1, 190.0], [2, 192.0], [3, 196.0], [4, 198.0], [5, 202.0], [6, 203.0], [7, 208.5], [8, 212.5], [9, 215.25], [10, 216.75], [11, 220.0], [12, 226.0], [13, 227.75], [14, 232.5], [15, 235.5], [16, 242.75], [17, 246.25], [18, 251.5], [19, 258.0], [20, 262.0], [21, 269.5], [22, 274.0], [23, 285.5], [24, 291.0], [25, 300.5], [26, 307.0], [27, 319.0], [28, 326.0], [29, 330.5], [31, 1907.5], [33, 1457.0], [34, 2940.5], [35, 2936.5], [37, 993.5], [38, 952.0], [39, 938.5], [40, 912.0], [41, 894.5], [42, 884.0], [44, 6479.5], [46, 848.0], [47, 831.0], [48, 822.0], [49, 808.0], [50, 805.0], [51, 810.0], [53, 1636.0], [54, 1636.0], [57, 7109.5], [59, 3171.5], [61, 2979.5], [62, 2878.0], [63, 2834.0], [66, 2929.5], [67, 2955.5], [68, 2985.0], [69, 3050.0], [70, 3081.5], [75, 4671.0], [77, 7489.0], [80, 7190.5], [87, 3050.5], [88, 6502.0], [93, 4179.5], [94, 4210.5], [96, 5835.5], [97, 5830.5], [102, 1190.5], [103, 1185.0], [104, 1188.0], [105, 1200.5], [106, 1204.5], [107, 1239.0], [108, 13228.5], [110, 1382.0], [111, 1321.5], [112, 1308.5], [113, 1306.5], [114, 1311.0], [122, 5182.0], [123, 5174.5], [124, 4205.0], [125, 4207.0], [126, 4214.0], [127, 4239.0], [129, 2368.5], [130, 2366.0], [131, 2375.5], [132, 2383.5], [133, 2401.5], [134, 2408.5], [135, 2435.0], [136, 2447.5], [137, 2479.0], [139, 2590.0], [140, 2515.0], [141, 2445.0], [142, 2313.5], [143, 2202.5], [144, 2152.5], [145, 2058.0], [146, 2012.0], [147, 1968.0], [148, 1889.5], [149, 1854.0], [150, 1804.0], [151, 1765.0], [152, 1703.5], [153, 1677.0], [154, 1624.0], [155, 1598.5], [156, 1555.5], [157, 1533.0], [158, 1491.0], [159, 1471.5], [160, 1438.0], [164, 71.75], [165, 72.25], [166, 72.0], [170, 110.5], [171, 110.5], [172, 117.75], [173, 120.5], [174, 122.75], [175, 127.5], [176, 128.0], [177, 126.75], [178, 126.5], [179, 127.0], [180, 126.0], [-175, 71.5], [-173, 60.75], [-171, 75.75], [-170, 76.75], [-169, 74.75], [-168, 75.75], [-166, 1081.5], [-165, 1080.5], [-164, 1077.0], [-163, 1078.5], [-162, 1074.5], [-161, 1073.0], [-160, 1071.0], [-159, 1071.0], [-158, 1070.5], [-157, 1070.75], [-156, 1070.5], [-155, 1071.0], [-154, 1070.0], [-153, 1068.5], [-152, 1071.0], [-151, 1072.0], [-150, 1074.5], [-149, 1075.5], [-148, 1077.5], [-147, 1009.0], [-146, 1008.5], [-145, 1011.0], [-144, 653.5], [-143, 624.5], [-142, 611.5], [-141, 590.0], [-140, 579.5], [-139, 560.0], [-138, 549.0], [-137, 531.0], [-136, 522.5], [-135, 514.5], [-134, 499.0], [-133, 490.0], [-132, 490.0], [-131, 493.5], [-130, 504.0], [-129, 511.75], [-128, 528.5], [-127, 535.5], [-126, 551.5], [-125, 560.0], [-124, 579.0], [-123, 589.5], [-122, 599.5], [-121, 620.5], [-120, 635.0], [-119, 659.5], [-118, 674.0], [-117, 705.5], [-116, 721.5], [-115, 736.0], [-114, 731.5], [-113, 721.0], [-112, 698.0], [-111, 698.0], [-110, 700.5], [-108, 727.5], [-107, 740.5], [-106, 742.0], [-105, 754.5], [-104, 758.5], [-103, 769.0], [-102, 776.0], [-101, 799.0], [-100, 808.5], [-99, 830.5], [-98, 843.0], [-97, 857.5], [-96, 881.5], [-95, 896.5], [-94, 928.5], [-93, 944.5], [-92, 986.5], [-91, 1018.0], [-89, 2380.5], [-88, 2368.5], [-87, 2364.0], [-86, 2475.0], [-85, 2668.5], [-84, 2689.5], [-83, 2485.5], [-82, 2498.5], [-81, 2509.5], [-80, 2519.0], [-79, 2544.0], [-78, 2559.5], [-77, 2582.5], [-76, 4416.5], [-75, 4445.0], [-74, 5309.0], [-73, 5316.0], [-70, 9619.0], [-69, 9527.0], [-68, 9383.5], [-67, 9377.5], [-66, 9387.0], [-64, 11913.5], [-63, 11930.0], [-61, 13115.5], [-60, 13180.5], [-57, 6892.0], [-54, 6602.0], [-50, 773.5], [-49, 733.5], [-47, 687.0], [-46, 657.0], [-45, 654.5], [-44, 611.5], [-42, 558.0], [-41, 533.0], [-40, 544.5], [-39, 479.5], [-38, 456.0], [-37, 452.0], [-36, 452.5], [-35, 458.5], [-34, 462.5], [-33, 471.5], [-32, 471.5], [-31, 461.0], [-30, 455.0], [-28, 322.0], [-21, 211.0], [-19, 193.5], [-17, 179.0], [-16, 178.5], [-15, 174.0], [-14, 174.5], [-13, 174.5], [-12, 176.5], [-11, 177.0], [-10, 178.0], [-9, 181.0], [-8, 182.0], [-7, 184.0], [-6, 186.0], [-5, 188.0], [-4, 191.0]]}