{"heading": -30.6, "target": -77.36914144495668, "gap_dist": 447.6494408077214, "gap_info": [{"width": 447.6494408077214, "center_angle": -77.36914144495668, "edge_a": [-106, 440.0], "edge_b": [-33, 301.5], "depth": 440.0, "passable": true, "chosen": true}, {"width": 283.28936292260215, "center_angle": 64.06214323683814, "edge_a": [31, 193.0], "edge_b": [170, 109.5], "depth": 193.0, "passable": false, "chosen": false}], "scan": [[-4, 204.0], [-3, 200.5], [-2, 199.5], [-1, 197.5], [0, 197.5], [1, 197.0], [2, 196.5], [3, 195.5], [4, 194.5], [5, 193.0], [6, 192.0], [7, 192.0], [8, 191.0], [9, 191.5], [10, 189.5], [11, 188.0], [12, 188.5], [13, 188.0], [14, 187.5], [15, 187.5], [16, 185.0], [17, 182.0], [18, 182.0], [19, 182.5], [20, 184.0], [21, 186.0], [22, 186.0], [23, 188.0], [24, 188.0], [25, 188.0], [26, 190.5], [27, 190.5], [28, 192.0], [29, 192.0], [30, 192.5], [31, 193.0], [34, 1039.0], [35, 1058.0], [36, 1066.5], [37, 1087.5], [38, 1097.5], [39, 1120.0], [40, 1131.0], [41, 1141.5], [42, 1163.0], [43, 1174.5], [44, 1200.0], [45, 1214.0], [46, 1229.5], [47, 1260.5], [48, 1276.0], [49, 1293.0], [50, 1325.5], [51, 1345.0], [52, 1386.0], [53, 1405.5], [54, 1428.0], [55, 1477.5], [56, 1504.5], [57, 1562.0], [58, 1591.5], [59, 1621.0], [60, 1685.5], [61, 1721.0], [62, 1797.5], [63, 1839.0], [64, 1883.5], [65, 1979.0], [66, 2033.5], [67, 2145.5], [68, 2204.5], [69, 2337.0], [70, 2412.0], [74, 2991.0], [77, 3422.5], [80, 3371.5], [81, 3365.5], [82, 3355.5], [83, 3346.5], [84, 3339.0], [85, 3327.5], [86, 3323.5], [90, 3525.0], [91, 3523.5], [92, 3522.5], [93, 3525.5], [94, 3529.0], [95, 3532.0], [96, 3540.0], [97, 3542.5], [99, 3558.0], [100, 3563.0], [101, 3578.0], [103, 2756.0], [105, 2190.0], [106, 2198.0], [107, 2205.5], [108, 2212.5], [109, 2232.5], [110, 2241.0], [111, 2258.5], [112, 2270.5], [113, 2281.5], [114, 2302.5], [115, 2314.0], [116, 2339.0], [117, 2352.0], [118, 2367.0], [119, 4018.0], [120, 4052.5], [122, 2905.5], [123, 2940.0], [124, 4242.0], [125, 4270.0], [127, 2972.5], [128, 2970.0], [129, 4514.0], [130, 4559.5], [131, 4609.5], [132, 4660.5], [133, 4762.0], [134, 4817.5], [135, 4931.0], [136, 4991.5], [140, 5329.0], [141, 3390.5], [142, 3301.5], [143, 3308.5], [147, 6356.5], [148, 6481.5], [153, 4627.0], [154, 4603.0], [155, 4588.5], [157, 8731.5], [158, 8993.0], [160, 6102.0], [166, 68.25], [170, 109.5], [171, 110.5], [172, 110.0], [173, 118.25], [174, 121.0], [175, 126.25], [176, 126.0], [177, 125.25], [178, 125.25], [179, 124.75], [180, 123.0], [-175, 69.25], [-173, 59.25], [-169, 68.75], [-168, 70.5], [-165, 4381.5], [-158, 1670.5], [-157, 1659.0], [-156, 1637.5], [-155, 1626.5], [-154, 1606.5], [-153, 1597.5], [-152, 1588.0], [-151, 1582.0], [-146, 287.5], [-145, 285.5], [-144, 286.0], [-143, 288.0], [-142, 289.5], [-141, 291.0], [-140, 293.5], [-139, 293.5], [-138, 296.0], [-137, 297.0], [-136, 298.0], [-135, 300.0], [-134, 303.0], [-133, 307.5], [-132, 309.5], [-131, 312.5], [-130, 313.5], [-129, 317.0], [-128, 319.0], [-127, 321.5], [-126, 328.0], [-125, 329.5], [-124, 335.5], [-123, 338.5], [-122, 341.0], [-121, 345.0], [-120, 348.5], [-119, 355.5], [-118, 359.5], [-117, 367.5], [-116, 371.5], [-115, 375.5], [-114, 383.5], [-113, 387.5], [-112, 396.5], [-111, 402.0], [-110, 411.0], [-109, 416.5], [-108, 421.0], [-107, 432.5], [-106, 440.0], [-103, 4433.0], [-102, 4455.5], [-94, 4361.5], [-93, 4340.0], [-92, 4329.5], [-91, 4312.0], [-90, 4304.75], [-89, 4299.0], [-88, 4301.0], [-87, 4301.5], [-86, 4298.0], [-85, 4316.0], [-84, 4323.5], [-83, 4327.5], [-82, 4332.0], [-81, 4339.5], [-80, 4349.0], [-79, 4312.5], [-78, 4325.0], [-77, 3733.0], [-76, 3742.5], [-75, 3756.0], [-74, 3779.0], [-65, 2177.5], [-64, 2115.5], [-63, 2054.5], [-62, 1952.0], [-61, 1904.0], [-60, 1817.5], [-59, 1780.5], [-58, 1712.0], [-57, 1679.5], [-56, 1649.5], [-55, 1586.0], [-54, 1559.0], [-53, 1504.5], [-52, 1479.25], [-51, 1456.0], [-50, 1411.5], [-49, 1390.5], [-48, 1349.5], [-47, 1331.5], [-46, 1296.5], [-45, 1280.5], [-44, 1264.5], [-43, 1233.5], [-42, 1218.0], [-41, 1191.0], [-40, 1179.0], [-39, 1149.5], [-38, 1138.0], [-37, 1126.0], [-36, 1103.0], [-35, 1091.0], [-34, 1082.5], [-33, 301.5], [-32, 296.5], [-31, 287.5], [-30, 283.0], [-29, 275.0], [-28, 271.5], [-27, 264.0], [-26, 260.0], [-25, 257.5], [-24, 249.0], [-23, 245.5], [-22, 240.5], [-21, 237.5], [-20, 236.0], [-19, 231.0], [-18, 228.5], [-17, 222.0], [-16, 220.0], [-15, 220.0], [-14, 215.0], [-13, 212.0], [-12, 209.0], [-11, 207.0], [-10, 203.0], [-9, 201.0], [-8, 199.5], [-7, 198.5], [-6, 197.5], [-5, 194.0]]}