{"heading": -43.4, "target": -120.11607018064862, "gap_dist": 270.9947507947467, "gap_info": [{"width": 270.9947507947467, "center_angle": -120.11607018064862, "edge_a": [-180, 123.0], "edge_b": [-105, 408.0], "depth": 408.0, "passable": true, "chosen": true}, {"width": 269.15775428181536, "center_angle": -10.000000000000004, "edge_a": [-10, 224.0], "edge_b": [170, 108.25], "depth": 224.0, "passable": false, "chosen": false}, {"width": 12.28293455777307, "center_angle": 171.57097327492977, "edge_a": [170, 108.25], "edge_b": [173, 119.0], "depth": 119.0, "passable": false, "chosen": false}], "scan": [[-2, 1433.5], [-1, 1437.75], [1, 1349.5], [4, 2978.5], [5, 2976.0], [7, 3135.5], [8, 3120.0], [9, 3145.0], [10, 8047.75], [11, 8177.25], [12, 8332.5], [13, 8469.5], [15, 6499.0], [17, 9401.0], [18, 4438.0], [23, 11575.5], [24, 11753.0], [27, 1491.25], [28, 1472.0], [29, 1481.5], [30, 1505.5], [32, 12140.25], [34, 2258.75], [37, 2507.25], [42, 2136.0], [44, 3608.5], [49, 3904.75], [55, 7261.0], [56, 7257.0], [60, 4015.0], [62, 4090.75], [66, 2559.25], [67, 1611.0], [68, 1591.25], [69, 1573.5], [70, 1571.75], [71, 1576.25], [72, 1583.75], [73, 1618.75], [75, 5344.0], [80, 4558.5], [81, 4465.5], [82, 4293.0], [84, 4067.0], [87, 3584.25], [88, 3530.25], [89, 3477.75], [90, 3253.0], [92, 3232.0], [93, 3198.0], [94, 3196.5], [95, 3274.25], [96, 3317.25], [97, 3410.5], [98, 3451.5], [100, 3350.5], [101, 3357.5], [102, 3510.5], [103, 3481.0], [105, 1072.0], [106, 1067.5], [107, 1074.5], [108, 1069.0], [109, 1068.25], [110, 1095.0], [111, 1111.0], [114, 3099.25], [115, 3081.5], [116, 3049.25], [117, 3034.0], [119, 982.5], [120, 973.0], [121, 985.0], [122, 999.0], [123, 1020.75], [124, 2934.5], [125, 2925.5], [126, 2919.75], [127, 2919.25], [128, 2891.5], [129, 2886.5], [130, 2878.75], [131, 2869.75], [132, 2860.25], [133, 2860.5], [134, 2848.5], [135, 2826.5], [136, 2825.0], [137, 2813.0], [138, 2804.5], [139, 2805.5], [140, 2813.5], [141, 2808.5], [142, 2821.5], [143, 2826.5], [144, 2841.5], [145, 2851.5], [146, 2866.5], [147, 2867.5], [148, 2873.25], [149, 2887.5], [150, 2888.25], [151, 2905.0], [152, 2924.5], [153, 2928.0], [154, 2948.0], [155, 2961.5], [156, 2979.0], [157, 2985.25], [158, 2950.5], [164, 65.75], [165, 69.5], [168, 60.25], [170, 108.25], [173, 119.0], [174, 121.0], [175, 124.0], [176, 126.75], [177, 125.75], [178, 123.5], [179, 123.75], [180, 124.75], [-180, 123.0], [-176, 70.5], [-171, 73.25], [-170, 74.0], [-168, 70.0], [-166, 1407.5], [-165, 1385.5], [-164, 1377.5], [-163, 1362.5], [-162, 1353.0], [-161, 1345.5], [-160, 1328.0], [-159, 1319.5], [-158, 1307.0], [-157, 1299.0], [-156, 1291.5], [-155, 1276.25], [-154, 1271.0], [-153, 1258.25], [-152, 1251.25], [-151, 1245.0], [-150, 1233.25], [-149, 1227.25], [-148, 1216.0], [-147, 1210.5], [-146, 1201.0], [-145, 1197.75], [-144, 1196.25], [-143, 1190.0], [-142, 1187.25], [-141, 1183.0], [-140, 1181.75], [-139, 1179.5], [-138, 1176.25], [-137, 1175.0], [-136, 1171.75], [-135, 1170.25], [-134, 1170.25], [-133, 1169.75], [-132, 1168.25], [-131, 1168.5], [-130, 1168.0], [-129, 1169.5], [-128, 1173.75], [-127, 1173.75], [-126, 1174.75], [-125, 1176.75], [-124, 1179.0], [-123, 1182.75], [-122, 1184.75], [-121, 1192.25], [-120, 1194.0], [-119, 1203.0], [-118, 1205.0], [-117, 1207.75], [-116, 1215.0], [-115, 1221.0], [-114, 1230.5], [-113, 1236.0], [-112, 1245.0], [-111, 1252.5], [-110, 1259.0], [-109, 1270.0], [-108, 1277.0], [-107, 1291.5], [-105, 408.0], [-104, 400.0], [-103, 381.0], [-102, 373.0], [-101, 357.5], [-100, 350.0], [-99, 343.0], [-98, 329.0], [-97, 321.5], [-96, 309.5], [-95, 304.5], [-94, 299.5], [-93, 289.5], [-92, 285.0], [-91, 278.0], [-90, 274.5], [-89, 267.0], [-88, 263.0], [-87, 261.0], [-86, 252.5], [-85, 248.0], [-84, 246.75], [-83, 243.5], [-82, 241.0], [-81, 236.5], [-80, 233.0], [-79, 230.0], [-78, 227.5], [-77, 223.25], [-76, 222.25], [-75, 219.5], [-74, 216.5], [-73, 214.0], [-72, 210.5], [-71, 208.75], [-70, 207.75], [-69, 204.75], [-68, 203.5], [-67, 200.25], [-66, 198.5], [-65, 196.25], [-64, 193.5], [-63, 194.0], [-62, 193.25], [-61, 192.0], [-60, 190.0], [-59, 188.0], [-58, 185.75], [-57, 185.5], [-56, 182.5], [-55, 181.5], [-54, 183.5], [-53, 184.5], [-52, 184.0], [-51, 183.0], [-50, 182.5], [-49, 182.25], [-48, 181.0], [-47, 181.0], [-46, 180.5], [-45, 181.5], [-44, 180.25], [-43, 179.5], [-42, 180.75], [-41, 181.0], [-40, 181.5], [-39, 180.0], [-38, 180.75], [-37, 183.0], [-36, 183.5], [-35, 182.5], [-34, 182.5], [-33, 184.0], [-32, 185.5], [-31, 185.25], [-30, 184.5], [-29, 185.75], [-28, 185.75], [-27, 186.75], [-26, 188.0], [-25, 189.0], [-24, 189.25], [-23, 192.0], [-22, 196.0], [-20, 195.75], [-19, 198.5], [-18, 199.75], [-17, 201.25], [-16, 206.5], [-15, 207.5], [-14, 208.5], [-13, 213.0], [-12, 213.0], [-10, 224.0], [-8, 6091.5], [-7, 6143.0], [-5, 6218.0]]}