{"heading": 96.0, "target": 67.93297645506937, "gap_dist": 460.15628900000746, "gap_info": [{"width": 583.4522090332696, "center_angle": -139.78819771746004, "edge_a": [-167, 442.0], "edge_b": [-42, 204.0], "depth": 442.0, "passable": true, "chosen": false}, {"width": 46.73470078223757, "center_angle": -3.3605055948603466, "edge_a": [-5, 219.5], "edge_b": [-2, 264.5], "depth": 264.5, "passable": false, "chosen": false}, {"width": 25.082555462060984, "center_angle": 40.53086305371424, "edge_a": [39, 369.0], "edge_b": [42, 384.5], "depth": 384.5, "passable": false, "chosen": false}, {"width": 460.15628900000746, "center_angle": 67.93297645506937, "edge_a": [55, 493.0], "edge_b": [172, 113.75], "depth": 493.0, "passable": true, "chosen": true}], "scan": [[-2, 264.5], [-1, 268.5], [0, 272.0], [1, 276.0], [2, 280.0], [3, 283.5], [4, 289.5], [5, 294.5], [6, 300.0], [7, 303.5], [8, 307.0], [9, 314.5], [10, 319.0], [11, 328.0], [12, 332.5], [13, 337.5], [14, 340.5], [15, 336.0], [16, 328.5], [17, 319.5], [18, 311.5], [19, 294.5], [20, 287.0], [21, 291.0], [22, 295.0], [23, 288.5], [24, 290.0], [25, 291.5], [26, 292.0], [27, 293.5], [28, 297.0], [30, 317.5], [31, 320.5], [32, 323.5], [33, 335.5], [34, 323.0], [35, 326.0], [36, 328.5], [37, 334.5], [39, 369.0], [42, 384.5], [43, 380.0], [44, 398.5], [45, 405.0], [46, 407.0], [47, 407.0], [48, 411.5], [49, 421.0], [50, 429.0], [51, 447.5], [52, 455.0], [53, 474.5], [54, 482.5], [55, 493.0], [57, 539.0], [58, 574.5], [59, 589.0], [60, 593.0], [63, 2169.5], [64, 2132.5], [65, 2127.0], [66, 2152.0], [67, 2164.0], [68, 2190.5], [69, 2204.0], [70, 2232.0], [71, 2246.0], [72, 4983.0], [73, 4989.0], [74, 4995.0], [75, 9261.0], [76, 9177.0], [77, 9061.0], [78, 9071.5], [79, 9081.5], [82, 11633.5], [84, 12760.0], [85, 12858.0], [86, 12976.0], [92, 7874.0], [98, 4980.5], [99, 4940.5], [107, 4550.5], [114, 5409.0], [118, 760.0], [119, 751.0], [120, 734.5], [121, 725.0], [122, 711.0], [123, 703.0], [124, 686.5], [125, 680.0], [126, 672.0], [127, 660.0], [128, 654.0], [129, 641.0], [130, 635.0], [131, 621.0], [132, 614.5], [133, 612.0], [134, 605.0], [135, 601.0], [136, 596.5], [137, 584.5], [138, 579.5], [139, 581.5], [140, 586.0], [142, 558.0], [143, 564.0], [144, 567.0], [145, 559.5], [146, 556.5], [147, 555.0], [148, 531.5], [149, 527.0], [150, 527.0], [151, 533.0], [152, 529.0], [153, 523.0], [154, 514.5], [155, 509.5], [156, 511.0], [157, 509.0], [158, 507.5], [161, 555.0], [164, 72.25], [165, 72.5], [166, 71.75], [170, 98.75], [172, 113.75], [173, 123.5], [174, 125.75], [175, 126.0], [176, 127.25], [177, 127.25], [178, 127.25], [179, 126.75], [180, 126.5], [-175, 73.75], [-171, 79.0], [-167, 442.0], [-164, 1198.5], [-163, 1193.5], [-162, 1194.5], [-161, 1199.0], [-160, 1199.0], [-159, 3510.0], [-157, 3333.5], [-156, 3286.0], [-155, 3235.5], [-152, 3346.0], [-151, 3385.5], [-150, 3419.0], [-149, 3491.0], [-142, 5182.5], [-141, 5224.5], [-136, 4054.5], [-133, 3465.0], [-127, 6568.0], [-124, 6250.0], [-123, 1563.0], [-122, 1547.5], [-121, 1549.0], [-120, 1555.5], [-119, 1585.0], [-116, 1663.5], [-115, 1637.5], [-114, 1638.5], [-113, 1647.5], [-112, 1668.0], [-110, 13554.5], [-109, 13500.5], [-108, 13451.5], [-107, 13428.5], [-105, 13397.0], [-104, 13361.5], [-99, 6004.0], [-98, 5462.5], [-97, 5464.5], [-95, 5494.5], [-94, 5504.5], [-91, 2640.5], [-79, 1989.5], [-77, 1819.5], [-76, 1771.0], [-75, 1680.5], [-74, 1639.0], [-73, 1599.5], [-72, 1528.5], [-71, 1495.0], [-70, 1436.0], [-69, 1408.5], [-68, 1354.5], [-67, 1333.0], [-66, 1311.0], [-65, 1264.0], [-64, 1243.5], [-63, 1207.0], [-62, 1190.5], [-61, 1157.5], [-60, 1155.5], [-59, 1165.5], [-58, 1177.0], [-57, 1173.0], [-56, 1130.0], [-55, 1114.5], [-54, 1091.0], [-53, 1078.0], [-52, 1066.5], [-51, 1046.0], [-50, 1033.5], [-49, 1013.5], [-48, 1003.5], [-47, 986.0], [-46, 976.5], [-45, 969.5], [-44, 954.5], [-43, 949.0], [-42, 204.0], [-41, 202.0], [-40, 201.0], [-39, 200.5], [-38, 201.5], [-37, 199.0], [-36, 198.5], [-35, 197.5], [-34, 196.0], [-33, 196.0], [-32, 196.0], [-31, 195.5], [-30, 194.5], [-29, 194.5], [-28, 196.5], [-27, 196.5], [-26, 197.0], [-25, 199.0], [-24, 199.0], [-23, 199.0], [-22, 201.5], [-21, 201.5], [-20, 201.5], [-19, 201.5], [-18, 203.0], [-17, 203.5], [-16, 204.5], [-15, 206.0], [-14, 206.5], [-13, 208.5], [-12, 209.0], [-11, 209.0], [-10, 211.0], [-9, 212.0], [-8, 215.0], [-7, 216.5], [-6, 219.0], [-5, 219.5]]}