{"heading": 29.4, "target": 69.29786700049804, "gap_dist": 268.4928047968055, "gap_info": [{"width": 268.4928047968055, "center_angle": 69.29786700049804, "edge_a": [56, 498.75], "edge_b": [170, 116.75], "depth": 498.75, "passable": true, "chosen": true}], "scan": [[-2, 158.5], [-1, 159.0], [0, 159.25], [1, 159.75], [2, 160.75], [3, 161.75], [4, 162.75], [5, 163.75], [6, 165.75], [7, 168.25], [8, 168.5], [9, 170.75], [10, 171.25], [11, 172.75], [12, 173.5], [13, 174.75], [14, 175.75], [15, 179.25], [16, 180.0], [17, 182.5], [18, 184.0], [19, 186.5], [20, 190.25], [21, 192.25], [22, 195.5], [23, 197.25], [24, 199.75], [25, 205.5], [26, 208.0], [27, 210.75], [28, 213.75], [29, 218.25], [30, 223.0], [31, 229.0], [32, 232.75], [33, 241.0], [34, 244.25], [35, 247.75], [36, 256.0], [37, 260.25], [38, 268.75], [39, 274.5], [40, 280.25], [41, 290.25], [42, 295.0], [43, 306.5], [44, 313.5], [45, 327.5], [46, 335.25], [47, 344.0], [48, 352.0], [49, 370.0], [50, 379.5], [51, 400.75], [52, 411.75], [53, 436.5], [55, 466.5], [56, 498.75], [72, 3256.0], [73, 3262.5], [74, 3075.5], [75, 3079.75], [77, 3252.0], [78, 3256.5], [79, 3258.5], [80, 3262.5], [81, 3266.25], [82, 3271.25], [83, 3281.0], [84, 3282.75], [86, 3529.25], [87, 3540.75], [88, 3549.75], [89, 3561.0], [90, 3585.75], [91, 3600.5], [92, 3627.5], [94, 3667.75], [95, 3689.75], [96, 3707.0], [97, 3747.5], [100, 2930.75], [101, 2886.0], [102, 2816.0], [103, 2751.0], [104, 2626.0], [106, 2403.0], [107, 2429.0], [108, 2448.25], [109, 2487.25], [110, 2510.0], [111, 2533.0], [112, 2579.25], [113, 2603.75], [114, 2658.25], [115, 2684.75], [116, 2709.5], [117, 4686.5], [118, 4745.0], [119, 4740.5], [120, 4978.5], [121, 5043.0], [122, 582.25], [123, 579.25], [124, 571.0], [125, 564.25], [126, 563.0], [127, 563.0], [128, 565.5], [129, 564.75], [130, 562.5], [131, 558.25], [132, 556.75], [133, 558.75], [134, 563.0], [135, 561.0], [136, 563.0], [137, 568.5], [138, 561.25], [139, 563.75], [140, 570.0], [141, 567.0], [142, 562.5], [143, 567.5], [144, 568.25], [145, 571.0], [146, 574.0], [147, 575.5], [148, 580.75], [149, 582.5], [150, 583.5], [151, 590.5], [152, 594.0], [153, 600.0], [154, 606.25], [155, 607.25], [156, 616.25], [157, 619.0], [158, 629.25], [159, 634.5], [160, 639.25], [161, 646.25], [165, 72.25], [170, 116.75], [171, 111.75], [172, 113.5], [173, 117.0], [174, 120.25], [175, 124.5], [176, 126.75], [177, 126.5], [178, 126.0], [179, 125.25], [180, 126.5], [-175, 70.25], [-171, 78.25], [-169, 70.0], [-167, 74.25], [-166, 75.0], [-165, 2192.75], [-162, 2897.25], [-161, 4207.0], [-160, 4242.25], [-156, 3309.75], [-155, 462.5], [-154, 448.5], [-153, 442.5], [-152, 430.75], [-151, 424.75], [-150, 419.0], [-149, 409.25], [-148, 405.25], [-147, 396.75], [-146, 391.75], [-145, 387.25], [-144, 379.0], [-143, 374.25], [-142, 366.25], [-141, 363.0], [-140, 355.75], [-139, 352.75], [-138, 349.75], [-137, 344.75], [-136, 342.75], [-135, 340.75], [-134, 334.5], [-133, 330.75], [-132, 327.5], [-131, 322.5], [-130, 320.5], [-129, 319.5], [-128, 316.25], [-127, 315.0], [-126, 313.5], [-125, 311.5], [-124, 309.75], [-123, 306.25], [-122, 306.0], [-121, 303.0], [-120, 302.0], [-119, 301.25], [-118, 299.25], [-117, 298.5], [-116, 297.25], [-115, 296.5], [-114, 296.0], [-113, 296.0], [-112, 295.75], [-111, 295.5], [-110, 294.75], [-109, 294.75], [-108, 294.0], [-107, 292.25], [-106, 293.0], [-105, 293.25], [-104, 293.0], [-103, 292.75], [-102, 294.0], [-101, 293.25], [-100, 293.25], [-99, 294.25], [-98, 295.0], [-97, 294.5], [-96, 294.25], [-95, 294.0], [-94, 295.25], [-93, 297.5], [-92, 298.0], [-91, 299.75], [-90, 300.0], [-89, 299.75], [-88, 302.0], [-87, 304.0], [-86, 308.25], [-85, 309.75], [-84, 311.0], [-83, 311.25], [-82, 318.0], [-81, 318.5], [-80, 320.25], [-78, 328.25], [-77, 326.75], [-76, 321.75], [-75, 305.5], [-74, 297.0], [-73, 286.0], [-72, 280.5], [-71, 275.5], [-70, 264.25], [-69, 260.25], [-68, 252.0], [-67, 247.5], [-66, 239.75], [-65, 237.0], [-64, 232.75], [-63, 225.5], [-62, 223.75], [-61, 216.75], [-60, 214.25], [-59, 211.5], [-58, 206.5], [-57, 204.5], [-56, 201.25], [-55, 198.75], [-54, 194.5], [-53, 193.0], [-52, 191.5], [-51, 187.75], [-50, 185.75], [-49, 182.75], [-48, 181.0], [-47, 179.5], [-46, 178.0], [-45, 176.0], [-44, 173.75], [-43, 172.75], [-42, 169.25], [-41, 169.0], [-40, 168.75], [-39, 166.75], [-38, 166.0], [-37, 163.25], [-36, 163.0], [-35, 162.0], [-34, 161.25], [-33, 159.5], [-32, 158.75], [-31, 158.5], [-30, 157.5], [-29, 157.5], [-28, 156.75], [-27, 156.75], [-26, 156.25], [-25, 155.5], [-24, 155.5], [-23, 155.5], [-22, 153.75], [-21, 153.0], [-20, 152.75], [-19, 153.0], [-18, 153.0], [-17, 153.75], [-16, 153.0], [-15, 153.0], [-14, 153.0], [-13, 153.75], [-12, 153.0], [-11, 153.75], [-10, 153.75], [-9, 155.25], [-8, 155.75], [-7, 155.5], [-6, 156.0], [-5, 156.75], [-4, 157.0], [-3, 157.5]]}