{"heading": 33.6, "target": 143.23945554022748, "gap_dist": 361.06794853648745, "gap_info": [{"width": 150.60850461651148, "center_angle": 105.19175764739231, "edge_a": [98, 271.0], "edge_b": [110, 404.75], "depth": 404.75, "passable": false, "chosen": false}, {"width": 361.06794853648745, "center_angle": 143.23945554022748, "edge_a": [138, 498.0], "edge_b": [170, 101.0], "depth": 498.0, "passable": true, "chosen": true}], "scan": [[-1, 166.0], [0, 168.0], [1, 166.5], [2, 165.0], [3, 164.0], [4, 164.0], [5, 166.0], [6, 167.0], [7, 167.0], [8, 168.0], [9, 168.5], [10, 169.5], [11, 170.0], [12, 170.0], [13, 170.5], [14, 170.5], [15, 171.5], [16, 173.5], [17, 173.5], [18, 175.0], [19, 176.5], [20, 177.0], [21, 179.5], [22, 180.0], [23, 182.0], [24, 183.0], [25, 184.0], [26, 188.0], [27, 190.0], [28, 192.5], [29, 194.0], [30, 197.0], [31, 199.0], [32, 203.0], [33, 204.5], [34, 205.5], [35, 209.0], [36, 210.5], [37, 218.0], [38, 220.5], [39, 224.0], [40, 225.5], [41, 235.0], [42, 237.5], [43, 240.5], [44, 245.0], [45, 249.0], [46, 253.0], [47, 257.5], [48, 264.5], [49, 269.75], [50, 269.5], [51, 265.0], [52, 257.0], [53, 255.0], [54, 253.0], [55, 252.5], [56, 250.5], [57, 248.5], [58, 248.5], [59, 246.0], [60, 245.0], [61, 245.0], [62, 244.5], [63, 244.0], [64, 244.5], [65, 244.0], [66, 242.5], [67, 241.5], [68, 237.5], [69, 236.5], [70, 237.5], [71, 237.5], [72, 237.5], [73, 238.0], [74, 239.0], [75, 241.5], [76, 242.0], [77, 242.5], [78, 241.5], [79, 243.0], [80, 243.5], [81, 244.5], [82, 245.5], [83, 246.5], [84, 247.5], [85, 248.0], [86, 250.5], [87, 249.5], [88, 251.0], [89, 255.0], [90, 256.5], [91, 258.0], [92, 259.0], [93, 259.5], [94, 262.5], [95, 263.5], [96, 268.0], [97, 270.0], [98, 271.0], [100, 3055.0], [103, 4483.0], [105, 1532.5], [106, 1508.0], [110, 404.75], [111, 403.5], [112, 405.0], [113, 406.0], [114, 408.5], [115, 409.75], [116, 411.5], [117, 415.0], [118, 416.25], [119, 418.0], [120, 419.5], [121, 424.0], [122, 426.5], [123, 432.5], [124, 434.0], [125, 436.0], [126, 442.0], [127, 444.0], [128, 448.5], [129, 451.5], [130, 453.5], [131, 463.0], [132, 465.5], [133, 472.5], [134, 477.5], [135, 481.5], [136, 489.5], [137, 492.5], [138, 498.0], [139, 507.5], [140, 513.5], [141, 526.5], [142, 531.0], [143, 539.5], [144, 550.0], [145, 556.5], [146, 595.0], [147, 598.5], [148, 595.0], [149, 638.0], [150, 641.0], [152, 655.0], [153, 659.5], [154, 700.0], [155, 702.5], [156, 713.5], [165, 69.0], [170, 101.0], [172, 108.5], [174, 123.0], [175, 124.75], [176, 125.75], [177, 123.25], [178, 124.0], [179, 124.75], [180, 124.0], [-175, 70.5], [-173, 60.0], [-171, 78.0], [-167, 73.0], [-164, 14881.0], [-161, 8807.5], [-160, 8881.0], [-159, 7500.0], [-158, 7518.0], [-157, 7528.5], [-155, 7003.5], [-154, 7010.5], [-152, 7055.0], [-151, 690.5], [-150, 672.5], [-149, 669.0], [-148, 666.0], [-147, 659.5], [-146, 657.0], [-145, 653.5], [-144, 652.0], [-143, 650.5], [-142, 645.0], [-141, 642.5], [-140, 639.5], [-139, 637.0], [-138, 634.0], [-137, 632.5], [-136, 630.5], [-135, 629.0], [-134, 628.5], [-133, 625.5], [-132, 625.0], [-131, 624.5], [-130, 622.0], [-129, 622.5], [-128, 621.5], [-127, 623.0], [-126, 626.5], [-125, 628.0], [-124, 637.0], [-123, 1702.5], [-122, 1680.5], [-121, 1632.0], [-120, 1608.5], [-119, 1586.0], [-118, 1541.5], [-117, 1521.0], [-116, 1484.0], [-115, 1466.5], [-114, 1448.5], [-113, 1415.5], [-112, 1399.0], [-111, 1371.5], [-109, 769.5], [-108, 767.0], [-107, 765.5], [-106, 764.25], [-105, 763.5], [-104, 763.25], [-103, 763.75], [-102, 765.5], [-101, 765.25], [-100, 766.75], [-99, 768.5], [-98, 772.5], [-97, 775.0], [-96, 776.5], [-95, 782.0], [-94, 782.0], [-93, 784.5], [-92, 790.5], [-91, 790.0], [-90, 796.0], [-89, 800.5], [-88, 804.0], [-87, 809.5], [-86, 812.5], [-85, 838.25], [-84, 831.5], [-83, 839.0], [-82, 851.5], [-81, 853.5], [-80, 853.0], [-79, 852.5], [-78, 873.0], [-77, 877.0], [-76, 877.0], [-75, 877.0], [-74, 1039.0], [-73, 1043.5], [-72, 1045.0], [-71, 721.5], [-70, 711.0], [-69, 696.0], [-68, 689.0], [-67, 685.0], [-66, 683.5], [-65, 707.5], [-64, 720.5], [-63, 1042.0], [-61, 909.0], [-60, 898.5], [-59, 884.75], [-58, 877.5], [-57, 871.0], [-56, 870.0], [-55, 882.5], [-54, 1085.0], [-53, 1091.5], [-52, 1094.5], [-51, 1100.0], [-50, 1108.0], [-49, 1113.0], [-48, 1124.0], [-47, 1128.5], [-46, 1135.0], [-45, 1149.5], [-44, 1155.0], [-43, 1167.5], [-42, 1172.5], [-41, 953.5], [-40, 949.5], [-39, 946.0], [-38, 940.5], [-37, 936.5], [-36, 934.0], [-35, 932.0], [-34, 931.5], [-33, 928.0], [-32, 925.5], [-31, 923.0], [-30, 923.5], [-29, 922.5], [-28, 922.0], [-27, 922.5], [-26, 923.5], [-25, 924.0], [-24, 924.0], [-23, 928.5], [-22, 929.0], [-21, 930.5], [-20, 933.5], [-19, 937.0], [-18, 941.0], [-17, 943.0], [-16, 946.0], [-15, 952.5], [-14, 955.5], [-13, 962.5], [-12, 964.0], [-11, 968.0], [-10, 993.0], [-9, 2106.0], [-8, 2154.0], [-7, 2205.5], [-6, 2258.0], [-5, 2371.0], [-4, 2430.5]]}