{"heading": 39.2, "target": 102.07225069948544, "gap_dist": 472.7289899713134, "gap_info": [{"width": 192.52312070650788, "center_angle": -11.419452088474193, "edge_a": [-38, 160.0], "edge_b": [3, 287.5], "depth": 287.5, "passable": false, "chosen": false}, {"width": 472.7289899713134, "center_angle": 102.07225069948544, "edge_a": [50, 205.0], "edge_b": [121, 498.5], "depth": 498.5, "passable": true, "chosen": true}, {"width": 415.75068278238405, "center_angle": 133.79128520611252, "edge_a": [127, 490.0], "edge_b": [169, 100.5], "depth": 490.0, "passable": true, "chosen": false}], "scan": [[-2, 4572.5], [-1, 4681.5], [0, 4784.5], [3, 287.5], [4, 283.5], [5, 281.0], [6, 274.5], [7, 272.0], [8, 266.5], [9, 264.0], [10, 262.0], [11, 259.5], [12, 252.75], [13, 249.75], [14, 244.0], [15, 242.0], [16, 240.5], [17, 237.5], [18, 234.5], [19, 231.75], [20, 229.25], [21, 228.25], [22, 224.25], [23, 223.25], [24, 222.25], [25, 219.25], [26, 218.25], [27, 216.25], [28, 214.0], [29, 214.0], [30, 212.0], [31, 210.0], [32, 209.0], [33, 208.25], [34, 206.75], [35, 206.5], [36, 206.5], [37, 205.5], [38, 205.0], [39, 203.0], [40, 202.5], [41, 202.0], [42, 201.0], [43, 200.5], [44, 199.5], [45, 199.5], [46, 199.5], [47, 199.5], [48, 201.0], [49, 204.25], [50, 205.0], [52, 2998.0], [53, 2843.0], [54, 2766.0], [55, 2690.5], [56, 2557.5], [57, 2497.5], [58, 2384.5], [59, 2332.5], [60, 2284.0], [61, 2190.0], [62, 2146.0], [63, 2104.0], [64, 2030.5], [65, 1996.5], [66, 1929.5], [67, 1899.5], [68, 1840.5], [69, 1813.5], [70, 1787.5], [71, 1736.5], [72, 1714.0], [73, 1675.0], [74, 1654.5], [75, 1635.0], [76, 1596.0], [77, 1579.0], [78, 1560.5], [79, 1528.5], [80, 1512.5], [81, 1482.5], [82, 1467.5], [83, 1442.5], [84, 1431.5], [85, 1419.0], [86, 1397.0], [87, 1387.0], [88, 1367.5], [89, 1356.0], [90, 1347.0], [91, 1330.5], [92, 1322.0], [93, 1313.0], [94, 1300.0], [95, 1292.0], [96, 1278.5], [97, 1272.5], [99, 613.75], [100, 609.0], [101, 595.5], [102, 589.25], [103, 583.5], [104, 577.0], [105, 568.5], [106, 562.5], [107, 553.5], [108, 549.0], [109, 545.5], [110, 538.5], [111, 534.5], [112, 529.5], [113, 525.0], [114, 521.0], [115, 516.0], [116, 513.5], [117, 511.0], [118, 505.5], [119, 503.5], [120, 501.0], [121, 498.5], [122, 494.0], [123, 493.0], [124, 490.0], [125, 488.25], [126, 486.75], [127, 490.0], [131, 1214.5], [132, 1219.5], [133, 1224.5], [134, 1229.5], [135, 1233.75], [136, 1242.0], [137, 1247.0], [138, 1252.0], [139, 1265.0], [140, 1268.25], [141, 1273.25], [142, 1287.0], [143, 1293.0], [144, 1306.5], [145, 1314.0], [146, 1321.5], [147, 1339.0], [148, 1347.5], [149, 1354.5], [150, 1374.0], [151, 1384.5], [152, 1406.5], [153, 1417.5], [154, 1428.5], [155, 1451.0], [156, 1465.0], [157, 1495.0], [158, 1509.0], [159, 1524.0], [160, 1556.0], [161, 1571.5], [164, 69.0], [165, 68.75], [166, 68.75], [169, 100.5], [170, 101.5], [172, 114.75], [173, 119.75], [174, 122.5], [175, 127.25], [176, 128.25], [177, 126.5], [178, 126.25], [179, 125.25], [180, 125.5], [-175, 70.75], [-170, 75.5], [-169, 66.75], [-164, 3382.5], [-163, 3377.0], [-161, 1093.0], [-160, 1087.5], [-159, 1086.0], [-158, 1080.5], [-157, 1068.5], [-156, 1053.5], [-155, 1052.5], [-154, 1055.0], [-153, 1057.5], [-151, 3493.5], [-150, 3493.5], [-149, 3492.5], [-148, 3494.0], [-147, 3497.0], [-146, 3499.5], [-144, 2106.0], [-143, 2102.0], [-142, 2106.0], [-141, 2111.0], [-140, 2116.5], [-139, 2125.0], [-138, 2129.0], [-137, 2135.5], [-136, 2146.5], [-135, 2154.0], [-134, 2167.0], [-133, 2175.5], [-132, 2190.5], [-131, 2197.5], [-130, 2207.0], [-129, 2241.0], [-127, 3769.5], [-126, 3811.0], [-125, 3832.0], [-124, 3879.0], [-123, 3902.5], [-122, 3926.5], [-121, 3979.5], [-119, 273.5], [-118, 268.0], [-117, 256.5], [-116, 252.5], [-115, 248.5], [-114, 241.5], [-113, 236.5], [-112, 229.25], [-111, 225.5], [-110, 222.0], [-109, 216.25], [-108, 213.0], [-107, 207.5], [-106, 205.0], [-105, 202.5], [-104, 197.75], [-103, 195.5], [-102, 193.0], [-101, 189.75], [-100, 188.0], [-99, 183.5], [-98, 182.0], [-97, 181.5], [-96, 179.75], [-94, 171.5], [-93, 170.5], [-92, 169.0], [-91, 168.5], [-90, 167.0], [-89, 165.0], [-88, 162.5], [-87, 162.0], [-86, 162.5], [-85, 161.5], [-84, 161.0], [-83, 157.5], [-82, 158.5], [-81, 158.75], [-80, 157.0], [-79, 156.5], [-78, 154.0], [-77, 153.5], [-76, 153.0], [-75, 153.0], [-74, 153.0], [-73, 151.5], [-72, 151.5], [-71, 150.0], [-70, 150.0], [-69, 150.75], [-68, 150.0], [-67, 147.25], [-66, 146.0], [-65, 146.5], [-64, 144.5], [-63, 145.0], [-62, 145.0], [-61, 145.5], [-60, 146.0], [-59, 146.0], [-58, 148.0], [-57, 148.5], [-56, 149.5], [-55, 151.0], [-54, 150.5], [-53, 150.0], [-52, 150.0], [-51, 151.0], [-50, 151.5], [-49, 152.0], [-48, 152.5], [-47, 153.0], [-46, 152.5], [-45, 155.0], [-44, 156.5], [-43, 155.0], [-42, 155.0], [-41, 157.5], [-40, 157.5], [-39, 156.75], [-38, 160.0], [-36, 2703.5], [-30, 8178.0], [-25, 7200.5], [-22, 6694.5], [-20, 6266.0], [-17, 5990.0], [-16, 3387.5], [-13, 3411.5], [-12, 5374.0], [-11, 5308.5], [-10, 5259.5], [-9, 5205.0], [-7, 5041.0], [-6, 4758.0], [-5, 4718.0], [-4, 4633.5]]}