{"heading": 16.1, "target": 51.33345019341896, "gap_dist": 260.5655774278054, "gap_info": [{"width": 260.5655774278054, "center_angle": 51.33345019341896, "edge_a": [40, 493.5], "edge_b": [172, 112.75], "depth": 493.5, "passable": true, "chosen": true}], "scan": [[-3, 188.0], [-2, 189.75], [-1, 190.75], [0, 193.0], [1, 195.5], [2, 197.5], [3, 202.75], [4, 205.0], [5, 206.75], [6, 209.75], [7, 211.75], [8, 214.75], [9, 217.25], [10, 220.0], [11, 224.0], [12, 226.75], [13, 229.25], [14, 236.25], [15, 238.75], [16, 243.5], [17, 246.0], [18, 249.25], [19, 257.5], [20, 261.75], [21, 269.5], [22, 274.0], [23, 278.75], [24, 287.25], [25, 291.25], [26, 302.75], [27, 308.75], [28, 313.5], [29, 326.25], [30, 341.5], [31, 350.5], [32, 359.25], [34, 385.5], [35, 402.75], [36, 414.75], [37, 426.5], [38, 448.5], [40, 493.5], [59, 3254.25], [60, 3242.0], [61, 3066.5], [62, 3224.5], [63, 3240.75], [64, 3242.0], [65, 3242.5], [66, 3248.25], [67, 3251.25], [68, 3259.75], [69, 3264.25], [72, 3504.0], [73, 3519.75], [74, 3529.75], [75, 3553.0], [76, 3564.75], [77, 3576.25], [78, 3604.0], [79, 3612.0], [81, 3661.0], [82, 3696.5], [83, 3713.25], [84, 3729.5], [86, 2911.5], [87, 2897.0], [88, 2761.5], [89, 2698.5], [90, 2636.0], [91, 2389.5], [92, 2389.0], [93, 2402.0], [94, 2440.0], [95, 2458.25], [96, 2478.75], [97, 2524.0], [98, 2548.0], [99, 2594.0], [100, 2620.5], [101, 2649.5], [102, 2698.5], [103, 4693.0], [104, 4752.5], [105, 4745.5], [106, 4917.5], [107, 4987.0], [108, 559.25], [109, 558.5], [110, 555.5], [111, 547.0], [112, 546.5], [113, 545.0], [114, 546.0], [115, 546.25], [116, 542.75], [117, 541.0], [118, 538.0], [119, 538.75], [120, 539.75], [121, 542.5], [122, 541.25], [123, 541.25], [124, 541.25], [125, 540.5], [126, 544.25], [127, 547.5], [128, 546.75], [129, 547.5], [130, 548.5], [131, 552.75], [132, 554.75], [133, 557.75], [134, 561.0], [135, 565.25], [136, 567.5], [137, 571.25], [138, 574.25], [139, 579.5], [140, 582.75], [141, 591.75], [142, 593.25], [143, 597.25], [144, 605.25], [145, 611.25], [146, 618.0], [147, 622.25], [148, 627.5], [149, 640.5], [150, 646.5], [151, 656.0], [152, 663.5], [153, 674.25], [154, 684.5], [155, 696.5], [156, 797.0], [157, 808.75], [158, 832.0], [159, 847.5], [160, 860.25], [165, 72.5], [169, 98.25], [172, 112.75], [174, 120.5], [175, 125.0], [176, 126.0], [177, 125.25], [178, 125.75], [179, 126.0], [-176, 71.75], [-173, 58.75], [-168, 71.75], [-166, 446.75], [-165, 440.5], [-164, 435.5], [-163, 424.25], [-162, 419.0], [-161, 410.0], [-160, 404.75], [-159, 401.25], [-158, 392.5], [-157, 387.75], [-156, 380.25], [-155, 376.5], [-154, 373.75], [-153, 367.5], [-152, 363.25], [-151, 356.75], [-150, 354.0], [-149, 350.0], [-148, 347.0], [-147, 344.5], [-146, 340.75], [-145, 338.0], [-144, 333.0], [-143, 331.25], [-142, 329.0], [-141, 326.0], [-140, 323.25], [-139, 320.25], [-138, 319.5], [-137, 318.75], [-136, 317.25], [-135, 316.25], [-134, 314.25], [-133, 312.5], [-132, 310.75], [-131, 310.5], [-130, 310.25], [-129, 307.0], [-128, 306.75], [-127, 305.75], [-126, 304.75], [-125, 304.0], [-124, 304.5], [-123, 304.25], [-122, 303.75], [-121, 303.5], [-120, 303.5], [-119, 302.75], [-118, 302.25], [-117, 300.75], [-116, 300.75], [-115, 303.0], [-114, 303.5], [-113, 304.25], [-112, 303.75], [-111, 304.0], [-110, 305.25], [-109, 305.75], [-108, 306.25], [-107, 308.75], [-106, 308.25], [-105, 308.75], [-104, 311.25], [-103, 311.0], [-102, 314.25], [-101, 316.25], [-100, 319.75], [-99, 322.25], [-98, 323.75], [-97, 324.5], [-96, 325.25], [-95, 328.0], [-94, 331.75], [-93, 333.0], [-92, 343.5], [-91, 348.5], [-90, 343.0], [-89, 339.5], [-88, 324.0], [-87, 317.25], [-86, 304.75], [-85, 299.5], [-84, 288.0], [-83, 284.75], [-82, 280.25], [-81, 270.0], [-80, 266.25], [-79, 258.25], [-78, 255.25], [-77, 251.75], [-76, 243.25], [-75, 238.5], [-74, 233.25], [-73, 231.25], [-72, 226.0], [-71, 223.75], [-70, 221.75], [-69, 216.0], [-68, 213.5], [-67, 209.5], [-66, 208.0], [-65, 206.5], [-64, 202.0], [-63, 200.5], [-62, 197.75], [-61, 196.25], [-60, 193.5], [-59, 192.0], [-58, 191.0], [-57, 187.25], [-56, 185.75], [-55, 183.25], [-54, 183.0], [-53, 182.0], [-52, 180.25], [-51, 179.25], [-50, 178.5], [-49, 177.25], [-48, 175.75], [-47, 174.75], [-46, 174.75], [-45, 173.0], [-44, 173.0], [-43, 172.0], [-42, 171.0], [-41, 171.5], [-40, 169.5], [-39, 169.0], [-38, 169.25], [-37, 168.25], [-36, 167.25], [-35, 166.5], [-34, 166.5], [-33, 166.5], [-32, 166.25], [-31, 165.75], [-30, 166.75], [-29, 166.75], [-28, 166.75], [-27, 167.0], [-26, 166.75], [-25, 167.0], [-24, 167.5], [-23, 168.0], [-22, 167.5], [-21, 167.75], [-20, 169.25], [-19, 170.0], [-18, 170.5], [-17, 171.0], [-16, 171.75], [-15, 172.5], [-14, 173.75], [-13, 175.75], [-12, 176.75], [-11, 176.25], [-10, 178.25], [-9, 180.0], [-8, 180.5], [-7, 180.75], [-6, 183.25], [-5, 184.5], [-4, 185.25]]}