{"heading": 4.3, "target": 30.16596535345273, "gap_dist": 379.7565925185475, "gap_info": [{"width": 211.94581309710492, "center_angle": -59.48661226680817, "edge_a": [-71, 428.5], "edge_b": [-38, 233.5], "depth": 428.5, "passable": false, "chosen": false}, {"width": 72.42086490594771, "center_angle": -0.8922273148462196, "edge_a": [-2, 296.0], "edge_b": [0, 367.5], "depth": 367.5, "passable": false, "chosen": false}, {"width": 379.7565925185475, "center_angle": 30.16596535345273, "edge_a": [0, 367.5], "edge_b": [69, 294.5], "depth": 367.5, "passable": true, "chosen": true}, {"width": 236.6149473174428, "center_angle": 127.15805096275847, "edge_a": [112, 275.0], "edge_b": [170, 105.75], "depth": 275.0, "passable": false, "chosen": false}], "scan": [[-4, 287.5], [-3, 291.5], [-2, 296.0], [0, 367.5], [1, 8790.5], [2, 8708.5], [3, 8572.0], [4, 8582.0], [5, 8585.5], [7, 12192.0], [8, 11184.0], [9, 11205.0], [11, 12307.5], [12, 12327.5], [13, 12379.5], [27, 4378.0], [37, 873.5], [38, 873.0], [39, 884.0], [40, 878.0], [41, 881.0], [42, 885.5], [43, 892.0], [44, 907.0], [45, 926.0], [50, 2263.0], [51, 2250.0], [61, 978.0], [62, 958.5], [63, 943.5], [64, 928.5], [65, 927.0], [66, 930.0], [67, 954.5], [69, 294.5], [70, 291.5], [71, 288.5], [72, 287.0], [73, 285.0], [74, 280.5], [75, 279.5], [76, 277.5], [77, 276.0], [78, 274.5], [79, 274.0], [80, 273.5], [81, 271.5], [82, 271.0], [83, 268.5], [84, 268.0], [85, 267.5], [86, 266.0], [87, 264.5], [88, 263.5], [89, 264.0], [90, 264.0], [91, 262.5], [92, 261.5], [93, 261.5], [94, 261.5], [95, 260.5], [96, 261.0], [97, 261.5], [98, 261.5], [99, 261.0], [100, 262.5], [101, 262.5], [102, 263.5], [103, 265.0], [104, 265.5], [105, 267.5], [106, 267.5], [107, 268.5], [108, 269.5], [109, 269.5], [110, 273.0], [111, 274.5], [112, 275.0], [115, 6715.0], [116, 4906.0], [120, 3318.5], [121, 7209.0], [125, 1723.0], [128, 1820.5], [131, 7836.0], [135, 3646.5], [137, 2114.5], [138, 2109.0], [139, 2115.0], [141, 3355.0], [142, 3451.0], [149, 7927.0], [159, 7143.5], [161, 77.25], [163, 62.75], [165, 70.5], [170, 105.75], [171, 106.5], [173, 122.0], [174, 124.0], [175, 125.0], [176, 127.0], [177, 126.25], [178, 126.25], [179, 125.75], [180, 124.5], [-173, 60.75], [-170, 74.25], [-169, 75.5], [-168, 75.5], [-167, 83.25], [-162, 3177.5], [-152, 2558.5], [-151, 2417.5], [-150, 2350.0], [-149, 2227.5], [-148, 2173.0], [-147, 2070.0], [-146, 2021.5], [-145, 1975.5], [-144, 1891.0], [-143, 1853.0], [-142, 1777.5], [-141, 1744.0], [-140, 1711.5], [-139, 1683.0], [-138, 1699.5], [-137, 1712.0], [-136, 1637.5], [-135, 1608.5], [-134, 1560.5], [-133, 1539.0], [-132, 1499.5], [-131, 1481.0], [-130, 1444.0], [-129, 1425.5], [-128, 1409.0], [-127, 1379.0], [-126, 1364.5], [-125, 1337.5], [-124, 1324.0], [-123, 1311.5], [-122, 1287.5], [-121, 1277.5], [-120, 1260.0], [-118, 1155.0], [-117, 1146.0], [-116, 1138.0], [-115, 1120.0], [-114, 1112.5], [-113, 1108.0], [-111, 491.5], [-110, 469.0], [-109, 457.5], [-108, 437.0], [-107, 428.0], [-106, 418.5], [-105, 401.0], [-104, 395.0], [-103, 383.0], [-102, 375.0], [-101, 362.0], [-100, 358.0], [-99, 353.5], [-98, 341.5], [-97, 337.0], [-96, 331.0], [-95, 321.0], [-94, 317.5], [-93, 310.5], [-92, 307.0], [-91, 302.5], [-90, 296.5], [-89, 291.5], [-88, 286.5], [-87, 284.5], [-86, 285.0], [-85, 290.5], [-84, 294.5], [-83, 298.0], [-82, 307.5], [-81, 313.5], [-80, 326.75], [-79, 332.75], [-78, 339.0], [-77, 355.0], [-76, 363.5], [-75, 380.5], [-74, 389.0], [-73, 398.0], [-72, 416.0], [-71, 428.5], [-68, 775.0], [-67, 780.0], [-66, 782.5], [-65, 787.5], [-64, 790.0], [-63, 794.5], [-62, 802.5], [-61, 807.5], [-60, 819.5], [-59, 831.0], [-58, 838.5], [-57, 850.0], [-56, 859.0], [-55, 876.5], [-54, 1107.5], [-53, 1119.0], [-52, 1128.5], [-51, 1138.5], [-50, 1157.5], [-49, 1165.5], [-48, 1186.5], [-47, 1196.5], [-46, 1207.0], [-38, 233.5], [-36, 209.0], [-35, 204.0], [-34, 202.5], [-33, 203.0], [-32, 202.5], [-31, 203.5], [-30, 204.0], [-29, 206.5], [-28, 208.0], [-27, 209.0], [-26, 211.0], [-25, 212.5], [-24, 213.5], [-23, 218.5], [-22, 220.0], [-21, 224.5], [-20, 226.0], [-19, 227.5], [-18, 231.5], [-17, 235.5], [-16, 239.5], [-15, 241.0], [-14, 243.0], [-13, 249.0], [-12, 251.5], [-11, 257.5], [-10, 259.0], [-9, 261.0], [-8, 268.5], [-7, 271.5], [-6, 277.5], [-5, 280.5]]}