{"heading": 0.4, "target": 46.84877601614848, "gap_dist": 448.3132521729654, "gap_info": [{"width": 69.08379531546973, "center_angle": -23.799798087413432, "edge_a": [-25, 219.25], "edge_b": [-23, 329.0], "depth": 329.0, "passable": false, "chosen": false}, {"width": 448.3132521729654, "center_angle": 46.84877601614848, "edge_a": [19, 489.5], "edge_b": [77, 455.25], "depth": 489.5, "passable": true, "chosen": true}, {"width": 258.0105020572518, "center_angle": 130.1587885567055, "edge_a": [116, 304.75], "edge_b": [172, 111.75], "depth": 304.75, "passable": false, "chosen": false}], "scan": [[-3, 260.75], [-2, 264.25], [-1, 270.5], [0, 275.5], [1, 280.0], [2, 288.25], [3, 293.25], [4, 302.5], [5, 308.25], [6, 321.0], [7, 327.75], [8, 334.0], [9, 347.0], [10, 354.75], [11, 368.25], [12, 376.25], [13, 385.75], [14, 404.0], [15, 412.25], [16, 431.0], [18, 457.75], [19, 489.5], [20, 502.75], [21, 4382.25], [22, 4387.25], [23, 4389.75], [24, 4402.25], [25, 4416.0], [26, 4419.75], [27, 4424.25], [28, 4452.0], [29, 4404.0], [31, 3865.25], [32, 3839.75], [33, 3854.0], [40, 2764.5], [41, 2602.0], [42, 2464.5], [43, 2401.5], [44, 2341.0], [45, 2224.5], [46, 2170.5], [47, 2120.0], [48, 2023.5], [49, 1979.5], [50, 1900.0], [51, 1863.0], [52, 1826.5], [53, 1759.0], [54, 1726.0], [55, 1668.5], [56, 1640.75], [57, 1590.25], [58, 1565.0], [59, 1544.0], [60, 1501.0], [61, 1482.5], [62, 1444.0], [63, 1426.5], [64, 1393.0], [65, 1377.0], [66, 1347.25], [67, 1333.25], [68, 1319.5], [69, 1295.0], [70, 1283.0], [71, 1259.0], [72, 1248.25], [73, 1237.0], [74, 1214.5], [75, 1205.5], [76, 1198.5], [77, 455.25], [78, 444.5], [79, 437.0], [80, 426.25], [81, 421.75], [82, 418.0], [83, 406.75], [84, 402.5], [85, 394.0], [86, 388.5], [87, 381.5], [88, 377.75], [89, 374.0], [90, 368.25], [91, 365.5], [92, 358.5], [93, 355.75], [94, 348.5], [95, 346.0], [96, 342.0], [97, 339.25], [98, 336.5], [99, 331.5], [100, 330.0], [101, 327.75], [102, 323.5], [103, 322.0], [104, 318.5], [105, 316.0], [106, 313.75], [107, 312.5], [108, 311.5], [109, 308.0], [110, 306.0], [111, 305.5], [112, 305.25], [113, 302.75], [114, 301.75], [115, 301.25], [116, 304.75], [121, 1034.5], [122, 1035.0], [123, 1041.5], [124, 1045.0], [125, 1051.75], [126, 1056.75], [127, 1059.25], [128, 1067.75], [129, 1072.25], [130, 1085.0], [131, 1089.75], [132, 1100.25], [133, 1105.25], [134, 1111.75], [135, 1126.75], [136, 1133.75], [137, 1147.75], [138, 1154.75], [139, 1162.75], [140, 1179.25], [141, 1188.0], [142, 1203.5], [143, 1213.25], [144, 1222.25], [145, 1243.0], [146, 1253.5], [147, 1278.25], [148, 1291.0], [149, 1315.75], [150, 1329.5], [151, 1343.5], [152, 1375.25], [153, 1391.5], [154, 1423.5], [155, 1440.25], [156, 1478.5], [157, 1500.75], [158, 1521.75], [159, 1566.5], [160, 1592.0], [165, 69.25], [166, 69.0], [172, 111.75], [173, 118.5], [174, 125.0], [175, 126.25], [176, 126.75], [177, 126.0], [178, 126.0], [179, 125.5], [180, 125.5], [-175, 69.5], [-173, 60.0], [-169, 75.0], [-168, 68.75], [-165, 3467.5], [-164, 3472.25], [-163, 806.5], [-162, 806.5], [-161, 3465.0], [-160, 3474.0], [-159, 3476.25], [-158, 3478.25], [-157, 3481.75], [-155, 684.5], [-153, 639.75], [-152, 629.5], [-151, 629.0], [-150, 625.5], [-149, 623.0], [-148, 622.5], [-147, 620.5], [-146, 633.5], [-145, 610.25], [-144, 613.75], [-143, 621.75], [-142, 2174.5], [-141, 2187.5], [-140, 2197.5], [-139, 2217.0], [-138, 2227.5], [-137, 2252.5], [-136, 2262.5], [-135, 3858.5], [-134, 3890.0], [-133, 3915.5], [-132, 3970.5], [-131, 4026.0], [-130, 4055.5], [-129, 4087.5], [-128, 4154.5], [-127, 4189.0], [-126, 4225.0], [-125, 4199.5], [-124, 4376.0], [-123, 4415.5], [-122, 4459.5], [-121, 4555.0], [-120, 4605.0], [-119, 4707.0], [-118, 4761.5], [-117, 4818.0], [-115, 5062.5], [-114, 5130.0], [-113, 5201.5], [-112, 3260.5], [-110, 3160.5], [-108, 5760.5], [-105, 4955.5], [-103, 6482.5], [-100, 253.5], [-99, 250.5], [-98, 247.5], [-97, 245.0], [-96, 239.5], [-95, 236.5], [-94, 232.0], [-93, 229.0], [-92, 225.0], [-91, 223.0], [-90, 221.0], [-89, 219.5], [-88, 216.5], [-87, 212.25], [-86, 210.0], [-85, 209.5], [-84, 206.0], [-83, 204.5], [-82, 202.75], [-81, 202.0], [-80, 200.5], [-79, 199.0], [-78, 198.25], [-77, 196.0], [-76, 195.25], [-75, 194.5], [-74, 193.25], [-73, 191.75], [-72, 191.75], [-71, 191.0], [-70, 189.0], [-69, 189.0], [-68, 186.5], [-67, 185.5], [-66, 186.0], [-65, 186.75], [-64, 187.0], [-63, 187.5], [-62, 186.0], [-61, 184.25], [-60, 182.75], [-59, 181.0], [-58, 179.25], [-57, 178.25], [-56, 180.0], [-55, 179.0], [-54, 179.0], [-53, 183.0], [-52, 184.5], [-51, 184.5], [-50, 185.5], [-49, 185.0], [-48, 188.0], [-47, 187.0], [-46, 188.5], [-45, 188.5], [-44, 187.5], [-43, 191.5], [-42, 191.25], [-41, 191.5], [-40, 192.5], [-39, 193.5], [-38, 195.0], [-37, 196.0], [-36, 197.0], [-35, 197.0], [-34, 199.75], [-33, 201.25], [-32, 202.5], [-31, 203.0], [-30, 205.25], [-29, 208.5], [-28, 209.75], [-27, 213.5], [-26, 215.0], [-25, 219.25], [-23, 329.0], [-22, 333.5], [-21, 333.5], [-20, 321.25], [-19, 315.0], [-18, 302.0], [-17, 297.5], [-16, 287.75], [-15, 282.0], [-14, 276.75], [-13, 269.25], [-12, 265.5], [-11, 257.0], [-10, 254.0], [-9, 250.5], [-8, 246.5], [-7, 244.5], [-6, 244.0], [-5, 249.25], [-4, 252.5]]}