{"heading": 46.3, "target": -32.51711154956569, "gap_dist": 489.71734983610486, "gap_info": [{"width": 170.14223913356403, "center_angle": -105.39570298909808, "edge_a": [-106, 322.5], "edge_b": [-105, 492.5], "depth": 492.5, "passable": false, "chosen": false}, {"width": 26.39278997577761, "center_angle": -103.492422511213, "edge_a": [-105, 492.5], "edge_b": [-102, 497.5], "depth": 497.5, "passable": false, "chosen": false}, {"width": 489.71734983610486, "center_angle": -32.51711154956569, "edge_a": [-51, 499.0], "edge_b": [26, 185.5], "depth": 499.0, "passable": true, "chosen": true}, {"width": 286.0293359043198, "center_angle": 145.74477297234074, "edge_a": [140, 495.5], "edge_b": [171, 116.25], "depth": 495.5, "passable": true, "chosen": false}], "scan": [[-1, 1529.0], [1, 1519.25], [2, 1509.0], [3, 1503.0], [4, 1480.5], [5, 1457.0], [6, 1455.0], [8, 1431.0], [9, 1430.0], [10, 1430.0], [11, 1435.5], [12, 1301.5], [13, 1303.0], [14, 1303.5], [15, 1307.0], [16, 1306.5], [17, 1306.5], [18, 1311.0], [26, 185.5], [27, 184.5], [28, 184.5], [29, 186.0], [30, 187.0], [31, 188.5], [32, 189.5], [33, 190.0], [34, 193.0], [35, 193.5], [36, 195.0], [37, 195.5], [38, 197.5], [39, 199.0], [40, 199.5], [41, 202.0], [42, 203.5], [43, 204.5], [44, 207.0], [45, 208.5], [46, 212.5], [47, 215.0], [48, 217.0], [49, 219.5], [50, 220.5], [51, 224.0], [52, 226.0], [53, 231.5], [54, 233.5], [55, 239.5], [56, 242.0], [57, 243.5], [58, 248.5], [59, 251.0], [60, 257.0], [61, 261.0], [62, 264.0], [63, 271.5], [64, 274.5], [65, 283.0], [66, 286.5], [67, 297.0], [68, 301.0], [69, 305.0], [70, 316.0], [71, 323.0], [72, 335.0], [73, 340.5], [74, 348.0], [75, 362.5], [76, 371.0], [77, 390.0], [79, 420.0], [80, 423.0], [81, 420.0], [82, 417.5], [83, 415.5], [84, 412.0], [85, 411.0], [86, 408.5], [87, 407.5], [88, 404.0], [89, 402.5], [90, 402.0], [91, 401.5], [92, 401.0], [93, 399.0], [94, 397.5], [95, 396.5], [96, 396.0], [97, 395.5], [98, 392.5], [99, 392.0], [100, 391.5], [101, 391.0], [102, 390.5], [103, 393.0], [104, 392.0], [105, 393.0], [106, 393.0], [107, 394.75], [108, 394.25], [109, 396.0], [110, 396.5], [111, 397.75], [112, 399.0], [113, 400.75], [114, 401.5], [115, 402.75], [116, 404.75], [117, 405.5], [118, 408.25], [119, 411.25], [120, 412.5], [121, 415.75], [122, 416.75], [123, 417.25], [124, 422.0], [125, 425.0], [126, 428.5], [127, 433.0], [128, 435.5], [129, 441.0], [130, 443.0], [131, 446.0], [132, 451.0], [133, 456.0], [134, 463.0], [135, 466.5], [136, 469.75], [137, 478.5], [138, 483.5], [139, 487.25], [140, 495.5], [141, 502.5], [142, 513.0], [143, 518.5], [144, 524.5], [145, 538.5], [146, 544.5], [147, 550.0], [148, 566.0], [149, 574.0], [150, 587.5], [151, 597.0], [152, 605.5], [153, 626.0], [154, 635.5], [155, 657.5], [156, 668.0], [157, 689.5], [158, 700.5], [159, 713.0], [160, 741.0], [161, 754.0], [165, 71.25], [166, 70.5], [171, 116.25], [172, 115.75], [174, 121.5], [175, 125.25], [176, 127.75], [177, 127.25], [178, 126.5], [179, 121.5], [180, 121.25], [-175, 68.25], [-174, 67.75], [-173, 59.75], [-171, 78.75], [-170, 77.75], [-169, 77.75], [-168, 70.75], [-166, 1340.5], [-165, 1343.5], [-164, 1345.5], [-163, 1349.0], [-162, 1357.5], [-161, 1360.0], [-160, 1364.5], [-159, 1764.5], [-158, 1770.0], [-157, 1780.0], [-156, 1785.5], [-155, 1790.0], [-154, 1801.0], [-153, 1805.5], [-152, 1816.5], [-151, 1821.5], [-150, 1829.5], [-149, 1844.5], [-148, 1852.5], [-147, 1866.0], [-146, 1874.5], [-145, 1886.0], [-144, 1907.5], [-143, 1916.0], [-142, 316.0], [-141, 315.5], [-140, 314.5], [-139, 314.5], [-138, 312.5], [-137, 311.5], [-136, 310.0], [-135, 309.0], [-134, 309.5], [-133, 309.5], [-132, 308.5], [-131, 308.0], [-130, 308.0], [-129, 307.5], [-128, 306.5], [-127, 306.5], [-126, 305.5], [-125, 306.5], [-124, 306.5], [-123, 306.5], [-122, 307.5], [-121, 307.5], [-120, 308.5], [-119, 308.5], [-118, 308.0], [-117, 308.5], [-116, 309.0], [-115, 312.0], [-114, 313.5], [-113, 313.5], [-112, 314.0], [-111, 314.5], [-110, 317.0], [-109, 318.5], [-108, 319.0], [-107, 321.0], [-106, 322.5], [-105, 492.5], [-104, 500.0], [-103, 500.5], [-102, 497.5], [-101, 490.5], [-100, 488.5], [-99, 485.0], [-98, 483.0], [-97, 480.5], [-96, 476.0], [-95, 473.0], [-94, 472.5], [-93, 468.5], [-92, 467.0], [-91, 462.5], [-90, 460.75], [-89, 460.0], [-88, 458.5], [-87, 457.0], [-86, 456.0], [-85, 455.5], [-84, 455.0], [-83, 453.0], [-82, 452.0], [-81, 452.5], [-80, 452.5], [-79, 451.0], [-78, 450.0], [-77, 450.0], [-76, 450.0], [-74, 441.0], [-73, 449.5], [-72, 453.5], [-71, 454.0], [-70, 454.0], [-69, 455.0], [-68, 455.0], [-67, 456.0], [-66, 457.0], [-65, 461.0], [-64, 461.0], [-63, 461.0], [-62, 465.0], [-61, 467.0], [-60, 469.5], [-59, 472.0], [-58, 475.5], [-57, 478.5], [-56, 481.0], [-55, 485.5], [-54, 487.5], [-53, 490.0], [-52, 495.5], [-51, 499.0], [-50, 504.5], [-49, 509.0], [-48, 513.0], [-47, 519.0], [-46, 524.5], [-45, 531.5], [-44, 536.5], [-43, 539.0], [-42, 547.0], [-41, 559.0], [-40, 577.5], [-39, 583.5], [-38, 587.5], [-37, 604.0], [-36, 604.5], [-35, 613.5], [-34, 623.5], [-33, 630.5], [-32, 641.5], [-31, 648.5], [-30, 666.5], [-29, 675.0], [-28, 683.5], [-27, 701.0], [-26, 710.5], [-25, 734.0], [-24, 742.0], [-23, 753.5], [-22, 778.0], [-21, 791.5], [-20, 818.0], [-19, 833.0], [-18, 849.0], [-17, 885.0], [-16, 902.0], [-14, 1894.75], [-13, 1874.0], [-12, 1863.0], [-11, 1843.0], [-10, 1830.0], [-9, 1821.0], [-8, 1805.0], [-7, 1798.0], [-6, 1795.0], [-3, 1521.5]]}