{"heading": 38.7, "target": -53.18801839694008, "gap_dist": 392.18833497039435, "gap_info": [{"width": 392.18833497039435, "center_angle": -53.18801839694008, "edge_a": [-64, 480.0], "edge_b": [-17, 152.5], "depth": 480.0, "passable": true, "chosen": true}, {"width": 261.37899270177894, "center_angle": -36.07719020777993, "edge_a": [-17, 152.5], "edge_b": [171, 109.5], "depth": 152.5, "passable": false, "chosen": false}], "scan": [[-4, 738.5], [-3, 740.0], [-2, 3935.0], [2, 697.5], [4, 527.5], [5, 547.0], [7, 521.0], [8, 527.0], [9, 564.5], [11, 534.5], [14, 923.5], [16, 954.0], [19, 2243.5], [20, 2245.0], [21, 2243.5], [22, 2243.0], [23, 2241.25], [24, 2237.25], [25, 2237.0], [26, 2239.25], [27, 2239.75], [28, 2238.5], [29, 2239.25], [30, 2246.0], [31, 2248.25], [32, 2257.5], [33, 2260.0], [34, 2269.0], [35, 2273.0], [36, 2278.5], [37, 2291.5], [38, 2298.0], [39, 2311.5], [40, 2317.0], [41, 2334.5], [42, 2344.5], [43, 2364.5], [44, 2374.5], [45, 2395.5], [46, 2406.0], [47, 2418.5], [48, 2430.0], [49, 1126.0], [50, 1135.0], [51, 1154.5], [52, 1146.0], [54, 887.0], [55, 870.5], [56, 840.0], [57, 834.0], [59, 847.5], [60, 834.5], [61, 825.0], [63, 754.0], [64, 751.5], [65, 752.0], [66, 767.0], [67, 765.25], [68, 764.75], [69, 762.0], [70, 759.0], [71, 763.5], [72, 839.5], [74, 1814.5], [75, 1797.5], [76, 1766.5], [77, 1756.5], [78, 1742.5], [79, 1710.0], [80, 1695.5], [81, 1668.5], [82, 1656.5], [83, 1632.0], [84, 1622.0], [85, 1599.0], [86, 1588.5], [87, 1570.0], [89, 985.5], [90, 985.0], [92, 1010.5], [93, 746.5], [94, 720.0], [95, 711.5], [96, 702.5], [97, 700.0], [98, 686.5], [99, 673.5], [100, 667.5], [101, 667.0], [102, 667.0], [103, 666.5], [104, 660.5], [105, 654.0], [106, 649.5], [107, 646.0], [108, 645.0], [109, 648.0], [110, 648.0], [111, 657.5], [112, 666.5], [113, 673.0], [114, 671.0], [115, 671.0], [116, 672.5], [117, 672.5], [118, 676.25], [119, 679.75], [120, 688.0], [121, 709.0], [122, 727.0], [124, 1100.0], [125, 1101.0], [126, 1109.0], [127, 1113.5], [128, 1120.0], [129, 1124.5], [130, 1132.5], [131, 1136.5], [132, 1145.5], [133, 1150.0], [134, 1155.5], [135, 1169.5], [136, 1175.5], [137, 1185.5], [138, 1192.0], [139, 1200.0], [140, 1217.5], [141, 1217.0], [142, 1228.0], [143, 1245.5], [144, 1263.5], [145, 1274.0], [146, 1292.0], [147, 1301.5], [148, 1313.0], [149, 1337.5], [150, 1085.0], [151, 1069.5], [152, 1042.0], [153, 1029.0], [154, 1001.0], [155, 986.5], [156, 975.0], [157, 947.0], [158, 934.0], [159, 904.0], [160, 890.5], [161, 877.0], [163, 61.0], [164, 69.0], [165, 70.75], [166, 70.75], [168, 59.25], [171, 109.5], [172, 110.0], [174, 122.5], [175, 126.25], [176, 127.0], [177, 125.5], [178, 124.75], [179, 120.25], [180, 120.5], [-175, 68.75], [-174, 63.75], [-170, 69.0], [-169, 68.5], [-168, 69.5], [-166, 892.5], [-165, 886.0], [-164, 883.0], [-163, 880.0], [-162, 876.0], [-161, 873.5], [-160, 870.5], [-159, 999.0], [-158, 993.5], [-157, 1002.5], [-155, 1629.5], [-154, 1633.0], [-153, 2223.5], [-152, 2225.25], [-151, 2227.25], [-150, 2232.75], [-149, 2235.0], [-148, 2241.75], [-147, 2246.0], [-145, 901.0], [-144, 901.5], [-142, 764.75], [-141, 758.0], [-140, 751.5], [-139, 755.0], [-138, 765.0], [-137, 778.5], [-136, 785.5], [-135, 796.0], [-133, 815.0], [-132, 824.5], [-131, 1375.75], [-130, 1351.5], [-129, 1332.25], [-128, 1320.25], [-127, 1294.5], [-126, 1285.5], [-125, 1281.0], [-124, 1298.75], [-122, 2236.5], [-120, 1291.5], [-119, 1286.25], [-118, 1287.75], [-117, 1305.25], [-115, 1540.0], [-114, 1536.0], [-112, 3284.0], [-111, 3211.25], [-110, 3178.0], [-109, 3117.0], [-108, 3088.5], [-107, 3064.25], [-106, 1368.0], [-102, 791.0], [-101, 777.0], [-100, 746.5], [-99, 765.5], [-98, 755.5], [-97, 741.5], [-87, 654.0], [-85, 674.0], [-84, 666.0], [-83, 657.0], [-82, 652.0], [-81, 653.5], [-80, 647.5], [-79, 642.0], [-78, 632.0], [-77, 629.75], [-76, 623.0], [-75, 620.5], [-74, 616.25], [-73, 613.25], [-72, 612.75], [-71, 611.5], [-70, 612.0], [-69, 612.5], [-68, 614.25], [-67, 626.0], [-66, 627.0], [-64, 480.0], [-62, 2031.25], [-61, 2036.25], [-60, 2038.25], [-59, 2041.25], [-58, 2047.0], [-57, 2050.25], [-56, 2059.75], [-55, 2065.25], [-54, 2074.0], [-53, 902.5], [-52, 897.25], [-51, 899.0], [-50, 906.0], [-48, 1775.5], [-47, 1744.5], [-46, 1682.5], [-45, 1647.0], [-44, 1593.0], [-43, 1574.5], [-42, 1558.0], [-41, 1530.0], [-40, 1518.0], [-39, 1490.5], [-35, 685.25], [-34, 690.0], [-33, 693.5], [-32, 696.5], [-17, 152.5], [-10, 851.5], [-9, 835.5], [-5, 736.5]]}