{"heading": 80.3, "target": 49.13440116265131, "gap_dist": 612.8048221089648, "gap_info": [{"width": 273.9495713051125, "center_angle": -86.25129500568569, "edge_a": [-178, 106.25], "edge_b": [-65, 293.0], "depth": 293.0, "passable": true, "chosen": false}, {"width": 135.59454876981988, "center_angle": -17.09733013568082, "edge_a": [-19, 184.0], "edge_b": [-16, 319.0], "depth": 319.0, "passable": false, "chosen": false}, {"width": 612.8048221089648, "center_angle": 49.13440116265131, "edge_a": [-16, 319.0], "edge_b": [85, 494.0], "depth": 494.0, "passable": true, "chosen": true}, {"width": 257.4127009364049, "center_angle": 163.4851034796134, "edge_a": [161, 391.0], "edge_b": [172, 114.5], "depth": 391.0, "passable": false, "chosen": false}], "scan": [[-4, 4933.5], [-2, 4756.0], [-1, 4714.0], [0, 4687.5], [1, 4793.0], [2, 3858.0], [3, 3850.0], [4, 3869.0], [5, 4947.0], [6, 5000.0], [7, 4917.5], [8, 4879.5], [9, 4807.5], [10, 4773.0], [11, 4736.5], [12, 4674.0], [13, 4644.5], [14, 4586.0], [15, 4558.5], [16, 4506.0], [17, 4482.0], [18, 4457.5], [19, 4391.0], [20, 4410.0], [21, 4382.5], [25, 4332.0], [26, 4280.5], [27, 4272.0], [28, 4225.5], [29, 4225.5], [30, 4208.5], [31, 4177.0], [32, 4146.5], [33, 4147.5], [34, 4139.5], [35, 4122.5], [36, 4112.0], [37, 4097.0], [38, 4088.5], [39, 4075.5], [40, 4071.5], [41, 4067.5], [42, 4074.0], [43, 4053.5], [44, 4047.0], [46, 3453.5], [47, 3468.5], [48, 3480.5], [62, 1009.0], [64, 918.0], [65, 869.5], [66, 846.5], [67, 803.5], [68, 784.5], [69, 751.0], [70, 736.0], [71, 722.0], [72, 693.5], [73, 679.0], [74, 650.0], [75, 638.5], [76, 613.5], [77, 602.5], [78, 591.0], [79, 571.0], [80, 559.5], [81, 541.5], [82, 531.0], [83, 517.0], [84, 507.5], [85, 494.0], [86, 485.5], [87, 475.5], [88, 470.5], [89, 466.0], [90, 456.5], [91, 452.0], [92, 442.5], [93, 438.0], [94, 430.5], [95, 427.0], [96, 419.5], [97, 416.5], [98, 414.0], [99, 407.0], [100, 405.5], [101, 398.5], [102, 396.5], [103, 394.0], [104, 387.5], [105, 384.5], [106, 381.5], [107, 379.0], [108, 377.5], [109, 374.0], [110, 373.5], [111, 367.5], [112, 365.5], [113, 363.0], [114, 361.5], [115, 360.5], [116, 357.5], [117, 355.5], [118, 354.0], [119, 351.0], [120, 350.0], [121, 349.0], [122, 347.5], [123, 346.0], [124, 345.5], [125, 345.0], [126, 345.0], [127, 347.0], [128, 346.0], [129, 343.5], [130, 344.0], [131, 343.5], [132, 344.5], [133, 344.0], [134, 345.0], [135, 344.0], [136, 344.5], [137, 346.0], [138, 347.5], [139, 348.5], [140, 349.5], [141, 350.5], [142, 350.5], [143, 351.5], [144, 354.0], [145, 354.5], [146, 357.0], [147, 359.5], [148, 361.0], [149, 363.0], [150, 364.0], [151, 368.5], [152, 369.0], [153, 373.0], [154, 376.0], [155, 378.5], [156, 380.0], [157, 382.0], [158, 387.5], [159, 391.0], [160, 395.0], [161, 391.0], [165, 72.75], [166, 71.75], [172, 114.5], [173, 121.5], [174, 124.0], [175, 125.5], [176, 127.5], [177, 127.5], [178, 127.25], [179, 128.0], [180, 127.75], [-178, 106.25], [-175, 71.0], [-171, 71.5], [-167, 77.0], [-166, 752.0], [-165, 763.0], [-164, 779.5], [-163, 823.0], [-162, 840.0], [-161, 890.0], [-160, 912.0], [-159, 971.0], [-142, 3566.0], [-140, 3397.0], [-138, 3538.0], [-137, 3553.0], [-136, 3555.0], [-135, 3554.5], [-134, 3557.5], [-133, 3559.0], [-132, 3564.0], [-131, 3568.5], [-130, 3784.5], [-127, 3818.5], [-126, 3837.0], [-125, 3846.5], [-124, 3857.0], [-120, 596.5], [-119, 599.0], [-118, 600.0], [-117, 603.0], [-116, 606.0], [-115, 608.25], [-114, 611.0], [-113, 614.25], [-112, 622.0], [-111, 623.5], [-110, 628.25], [-109, 632.25], [-108, 636.75], [-107, 643.5], [-106, 648.5], [-105, 657.25], [-104, 661.75], [-103, 673.0], [-102, 685.0], [-101, 4667.0], [-100, 4709.5], [-99, 4801.0], [-98, 4848.5], [-97, 4828.0], [-95, 5046.5], [-94, 5158.5], [-93, 5218.5], [-92, 5280.0], [-91, 5406.5], [-90, 5472.5], [-89, 4971.0], [-88, 5462.5], [-86, 4929.5], [-85, 3938.5], [-84, 3898.0], [-83, 3854.5], [-82, 6531.5], [-81, 6652.5], [-80, 6889.0], [-79, 7028.5], [-78, 7183.5], [-76, 7626.0], [-71, 9236.0], [-69, 9774.5], [-65, 293.0], [-64, 287.0], [-63, 283.0], [-62, 276.0], [-61, 271.0], [-60, 264.5], [-59, 260.0], [-58, 254.0], [-57, 250.0], [-56, 245.5], [-55, 242.0], [-54, 238.5], [-53, 232.5], [-52, 230.5], [-51, 225.0], [-50, 223.0], [-49, 222.0], [-48, 217.0], [-47, 214.0], [-46, 210.5], [-45, 209.0], [-44, 204.5], [-43, 202.5], [-42, 198.5], [-41, 197.5], [-40, 197.0], [-39, 194.5], [-38, 193.5], [-37, 192.0], [-36, 190.5], [-35, 189.0], [-34, 185.0], [-33, 184.0], [-32, 183.0], [-31, 182.0], [-30, 181.0], [-29, 180.5], [-28, 177.0], [-27, 177.5], [-26, 177.0], [-25, 175.0], [-24, 175.5], [-23, 174.5], [-22, 176.0], [-21, 178.5], [-20, 181.0], [-19, 184.0], [-16, 319.0], [-13, 3885.5], [-11, 5896.5], [-10, 5979.0], [-9, 5898.0], [-7, 5650.5], [-6, 5573.5], [-5, 5420.0]]}