{"heading": -68.2, "target": 55.122993025886764, "gap_dist": 404.99541545341486, "gap_info": [{"width": 138.37313853477903, "center_angle": -10.278723576745664, "edge_a": [-22, 188.5], "edge_b": [-3, 302.25], "depth": 302.25, "passable": false, "chosen": false}, {"width": 404.99541545341486, "center_angle": 55.122993025886764, "edge_a": [44, 490.25], "edge_b": [170, 104.25], "depth": 490.25, "passable": true, "chosen": true}, {"width": 19.90130605862293, "center_angle": 172.62557915125933, "edge_a": [171, 104.0], "edge_b": [174, 123.0], "depth": 123.0, "passable": false, "chosen": false}], "scan": [[-3, 302.25], [-2, 301.5], [-1, 302.0], [0, 303.0], [1, 303.5], [2, 306.0], [3, 306.5], [4, 307.5], [5, 310.75], [6, 311.25], [7, 313.75], [8, 314.75], [9, 315.5], [10, 316.5], [11, 318.75], [12, 320.5], [13, 322.0], [14, 323.75], [15, 327.0], [16, 328.0], [17, 332.5], [18, 333.75], [19, 336.75], [20, 342.5], [21, 344.75], [22, 349.0], [23, 348.25], [24, 352.0], [25, 357.75], [26, 361.75], [27, 367.25], [28, 369.5], [29, 378.0], [30, 381.0], [31, 388.75], [32, 393.75], [33, 399.0], [34, 404.5], [35, 408.75], [36, 418.5], [37, 424.5], [38, 436.75], [39, 441.0], [40, 445.5], [41, 462.0], [42, 495.0], [44, 490.25], [45, 520.0], [47, 548.0], [48, 547.25], [49, 561.25], [50, 575.0], [51, 607.0], [52, 605.5], [54, 4226.0], [60, 948.25], [61, 942.25], [62, 928.75], [63, 923.25], [64, 916.25], [65, 906.25], [66, 901.75], [67, 893.25], [68, 889.25], [69, 880.25], [70, 876.25], [71, 871.75], [72, 865.0], [73, 861.75], [74, 856.75], [75, 853.25], [76, 850.25], [77, 851.5], [81, 11739.75], [83, 14952.5], [84, 14942.0], [85, 14914.5], [86, 14862.0], [87, 14847.0], [88, 14839.0], [90, 8781.0], [93, 7476.5], [96, 6978.5], [98, 6002.5], [100, 4164.5], [101, 4172.5], [102, 4181.0], [103, 4193.5], [104, 4223.25], [105, 4244.0], [106, 4340.0], [109, 684.75], [110, 671.75], [111, 669.75], [112, 667.5], [113, 664.25], [114, 662.75], [115, 663.0], [116, 661.5], [117, 659.0], [118, 658.5], [119, 657.5], [120, 657.5], [121, 656.5], [122, 655.5], [123, 654.5], [124, 655.5], [125, 658.75], [126, 658.0], [127, 659.75], [128, 660.25], [129, 661.25], [130, 663.5], [131, 666.0], [132, 669.0], [133, 671.25], [134, 680.0], [135, 689.75], [136, 1586.5], [137, 1565.0], [138, 1546.5], [139, 1516.5], [140, 1499.75], [141, 1467.5], [142, 1452.0], [143, 1437.5], [144, 1414.5], [145, 1402.5], [146, 1390.5], [148, 838.0], [149, 836.0], [150, 835.5], [151, 836.25], [152, 837.0], [153, 837.25], [154, 838.0], [155, 840.0], [156, 842.5], [157, 844.25], [158, 846.0], [159, 851.0], [160, 854.0], [165, 69.5], [170, 104.25], [171, 104.0], [174, 123.0], [175, 125.5], [176, 126.25], [177, 125.5], [178, 125.0], [179, 123.25], [-174, 64.75], [-169, 71.25], [-168, 71.5], [-166, 983.75], [-165, 980.25], [-163, 1182.5], [-162, 1190.0], [-161, 1195.5], [-160, 1206.75], [-159, 1213.25], [-158, 1219.0], [-157, 1232.5], [-156, 1241.0], [-155, 1254.5], [-154, 1263.5], [-153, 1269.5], [-151, 1058.5], [-150, 1054.0], [-149, 1045.75], [-148, 1043.5], [-147, 1042.25], [-146, 1039.5], [-145, 1037.0], [-144, 1031.25], [-143, 1030.25], [-142, 1030.0], [-141, 1028.5], [-140, 1027.75], [-139, 1027.75], [-138, 1027.75], [-137, 1027.0], [-136, 1027.5], [-135, 1028.75], [-134, 1029.0], [-133, 1031.75], [-132, 1032.25], [-131, 1034.25], [-130, 237.5], [-129, 239.25], [-128, 236.25], [-127, 234.25], [-126, 233.0], [-125, 229.75], [-124, 229.0], [-123, 227.25], [-122, 226.5], [-121, 225.75], [-120, 223.5], [-119, 222.5], [-118, 222.25], [-117, 221.75], [-116, 220.5], [-115, 220.0], [-114, 219.75], [-113, 217.75], [-112, 216.75], [-111, 217.75], [-110, 218.0], [-109, 218.25], [-108, 221.75], [-107, 221.5], [-106, 221.75], [-105, 221.75], [-104, 222.0], [-103, 222.5], [-102, 222.5], [-101, 223.75], [-100, 224.0], [-99, 224.75], [-98, 226.5], [-97, 228.0], [-96, 228.25], [-95, 228.75], [-94, 229.75], [-93, 232.75], [-92, 234.75], [-91, 236.25], [-90, 236.5], [-89, 238.5], [-88, 240.5], [-87, 242.25], [-86, 244.0], [-85, 246.25], [-84, 250.25], [-83, 253.0], [-82, 255.0], [-81, 254.0], [-80, 243.25], [-79, 238.5], [-78, 232.75], [-77, 230.75], [-76, 226.75], [-75, 221.5], [-74, 220.0], [-73, 215.5], [-72, 212.75], [-71, 211.0], [-70, 207.0], [-69, 206.75], [-68, 202.75], [-67, 201.75], [-66, 197.75], [-65, 195.75], [-64, 195.75], [-63, 192.25], [-62, 191.25], [-61, 189.75], [-60, 188.25], [-59, 186.0], [-58, 184.75], [-57, 183.75], [-56, 181.5], [-55, 180.75], [-54, 179.5], [-53, 178.25], [-52, 178.25], [-51, 177.75], [-50, 177.25], [-49, 176.0], [-48, 175.75], [-47, 174.75], [-46, 174.25], [-45, 174.75], [-44, 173.5], [-43, 173.25], [-42, 172.75], [-41, 173.0], [-40, 173.0], [-39, 170.75], [-38, 169.25], [-37, 169.0], [-36, 168.75], [-35, 169.0], [-34, 170.0], [-33, 170.5], [-32, 171.25], [-31, 173.25], [-30, 172.75], [-29, 173.75], [-28, 173.75], [-27, 175.0], [-26, 177.0], [-25, 176.25], [-24, 175.5], [-23, 178.0], [-22, 188.5], [-20, 1551.5], [-19, 1557.75], [-18, 1561.0], [-16, 6548.75], [-15, 6505.25], [-14, 6480.5], [-10, 5458.0], [-8, 2888.0], [-7, 1481.5], [-6, 1459.0]]}