{"heading": -26.6, "target": 0.7999366185862983, "gap_dist": 296.60555271117585, "gap_info": [{"width": 296.60555271117585, "center_angle": 0.7999366185862983, "edge_a": [-28, 196.0], "edge_b": [14, 413.5], "depth": 413.5, "passable": true, "chosen": true}, {"width": 507.78494715965286, "center_angle": 30.13022096103547, "edge_a": [20, 415.0], "edge_b": [170, 113.25], "depth": 415.0, "passable": true, "chosen": false}, {"width": 6.494613249748108, "center_angle": 171.5163792876387, "edge_a": [170, 113.25], "edge_b": [173, 115.75], "depth": 115.75, "passable": false, "chosen": false}], "scan": [[-3, 590.5], [-2, 599.0], [-1, 612.5], [0, 624.0], [1, 630.0], [2, 644.5], [3, 651.0], [4, 659.0], [5, 688.0], [6, 696.0], [7, 1001.5], [8, 992.0], [9, 993.5], [10, 996.5], [11, 998.5], [12, 1004.0], [14, 413.5], [15, 409.0], [16, 404.5], [17, 404.5], [18, 405.0], [19, 407.0], [20, 415.0], [24, 1582.5], [25, 1590.0], [26, 1593.0], [27, 1600.5], [28, 1604.5], [29, 1616.5], [30, 1618.0], [31, 1628.0], [32, 1634.5], [33, 1648.0], [34, 1653.0], [35, 1661.5], [36, 1678.5], [37, 1686.5], [38, 1705.5], [39, 1716.5], [40, 1734.5], [41, 1744.0], [42, 1754.0], [43, 1779.0], [44, 1792.5], [45, 1817.5], [46, 1833.0], [47, 1859.5], [48, 1874.5], [49, 1889.5], [50, 1906.5], [51, 1942.25], [52, 1960.75], [53, 1999.0], [54, 2020.0], [55, 2042.0], [56, 2087.5], [57, 2111.0], [58, 2160.0], [59, 2186.0], [60, 2212.0], [61, 2270.5], [62, 2300.0], [63, 2365.5], [64, 2398.5], [65, 2467.0], [66, 2503.5], [67, 2583.5], [68, 2627.5], [69, 2671.0], [70, 2768.0], [71, 2819.5], [72, 889.0], [73, 878.5], [74, 867.0], [75, 861.0], [76, 849.5], [77, 845.5], [78, 837.25], [79, 833.75], [80, 828.5], [81, 819.5], [82, 818.5], [83, 811.0], [84, 809.5], [85, 808.0], [90, 3887.0], [91, 3883.0], [92, 3871.0], [93, 4083.5], [94, 4067.0], [95, 4043.0], [96, 4037.0], [97, 4021.5], [98, 4017.0], [99, 4007.0], [100, 4004.5], [102, 1522.0], [103, 1518.0], [104, 1531.0], [105, 1554.0], [108, 2582.75], [110, 1593.0], [111, 1579.5], [112, 1562.0], [113, 1555.0], [114, 1557.0], [115, 1565.0], [116, 4072.5], [117, 4094.0], [118, 4120.5], [119, 4132.5], [120, 4159.25], [121, 4174.25], [122, 4192.0], [123, 4226.0], [124, 4245.0], [125, 4282.5], [126, 4302.5], [127, 4346.5], [128, 4373.5], [129, 4398.0], [130, 4395.5], [131, 4376.0], [132, 4529.0], [133, 4559.5], [135, 1816.0], [136, 1802.5], [137, 1803.0], [138, 1807.5], [139, 1827.5], [142, 1643.0], [143, 1619.0], [144, 1615.5], [145, 1644.5], [146, 1676.5], [148, 5519.0], [149, 5054.5], [150, 5001.0], [152, 5952.0], [153, 6037.0], [154, 6108.5], [156, 4305.5], [157, 4283.5], [158, 4250.75], [159, 4389.0], [161, 2283.5], [163, 60.5], [165, 71.75], [170, 113.25], [173, 115.75], [174, 121.75], [175, 123.5], [176, 126.25], [177, 126.75], [178, 125.75], [179, 126.25], [180, 126.25], [-175, 70.5], [-174, 65.5], [-171, 76.75], [-163, 3981.0], [-162, 2270.0], [-161, 2237.0], [-160, 2215.0], [-159, 2225.5], [-158, 2233.0], [-157, 2243.5], [-152, 2218.0], [-150, 7067.5], [-147, 5475.5], [-145, 4176.0], [-142, 3363.5], [-141, 3361.0], [-140, 3372.5], [-139, 2921.0], [-138, 2926.5], [-137, 4074.5], [-135, 1997.0], [-134, 1984.5], [-133, 1993.0], [-130, 2070.5], [-129, 2058.5], [-128, 2060.0], [-127, 2101.0], [-126, 2776.0], [-124, 1814.0], [-123, 1853.0], [-120, 4425.0], [-119, 4339.5], [-118, 4306.0], [-117, 4264.0], [-116, 1858.5], [-115, 1867.5], [-114, 4120.0], [-113, 4088.5], [-112, 4011.5], [-111, 3975.5], [-110, 3938.5], [-109, 3783.0], [-108, 3815.0], [-107, 3786.5], [-106, 3761.5], [-105, 3794.5], [-104, 3877.5], [-103, 4064.0], [-102, 4165.0], [-101, 4002.0], [-100, 3023.0], [-99, 3007.0], [-98, 3013.0], [-97, 3041.0], [-96, 4093.5], [-95, 4078.0], [-94, 4059.0], [-93, 880.5], [-92, 863.5], [-91, 865.5], [-90, 870.5], [-89, 885.0], [-88, 895.0], [-87, 910.5], [-85, 3339.0], [-84, 3349.0], [-83, 3357.5], [-82, 2909.5], [-80, 900.0], [-79, 890.0], [-78, 882.5], [-77, 875.0], [-76, 872.5], [-75, 868.75], [-74, 865.5], [-73, 868.25], [-70, 3873.5], [-69, 3887.5], [-68, 3889.25], [-67, 3907.75], [-66, 3929.25], [-65, 3934.0], [-64, 3940.5], [-63, 3975.5], [-62, 3990.0], [-61, 3999.5], [-60, 4014.0], [-59, 4029.0], [-58, 4042.0], [-57, 4079.5], [-56, 4063.0], [-55, 4039.5], [-52, 3523.5], [-51, 3509.0], [-50, 3529.5], [-48, 211.5], [-47, 207.5], [-46, 200.5], [-45, 198.5], [-44, 197.5], [-43, 194.5], [-42, 193.0], [-41, 189.0], [-40, 188.5], [-39, 188.5], [-38, 186.5], [-37, 189.5], [-36, 193.0], [-35, 192.0], [-34, 191.5], [-33, 194.5], [-32, 193.5], [-31, 193.5], [-30, 194.5], [-29, 194.0], [-28, 196.0], [-26, 2024.0], [-25, 2007.5], [-24, 1970.0], [-23, 1952.5], [-22, 1935.5], [-21, 1905.0], [-20, 1889.5], [-19, 1861.5], [-18, 1847.0], [-17, 1835.5], [-16, 1808.5], [-14, 547.5], [-13, 544.5], [-12, 542.0], [-11, 542.5], [-10, 547.0], [-9, 549.0], [-8, 549.5], [-7, 552.5], [-6, 554.5], [-5, 560.5], [-4, 565.0]]}