{"heading": -8.4, "target": 85.93243931323306, "gap_dist": 425.5064666168077, "gap_info": [{"width": 154.87482307908397, "center_angle": -154.40415543530742, "edge_a": [-179, 120.25], "edge_b": [-142, 233.0], "depth": 233.0, "passable": false, "chosen": false}, {"width": 425.5064666168077, "center_angle": 85.93243931323306, "edge_a": [57, 478.0], "edge_b": [127, 352.0], "depth": 478.0, "passable": true, "chosen": true}, {"width": 228.89835983501843, "center_angle": 151.34398608483494, "edge_a": [147, 463.5], "edge_b": [170, 109.75], "depth": 463.5, "passable": false, "chosen": false}], "scan": [[-4, 184.5], [-3, 185.25], [-2, 187.25], [-1, 192.0], [0, 192.0], [1, 193.0], [2, 193.5], [3, 194.5], [4, 195.5], [5, 197.5], [6, 199.5], [7, 199.0], [8, 199.5], [9, 201.0], [10, 202.0], [11, 203.5], [12, 206.0], [13, 207.0], [14, 207.0], [15, 209.25], [16, 211.5], [17, 213.5], [18, 216.0], [19, 216.75], [20, 218.5], [21, 223.0], [22, 224.25], [23, 228.25], [24, 230.5], [25, 233.5], [26, 236.5], [27, 238.5], [28, 244.5], [29, 246.0], [30, 252.0], [31, 256.5], [32, 259.0], [33, 262.0], [34, 269.5], [35, 272.0], [36, 277.0], [37, 280.5], [38, 285.5], [39, 292.5], [40, 296.5], [41, 305.5], [42, 309.5], [43, 320.5], [44, 326.0], [45, 336.5], [46, 343.5], [47, 350.5], [48, 357.5], [49, 371.0], [50, 378.5], [51, 393.5], [52, 403.0], [53, 418.0], [54, 427.5], [55, 439.0], [57, 478.0], [58, 505.0], [59, 519.5], [66, 774.0], [69, 1394.5], [70, 1385.0], [71, 1362.5], [72, 1345.5], [73, 1338.0], [74, 1333.5], [75, 1332.5], [76, 1333.5], [78, 817.0], [79, 812.5], [80, 803.5], [81, 801.5], [82, 799.0], [83, 799.0], [84, 807.0], [85, 822.5], [86, 835.0], [87, 1343.0], [88, 1341.5], [89, 1344.0], [90, 1347.5], [91, 1351.0], [92, 1367.0], [94, 957.5], [96, 1081.0], [97, 1072.5], [98, 1067.0], [99, 1086.0], [100, 1087.0], [101, 1087.5], [102, 1096.0], [103, 1883.5], [104, 1899.5], [105, 1924.5], [106, 1936.0], [107, 1963.5], [108, 1978.0], [109, 2009.5], [110, 2024.5], [111, 2039.0], [112, 2072.5], [113, 2090.0], [114, 2128.5], [115, 2148.0], [116, 2165.5], [117, 2204.5], [118, 2227.5], [119, 2275.0], [120, 2297.0], [121, 983.5], [122, 958.0], [123, 946.0], [124, 925.5], [125, 917.5], [127, 352.0], [128, 347.5], [129, 338.5], [130, 336.5], [131, 331.0], [132, 328.0], [133, 324.0], [134, 319.0], [135, 317.0], [136, 312.5], [137, 313.0], [138, 315.5], [139, 322.0], [141, 349.5], [142, 368.5], [143, 377.0], [144, 387.0], [145, 414.0], [147, 463.5], [149, 710.0], [150, 704.0], [151, 699.5], [152, 697.0], [153, 693.0], [154, 690.5], [155, 686.0], [156, 683.0], [157, 682.5], [158, 679.0], [159, 678.5], [160, 674.5], [161, 673.0], [164, 66.5], [165, 68.25], [166, 69.75], [170, 109.75], [171, 109.25], [172, 109.75], [173, 119.25], [174, 121.0], [175, 125.5], [176, 126.75], [177, 125.5], [178, 123.75], [179, 121.25], [180, 120.75], [-179, 120.25], [-175, 70.75], [-173, 61.5], [-171, 79.0], [-166, 768.0], [-165, 763.5], [-164, 762.5], [-163, 768.0], [-162, 774.0], [-161, 788.5], [-160, 791.5], [-159, 796.0], [-158, 813.5], [-157, 820.0], [-156, 834.5], [-155, 842.5], [-154, 852.0], [-153, 869.5], [-152, 878.5], [-151, 897.0], [-150, 907.0], [-149, 929.0], [-148, 938.5], [-147, 963.5], [-146, 976.5], [-145, 991.5], [-144, 1017.0], [-143, 1030.5], [-142, 233.0], [-141, 236.0], [-140, 233.0], [-139, 231.5], [-138, 228.0], [-137, 225.0], [-136, 221.0], [-135, 219.0], [-134, 215.5], [-133, 212.0], [-132, 210.0], [-131, 208.0], [-130, 206.0], [-129, 203.0], [-128, 201.5], [-127, 199.0], [-126, 198.5], [-125, 197.5], [-124, 195.0], [-123, 194.0], [-122, 193.0], [-121, 191.0], [-120, 190.0], [-119, 188.5], [-118, 188.0], [-117, 187.0], [-116, 186.0], [-115, 185.0], [-114, 184.0], [-113, 183.5], [-112, 182.5], [-111, 182.0], [-110, 182.5], [-109, 182.0], [-108, 181.0], [-107, 180.5], [-106, 180.5], [-105, 182.0], [-104, 180.0], [-103, 180.0], [-102, 181.5], [-101, 181.5], [-100, 181.5], [-99, 182.0], [-98, 181.0], [-97, 181.0], [-96, 182.0], [-95, 182.5], [-94, 182.5], [-93, 182.0], [-92, 182.5], [-91, 183.5], [-90, 185.0], [-89, 185.5], [-88, 186.0], [-87, 188.0], [-86, 188.0], [-85, 190.0], [-84, 191.0], [-83, 192.0], [-82, 192.5], [-81, 194.5], [-80, 196.0], [-79, 197.5], [-78, 199.5], [-77, 200.0], [-76, 203.0], [-75, 203.0], [-74, 207.0], [-73, 208.0], [-72, 211.5], [-71, 213.5], [-70, 217.0], [-69, 220.0], [-68, 222.5], [-67, 226.5], [-66, 228.0], [-65, 231.5], [-64, 235.5], [-63, 265.0], [-62, 264.5], [-61, 265.0], [-60, 262.5], [-59, 258.5], [-58, 252.0], [-57, 249.5], [-56, 242.5], [-55, 240.0], [-54, 233.5], [-53, 231.5], [-52, 229.5], [-51, 224.5], [-50, 223.0], [-49, 217.5], [-48, 216.5], [-47, 214.0], [-46, 211.5], [-45, 209.5], [-44, 207.5], [-43, 205.5], [-42, 203.0], [-41, 202.0], [-40, 199.5], [-39, 198.5], [-38, 197.5], [-37, 194.0], [-36, 193.5], [-35, 191.5], [-34, 190.5], [-33, 190.0], [-32, 188.0], [-31, 187.0], [-30, 186.0], [-29, 184.25], [-28, 183.5], [-27, 184.0], [-26, 183.5], [-25, 184.0], [-24, 183.0], [-23, 181.5], [-22, 181.5], [-21, 182.0], [-20, 179.0], [-19, 178.5], [-18, 177.0], [-17, 178.0], [-16, 178.0], [-15, 177.5], [-14, 178.0], [-13, 180.0], [-12, 181.5], [-11, 182.0], [-10, 182.0], [-9, 182.5], [-8, 184.0], [-7, 184.0], [-6, 183.5], [-5, 185.5]]}