{"heading": 104.0, "target": 158.74008365337608, "gap_dist": 278.42886654888304, "gap_info": [{"width": 170.77646266501884, "center_angle": -147.81304718679326, "edge_a": [-180, 119.0], "edge_b": [-134, 265.5], "depth": 265.5, "passable": false, "chosen": false}, {"width": 363.78336512197563, "center_angle": -70.02168061772412, "edge_a": [-100, 367.5], "edge_b": [13, 185.0], "depth": 367.5, "passable": true, "chosen": false}, {"width": 278.42886654888304, "center_angle": 158.74008365337608, "edge_a": [156, 487.5], "edge_b": [171, 109.75], "depth": 487.5, "passable": true, "chosen": true}], "scan": [[-2, 1578.5], [-1, 1590.5], [1, 1126.0], [4, 1548.5], [5, 1542.0], [6, 1533.0], [7, 1502.0], [8, 1475.0], [9, 1470.5], [10, 1475.5], [13, 185.0], [14, 186.5], [15, 186.5], [16, 186.0], [17, 185.0], [18, 185.5], [19, 186.0], [20, 185.5], [21, 186.5], [22, 185.5], [23, 186.0], [24, 186.5], [25, 187.0], [26, 187.0], [27, 187.0], [28, 190.0], [29, 189.0], [30, 189.5], [31, 189.0], [32, 190.0], [33, 191.0], [34, 191.5], [35, 193.0], [36, 194.0], [37, 194.5], [38, 196.5], [39, 197.5], [40, 197.5], [41, 199.0], [42, 200.0], [43, 203.0], [44, 204.0], [45, 205.5], [46, 207.0], [47, 209.0], [48, 210.5], [49, 213.5], [50, 216.0], [51, 217.5], [52, 219.0], [53, 222.5], [54, 225.0], [55, 226.5], [56, 229.5], [57, 232.5], [58, 236.0], [59, 239.5], [60, 243.0], [61, 244.0], [62, 252.0], [63, 253.5], [64, 259.0], [65, 262.5], [66, 269.5], [67, 272.5], [68, 279.0], [69, 284.5], [70, 288.0], [71, 293.5], [72, 298.5], [73, 309.0], [74, 313.5], [75, 325.0], [76, 329.5], [77, 334.5], [79, 372.5], [80, 372.5], [81, 368.5], [82, 365.5], [83, 361.0], [84, 358.0], [85, 354.5], [86, 352.5], [87, 350.5], [88, 346.5], [89, 345.0], [90, 343.0], [91, 343.5], [92, 340.5], [93, 338.0], [94, 337.5], [95, 336.0], [96, 335.0], [97, 332.0], [98, 330.5], [99, 330.5], [100, 330.5], [101, 329.0], [102, 327.5], [103, 326.5], [104, 324.0], [105, 324.0], [106, 324.0], [107, 324.5], [108, 324.0], [109, 324.0], [110, 325.0], [111, 325.0], [112, 327.5], [113, 328.0], [114, 328.0], [115, 329.5], [116, 330.0], [117, 332.0], [118, 333.5], [119, 334.5], [120, 337.0], [121, 338.0], [122, 339.0], [123, 340.5], [124, 342.5], [125, 344.0], [126, 345.0], [127, 350.0], [128, 351.5], [129, 351.75], [130, 354.25], [131, 356.75], [132, 363.75], [133, 364.5], [134, 368.75], [135, 371.0], [136, 374.25], [137, 376.25], [138, 380.0], [139, 384.25], [140, 388.0], [141, 393.0], [142, 396.5], [143, 399.5], [144, 406.0], [145, 409.5], [146, 417.5], [147, 422.0], [148, 428.0], [149, 433.0], [150, 437.0], [151, 447.25], [152, 453.0], [153, 464.5], [154, 469.5], [155, 481.0], [156, 487.5], [157, 503.0], [158, 509.5], [159, 519.0], [160, 532.0], [161, 540.0], [163, 60.5], [165, 69.5], [166, 67.75], [171, 109.75], [172, 110.75], [173, 121.5], [174, 123.5], [175, 125.25], [176, 128.25], [177, 125.25], [178, 123.5], [179, 121.0], [-180, 119.0], [-175, 69.25], [-169, 70.0], [-168, 71.0], [-166, 818.0], [-165, 834.5], [-164, 848.0], [-163, 1330.0], [-162, 1335.5], [-161, 1336.5], [-160, 1337.5], [-159, 1339.5], [-158, 1342.0], [-157, 1343.0], [-156, 1344.5], [-155, 1346.5], [-154, 1351.5], [-153, 1353.5], [-152, 1357.5], [-151, 1760.5], [-150, 1767.5], [-149, 1776.0], [-148, 1781.0], [-147, 1792.0], [-146, 1796.75], [-145, 1809.0], [-144, 1817.0], [-142, 995.5], [-141, 979.5], [-140, 974.0], [-139, 968.5], [-138, 963.0], [-137, 955.5], [-136, 949.0], [-134, 265.5], [-133, 260.75], [-132, 248.5], [-131, 243.25], [-130, 234.25], [-129, 229.75], [-128, 221.0], [-127, 216.5], [-126, 211.0], [-125, 208.75], [-124, 207.25], [-123, 207.25], [-122, 210.0], [-121, 213.0], [-120, 219.0], [-119, 223.0], [-118, 228.0], [-117, 230.5], [-116, 233.5], [-115, 241.5], [-114, 244.0], [-113, 253.0], [-112, 257.0], [-111, 266.0], [-110, 270.5], [-109, 280.0], [-108, 285.0], [-106, 304.0], [-105, 310.0], [-104, 321.5], [-103, 327.0], [-102, 343.5], [-101, 351.5], [-100, 367.5], [-98, 581.5], [-97, 577.5], [-96, 572.75], [-95, 569.25], [-94, 563.0], [-93, 561.5], [-92, 558.0], [-91, 550.75], [-90, 549.5], [-89, 545.0], [-88, 543.0], [-87, 537.5], [-86, 536.0], [-85, 533.0], [-84, 532.0], [-83, 531.0], [-82, 527.5], [-81, 527.5], [-80, 524.5], [-79, 524.0], [-78, 522.5], [-77, 520.0], [-76, 519.5], [-75, 519.5], [-74, 519.5], [-73, 517.0], [-72, 517.5], [-71, 518.0], [-70, 518.5], [-69, 519.0], [-68, 513.5], [-67, 514.5], [-66, 521.5], [-65, 523.5], [-64, 524.0], [-63, 525.5], [-62, 527.5], [-61, 530.0], [-60, 531.0], [-59, 532.5], [-58, 533.5], [-57, 537.5], [-56, 540.0], [-55, 542.5], [-54, 546.5], [-53, 549.5], [-52, 554.0], [-51, 556.5], [-50, 562.0], [-49, 564.0], [-48, 564.5], [-47, 575.5], [-46, 577.5], [-45, 585.5], [-44, 588.5], [-43, 595.5], [-42, 602.0], [-41, 609.0], [-40, 613.5], [-39, 621.5], [-38, 633.5], [-37, 638.5], [-36, 647.5], [-35, 653.5], [-34, 669.0], [-33, 674.0], [-32, 681.5], [-31, 696.5], [-30, 699.0], [-29, 713.5], [-28, 721.0], [-27, 735.5], [-26, 743.0], [-25, 761.0], [-24, 771.5], [-23, 781.5], [-22, 799.0], [-21, 810.0], [-20, 834.0], [-19, 846.5], [-18, 872.0], [-17, 886.5], [-16, 901.0], [-15, 933.5], [-14, 948.5], [-12, 1307.5], [-10, 1626.0], [-9, 1910.0], [-8, 1900.5], [-7, 1882.75], [-6, 1871.5], [-5, 1850.5], [-4, 1841.5], [-3, 1836.5]]}