{"heading": 346.6, "target": -52.90765634598039, "gap_dist": 398.3525129145442, "gap_info": [{"width": 398.3525129145442, "center_angle": -52.90765634598039, "edge_a": [-67, 487.0], "edge_b": [-15, 193.0], "depth": 487.0, "passable": true, "chosen": true}, {"width": 462.361451668257, "center_angle": 101.48361353036375, "edge_a": [56, 264.5], "edge_b": [124, 492.5], "depth": 492.5, "passable": true, "chosen": false}, {"width": 398.52268692942204, "center_angle": 137.7106432996385, "edge_a": [131, 496.0], "edge_b": [170, 108.5], "depth": 496.0, "passable": true, "chosen": false}], "scan": [[-4, 173.5], [-3, 180.5], [-2, 180.0], [-1, 179.5], [0, 179.0], [1, 178.5], [2, 180.0], [3, 178.0], [4, 178.0], [5, 178.0], [6, 176.0], [7, 175.0], [8, 174.5], [9, 176.5], [10, 175.5], [11, 176.5], [12, 177.5], [13, 177.0], [14, 178.5], [15, 179.5], [16, 178.5], [17, 180.5], [18, 179.5], [19, 181.0], [20, 181.0], [21, 181.0], [22, 183.5], [23, 183.0], [24, 184.0], [25, 184.5], [26, 185.0], [27, 189.0], [28, 190.0], [29, 191.5], [30, 192.5], [31, 194.0], [32, 195.0], [33, 197.0], [34, 198.5], [35, 201.0], [36, 202.0], [37, 203.0], [38, 205.5], [39, 206.0], [40, 211.0], [41, 213.5], [42, 216.0], [43, 218.5], [44, 221.5], [45, 225.0], [46, 226.5], [47, 230.0], [48, 233.0], [49, 236.5], [50, 239.0], [51, 243.5], [52, 247.0], [53, 253.0], [54, 255.0], [55, 259.0], [56, 264.5], [58, 943.0], [59, 940.5], [60, 940.0], [61, 939.5], [62, 938.0], [63, 940.0], [64, 939.0], [65, 939.0], [66, 940.0], [67, 941.5], [68, 943.0], [69, 944.0], [70, 945.0], [71, 946.0], [72, 950.5], [73, 955.0], [74, 957.5], [75, 963.0], [76, 965.5], [77, 971.5], [78, 972.5], [79, 975.5], [80, 982.0], [81, 987.0], [82, 997.5], [83, 1002.5], [84, 1008.0], [85, 1017.0], [86, 1029.5], [87, 1034.5], [88, 1041.0], [89, 1054.5], [90, 1061.0], [91, 1072.0], [92, 1080.0], [93, 1086.0], [94, 1101.0], [95, 1108.0], [96, 1128.0], [97, 1135.5], [98, 1153.0], [99, 1163.0], [100, 1172.5], [101, 1193.0], [102, 1206.5], [103, 1218.5], [104, 1241.0], [105, 1254.0], [106, 1281.0], [107, 1295.0], [108, 1311.0], [109, 1345.0], [110, 1362.5], [112, 603.5], [113, 585.0], [114, 578.0], [115, 563.0], [116, 557.0], [117, 552.5], [118, 538.5], [119, 529.0], [120, 521.5], [121, 516.5], [122, 505.5], [123, 500.5], [124, 492.5], [125, 488.5], [126, 485.0], [127, 475.0], [128, 473.0], [129, 474.0], [130, 485.0], [131, 496.0], [132, 525.0], [134, 555.5], [136, 609.5], [137, 657.0], [142, 3500.0], [143, 3496.0], [144, 3483.0], [145, 3476.0], [146, 3472.0], [147, 3461.5], [151, 3651.0], [152, 3657.0], [153, 3656.0], [154, 3656.0], [155, 3657.5], [156, 3662.0], [157, 3665.5], [158, 3670.5], [159, 3668.5], [160, 3679.5], [161, 3683.5], [164, 71.5], [165, 72.75], [166, 72.0], [170, 108.5], [171, 113.0], [173, 118.75], [174, 122.0], [175, 126.75], [176, 127.75], [177, 126.5], [178, 125.75], [179, 126.25], [180, 125.5], [-175, 72.75], [-169, 80.0], [-166, 4766.5], [-165, 4819.0], [-164, 4874.5], [-163, 4966.5], [-161, 4505.0], [-159, 5279.5], [-158, 3428.0], [-157, 3389.0], [-156, 3339.0], [-154, 5835.5], [-151, 6189.5], [-149, 6525.0], [-146, 7064.5], [-144, 4581.5], [-141, 8445.5], [-140, 8640.5], [-139, 8867.0], [-136, 6080.5], [-135, 2680.5], [-134, 2708.0], [-133, 7495.5], [-128, 4115.0], [-103, 11337.0], [-98, 2933.0], [-97, 2905.5], [-93, 6176.0], [-92, 526.0], [-91, 513.5], [-90, 510.0], [-89, 507.5], [-88, 505.0], [-87, 503.0], [-86, 499.5], [-85, 498.0], [-84, 496.5], [-83, 495.5], [-82, 492.0], [-81, 491.5], [-80, 491.5], [-79, 489.5], [-78, 488.5], [-77, 487.0], [-76, 486.0], [-75, 486.5], [-74, 485.5], [-73, 485.0], [-72, 487.5], [-71, 483.0], [-70, 484.0], [-69, 484.0], [-68, 487.0], [-67, 487.0], [-65, 4797.0], [-64, 4695.5], [-63, 4648.0], [-62, 4606.5], [-61, 4431.5], [-60, 4459.0], [-59, 4402.0], [-58, 4413.5], [-57, 4483.0], [-56, 4650.0], [-55, 4727.0], [-54, 3603.5], [-53, 3598.5], [-52, 3620.5], [-51, 4718.5], [-50, 4693.0], [-49, 4632.5], [-48, 4605.0], [-47, 4557.0], [-46, 4531.5], [-45, 4508.0], [-44, 4468.0], [-43, 4447.5], [-42, 4407.0], [-41, 4390.0], [-40, 4375.5], [-39, 4343.5], [-38, 4303.0], [-37, 4211.0], [-36, 4306.5], [-35, 4293.5], [-34, 4286.5], [-31, 4266.0], [-30, 4239.5], [-29, 4233.0], [-28, 4227.5], [-27, 4204.5], [-26, 4204.0], [-25, 4197.5], [-24, 4181.5], [-23, 4177.0], [-22, 4179.0], [-21, 4191.5], [-20, 4193.0], [-19, 4197.0], [-18, 4203.0], [-17, 4209.0], [-15, 193.0], [-14, 189.0], [-13, 187.5], [-12, 184.0], [-11, 183.0], [-10, 180.5], [-9, 180.0], [-8, 180.0], [-7, 177.5], [-6, 176.0], [-5, 174.0]]}