{"heading": -73.3, "target": -42.509395763077606, "gap_dist": 365.6462837099888, "gap_info": [{"width": 219.93900203967874, "center_angle": -143.22970973273152, "edge_a": [-149, 498.5], "edge_b": [-130, 219.0], "depth": 498.5, "passable": false, "chosen": false}, {"width": 365.6462837099888, "center_angle": -42.509395763077606, "edge_a": [-83, 272.5], "edge_b": [16, 207.5], "depth": 272.5, "passable": true, "chosen": true}, {"width": 282.15432390803437, "center_angle": 92.89541296549719, "edge_a": [69, 261.5], "edge_b": [171, 108.25], "depth": 261.5, "passable": true, "chosen": false}], "scan": [[-2, 1947.0], [1, 7218.0], [2, 7169.0], [3, 7132.0], [4, 3298.5], [6, 2299.5], [8, 3182.0], [14, 6450.0], [16, 207.5], [17, 206.5], [18, 204.0], [19, 204.0], [20, 202.0], [21, 202.0], [22, 202.0], [23, 200.5], [24, 199.5], [25, 199.0], [26, 198.5], [27, 196.5], [28, 194.0], [29, 193.5], [30, 194.0], [31, 194.0], [32, 197.0], [33, 198.0], [34, 198.5], [35, 200.0], [36, 201.0], [37, 201.5], [38, 201.5], [39, 202.0], [40, 202.5], [41, 202.0], [42, 204.5], [43, 205.0], [44, 205.0], [45, 205.5], [46, 208.0], [47, 208.5], [48, 208.5], [49, 211.0], [50, 211.5], [51, 212.0], [52, 215.0], [53, 216.5], [54, 219.0], [55, 220.5], [56, 222.0], [57, 223.5], [58, 225.0], [59, 227.0], [60, 229.5], [61, 232.0], [62, 236.0], [63, 238.0], [64, 241.5], [65, 243.5], [66, 249.5], [67, 251.5], [69, 261.5], [71, 3665.5], [72, 3613.5], [74, 2114.5], [75, 2130.0], [76, 2144.0], [80, 2175.5], [84, 7873.0], [86, 5238.5], [93, 7184.0], [95, 7058.0], [101, 4941.5], [105, 10225.0], [106, 10244.5], [108, 10869.0], [109, 14108.0], [110, 14053.0], [111, 14049.0], [112, 13991.0], [113, 13970.0], [114, 13952.5], [115, 13937.5], [117, 7851.5], [119, 6537.0], [120, 6553.5], [121, 6574.0], [122, 6598.0], [124, 6051.0], [125, 6073.0], [127, 6088.5], [128, 6042.5], [130, 3258.5], [131, 3262.0], [141, 2637.0], [143, 2433.0], [144, 2369.5], [145, 2257.0], [146, 2204.5], [147, 2153.0], [148, 2060.0], [149, 2019.0], [150, 1935.0], [151, 1899.0], [152, 1830.0], [153, 1799.0], [154, 1786.0], [155, 1802.0], [156, 1788.5], [157, 1718.5], [158, 1691.0], [159, 1644.5], [160, 1623.5], [161, 1603.5], [165, 69.25], [166, 68.0], [169, 93.0], [171, 108.25], [172, 107.5], [173, 116.75], [174, 123.75], [175, 125.0], [176, 125.5], [177, 124.75], [178, 124.75], [179, 125.0], [180, 124.5], [-175, 69.25], [-173, 59.5], [-169, 71.25], [-167, 367.5], [-166, 361.0], [-165, 360.75], [-164, 364.25], [-163, 371.5], [-162, 376.0], [-161, 385.0], [-160, 388.5], [-159, 398.0], [-158, 403.0], [-157, 408.0], [-156, 421.5], [-155, 428.0], [-154, 443.5], [-153, 450.5], [-152, 458.5], [-151, 472.0], [-150, 481.5], [-149, 498.5], [-148, 508.5], [-146, 820.5], [-145, 821.5], [-144, 825.0], [-143, 827.5], [-142, 831.5], [-141, 833.5], [-140, 835.5], [-139, 841.5], [-138, 844.5], [-137, 850.0], [-136, 853.0], [-135, 864.5], [-134, 875.0], [-133, 881.0], [-132, 889.5], [-130, 219.0], [-129, 214.5], [-128, 213.5], [-127, 213.0], [-126, 212.5], [-125, 210.5], [-124, 209.5], [-123, 209.0], [-122, 208.5], [-121, 208.5], [-120, 208.0], [-119, 210.5], [-118, 212.0], [-117, 210.0], [-116, 210.5], [-115, 211.0], [-114, 211.0], [-113, 212.5], [-112, 214.5], [-111, 214.5], [-110, 214.0], [-109, 218.0], [-108, 219.5], [-107, 220.0], [-106, 220.5], [-105, 222.0], [-104, 224.5], [-103, 225.0], [-102, 225.5], [-101, 227.0], [-100, 230.5], [-99, 231.0], [-98, 234.0], [-97, 236.5], [-96, 237.5], [-95, 240.0], [-94, 240.5], [-93, 245.0], [-92, 248.0], [-91, 248.5], [-90, 251.5], [-89, 254.5], [-88, 258.5], [-87, 260.0], [-86, 261.0], [-85, 266.0], [-84, 268.5], [-83, 272.5], [-81, 1698.5], [-80, 1710.0], [-79, 1717.0], [-77, 3588.5], [-76, 3556.0], [-75, 3531.0], [-74, 3537.5], [-73, 3553.5], [-72, 3586.0], [-71, 4431.5], [-70, 4432.5], [-68, 5011.0], [-66, 8855.0], [-65, 8680.0], [-64, 8598.0], [-63, 8480.5], [-62, 8493.5], [-61, 8510.0], [-60, 8497.5], [-59, 12102.5], [-58, 11101.0], [-57, 11119.5], [-56, 12212.0], [-54, 12235.0], [-39, 4259.5], [-31, 782.5], [-30, 770.5], [-29, 778.0], [-28, 786.0], [-27, 779.0], [-26, 783.0], [-25, 789.0], [-24, 804.75], [-23, 814.5], [-22, 818.5], [-16, 2145.0], [-15, 2138.0], [-14, 2134.5], [-13, 2145.0], [-11, 996.5], [-10, 975.0], [-9, 960.5], [-8, 948.5], [-7, 948.5], [-6, 953.75], [-3, 1938.0]]}