{"heading": 0.4, "target": -121.92847108524556, "gap_dist": 320.95376408408157, "gap_info": [{"width": 320.95376408408157, "center_angle": -121.92847108524556, "edge_a": [-147, 373.0], "edge_b": [-57, 174.5], "depth": 373.0, "passable": true, "chosen": true}, {"width": 504.4263341976892, "center_angle": 150.96899765584695, "edge_a": [-22, 201.0], "edge_b": [155, 350.0], "depth": 350.0, "passable": true, "chosen": false}, {"width": 184.69518389432758, "center_angle": 163.62945168430096, "edge_a": [160, 303.5], "edge_b": [173, 118.0], "depth": 303.5, "passable": false, "chosen": false}], "scan": [[-2, 4835.0], [-1, 4920.0], [0, 5015.0], [1, 5213.5], [2, 5319.5], [3, 5545.0], [4, 5675.5], [5, 5807.0], [6, 5999.5], [7, 5924.5], [8, 5897.0], [9, 5958.0], [10, 6040.5], [11, 6051.5], [12, 6066.0], [13, 6078.0], [14, 6104.0], [15, 6118.0], [16, 6146.0], [17, 6241.0], [18, 6557.0], [19, 6548.0], [20, 6532.0], [21, 6491.0], [22, 6470.0], [23, 6442.5], [25, 6683.5], [26, 6656.5], [27, 6644.5], [28, 6899.5], [29, 6895.5], [30, 6880.5], [31, 6876.5], [33, 7142.5], [34, 7143.5], [35, 7143.0], [36, 7414.5], [37, 7425.5], [38, 7709.0], [39, 7720.5], [40, 7729.0], [41, 7751.5], [42, 8046.5], [43, 8065.0], [44, 8082.5], [45, 8484.0], [46, 8510.0], [47, 8533.0], [48, 8554.5], [49, 8888.5], [50, 8926.5], [51, 8962.5], [52, 9313.0], [53, 9355.5], [54, 9728.0], [55, 9898.5], [56, 10077.5], [57, 10198.5], [58, 10334.0], [59, 10723.0], [60, 10833.5], [61, 10873.5], [62, 11004.5], [63, 11058.5], [67, 9702.5], [68, 9434.0], [69, 9269.5], [70, 9122.0], [71, 7876.0], [72, 7767.5], [73, 7546.0], [74, 7443.0], [75, 7424.0], [76, 7307.5], [77, 7206.5], [78, 7031.0], [79, 6948.0], [80, 6865.5], [81, 6707.5], [82, 6633.0], [83, 6494.0], [84, 6431.5], [85, 6307.5], [86, 6247.0], [87, 6193.0], [88, 6089.0], [89, 6038.0], [90, 5943.0], [91, 5899.0], [92, 5856.0], [93, 5772.0], [94, 5732.0], [95, 5661.5], [96, 5626.0], [97, 5591.0], [98, 5559.0], [99, 5344.0], [100, 5292.5], [101, 5271.0], [103, 4095.5], [106, 5113.0], [109, 5615.5], [110, 5637.0], [111, 5612.0], [113, 4497.0], [114, 4489.0], [116, 5536.5], [117, 5530.0], [118, 5518.0], [119, 5514.0], [120, 5505.5], [121, 5502.5], [122, 5500.0], [123, 5419.0], [124, 5456.5], [125, 5518.0], [130, 5534.5], [131, 5523.5], [132, 5523.5], [133, 5566.5], [134, 5584.0], [136, 5325.0], [137, 5264.0], [138, 5215.5], [139, 5081.0], [140, 5022.0], [141, 4901.0], [142, 4834.5], [143, 4781.5], [144, 4706.0], [145, 4652.0], [146, 4566.5], [147, 4506.0], [148, 4459.0], [149, 4376.0], [150, 4382.0], [151, 4316.0], [152, 4219.5], [153, 4138.0], [154, 4051.5], [155, 350.0], [156, 329.0], [157, 321.5], [158, 315.0], [159, 306.5], [160, 303.5], [163, 62.75], [164, 69.5], [165, 70.25], [173, 118.0], [174, 121.25], [175, 126.0], [176, 126.75], [177, 126.0], [178, 125.25], [179, 125.75], [180, 123.75], [-174, 66.75], [-168, 214.0], [-166, 230.0], [-165, 234.0], [-164, 241.0], [-163, 244.0], [-162, 249.5], [-161, 253.0], [-160, 255.5], [-159, 261.5], [-158, 264.5], [-157, 269.0], [-155, 285.0], [-154, 293.0], [-153, 300.0], [-152, 306.5], [-151, 321.0], [-150, 326.5], [-149, 340.25], [-147, 373.0], [-145, 1969.5], [-144, 1973.5], [-143, 1973.0], [-142, 1974.5], [-141, 1977.5], [-140, 1980.5], [-139, 1985.5], [-138, 1988.5], [-137, 1990.0], [-136, 2000.5], [-135, 2004.0], [-134, 2015.0], [-133, 2020.5], [-132, 2030.0], [-131, 2037.5], [-130, 2046.0], [-129, 2060.0], [-128, 2070.0], [-127, 2086.0], [-126, 2094.5], [-125, 2103.5], [-124, 2125.5], [-123, 2137.0], [-122, 2158.0], [-121, 2170.5], [-120, 2182.5], [-119, 2208.0], [-118, 2225.0], [-117, 2254.0], [-116, 2270.0], [-115, 2285.0], [-114, 2320.5], [-113, 1900.0], [-112, 1934.0], [-111, 1966.0], [-110, 1995.5], [-109, 2036.5], [-108, 2053.0], [-107, 2081.0], [-106, 2090.0], [-105, 2100.0], [-103, 2664.0], [-102, 2731.5], [-101, 2765.0], [-100, 2803.0], [-99, 2884.5], [-98, 2856.0], [-97, 2809.5], [-96, 2778.0], [-95, 2717.5], [-94, 2691.0], [-93, 2665.5], [-92, 2616.0], [-91, 2594.5], [-90, 2571.5], [-89, 1134.0], [-88, 1117.5], [-87, 1112.5], [-86, 1104.5], [-85, 1086.5], [-84, 1079.0], [-83, 1070.0], [-82, 1058.5], [-81, 1052.5], [-80, 1040.5], [-79, 1033.5], [-78, 1029.5], [-77, 1020.0], [-76, 1015.0], [-75, 1005.5], [-74, 1001.5], [-73, 997.0], [-72, 988.0], [-71, 984.5], [-70, 980.5], [-69, 978.0], [-68, 974.0], [-67, 972.5], [-66, 967.0], [-65, 961.5], [-64, 958.5], [-63, 959.0], [-62, 955.5], [-61, 954.0], [-60, 953.0], [-59, 952.5], [-58, 952.0], [-57, 174.5], [-56, 172.0], [-55, 172.0], [-54, 169.5], [-53, 168.5], [-52, 167.5], [-51, 166.5], [-50, 167.0], [-49, 166.5], [-48, 165.0], [-47, 163.5], [-45, 177.5], [-44, 181.5], [-43, 182.5], [-42, 184.5], [-41, 186.0], [-40, 186.5], [-39, 188.5], [-38, 188.0], [-37, 188.0], [-36, 191.0], [-35, 190.5], [-34, 189.5], [-33, 189.0], [-32, 189.0], [-31, 189.5], [-30, 191.5], [-29, 191.0], [-28, 192.5], [-27, 194.5], [-26, 195.5], [-25, 196.5], [-24, 198.5], [-23, 201.0], [-22, 201.0], [-19, 2964.0], [-18, 3035.5], [-17, 3067.0], [-16, 3101.0], [-15, 3170.0], [-14, 3204.5], [-12, 3780.5], [-11, 3834.5], [-10, 3934.0], [-9, 3989.5], [-8, 4105.5], [-7, 4166.5], [-6, 4228.0], [-5, 4363.0], [-4, 4437.0]]}