{"heading": -94.5, "target": 77.11809302236942, "gap_dist": 358.8176537962712, "gap_info": [{"width": 90.099861662176, "center_angle": -12.393976215939292, "edge_a": [-14, 271.25], "edge_b": [-10, 182.0], "depth": 271.25, "passable": false, "chosen": false}, {"width": 63.47018042803002, "center_angle": 29.138824023024355, "edge_a": [28, 228.0], "edge_b": [30, 301.5], "depth": 301.5, "passable": false, "chosen": false}, {"width": 358.8176537962712, "center_angle": 77.11809302236942, "edge_a": [57, 316.5], "edge_b": [170, 109.0], "depth": 316.5, "passable": true, "chosen": true}], "scan": [[-2, 172.0], [-1, 172.0], [0, 170.5], [1, 172.0], [2, 172.0], [3, 172.0], [4, 172.5], [5, 172.5], [6, 173.0], [7, 173.5], [8, 175.5], [9, 176.5], [10, 178.5], [11, 179.0], [12, 180.5], [13, 182.5], [14, 184.0], [15, 184.5], [16, 186.5], [17, 187.0], [18, 192.0], [19, 191.5], [20, 192.5], [21, 194.5], [22, 195.0], [23, 200.5], [24, 203.0], [25, 204.5], [26, 220.0], [27, 225.0], [28, 228.0], [30, 301.5], [31, 300.75], [32, 301.25], [33, 299.5], [34, 295.0], [35, 291.0], [36, 280.75], [37, 279.75], [38, 278.0], [39, 277.75], [40, 280.5], [41, 282.25], [42, 283.5], [43, 285.25], [44, 288.5], [45, 297.0], [46, 299.75], [47, 298.5], [48, 299.5], [49, 298.75], [50, 296.5], [51, 301.75], [52, 303.25], [54, 327.0], [55, 329.25], [56, 328.75], [57, 316.5], [60, 1048.5], [61, 1042.75], [62, 1031.0], [63, 1024.75], [64, 1015.75], [65, 1001.25], [66, 995.5], [67, 985.0], [68, 979.25], [69, 967.25], [70, 961.0], [71, 955.75], [72, 947.25], [73, 943.75], [74, 939.0], [76, 857.5], [77, 856.0], [78, 865.25], [79, 877.0], [84, 2910.75], [86, 3563.25], [87, 2893.0], [91, 4629.5], [92, 4665.5], [93, 4696.5], [98, 3612.75], [102, 3661.0], [103, 3677.0], [105, 4003.25], [106, 3962.0], [107, 3884.25], [108, 3874.75], [109, 8504.0], [111, 3139.5], [113, 6801.0], [114, 6784.5], [116, 5544.0], [117, 5527.5], [118, 5521.75], [119, 5551.25], [121, 7361.5], [122, 5486.5], [123, 7544.5], [125, 8208.75], [126, 4237.75], [127, 4231.5], [128, 4251.25], [129, 4297.25], [130, 4304.5], [132, 3832.0], [133, 3834.0], [134, 5060.0], [136, 6998.0], [139, 4034.0], [140, 4070.5], [142, 5267.0], [143, 5294.75], [145, 6709.5], [146, 6730.5], [147, 6706.0], [148, 6608.5], [149, 6558.25], [150, 6460.75], [151, 6424.0], [152, 6432.0], [153, 6539.25], [154, 6739.5], [156, 5684.0], [157, 3460.25], [158, 3468.75], [159, 3473.5], [160, 3472.75], [161, 3472.5], [163, 60.0], [170, 109.0], [171, 109.0], [173, 117.0], [174, 122.0], [175, 124.75], [176, 127.0], [177, 126.5], [178, 125.0], [179, 125.5], [180, 125.5], [-175, 70.5], [-171, 77.75], [-170, 73.0], [-159, 1431.5], [-158, 1392.0], [-157, 1317.75], [-156, 1281.75], [-155, 1250.25], [-154, 1192.5], [-153, 1165.75], [-152, 1114.25], [-151, 1091.0], [-150, 1048.5], [-149, 1025.75], [-148, 1003.75], [-147, 968.25], [-146, 952.5], [-145, 937.5], [-144, 906.0], [-143, 893.25], [-142, 865.5], [-141, 852.25], [-140, 840.5], [-139, 818.75], [-138, 806.5], [-137, 786.5], [-136, 775.75], [-135, 765.75], [-134, 749.5], [-133, 733.0], [-132, 725.25], [-131, 716.25], [-130, 699.5], [-129, 692.5], [-128, 680.75], [-127, 673.75], [-126, 668.0], [-125, 654.75], [-124, 650.0], [-123, 639.5], [-122, 634.5], [-121, 628.0], [-120, 619.75], [-119, 615.5], [-118, 604.5], [-117, 601.5], [-116, 593.0], [-115, 590.25], [-114, 586.75], [-113, 580.25], [-112, 576.75], [-111, 570.0], [-110, 568.0], [-109, 566.0], [-108, 560.5], [-107, 558.5], [-106, 555.75], [-105, 553.0], [-104, 551.0], [-103, 549.0], [-102, 547.25], [-101, 544.5], [-100, 544.25], [-99, 542.5], [-98, 541.0], [-97, 541.25], [-96, 538.75], [-95, 537.75], [-94, 536.75], [-93, 536.0], [-92, 535.75], [-91, 535.5], [-90, 534.75], [-89, 534.5], [-88, 535.5], [-87, 535.5], [-86, 536.25], [-85, 538.0], [-84, 538.75], [-83, 541.0], [-82, 541.5], [-81, 542.75], [-80, 545.75], [-79, 546.0], [-78, 549.75], [-77, 552.0], [-76, 553.75], [-75, 558.0], [-74, 558.75], [-73, 564.0], [-72, 567.25], [-71, 569.5], [-70, 575.0], [-69, 578.25], [-68, 584.75], [-67, 587.5], [-66, 591.25], [-65, 598.0], [-64, 602.5], [-63, 609.75], [-62, 614.5], [-61, 624.25], [-60, 629.25], [-59, 633.25], [-58, 645.25], [-57, 650.75], [-56, 661.0], [-55, 668.25], [-54, 676.25], [-53, 688.0], [-52, 694.25], [-51, 704.25], [-50, 699.75], [-49, 694.5], [-48, 741.0], [-47, 750.25], [-46, 772.5], [-45, 782.5], [-44, 793.0], [-43, 812.75], [-42, 825.25], [-41, 847.0], [-40, 860.75], [-39, 885.5], [-38, 897.5], [-37, 911.5], [-36, 944.5], [-35, 959.25], [-34, 1001.0], [-33, 1022.5], [-32, 1039.5], [-30, 887.75], [-29, 1152.75], [-28, 1183.25], [-27, 1211.75], [-26, 1274.0], [-25, 1309.5], [-24, 1397.0], [-23, 1435.75], [-22, 1459.0], [-20, 1247.5], [-18, 271.25], [-17, 271.0], [-16, 270.25], [-15, 270.0], [-14, 271.25], [-10, 182.0], [-9, 179.25], [-8, 177.0], [-7, 176.0], [-6, 173.5], [-5, 173.5], [-4, 173.0]]}