{"heading": -7.0, "target": 30.29672044044393, "gap_dist": 443.18634344996605, "gap_info": [{"width": 192.6520350492548, "center_angle": -149.67470511069476, "edge_a": [-180, 124.0], "edge_b": [-139, 338.0], "depth": 338.0, "passable": false, "chosen": false}, {"width": 63.21630933096851, "center_angle": -70.64985932386493, "edge_a": [-80, 182.0], "edge_b": [-60, 160.0], "depth": 182.0, "passable": false, "chosen": false}, {"width": 443.18634344996605, "center_angle": 30.29672044044393, "edge_a": [-7, 372.0], "edge_b": [66, 386.25], "depth": 386.25, "passable": true, "chosen": true}, {"width": 274.4045991309921, "center_angle": 127.43224480201704, "edge_a": [115, 326.0], "edge_b": [170, 103.75], "depth": 326.0, "passable": true, "chosen": false}], "scan": [[-3, 4260.5], [-2, 4262.0], [-1, 4271.0], [0, 4277.5], [1, 4295.5], [2, 4296.5], [3, 4312.5], [4, 4295.0], [5, 4280.5], [6, 4296.5], [7, 3755.5], [8, 3708.0], [9, 3723.5], [10, 3758.5], [17, 2545.5], [18, 2471.0], [19, 2347.0], [20, 2291.0], [21, 2238.0], [22, 2132.0], [23, 2083.0], [24, 1990.0], [25, 1946.0], [26, 1906.0], [27, 1830.5], [28, 1761.0], [29, 1729.0], [30, 1666.0], [31, 1636.5], [32, 1609.0], [33, 1555.0], [34, 1530.5], [35, 1487.0], [36, 1466.0], [37, 1445.0], [38, 1407.0], [39, 1389.5], [40, 1358.5], [41, 1343.0], [42, 1314.5], [43, 1300.5], [44, 1288.5], [45, 1263.0], [46, 1249.0], [47, 1229.5], [48, 1216.25], [49, 1203.75], [50, 1195.5], [51, 1177.0], [52, 1168.0], [53, 1150.0], [54, 1142.0], [55, 1126.75], [56, 1119.25], [57, 1110.25], [58, 1100.0], [59, 1094.0], [60, 1078.5], [61, 1072.0], [62, 1061.5], [63, 1055.75], [64, 1050.75], [65, 1047.0], [66, 386.25], [67, 383.0], [68, 379.5], [69, 374.75], [70, 372.0], [71, 368.5], [72, 366.0], [73, 362.5], [74, 355.0], [75, 354.0], [76, 348.5], [77, 345.5], [78, 345.25], [79, 340.0], [80, 339.5], [81, 336.0], [82, 333.5], [83, 331.0], [84, 329.0], [85, 327.5], [86, 323.25], [87, 323.25], [88, 321.25], [89, 318.75], [90, 318.5], [91, 317.75], [92, 316.75], [93, 314.0], [94, 313.5], [95, 313.75], [96, 313.0], [97, 311.25], [98, 311.75], [99, 310.5], [100, 309.0], [101, 310.5], [102, 311.0], [103, 306.5], [104, 306.0], [105, 306.5], [106, 309.75], [107, 311.0], [108, 311.5], [109, 312.0], [110, 312.5], [111, 314.25], [112, 315.0], [113, 316.75], [114, 319.75], [115, 326.0], [116, 1145.0], [117, 1155.0], [118, 1174.5], [119, 1184.25], [120, 1201.0], [121, 1212.5], [122, 1233.5], [123, 1246.5], [124, 1258.5], [125, 1282.5], [126, 1295.5], [127, 1322.5], [128, 1340.0], [129, 1372.0], [130, 1389.0], [131, 1404.5], [132, 1440.0], [133, 1460.0], [134, 1501.0], [135, 1523.0], [136, 1567.5], [137, 1595.0], [138, 1622.5], [139, 1677.5], [140, 1707.0], [141, 1737.5], [142, 1803.0], [143, 1837.5], [144, 1912.0], [145, 1954.0], [146, 1998.5], [147, 2093.5], [148, 2145.5], [149, 2253.0], [150, 2308.5], [151, 2370.0], [152, 2507.5], [153, 2583.0], [154, 2747.5], [160, 1315.0], [165, 69.75], [167, 59.5], [170, 103.75], [171, 107.75], [172, 109.5], [173, 118.75], [174, 121.25], [175, 126.25], [176, 127.25], [177, 126.25], [178, 125.25], [179, 125.25], [-180, 124.0], [-175, 67.5], [-174, 65.75], [-173, 59.5], [-169, 69.5], [-166, 2286.25], [-165, 2311.0], [-164, 2326.5], [-163, 2340.5], [-162, 2368.5], [-161, 2383.25], [-159, 3990.0], [-158, 4016.5], [-157, 4068.5], [-156, 4095.5], [-155, 4152.5], [-154, 4182.0], [-153, 4246.0], [-152, 4278.5], [-151, 4312.5], [-150, 4333.5], [-149, 4307.5], [-148, 4501.0], [-147, 4545.0], [-146, 4590.0], [-145, 4682.5], [-144, 4733.5], [-143, 4836.5], [-142, 4890.5], [-139, 338.0], [-138, 331.0], [-137, 319.0], [-136, 312.0], [-135, 305.5], [-134, 296.5], [-133, 287.5], [-132, 283.5], [-131, 278.0], [-130, 268.5], [-129, 266.0], [-128, 260.75], [-127, 257.0], [-126, 253.0], [-125, 246.0], [-124, 243.0], [-123, 233.0], [-122, 231.5], [-121, 227.0], [-120, 226.5], [-119, 226.0], [-118, 219.5], [-117, 217.5], [-116, 211.5], [-115, 212.0], [-114, 210.25], [-113, 204.75], [-112, 202.5], [-111, 200.75], [-110, 199.0], [-109, 196.0], [-108, 194.75], [-107, 193.5], [-106, 191.25], [-105, 189.0], [-104, 187.25], [-103, 186.75], [-102, 185.75], [-101, 185.0], [-100, 183.5], [-99, 182.25], [-98, 181.0], [-97, 180.0], [-96, 179.0], [-95, 178.25], [-94, 175.25], [-93, 175.5], [-92, 174.25], [-91, 174.25], [-90, 174.5], [-89, 173.5], [-88, 174.0], [-87, 172.75], [-86, 172.25], [-85, 172.5], [-84, 173.25], [-83, 172.75], [-82, 174.25], [-80, 182.0], [-77, 2889.5], [-76, 2888.5], [-74, 6116.0], [-73, 6153.25], [-71, 9348.5], [-70, 9129.0], [-60, 160.0], [-59, 157.5], [-58, 153.5], [-57, 153.5], [-56, 156.0], [-55, 157.25], [-54, 157.0], [-53, 158.0], [-52, 160.0], [-51, 160.5], [-50, 163.5], [-49, 166.0], [-48, 164.0], [-47, 165.0], [-46, 167.5], [-45, 168.5], [-44, 170.5], [-43, 171.5], [-42, 174.5], [-41, 175.0], [-40, 178.0], [-39, 178.5], [-38, 182.0], [-37, 184.5], [-36, 184.5], [-35, 190.5], [-34, 194.0], [-33, 195.5], [-32, 198.5], [-31, 201.0], [-30, 204.5], [-29, 207.0], [-28, 212.5], [-27, 217.0], [-26, 223.0], [-25, 225.5], [-24, 229.0], [-23, 237.5], [-22, 241.5], [-21, 249.0], [-20, 254.5], [-19, 258.5], [-18, 268.0], [-17, 272.5], [-16, 284.5], [-15, 290.0], [-14, 294.5], [-13, 307.5], [-12, 315.0], [-10, 338.5], [-9, 355.5], [-8, 364.0], [-7, 372.0], [-6, 4241.0], [-5, 4239.0]]}