{"heading": -50.4, "target": -3.6783532240936987, "gap_dist": 582.2700176713313, "gap_info": [{"width": 290.84577430052286, "center_angle": -130.74797038306411, "edge_a": [-180, 124.0], "edge_b": [-114, 326.0], "depth": 326.0, "passable": true, "chosen": false}, {"width": 162.96380385968408, "center_angle": -76.10982341408287, "edge_a": [-83, 337.5], "edge_b": [-64, 193.0], "depth": 337.5, "passable": false, "chosen": false}, {"width": 226.66867105086624, "center_angle": -14.016995102618285, "edge_a": [-16, 238.0], "edge_b": [-13, 464.0], "depth": 464.0, "passable": false, "chosen": false}, {"width": 582.2700176713313, "center_angle": -3.6783532240936987, "edge_a": [-5, 476.5], "edge_b": [171, 118.5], "depth": 476.5, "passable": true, "chosen": true}], "scan": [[-2, 507.5], [-1, 509.5], [0, 512.0], [1, 514.0], [2, 515.5], [3, 517.0], [4, 525.0], [5, 526.5], [6, 530.0], [7, 535.0], [8, 536.0], [9, 541.5], [10, 544.5], [11, 547.5], [12, 549.5], [13, 556.0], [14, 560.5], [15, 566.5], [16, 571.5], [17, 580.5], [18, 583.5], [19, 588.0], [20, 599.0], [21, 603.0], [22, 616.5], [23, 621.5], [24, 627.0], [25, 640.0], [26, 648.0], [27, 655.5], [28, 670.5], [29, 678.0], [30, 696.0], [31, 714.0], [32, 725.0], [33, 733.5], [34, 752.0], [35, 763.0], [36, 787.0], [37, 797.5], [38, 809.5], [39, 835.5], [40, 846.5], [41, 880.5], [42, 895.5], [43, 927.5], [44, 943.0], [45, 959.0], [46, 997.5], [47, 1019.5], [48, 1043.0], [49, 1063.5], [50, 1114.5], [51, 1141.0], [52, 1196.5], [53, 1230.0], [54, 1303.0], [55, 1343.0], [56, 1431.0], [73, 6021.0], [75, 6105.0], [76, 6105.0], [78, 3105.5], [80, 2687.0], [81, 2677.0], [82, 2690.5], [83, 2704.0], [84, 2736.0], [86, 3809.0], [87, 3825.0], [88, 5012.0], [89, 5024.0], [90, 5039.0], [91, 5066.0], [92, 5084.0], [93, 5115.0], [94, 6633.5], [95, 6661.5], [96, 6688.0], [97, 6717.0], [98, 6781.5], [99, 6815.0], [100, 6889.0], [101, 6926.5], [102, 6935.5], [103, 6994.5], [104, 7094.5], [105, 7188.5], [106, 7236.5], [107, 7282.0], [108, 5723.5], [109, 7504.5], [110, 7560.0], [112, 7380.0], [113, 3738.5], [114, 3749.5], [116, 1939.0], [117, 1902.0], [118, 1881.0], [119, 1840.5], [120, 1823.0], [121, 1823.0], [122, 1875.0], [123, 1908.0], [124, 1975.5], [125, 2013.5], [126, 2237.5], [127, 2237.0], [128, 2236.0], [129, 2255.5], [130, 2269.5], [131, 2062.0], [132, 2023.0], [133, 1973.5], [134, 1981.5], [136, 7073.5], [138, 3676.5], [140, 3736.5], [146, 4960.0], [148, 5198.5], [151, 5361.0], [158, 3237.0], [160, 3140.0], [165, 71.5], [168, 61.75], [171, 118.5], [173, 120.25], [175, 126.25], [176, 129.0], [177, 127.0], [178, 127.25], [179, 127.25], [180, 126.5], [-180, 124.0], [-173, 60.5], [-171, 79.5], [-168, 80.0], [-166, 3050.0], [-165, 3233.5], [-164, 3172.0], [-163, 3039.0], [-162, 2975.5], [-161, 2914.0], [-160, 2803.5], [-159, 2752.5], [-158, 2654.5], [-157, 2607.0], [-156, 2563.0], [-155, 2479.0], [-154, 2440.5], [-153, 2370.0], [-152, 2334.0], [-151, 2300.0], [-150, 2239.0], [-148, 2127.0], [-147, 2168.0], [-146, 2158.5], [-145, 2097.0], [-144, 2074.0], [-143, 2036.0], [-142, 2014.0], [-141, 1990.5], [-140, 1952.0], [-139, 1939.5], [-138, 1902.5], [-137, 1882.5], [-136, 1859.5], [-135, 1840.0], [-134, 1821.0], [-133, 1798.0], [-132, 1784.0], [-131, 1765.5], [-130, 1747.75], [-129, 1721.5], [-128, 1715.0], [-127, 1707.5], [-126, 1692.0], [-125, 1672.0], [-124, 1664.0], [-123, 1657.5], [-122, 1637.5], [-121, 1628.5], [-120, 1619.0], [-119, 1610.0], [-118, 1608.5], [-117, 1592.5], [-114, 326.0], [-113, 321.5], [-112, 320.0], [-111, 323.5], [-110, 327.5], [-109, 326.0], [-108, 323.0], [-107, 315.5], [-106, 311.5], [-105, 306.5], [-104, 303.5], [-103, 293.5], [-102, 291.0], [-101, 289.0], [-100, 285.5], [-99, 293.0], [-98, 295.0], [-97, 307.0], [-95, 311.0], [-93, 304.0], [-92, 309.5], [-91, 312.0], [-90, 316.75], [-89, 316.0], [-88, 323.25], [-87, 331.75], [-86, 331.75], [-85, 333.5], [-84, 336.75], [-83, 337.5], [-81, 954.0], [-80, 964.0], [-79, 969.5], [-78, 975.5], [-77, 986.5], [-76, 992.5], [-75, 1007.5], [-74, 1012.5], [-73, 1007.5], [-71, 930.5], [-70, 911.0], [-69, 893.5], [-68, 859.0], [-67, 844.5], [-66, 813.0], [-64, 193.0], [-63, 191.0], [-62, 189.5], [-61, 187.0], [-60, 186.0], [-59, 181.0], [-58, 181.0], [-57, 181.0], [-56, 178.5], [-55, 178.0], [-54, 176.0], [-53, 174.5], [-52, 175.5], [-51, 175.5], [-50, 176.0], [-49, 176.5], [-48, 177.5], [-47, 177.5], [-46, 176.5], [-45, 176.0], [-44, 176.5], [-43, 178.0], [-42, 178.0], [-41, 178.0], [-40, 177.5], [-39, 178.0], [-38, 179.5], [-37, 179.0], [-36, 178.5], [-35, 178.5], [-34, 178.0], [-33, 179.5], [-32, 180.0], [-31, 183.0], [-30, 183.5], [-29, 186.0], [-28, 187.5], [-27, 190.5], [-26, 195.5], [-25, 197.0], [-24, 201.5], [-23, 203.0], [-22, 207.5], [-21, 207.0], [-20, 203.0], [-18, 219.0], [-17, 217.5], [-16, 238.0], [-13, 464.0], [-12, 465.0], [-11, 471.5], [-10, 473.5], [-9, 473.5], [-8, 474.0], [-7, 475.0], [-6, 475.5], [-5, 476.5]]}