{"heading": 17.9, "target": 48.32270155426633, "gap_dist": 444.4291613294419, "gap_info": [{"width": 77.47286000391514, "center_angle": -94.22862030784846, "edge_a": [-95, 326.5], "edge_b": [-93, 205.0], "depth": 326.5, "passable": false, "chosen": false}, {"width": 444.4291613294419, "center_angle": 48.32270155426633, "edge_a": [-15, 251.5], "edge_b": [99, 290.5], "depth": 290.5, "passable": true, "chosen": true}, {"width": 213.86048268185257, "center_angle": 158.04845066581566, "edge_a": [154, 350.0], "edge_b": [171, 110.25], "depth": 350.0, "passable": false, "chosen": false}], "scan": [[-1, 4206.0], [0, 4177.5], [1, 4168.0], [2, 4162.0], [3, 4149.25], [4, 4135.0], [5, 4129.5], [6, 4112.25], [7, 4104.0], [8, 4103.5], [9, 4116.0], [10, 4114.0], [11, 4121.5], [12, 4129.5], [13, 4135.0], [14, 4141.5], [15, 4159.5], [16, 4154.5], [17, 4172.0], [18, 4150.5], [19, 4134.5], [21, 3553.5], [22, 3575.5], [23, 3595.25], [30, 2390.5], [32, 2248.5], [33, 2123.0], [34, 2066.0], [35, 1954.0], [36, 1906.0], [37, 1859.5], [38, 1771.5], [39, 1733.0], [40, 1663.5], [41, 1631.0], [42, 1571.5], [43, 1545.0], [44, 1518.5], [45, 1468.0], [46, 1444.5], [47, 1421.5], [48, 1401.5], [49, 1364.0], [50, 1343.0], [51, 1309.5], [52, 1294.0], [53, 1265.0], [54, 1250.5], [55, 1234.0], [56, 1207.0], [57, 1195.5], [58, 1172.5], [59, 1162.0], [60, 1151.0], [61, 1128.5], [62, 1118.5], [63, 1098.5], [64, 1088.5], [65, 1079.5], [66, 1063.0], [67, 1056.0], [68, 1040.0], [69, 1031.5], [70, 1019.5], [71, 1012.5], [72, 1004.5], [73, 991.0], [74, 985.5], [75, 973.5], [76, 969.0], [77, 964.0], [78, 952.5], [79, 949.5], [80, 941.5], [81, 937.5], [82, 935.0], [83, 929.5], [84, 922.0], [85, 922.0], [86, 918.5], [87, 915.0], [88, 914.0], [89, 914.0], [90, 909.5], [91, 909.0], [92, 904.0], [93, 903.0], [94, 900.0], [95, 899.0], [96, 899.5], [97, 900.0], [98, 900.0], [99, 290.5], [100, 288.0], [101, 287.0], [102, 287.0], [103, 284.5], [104, 284.0], [105, 282.5], [106, 281.25], [107, 279.25], [108, 278.0], [109, 278.25], [110, 276.75], [111, 276.75], [112, 274.75], [113, 273.75], [114, 274.0], [115, 274.25], [116, 274.0], [117, 274.75], [118, 274.0], [119, 274.5], [120, 276.0], [121, 277.5], [122, 277.0], [123, 277.5], [124, 278.5], [125, 279.0], [126, 280.0], [127, 282.5], [128, 283.0], [129, 284.0], [130, 285.5], [131, 286.5], [132, 288.5], [133, 290.0], [134, 292.0], [135, 293.0], [136, 295.5], [137, 298.0], [138, 298.5], [139, 300.5], [140, 302.25], [141, 303.75], [142, 306.5], [143, 309.5], [144, 313.0], [145, 317.5], [146, 320.0], [147, 321.5], [148, 327.5], [149, 329.5], [150, 336.0], [151, 338.0], [152, 340.0], [153, 348.0], [154, 350.0], [156, 1666.0], [157, 1742.0], [158, 1782.0], [159, 1819.0], [160, 1901.0], [161, 1949.0], [165, 69.75], [171, 110.25], [173, 117.5], [174, 123.75], [175, 124.75], [176, 125.75], [177, 125.5], [178, 125.25], [179, 124.75], [180, 125.25], [-169, 69.5], [-168, 69.5], [-167, 71.0], [-166, 3735.5], [-165, 3747.0], [-164, 3757.5], [-163, 3768.0], [-161, 752.5], [-160, 756.5], [-159, 749.5], [-158, 747.0], [-157, 745.0], [-156, 751.5], [-154, 805.5], [-153, 2457.0], [-152, 2468.5], [-151, 2478.0], [-150, 2498.5], [-148, 891.0], [-146, 4154.0], [-144, 1497.0], [-143, 4265.5], [-142, 4295.5], [-141, 4326.0], [-140, 4388.0], [-138, 921.0], [-137, 915.0], [-136, 895.0], [-135, 888.5], [-134, 890.0], [-133, 892.0], [-132, 4851.0], [-131, 502.5], [-130, 488.5], [-129, 462.0], [-128, 451.5], [-127, 430.0], [-126, 422.0], [-125, 414.5], [-124, 402.0], [-123, 393.0], [-122, 377.5], [-121, 371.0], [-120, 368.0], [-119, 355.5], [-118, 349.5], [-117, 339.0], [-116, 332.0], [-115, 326.5], [-114, 317.5], [-113, 313.0], [-112, 305.0], [-111, 302.5], [-110, 296.0], [-109, 293.0], [-108, 290.0], [-107, 284.5], [-106, 280.5], [-105, 276.0], [-104, 274.0], [-103, 271.5], [-102, 273.0], [-101, 278.0], [-100, 281.5], [-99, 292.5], [-98, 298.0], [-97, 305.5], [-96, 318.5], [-95, 326.5], [-93, 205.0], [-92, 199.5], [-91, 199.5], [-90, 197.0], [-89, 196.0], [-88, 194.5], [-87, 191.5], [-86, 190.5], [-85, 187.5], [-84, 187.0], [-83, 185.5], [-82, 184.5], [-81, 183.0], [-80, 182.5], [-79, 182.5], [-78, 181.5], [-77, 179.5], [-76, 178.0], [-75, 176.5], [-74, 177.0], [-73, 176.5], [-72, 174.5], [-71, 173.5], [-70, 174.0], [-69, 173.5], [-68, 173.0], [-67, 171.5], [-66, 171.0], [-65, 168.0], [-64, 166.0], [-63, 166.0], [-62, 166.5], [-61, 166.5], [-60, 167.5], [-59, 170.0], [-58, 170.5], [-57, 170.5], [-56, 171.5], [-55, 173.0], [-54, 174.5], [-53, 175.5], [-52, 175.0], [-51, 174.0], [-50, 174.0], [-49, 176.0], [-48, 177.5], [-47, 180.0], [-46, 179.5], [-45, 181.0], [-44, 181.0], [-43, 181.5], [-42, 183.25], [-41, 185.75], [-40, 186.5], [-39, 187.0], [-38, 188.0], [-37, 189.0], [-36, 191.0], [-35, 193.5], [-34, 195.0], [-33, 196.5], [-32, 198.5], [-31, 199.0], [-30, 200.0], [-29, 203.0], [-28, 204.5], [-27, 209.0], [-26, 210.0], [-25, 212.0], [-24, 217.5], [-23, 219.5], [-22, 224.5], [-21, 225.5], [-20, 228.5], [-19, 236.5], [-18, 239.0], [-17, 246.5], [-16, 249.5], [-15, 251.5], [-13, 4373.5], [-12, 4360.0], [-11, 4340.0], [-10, 4302.0], [-9, 4286.0], [-8, 4204.5], [-7, 4227.0], [-6, 4256.0], [-5, 4245.5]]}