{"heading": 62.4, "target": 86.69855383582396, "gap_dist": 457.7109129501145, "gap_info": [{"width": 267.4087223147538, "center_angle": -25.96859288943448, "edge_a": [-41, 465.5], "edge_b": [-1, 286.0], "depth": 465.5, "passable": true, "chosen": false}, {"width": 40.09407533297418, "center_angle": 1.3836470457274228, "edge_a": [0, 264.0], "edge_b": [3, 226.0], "depth": 264.0, "passable": false, "chosen": false}, {"width": 457.7109129501145, "center_angle": 86.69855383582396, "edge_a": [51, 395.0], "edge_b": [121, 409.0], "depth": 409.0, "passable": true, "chosen": true}, {"width": 187.91462758560644, "center_angle": 163.28287190700047, "edge_a": [160, 307.0], "edge_b": [172, 116.0], "depth": 307.0, "passable": false, "chosen": false}], "scan": [[-1, 286.0], [0, 264.0], [3, 226.0], [4, 211.0], [6, 199.0], [7, 186.5], [8, 181.5], [9, 182.0], [10, 178.0], [11, 178.5], [12, 178.5], [13, 179.0], [14, 180.5], [15, 181.5], [16, 183.5], [17, 187.5], [18, 187.5], [19, 192.5], [20, 193.5], [21, 197.0], [22, 199.0], [23, 202.0], [24, 206.0], [25, 208.0], [26, 210.25], [27, 214.0], [28, 220.0], [29, 222.0], [30, 227.75], [31, 236.5], [32, 240.0], [33, 243.5], [34, 252.5], [35, 255.0], [36, 259.0], [37, 266.5], [38, 272.0], [39, 280.0], [40, 286.0], [41, 294.0], [42, 299.0], [43, 314.0], [44, 320.5], [45, 327.0], [46, 340.0], [47, 357.5], [48, 365.5], [49, 375.0], [50, 384.5], [51, 395.0], [53, 4271.5], [54, 4283.0], [55, 4284.0], [56, 4292.5], [57, 4293.0], [58, 4306.5], [59, 4306.5], [60, 4308.0], [61, 4328.5], [62, 4335.5], [63, 4371.0], [64, 4318.0], [66, 3749.5], [67, 3758.5], [68, 3772.5], [76, 2552.5], [77, 2481.0], [78, 2351.0], [79, 2288.0], [80, 2176.0], [81, 2124.5], [82, 2027.0], [83, 1983.0], [84, 1901.5], [85, 1864.0], [86, 1795.0], [87, 1761.5], [88, 1700.5], [89, 1672.0], [90, 1644.5], [91, 1592.5], [92, 1568.0], [93, 1525.5], [94, 1504.0], [95, 1464.5], [96, 1444.5], [97, 1410.5], [98, 1395.0], [99, 1380.0], [100, 1348.0], [101, 1333.5], [102, 1305.0], [103, 1293.0], [104, 1282.0], [105, 1255.0], [106, 1244.0], [107, 1225.0], [108, 1214.0], [109, 1194.5], [110, 1185.5], [111, 1168.0], [112, 1158.5], [113, 1152.0], [114, 1135.5], [115, 1128.0], [116, 1113.0], [117, 1106.5], [118, 1095.5], [119, 1087.5], [120, 1081.0], [121, 409.0], [122, 403.5], [123, 399.0], [124, 391.0], [125, 388.0], [126, 381.5], [127, 378.0], [128, 376.5], [129, 369.0], [130, 366.0], [131, 362.0], [132, 361.5], [133, 353.0], [134, 351.0], [135, 347.0], [136, 344.5], [137, 342.5], [138, 340.5], [139, 337.5], [140, 334.0], [141, 332.0], [142, 330.5], [143, 328.0], [144, 326.5], [145, 324.0], [146, 322.5], [147, 320.0], [148, 318.5], [149, 317.5], [150, 317.0], [151, 317.5], [152, 314.5], [153, 314.5], [154, 311.5], [155, 311.5], [156, 312.0], [157, 311.5], [158, 309.0], [159, 308.0], [160, 307.0], [165, 69.5], [172, 116.0], [173, 119.0], [174, 121.75], [175, 126.25], [176, 125.25], [177, 124.0], [178, 123.75], [179, 125.0], [180, 124.0], [-175, 69.0], [-171, 76.75], [-169, 68.5], [-167, 70.75], [-166, 1509.5], [-165, 1531.5], [-164, 1579.0], [-163, 1608.5], [-162, 1666.0], [-161, 1692.5], [-160, 1721.5], [-159, 1785.0], [-158, 1817.5], [-157, 1889.0], [-156, 1926.5], [-155, 2007.5], [-154, 2055.0], [-153, 2152.0], [-152, 2203.0], [-151, 2256.0], [-150, 2372.5], [-149, 2434.5], [-148, 2572.0], [-147, 2648.5], [-146, 2811.5], [-145, 2901.0], [-144, 3092.0], [-141, 3488.5], [-140, 3276.0], [-139, 3326.0], [-138, 3409.5], [-137, 3414.0], [-136, 3401.5], [-135, 3386.0], [-134, 3380.5], [-133, 3365.0], [-132, 3351.5], [-131, 3348.0], [-130, 3337.0], [-129, 3553.25], [-128, 3557.0], [-127, 3547.75], [-126, 3546.5], [-125, 3547.5], [-124, 3551.5], [-123, 3554.0], [-122, 3557.0], [-121, 3561.5], [-120, 3566.0], [-119, 3574.5], [-118, 3579.0], [-116, 2761.0], [-114, 2196.5], [-113, 2201.0], [-112, 2206.0], [-111, 2219.0], [-110, 2225.5], [-109, 2234.0], [-108, 2250.0], [-107, 2259.5], [-106, 2276.0], [-105, 2285.5], [-104, 2306.5], [-103, 2318.0], [-102, 2340.5], [-101, 2352.5], [-100, 2381.5], [-99, 3959.0], [-98, 3983.5], [-97, 4035.0], [-96, 4060.0], [-95, 4119.0], [-94, 4148.0], [-93, 4175.5], [-92, 4241.0], [-91, 4272.0], [-90, 4302.5], [-89, 4277.5], [-88, 4455.5], [-87, 4501.0], [-86, 4592.5], [-85, 4638.0], [-84, 4736.0], [-83, 4785.5], [-82, 4837.0], [-81, 4943.5], [-80, 5007.5], [-78, 4228.0], [-77, 3309.5], [-76, 555.0], [-75, 545.0], [-74, 534.5], [-73, 517.0], [-72, 507.5], [-71, 491.5], [-70, 484.0], [-69, 470.5], [-68, 466.0], [-67, 448.75], [-66, 441.5], [-65, 440.0], [-64, 431.0], [-63, 424.0], [-62, 415.5], [-61, 411.5], [-60, 406.0], [-59, 402.0], [-58, 393.0], [-57, 390.5], [-56, 386.5], [-55, 380.5], [-54, 376.5], [-53, 370.5], [-52, 368.5], [-51, 363.5], [-50, 361.0], [-49, 359.5], [-48, 363.5], [-47, 369.5], [-46, 377.5], [-44, 405.0], [-42, 439.0], [-41, 465.5], [-37, 558.0], [-25, 5754.0], [-22, 4277.0], [-17, 7769.0], [-15, 2874.5], [-13, 6118.0], [-12, 6154.0], [-10, 9104.0], [-6, 4755.0], [-5, 4799.5]]}