{"heading": -45.9, "target": 41.675711020963774, "gap_dist": 379.3126715341388, "gap_info": [{"width": 231.65603929495975, "center_angle": -170.27319012510006, "edge_a": [-180, 122.0], "edge_b": [-167, 361.0], "depth": 361.0, "passable": false, "chosen": false}, {"width": 379.3126715341388, "center_angle": 41.675711020963774, "edge_a": [-5, 257.0], "edge_b": [71, 381.75], "depth": 381.75, "passable": true, "chosen": true}, {"width": 22.488275934580297, "center_angle": 94.53216229032208, "edge_a": [93, 325.25], "edge_b": [96, 339.5], "depth": 339.5, "passable": false, "chosen": false}, {"width": 328.5491314621634, "center_angle": 117.05165452020086, "edge_a": [106, 455.5], "edge_b": [171, 108.0], "depth": 455.5, "passable": true, "chosen": false}], "scan": [[-3, 1795.0], [-2, 1843.5], [-1, 1869.5], [0, 1895.5], [1, 1954.25], [2, 1985.0], [4, 4493.5], [5, 4658.5], [6, 4744.5], [7, 4833.0], [8, 5028.5], [9, 5137.5], [10, 5263.75], [13, 5723.5], [14, 6014.5], [15, 6165.5], [17, 3385.5], [20, 776.5], [21, 767.5], [22, 753.0], [24, 605.25], [25, 595.75], [26, 595.25], [27, 594.5], [28, 593.25], [29, 594.75], [30, 600.75], [31, 601.25], [32, 599.5], [33, 594.75], [34, 591.0], [35, 615.0], [36, 631.75], [37, 1350.0], [39, 1606.0], [41, 2237.5], [42, 2251.5], [46, 2139.25], [47, 2112.25], [48, 2088.0], [49, 2073.0], [50, 2069.25], [52, 1721.75], [54, 1450.25], [55, 1458.75], [56, 1494.0], [59, 1600.0], [60, 1589.25], [61, 1587.0], [62, 1564.5], [63, 1555.5], [64, 1534.5], [65, 1526.0], [66, 1507.5], [67, 1519.25], [68, 1553.75], [71, 381.75], [72, 374.25], [73, 366.0], [74, 354.25], [75, 348.25], [76, 337.0], [77, 330.75], [78, 324.25], [79, 315.5], [80, 310.0], [81, 301.0], [82, 296.25], [83, 288.5], [84, 283.5], [85, 281.0], [86, 277.5], [87, 280.75], [88, 282.0], [89, 285.75], [90, 289.25], [91, 293.0], [92, 301.5], [93, 325.25], [96, 339.5], [97, 341.75], [98, 347.5], [100, 393.0], [101, 405.75], [102, 405.75], [104, 437.0], [105, 442.5], [106, 455.5], [114, 716.75], [117, 1859.5], [118, 1829.0], [119, 1835.5], [120, 1854.75], [121, 1916.0], [123, 1711.75], [125, 1503.5], [126, 1481.0], [127, 1481.25], [128, 1462.25], [129, 1477.75], [130, 3258.75], [131, 3254.5], [132, 3244.0], [135, 3246.75], [151, 916.5], [152, 890.0], [153, 840.25], [155, 780.5], [156, 761.75], [157, 742.75], [158, 709.75], [160, 664.75], [161, 652.0], [165, 69.5], [167, 59.25], [171, 108.0], [173, 120.0], [174, 122.75], [175, 125.0], [176, 126.5], [177, 125.5], [178, 126.0], [179, 125.25], [180, 124.0], [-180, 122.0], [-171, 79.0], [-167, 361.0], [-166, 359.5], [-165, 357.75], [-164, 357.25], [-163, 353.75], [-162, 352.25], [-161, 351.75], [-160, 347.5], [-159, 345.5], [-158, 341.25], [-157, 339.0], [-156, 338.0], [-155, 336.75], [-154, 335.75], [-153, 336.5], [-152, 335.75], [-151, 334.75], [-150, 333.25], [-149, 333.5], [-148, 332.25], [-147, 330.75], [-146, 330.0], [-145, 330.0], [-144, 329.75], [-143, 327.75], [-142, 328.0], [-141, 328.25], [-140, 328.25], [-139, 328.75], [-138, 329.5], [-137, 329.25], [-136, 329.75], [-135, 329.75], [-134, 330.5], [-133, 331.25], [-132, 332.25], [-131, 334.0], [-130, 335.25], [-129, 336.75], [-128, 337.5], [-127, 339.0], [-126, 340.5], [-125, 343.0], [-124, 343.75], [-123, 345.5], [-122, 347.5], [-121, 349.0], [-120, 352.25], [-119, 353.0], [-118, 354.5], [-117, 359.0], [-116, 361.25], [-115, 364.25], [-114, 366.5], [-113, 372.0], [-112, 375.75], [-111, 377.25], [-110, 380.75], [-109, 377.0], [-108, 369.75], [-107, 361.0], [-106, 341.25], [-105, 334.75], [-104, 321.5], [-103, 314.25], [-102, 304.5], [-101, 300.0], [-100, 294.5], [-99, 283.75], [-98, 280.25], [-97, 273.5], [-96, 270.25], [-95, 265.5], [-94, 259.75], [-92, 250.25], [-91, 246.25], [-90, 242.5], [-89, 237.25], [-88, 237.75], [-87, 232.0], [-86, 229.0], [-85, 227.75], [-84, 224.5], [-83, 222.0], [-82, 217.25], [-81, 214.0], [-80, 212.75], [-79, 210.5], [-78, 209.5], [-77, 207.0], [-76, 205.25], [-75, 204.5], [-74, 202.25], [-73, 200.75], [-72, 198.75], [-71, 198.0], [-70, 196.75], [-69, 195.5], [-68, 194.75], [-67, 193.25], [-66, 191.5], [-65, 191.25], [-64, 189.75], [-63, 188.5], [-62, 188.0], [-61, 188.25], [-60, 187.5], [-59, 186.25], [-58, 185.5], [-57, 185.25], [-56, 186.0], [-55, 185.25], [-54, 184.5], [-53, 184.75], [-52, 185.0], [-51, 183.25], [-50, 182.75], [-49, 182.25], [-48, 182.25], [-47, 183.75], [-46, 182.5], [-45, 182.25], [-44, 184.75], [-43, 184.5], [-42, 185.75], [-41, 186.5], [-40, 186.0], [-39, 186.0], [-38, 186.0], [-37, 185.75], [-36, 186.75], [-35, 187.25], [-34, 191.5], [-33, 192.25], [-32, 195.75], [-31, 196.75], [-30, 197.75], [-29, 203.25], [-28, 203.0], [-27, 200.5], [-26, 203.75], [-25, 200.5], [-24, 202.5], [-23, 206.5], [-22, 207.75], [-21, 206.25], [-20, 209.75], [-18, 225.75], [-17, 228.5], [-16, 232.5], [-15, 239.25], [-14, 237.0], [-13, 235.25], [-12, 234.5], [-11, 233.0], [-10, 247.5], [-9, 251.25], [-8, 252.5], [-7, 252.0], [-6, 252.0], [-5, 257.0], [-4, 1770.75]]}