{"heading": 4.9, "target": 71.19265089335846, "gap_dist": 366.83613507941124, "gap_info": [{"width": 366.83613507941124, "center_angle": 71.19265089335846, "edge_a": [32, 237.5], "edge_b": [92, 422.5], "depth": 422.5, "passable": true, "chosen": true}, {"width": 412.86291692105044, "center_angle": 121.95597776985858, "edge_a": [113, 498.0], "edge_b": [170, 104.25], "depth": 498.0, "passable": true, "chosen": false}], "scan": [[-4, 183.0], [-3, 182.0], [-2, 184.5], [-1, 184.5], [0, 184.5], [1, 185.0], [2, 186.0], [3, 187.0], [4, 188.5], [5, 188.5], [6, 190.5], [7, 192.0], [8, 193.5], [9, 194.0], [10, 194.0], [11, 194.0], [12, 195.0], [13, 196.0], [14, 197.0], [15, 198.5], [16, 198.5], [17, 199.5], [18, 202.0], [19, 202.5], [20, 205.0], [21, 204.5], [22, 206.0], [23, 210.0], [24, 212.5], [25, 217.0], [26, 218.5], [27, 220.5], [28, 224.5], [29, 225.0], [30, 229.5], [31, 234.5], [32, 237.5], [35, 2508.5], [36, 2675.0], [38, 4198.5], [40, 10840.5], [48, 4276.5], [49, 4347.0], [53, 6313.5], [57, 5946.5], [58, 3028.5], [60, 3052.0], [61, 3042.0], [62, 5227.0], [63, 5158.5], [64, 5085.5], [65, 4950.5], [66, 4885.5], [68, 4699.5], [69, 4600.0], [71, 4270.0], [72, 4216.0], [73, 4174.0], [74, 4141.0], [75, 3970.5], [76, 3994.0], [77, 3951.5], [78, 3949.0], [79, 4083.5], [80, 4165.0], [81, 4253.0], [83, 3154.5], [84, 3165.5], [85, 3202.5], [86, 4248.0], [87, 4224.5], [92, 422.5], [93, 424.5], [94, 425.5], [95, 428.0], [96, 430.5], [97, 432.5], [98, 436.0], [99, 438.0], [100, 440.0], [101, 442.5], [102, 445.5], [103, 450.5], [104, 453.5], [105, 455.0], [106, 461.0], [107, 464.5], [108, 470.5], [109, 474.0], [110, 482.0], [111, 485.0], [112, 489.5], [113, 498.0], [114, 502.0], [115, 514.0], [116, 518.0], [117, 530.0], [118, 536.0], [119, 542.0], [120, 552.5], [121, 568.5], [122, 571.0], [124, 3996.5], [125, 3986.0], [126, 3958.0], [129, 3421.5], [130, 3404.0], [131, 3449.0], [132, 3437.5], [133, 3190.5], [134, 3012.0], [135, 2929.5], [136, 2852.5], [137, 2782.0], [138, 2648.0], [139, 2586.0], [140, 2473.5], [141, 2421.0], [142, 2327.5], [143, 2282.0], [144, 2239.0], [145, 2161.0], [146, 2123.0], [147, 2053.0], [148, 2019.5], [149, 1956.5], [150, 1927.5], [151, 1899.0], [152, 1846.5], [153, 1821.5], [154, 1774.5], [155, 1752.0], [156, 1709.5], [157, 1691.0], [158, 1671.5], [159, 1638.0], [160, 1621.0], [161, 1604.0], [165, 71.25], [170, 104.25], [171, 111.75], [173, 117.0], [174, 122.5], [175, 125.0], [176, 127.25], [177, 126.75], [178, 126.75], [179, 127.0], [180, 126.75], [-175, 70.5], [-170, 71.5], [-169, 71.25], [-166, 1254.5], [-165, 1254.5], [-164, 1257.5], [-163, 1260.0], [-162, 1262.5], [-161, 1263.5], [-160, 1265.0], [-159, 1265.5], [-158, 1266.0], [-157, 1270.0], [-156, 1271.5], [-155, 1277.0], [-154, 1278.0], [-153, 1280.0], [-152, 1285.0], [-151, 1287.0], [-150, 1292.0], [-149, 1294.5], [-148, 1299.0], [-147, 1304.5], [-146, 1308.0], [-145, 1318.0], [-144, 1325.5], [-143, 1335.0], [-142, 1340.5], [-141, 1345.0], [-140, 1357.0], [-139, 1363.5], [-138, 1377.5], [-137, 1387.0], [-136, 1395.0], [-135, 1410.5], [-134, 1419.5], [-133, 1441.0], [-132, 1451.5], [-131, 1469.5], [-130, 1480.0], [-129, 1504.5], [-128, 1518.0], [-127, 1531.5], [-126, 1558.5], [-125, 1573.0], [-124, 1605.0], [-123, 1623.5], [-122, 1658.0], [-121, 1677.5], [-120, 1695.5], [-119, 1737.0], [-118, 1761.0], [-117, 1810.0], [-116, 1834.0], [-115, 1888.0], [-114, 1917.5], [-113, 1944.0], [-112, 2003.0], [-111, 2033.5], [-110, 2096.0], [-109, 2129.5], [-108, 2194.5], [-107, 2233.0], [-106, 2275.5], [-105, 2368.5], [-104, 2418.5], [-103, 2520.5], [-102, 2577.0], [-101, 2699.0], [-100, 2762.0], [-99, 2830.5], [-98, 2978.0], [-97, 3057.5], [-96, 3240.0], [-94, 1169.5], [-93, 1164.5], [-92, 1157.0], [-91, 1156.5], [-90, 1157.0], [-89, 1171.5], [-88, 1198.0], [-87, 3879.0], [-86, 3864.0], [-84, 3835.5], [-82, 1140.5], [-81, 1137.0], [-80, 1135.5], [-79, 1154.5], [-78, 1154.0], [-77, 1162.5], [-76, 1186.5], [-75, 3981.0], [-74, 3983.5], [-73, 3984.5], [-72, 3986.0], [-71, 3986.5], [-70, 2601.0], [-69, 2603.0], [-68, 2593.5], [-67, 2595.5], [-66, 2600.0], [-65, 2609.0], [-64, 2614.0], [-63, 2626.5], [-62, 2632.0], [-61, 2641.0], [-60, 2657.5], [-59, 2665.5], [-57, 4171.0], [-56, 4205.0], [-55, 4221.5], [-54, 4241.0], [-53, 4281.5], [-52, 4303.5], [-51, 4347.0], [-50, 4371.0], [-49, 4421.5], [-48, 4448.5], [-47, 4477.0], [-46, 4542.5], [-45, 4500.0], [-44, 4584.5], [-43, 4673.5], [-42, 4710.5], [-41, 4789.5], [-40, 4830.5], [-39, 4916.0], [-38, 4961.0], [-36, 195.0], [-35, 193.0], [-34, 190.5], [-33, 188.0], [-32, 187.0], [-31, 184.0], [-30, 182.5], [-29, 182.0], [-28, 181.0], [-27, 181.5], [-26, 179.5], [-25, 178.0], [-24, 179.0], [-23, 176.5], [-22, 176.5], [-21, 175.0], [-20, 174.5], [-19, 173.0], [-18, 171.5], [-17, 172.5], [-16, 169.0], [-15, 168.5], [-14, 169.0], [-13, 170.5], [-12, 171.5], [-11, 172.0], [-10, 174.0], [-9, 173.5], [-8, 174.5], [-7, 174.0], [-6, 174.0], [-5, 175.0]]}