{"heading": 58.2, "target": 80.6027690460029, "gap_dist": 457.71838086509837, "gap_info": [{"width": 275.1913380824027, "center_angle": -31.591542683361617, "edge_a": [-50, 442.5], "edge_b": [-6, 323.5], "depth": 442.5, "passable": true, "chosen": false}, {"width": 457.71838086509837, "center_angle": 80.6027690460029, "edge_a": [46, 401.5], "edge_b": [110, 464.5], "depth": 464.5, "passable": true, "chosen": true}, {"width": 246.9109382627482, "center_angle": 154.3968580221211, "edge_a": [149, 354.5], "edge_b": [172, 110.25], "depth": 354.5, "passable": false, "chosen": false}], "scan": [[-3, 302.0], [-2, 294.0], [-1, 287.0], [0, 272.5], [1, 258.0], [2, 254.0], [3, 249.5], [4, 237.0], [6, 223.0], [7, 219.0], [8, 208.0], [9, 206.0], [10, 202.5], [11, 200.0], [12, 191.0], [13, 188.75], [14, 184.0], [15, 182.0], [16, 179.5], [17, 178.0], [18, 176.5], [19, 176.0], [20, 177.0], [21, 179.5], [22, 181.0], [23, 182.5], [24, 189.0], [25, 191.5], [26, 197.5], [27, 200.0], [28, 203.0], [29, 211.0], [30, 216.0], [31, 224.5], [32, 233.0], [33, 237.5], [34, 244.5], [35, 255.5], [36, 269.0], [37, 274.5], [38, 281.0], [39, 293.5], [40, 311.5], [41, 319.0], [42, 329.0], [43, 352.0], [44, 361.0], [46, 401.5], [50, 4341.5], [51, 4362.0], [52, 4369.0], [53, 4380.5], [54, 4370.5], [55, 4355.5], [57, 3805.5], [58, 3793.5], [59, 3824.5], [66, 2699.0], [67, 2548.0], [68, 2415.0], [69, 2352.5], [70, 2294.0], [71, 2187.5], [72, 2139.5], [73, 2045.5], [74, 2003.0], [75, 1961.5], [76, 1889.0], [77, 1855.5], [78, 1792.0], [79, 1759.0], [80, 1699.0], [81, 1672.5], [82, 1645.5], [83, 1597.0], [84, 1553.5], [85, 1534.5], [86, 1513.5], [87, 1475.5], [88, 1459.0], [89, 1425.5], [90, 1411.0], [91, 1382.0], [92, 1367.5], [93, 1353.0], [94, 1327.5], [95, 1316.5], [96, 1291.0], [97, 1279.0], [98, 1259.5], [99, 1248.0], [100, 1238.0], [101, 1219.5], [102, 1209.0], [103, 1192.5], [104, 1185.0], [105, 1178.5], [106, 1164.0], [107, 1156.0], [108, 1145.0], [109, 1144.0], [110, 464.5], [111, 459.5], [112, 454.0], [113, 444.0], [114, 438.5], [115, 431.5], [116, 428.0], [117, 420.5], [118, 418.0], [119, 412.0], [120, 409.5], [121, 403.0], [122, 399.5], [123, 396.0], [124, 393.0], [125, 389.5], [126, 385.0], [127, 383.0], [128, 379.0], [129, 377.5], [130, 375.5], [131, 373.5], [132, 369.0], [133, 368.5], [134, 367.5], [135, 365.5], [136, 364.0], [137, 363.0], [138, 361.0], [139, 359.5], [140, 358.5], [141, 357.5], [142, 355.0], [143, 354.5], [144, 354.5], [145, 353.5], [146, 353.0], [147, 349.5], [148, 352.5], [149, 354.5], [152, 1096.5], [153, 1110.5], [154, 1117.0], [155, 1126.5], [156, 1130.5], [157, 1142.25], [158, 1147.75], [159, 1160.0], [160, 1166.75], [161, 1175.75], [163, 60.0], [165, 70.25], [168, 60.0], [172, 110.25], [173, 119.25], [174, 122.0], [175, 126.75], [176, 127.25], [177, 125.0], [178, 124.75], [179, 125.5], [180, 124.25], [-174, 66.5], [-173, 59.25], [-171, 72.75], [-166, 2129.5], [-165, 2174.0], [-164, 2225.5], [-163, 2337.0], [-162, 2398.5], [-161, 2531.5], [-160, 2604.5], [-159, 2763.0], [-158, 2848.5], [-157, 3029.0], [-154, 3469.5], [-152, 3273.5], [-150, 3416.0], [-149, 3398.0], [-148, 3380.5], [-147, 3372.0], [-146, 3352.5], [-145, 3335.75], [-144, 3333.25], [-143, 3337.0], [-141, 3542.5], [-140, 3534.0], [-139, 3525.0], [-138, 3522.0], [-137, 3522.0], [-136, 3523.25], [-135, 3527.0], [-134, 3529.25], [-133, 3533.5], [-132, 3534.0], [-131, 3541.5], [-130, 3548.0], [-129, 2729.25], [-128, 2731.5], [-127, 2158.5], [-126, 2157.75], [-125, 2170.5], [-124, 2178.0], [-123, 2185.0], [-122, 2196.0], [-121, 2204.25], [-120, 2221.5], [-119, 2229.5], [-118, 2249.0], [-117, 2258.0], [-116, 2268.0], [-115, 2289.5], [-114, 2301.5], [-113, 2339.0], [-112, 3905.0], [-111, 3928.0], [-110, 3953.0], [-109, 4007.0], [-108, 4034.0], [-107, 4060.5], [-106, 4120.5], [-105, 4151.0], [-104, 4214.5], [-103, 4251.5], [-102, 4255.5], [-101, 4287.0], [-100, 4436.0], [-99, 4478.0], [-98, 4519.0], [-97, 4612.0], [-96, 4659.0], [-95, 4759.5], [-91, 4204.5], [-89, 491.5], [-88, 482.5], [-87, 465.5], [-86, 458.5], [-85, 452.0], [-84, 436.0], [-83, 429.0], [-82, 418.0], [-81, 412.0], [-80, 400.0], [-79, 394.0], [-78, 389.5], [-77, 386.0], [-76, 379.5], [-75, 370.0], [-74, 366.0], [-73, 358.0], [-72, 354.5], [-71, 346.0], [-70, 342.0], [-69, 339.0], [-68, 332.5], [-67, 329.0], [-66, 325.0], [-65, 322.5], [-64, 316.5], [-63, 314.5], [-62, 308.0], [-61, 307.0], [-60, 306.0], [-59, 305.5], [-58, 310.0], [-57, 315.5], [-56, 332.0], [-55, 341.0], [-54, 360.5], [-52, 385.5], [-51, 413.5], [-50, 442.5], [-48, 502.0], [-37, 5706.0], [-29, 7736.0], [-27, 2843.0], [-25, 6093.0], [-22, 8956.0], [-18, 4726.5], [-17, 4771.0], [-13, 6805.0], [-12, 6672.5], [-11, 6433.0], [-9, 6156.0], [-6, 323.5], [-4, 304.5]]}