{"heading": -42.7, "target": 45.34575459818633, "gap_dist": 381.8485165336779, "gap_info": [{"width": 381.8485165336779, "center_angle": 45.34575459818633, "edge_a": [-2, 255.75], "edge_b": [74, 392.25], "depth": 392.25, "passable": true, "chosen": true}, {"width": 29.098306240950468, "center_angle": 95.5572467646162, "edge_a": [94, 302.5], "edge_b": [97, 326.5], "depth": 326.5, "passable": false, "chosen": false}, {"width": 51.054085423576765, "center_angle": 101.59576647179145, "edge_a": [100, 346.5], "edge_b": [103, 393.75], "depth": 393.75, "passable": false, "chosen": false}, {"width": 366.9742200376859, "center_angle": 119.84234269097342, "edge_a": [109, 456.5], "edge_b": [171, 110.25], "depth": 456.5, "passable": true, "chosen": false}], "scan": [[-3, 255.75], [-2, 255.75], [0, 1784.5], [1, 1811.75], [2, 1859.5], [3, 1883.75], [4, 1910.25], [5, 1972.5], [6, 2002.0], [8, 4544.25], [9, 4615.5], [10, 4799.5], [11, 4890.5], [12, 4987.5], [13, 5177.5], [17, 5942.25], [18, 6093.25], [21, 3401.5], [22, 3370.0], [23, 3320.0], [24, 779.25], [25, 770.75], [26, 757.0], [28, 611.0], [29, 604.75], [30, 604.0], [31, 599.25], [32, 599.5], [33, 604.0], [34, 605.75], [35, 606.25], [36, 603.75], [37, 596.5], [38, 604.5], [39, 645.75], [42, 1618.0], [43, 1630.75], [44, 2244.75], [45, 2240.5], [46, 2269.75], [50, 2135.5], [51, 2111.0], [52, 2078.75], [53, 2078.75], [54, 2098.0], [55, 1743.5], [56, 1732.0], [58, 1456.75], [59, 1461.75], [60, 1497.5], [62, 1597.75], [63, 1602.25], [64, 1589.5], [65, 1580.25], [66, 1557.5], [67, 1541.75], [68, 1537.25], [69, 1517.0], [70, 1513.25], [71, 1524.75], [74, 392.25], [75, 383.75], [76, 369.5], [77, 362.0], [78, 350.25], [79, 344.25], [80, 338.0], [81, 326.75], [82, 320.5], [83, 311.25], [84, 306.5], [85, 297.25], [86, 294.0], [87, 290.0], [88, 284.0], [89, 281.25], [90, 283.25], [91, 286.25], [92, 288.25], [93, 292.5], [94, 302.5], [97, 326.5], [98, 347.25], [99, 341.5], [100, 346.5], [103, 393.75], [104, 407.25], [105, 404.25], [107, 435.5], [108, 445.5], [109, 456.5], [111, 502.75], [114, 587.5], [118, 755.5], [120, 1881.75], [121, 1837.75], [122, 1833.25], [123, 1861.5], [124, 1891.25], [125, 1922.0], [128, 1525.75], [129, 1494.0], [130, 1483.0], [131, 1469.75], [132, 1465.0], [133, 3259.0], [134, 3258.0], [135, 3249.5], [136, 3245.5], [137, 3234.0], [138, 3234.5], [139, 3270.5], [154, 911.0], [155, 884.0], [156, 834.5], [157, 813.5], [158, 793.5], [159, 754.0], [160, 738.0], [161, 723.0], [163, 61.5], [164, 69.5], [165, 69.75], [166, 69.25], [171, 110.25], [173, 122.0], [174, 124.25], [175, 126.0], [176, 125.5], [177, 125.5], [178, 125.0], [179, 125.0], [180, 125.0], [-175, 71.25], [-173, 59.5], [-167, 367.25], [-166, 365.5], [-165, 362.5], [-164, 361.25], [-163, 360.5], [-162, 357.75], [-161, 355.5], [-160, 351.5], [-159, 348.75], [-158, 343.0], [-157, 341.0], [-156, 340.75], [-155, 338.0], [-154, 337.0], [-153, 336.25], [-152, 335.75], [-151, 334.5], [-150, 332.75], [-149, 331.75], [-148, 329.75], [-147, 328.75], [-146, 327.75], [-145, 327.25], [-144, 326.25], [-143, 324.5], [-142, 323.75], [-141, 323.75], [-140, 323.75], [-139, 323.5], [-138, 322.5], [-137, 323.0], [-136, 322.25], [-135, 323.0], [-134, 323.5], [-133, 323.5], [-132, 323.5], [-131, 325.25], [-130, 326.0], [-129, 326.0], [-128, 327.5], [-127, 328.25], [-126, 329.75], [-125, 331.25], [-124, 332.0], [-123, 332.5], [-122, 333.25], [-121, 336.25], [-120, 337.0], [-119, 340.25], [-118, 341.5], [-117, 343.25], [-116, 346.0], [-115, 348.0], [-114, 351.5], [-113, 354.0], [-112, 359.75], [-111, 361.75], [-110, 363.75], [-109, 367.75], [-108, 369.75], [-107, 375.5], [-106, 375.0], [-105, 372.25], [-104, 366.75], [-103, 348.5], [-102, 340.0], [-101, 324.75], [-100, 318.75], [-99, 307.25], [-98, 301.5], [-97, 296.0], [-96, 288.0], [-95, 283.5], [-94, 274.25], [-93, 271.25], [-92, 268.5], [-91, 261.5], [-90, 258.75], [-89, 255.25], [-88, 247.0], [-87, 243.5], [-86, 239.5], [-85, 235.75], [-84, 233.5], [-83, 231.0], [-82, 226.75], [-81, 225.25], [-80, 223.5], [-79, 219.75], [-78, 217.75], [-77, 212.0], [-76, 210.25], [-75, 209.25], [-74, 207.75], [-73, 207.0], [-72, 203.5], [-71, 202.5], [-70, 200.0], [-69, 199.75], [-68, 198.25], [-67, 197.25], [-66, 196.0], [-65, 193.5], [-64, 192.0], [-63, 191.75], [-62, 191.25], [-61, 190.0], [-60, 189.0], [-59, 188.5], [-58, 187.25], [-57, 186.25], [-56, 186.25], [-55, 185.75], [-54, 185.25], [-53, 184.75], [-52, 183.75], [-51, 183.25], [-50, 183.5], [-49, 183.5], [-48, 183.75], [-47, 184.0], [-46, 182.5], [-45, 182.5], [-44, 182.0], [-43, 181.75], [-42, 182.0], [-41, 183.25], [-40, 184.75], [-39, 184.75], [-38, 185.5], [-37, 186.5], [-36, 186.25], [-35, 186.0], [-34, 186.75], [-33, 186.5], [-32, 186.25], [-31, 188.5], [-30, 188.25], [-29, 188.75], [-28, 192.25], [-27, 197.25], [-26, 196.75], [-25, 199.75], [-24, 203.25], [-23, 203.0], [-22, 201.25], [-21, 206.0], [-20, 200.0], [-18, 208.75], [-17, 211.5], [-15, 218.5], [-13, 230.75], [-12, 233.0], [-11, 234.25], [-10, 237.0], [-8, 240.25], [-7, 240.25], [-6, 243.0], [-5, 247.0], [-4, 253.75]]}