{"heading": -25.5, "target": 25.94566999916853, "gap_dist": 322.80071113979676, "gap_info": [{"width": 15.228736737758318, "center_angle": -2.462624918041396, "edge_a": [-4, 205.5], "edge_b": [-1, 216.0], "depth": 216.0, "passable": false, "chosen": false}, {"width": 322.80071113979676, "center_angle": 25.94566999916853, "edge_a": [12, 255.5], "edge_b": [171, 107.5], "depth": 255.5, "passable": true, "chosen": true}], "scan": [[-1, 216.0], [0, 230.0], [1, 231.0], [2, 232.0], [3, 236.5], [4, 241.5], [6, 239.0], [7, 238.0], [8, 241.5], [9, 246.5], [10, 251.5], [11, 253.5], [12, 255.5], [15, 6244.0], [20, 1397.5], [24, 2879.0], [25, 2909.0], [27, 3066.0], [28, 3045.0], [29, 3029.0], [30, 3075.0], [31, 8542.0], [33, 6530.5], [36, 4472.5], [40, 7852.5], [43, 11776.5], [45, 1497.0], [46, 1500.0], [47, 1513.0], [48, 1530.5], [49, 1556.0], [50, 12186.0], [56, 2540.0], [64, 3670.0], [74, 7285.5], [78, 4040.0], [81, 4142.0], [83, 2599.5], [85, 1610.5], [86, 1598.25], [87, 1589.75], [88, 1589.5], [89, 1604.0], [90, 1617.0], [93, 5348.0], [95, 4590.0], [97, 4638.5], [98, 4557.0], [99, 4464.0], [100, 4293.0], [103, 4068.0], [105, 3580.0], [106, 3523.0], [108, 3269.0], [110, 3229.5], [111, 3201.0], [113, 1100.5], [114, 1081.5], [115, 1078.0], [116, 1086.5], [117, 1090.5], [118, 1094.0], [119, 1152.0], [121, 913.0], [123, 811.5], [124, 794.5], [125, 797.5], [126, 804.0], [127, 813.0], [128, 3191.0], [129, 1694.5], [131, 3120.5], [132, 3082.5], [133, 3065.0], [134, 3030.0], [135, 3016.0], [136, 2986.0], [137, 2971.5], [138, 2957.0], [139, 2918.5], [140, 2882.5], [141, 2945.5], [142, 2923.5], [143, 2916.0], [144, 2903.5], [145, 2893.5], [146, 2887.0], [147, 2870.5], [148, 2868.0], [149, 2861.5], [150, 2849.5], [151, 2844.5], [152, 2836.0], [153, 2826.5], [154, 2813.0], [155, 2799.0], [156, 2788.0], [157, 2789.5], [158, 2794.0], [159, 2791.0], [160, 2813.0], [164, 68.0], [165, 69.0], [166, 69.0], [171, 107.5], [172, 113.25], [174, 120.0], [175, 124.0], [176, 125.5], [177, 125.75], [178, 124.25], [179, 123.75], [180, 122.5], [-174, 64.75], [-173, 58.25], [-171, 77.0], [-169, 75.0], [-166, 1887.0], [-165, 1856.0], [-164, 1801.5], [-163, 1777.25], [-162, 1751.0], [-161, 1702.5], [-160, 1679.0], [-159, 1636.5], [-158, 1615.75], [-157, 1595.25], [-156, 1557.0], [-155, 1539.0], [-154, 1505.5], [-153, 1489.25], [-152, 1473.75], [-151, 1446.0], [-150, 1432.5], [-149, 1403.5], [-148, 1391.25], [-147, 1366.75], [-146, 1355.25], [-145, 1343.75], [-144, 1326.5], [-143, 1317.0], [-142, 1296.25], [-141, 1289.75], [-140, 1282.0], [-139, 1265.5], [-138, 1259.0], [-137, 1243.0], [-136, 1236.5], [-135, 1229.5], [-134, 1218.5], [-133, 1212.0], [-132, 1199.5], [-131, 1196.0], [-130, 1190.25], [-129, 1184.5], [-128, 1181.0], [-127, 1173.75], [-126, 1170.0], [-125, 1163.75], [-124, 1161.5], [-123, 1158.0], [-122, 1156.0], [-121, 1154.0], [-120, 1151.5], [-119, 1149.5], [-118, 1149.5], [-117, 1151.0], [-116, 1147.5], [-115, 1144.5], [-114, 1145.0], [-113, 1144.5], [-112, 1145.5], [-111, 1146.5], [-110, 1147.0], [-109, 1147.0], [-108, 1149.5], [-107, 1150.5], [-106, 1151.5], [-105, 1156.5], [-104, 1159.0], [-103, 1159.0], [-102, 1164.5], [-101, 1166.5], [-100, 1173.5], [-99, 1177.0], [-98, 1186.5], [-97, 1190.0], [-96, 1192.5], [-95, 1200.5], [-94, 1206.0], [-93, 1211.5], [-92, 1223.5], [-91, 1229.5], [-90, 1242.0], [-89, 1249.0], [-88, 1257.5], [-87, 1272.5], [-86, 1280.5], [-85, 1298.5], [-84, 1307.5], [-83, 398.0], [-82, 390.0], [-81, 375.5], [-80, 369.0], [-79, 354.5], [-78, 346.5], [-77, 339.5], [-76, 329.5], [-75, 324.0], [-74, 313.0], [-73, 308.5], [-72, 303.5], [-71, 294.5], [-70, 290.5], [-69, 283.0], [-68, 281.0], [-67, 275.0], [-66, 269.0], [-65, 266.5], [-64, 261.0], [-63, 260.0], [-62, 253.0], [-61, 250.0], [-60, 247.5], [-59, 242.5], [-58, 241.0], [-57, 235.5], [-56, 233.5], [-55, 231.0], [-54, 229.5], [-53, 227.5], [-52, 224.5], [-51, 223.0], [-50, 222.0], [-49, 219.5], [-48, 216.5], [-47, 214.0], [-46, 214.0], [-45, 213.5], [-44, 209.0], [-43, 208.0], [-42, 207.5], [-41, 205.5], [-40, 204.0], [-39, 203.5], [-38, 202.0], [-37, 200.5], [-36, 199.0], [-35, 198.0], [-34, 199.0], [-33, 198.0], [-32, 197.0], [-31, 197.0], [-30, 195.0], [-29, 195.5], [-28, 195.0], [-27, 194.5], [-26, 195.0], [-25, 195.0], [-24, 195.5], [-23, 195.5], [-22, 195.5], [-21, 195.0], [-20, 195.5], [-19, 195.5], [-18, 193.5], [-17, 196.0], [-16, 195.5], [-15, 195.5], [-14, 195.0], [-13, 195.5], [-12, 196.5], [-11, 198.0], [-10, 199.0], [-9, 202.0], [-8, 198.0], [-7, 198.0], [-6, 201.5], [-5, 205.5], [-4, 205.5]]}