{"heading": -78.0, "target": -118.37752215033053, "gap_dist": 415.9954927640443, "gap_info": [{"width": 415.9954927640443, "center_angle": -118.37752215033053, "edge_a": [-148, 424.0], "edge_b": [-93, 489.0], "depth": 489.0, "passable": true, "chosen": true}, {"width": 300.525724984865, "center_angle": 54.90055797122366, "edge_a": [43, 483.5], "edge_b": [172, 112.0], "depth": 483.5, "passable": true, "chosen": false}], "scan": [[-4, 213.5], [-3, 214.0], [-2, 214.5], [-1, 219.0], [0, 219.5], [1, 221.0], [2, 223.0], [3, 225.5], [4, 227.5], [5, 231.0], [6, 231.5], [7, 236.5], [8, 237.5], [9, 240.0], [10, 243.5], [11, 245.25], [12, 247.25], [13, 250.0], [14, 252.5], [15, 257.0], [16, 259.5], [17, 264.0], [18, 268.0], [19, 273.0], [20, 277.0], [21, 279.0], [22, 283.5], [23, 286.0], [24, 295.0], [25, 299.5], [26, 304.0], [27, 312.0], [28, 317.5], [29, 326.5], [30, 337.0], [31, 342.5], [32, 355.5], [33, 361.5], [34, 367.5], [35, 380.5], [36, 388.5], [37, 402.5], [38, 410.0], [39, 426.5], [40, 436.5], [41, 460.0], [42, 471.0], [43, 483.5], [44, 510.0], [53, 798.5], [64, 2715.0], [65, 2722.5], [66, 2530.5], [67, 2534.0], [69, 2700.5], [70, 2716.5], [71, 2717.5], [72, 2721.5], [73, 2722.5], [74, 2729.75], [75, 2733.0], [76, 2736.5], [77, 2745.5], [78, 2751.5], [80, 2982.5], [81, 3001.0], [82, 1333.0], [84, 3033.0], [85, 3062.0], [86, 3075.0], [87, 3087.5], [88, 3114.0], [89, 3129.5], [90, 3157.5], [91, 3167.0], [94, 1162.0], [95, 1162.0], [96, 1161.0], [98, 2386.5], [100, 1474.0], [101, 1506.5], [102, 1497.5], [103, 1495.5], [104, 1480.0], [105, 1483.5], [106, 1490.5], [107, 1508.0], [108, 2007.0], [109, 2030.5], [110, 2054.0], [111, 2105.0], [112, 2131.0], [113, 2156.5], [114, 2214.5], [115, 2244.0], [116, 2305.5], [117, 4613.5], [118, 4685.5], [119, 4761.0], [120, 4921.0], [121, 5007.5], [122, 5187.5], [123, 5285.5], [124, 5388.5], [130, 3620.0], [133, 3571.5], [137, 4997.5], [138, 4977.0], [139, 4963.0], [142, 6620.5], [147, 1401.5], [149, 1339.0], [150, 1270.0], [151, 1241.5], [152, 1192.5], [153, 1170.5], [154, 1128.5], [155, 1108.5], [156, 1072.0], [157, 1054.5], [158, 1039.5], [159, 1009.0], [160, 998.0], [161, 996.5], [165, 72.0], [170, 95.5], [172, 112.0], [174, 125.25], [175, 125.5], [176, 127.25], [177, 125.75], [178, 124.75], [179, 124.5], [180, 125.25], [-176, 71.0], [-174, 64.5], [-167, 455.5], [-166, 448.0], [-165, 445.5], [-164, 441.5], [-163, 438.5], [-162, 437.5], [-161, 433.0], [-160, 431.0], [-159, 429.0], [-158, 423.5], [-157, 422.0], [-156, 424.0], [-155, 419.5], [-154, 418.5], [-153, 419.0], [-152, 418.75], [-151, 418.0], [-150, 416.0], [-149, 415.25], [-148, 424.0], [-144, 5616.0], [-143, 2052.0], [-142, 2014.5], [-141, 2035.5], [-140, 2051.0], [-139, 2262.5], [-137, 5272.0], [-135, 2559.5], [-134, 2552.0], [-132, 2716.0], [-131, 2707.5], [-130, 2708.5], [-126, 5016.0], [-124, 1467.5], [-123, 1427.5], [-122, 1421.5], [-121, 1423.0], [-119, 1666.5], [-118, 1683.0], [-116, 4900.5], [-115, 4282.0], [-114, 4292.5], [-113, 4316.0], [-100, 714.0], [-93, 489.0], [-92, 476.0], [-91, 448.0], [-90, 437.5], [-89, 427.0], [-88, 407.5], [-87, 399.5], [-86, 393.5], [-85, 376.0], [-84, 369.5], [-83, 356.0], [-82, 348.5], [-81, 337.0], [-80, 330.5], [-79, 320.0], [-78, 315.0], [-77, 310.5], [-76, 301.0], [-75, 296.5], [-74, 290.0], [-73, 285.5], [-72, 278.0], [-71, 275.0], [-70, 272.5], [-69, 266.0], [-68, 262.5], [-67, 257.5], [-66, 255.5], [-65, 248.5], [-64, 246.5], [-63, 245.0], [-62, 240.5], [-61, 238.5], [-60, 233.5], [-59, 231.5], [-58, 229.0], [-57, 226.5], [-56, 224.0], [-55, 221.5], [-54, 220.0], [-53, 218.0], [-52, 216.5], [-51, 215.0], [-50, 212.5], [-49, 211.5], [-48, 210.0], [-47, 209.0], [-46, 207.5], [-45, 206.5], [-44, 206.0], [-43, 203.5], [-42, 202.5], [-41, 201.5], [-40, 200.5], [-39, 200.5], [-38, 200.0], [-37, 198.5], [-36, 197.0], [-35, 197.5], [-34, 196.5], [-33, 196.5], [-32, 196.5], [-31, 195.5], [-30, 196.0], [-29, 195.5], [-28, 195.5], [-27, 195.0], [-26, 195.5], [-25, 195.0], [-24, 195.5], [-23, 197.5], [-22, 198.0], [-21, 198.5], [-20, 199.0], [-19, 198.5], [-18, 200.0], [-17, 200.5], [-16, 202.0], [-15, 202.5], [-14, 203.5], [-13, 202.5], [-12, 204.0], [-11, 206.5], [-10, 207.5], [-9, 209.0], [-8, 211.0], [-7, 212.0], [-6, 212.75], [-5, 214.0]]}