{"heading": -49.0, "target": 75.88545049300299, "gap_dist": 422.4211335406835, "gap_info": [{"width": 154.8766698074749, "center_angle": 13.552449256525808, "edge_a": [2, 177.75], "edge_b": [20, 317.0], "depth": 317.0, "passable": false, "chosen": false}, {"width": 422.4211335406835, "center_angle": 75.88545049300299, "edge_a": [62, 482.75], "edge_b": [173, 116.75], "depth": 482.75, "passable": true, "chosen": true}], "scan": [[-3, 175.75], [-2, 177.75], [-1, 178.5], [0, 180.75], [1, 184.25], [2, 177.75], [5, 6495.5], [11, 2914.5], [12, 2896.5], [13, 1498.0], [14, 1478.0], [15, 1452.0], [16, 1440.0], [20, 317.0], [21, 316.75], [22, 316.5], [23, 318.75], [24, 319.5], [25, 320.75], [26, 322.75], [27, 324.25], [28, 324.5], [29, 328.25], [30, 332.0], [31, 333.0], [32, 334.5], [33, 338.25], [34, 340.5], [35, 343.75], [36, 346.0], [37, 348.75], [38, 351.5], [39, 354.75], [40, 358.5], [41, 360.75], [42, 365.5], [43, 369.0], [44, 372.25], [45, 377.0], [46, 379.25], [47, 387.0], [48, 391.0], [49, 393.0], [50, 396.0], [51, 405.0], [52, 406.0], [53, 416.25], [54, 421.75], [55, 431.0], [56, 437.5], [57, 442.5], [58, 451.75], [59, 459.0], [60, 471.25], [61, 477.5], [62, 482.75], [63, 508.0], [64, 508.25], [65, 549.0], [66, 589.5], [67, 579.5], [68, 574.75], [69, 585.75], [70, 624.5], [71, 632.25], [72, 636.75], [76, 4091.0], [79, 970.5], [80, 964.5], [81, 954.0], [82, 949.5], [83, 940.5], [84, 929.0], [85, 925.0], [86, 915.5], [87, 912.0], [88, 907.0], [89, 901.0], [90, 897.5], [91, 890.0], [92, 886.5], [93, 881.5], [94, 877.25], [95, 874.0], [96, 872.25], [101, 11868.5], [102, 15008.0], [103, 14984.5], [104, 14929.5], [105, 14902.0], [106, 14873.0], [107, 14859.5], [109, 11699.0], [114, 8087.5], [116, 6018.0], [117, 6020.0], [118, 6032.0], [119, 4175.25], [120, 4182.5], [121, 4202.5], [122, 4215.75], [123, 4231.25], [124, 4257.5], [125, 4307.0], [127, 693.5], [128, 685.5], [129, 683.25], [130, 680.5], [131, 677.25], [132, 676.25], [133, 673.25], [134, 672.75], [135, 669.75], [136, 669.25], [137, 668.75], [138, 666.75], [139, 664.0], [140, 663.0], [141, 662.25], [142, 661.25], [143, 663.0], [144, 666.75], [145, 668.0], [146, 668.0], [147, 670.25], [148, 670.75], [149, 672.5], [150, 674.0], [151, 675.75], [152, 682.5], [153, 693.0], [154, 1614.0], [155, 1592.0], [156, 1554.25], [157, 1537.5], [158, 1504.5], [159, 1489.5], [160, 1472.5], [161, 74.25], [165, 69.75], [170, 99.75], [173, 116.75], [174, 123.25], [175, 124.0], [176, 126.75], [177, 125.5], [178, 124.0], [179, 122.5], [180, 122.75], [-175, 69.25], [-173, 61.5], [-171, 79.25], [-169, 73.25], [-167, 70.25], [-164, 952.25], [-162, 1118.0], [-161, 1122.5], [-159, 826.0], [-158, 819.5], [-157, 814.75], [-156, 811.0], [-155, 813.0], [-154, 824.25], [-153, 902.5], [-152, 908.5], [-151, 999.5], [-150, 994.5], [-149, 977.5], [-148, 969.5], [-147, 966.75], [-146, 967.25], [-144, 1166.5], [-143, 1176.0], [-142, 1182.0], [-141, 1188.0], [-140, 1197.5], [-139, 1202.0], [-138, 1211.75], [-137, 1218.25], [-136, 1226.5], [-135, 1242.5], [-134, 1249.0], [-133, 1037.0], [-132, 1033.0], [-131, 1030.75], [-130, 1025.0], [-129, 1019.25], [-128, 1015.5], [-127, 1017.0], [-126, 1012.5], [-125, 1012.0], [-124, 1009.5], [-123, 1009.0], [-122, 1008.5], [-121, 1009.0], [-120, 1007.5], [-119, 1006.25], [-118, 1006.5], [-117, 1007.5], [-116, 1008.75], [-115, 1010.0], [-114, 1011.0], [-113, 1014.0], [-112, 1015.0], [-111, 217.0], [-110, 213.5], [-109, 211.0], [-108, 209.0], [-107, 208.25], [-106, 206.75], [-105, 205.75], [-104, 204.75], [-103, 202.75], [-102, 201.75], [-101, 201.0], [-100, 200.75], [-99, 200.0], [-98, 199.0], [-97, 198.75], [-96, 197.75], [-95, 197.75], [-94, 196.75], [-93, 195.5], [-92, 196.0], [-91, 195.75], [-90, 196.0], [-89, 198.5], [-88, 198.75], [-87, 199.0], [-86, 199.75], [-85, 199.25], [-84, 199.0], [-83, 200.0], [-82, 201.75], [-81, 203.0], [-80, 203.5], [-79, 204.5], [-78, 205.25], [-77, 206.0], [-76, 206.5], [-75, 206.0], [-74, 211.0], [-73, 210.5], [-72, 211.0], [-71, 211.5], [-70, 212.75], [-69, 216.5], [-68, 217.0], [-67, 220.0], [-66, 221.75], [-65, 223.0], [-64, 225.5], [-63, 227.5], [-62, 232.0], [-61, 234.5], [-60, 237.5], [-59, 241.5], [-58, 237.5], [-57, 231.0], [-56, 225.5], [-55, 220.25], [-54, 217.5], [-53, 212.25], [-52, 210.75], [-51, 209.25], [-50, 206.25], [-49, 204.25], [-48, 201.0], [-47, 200.0], [-46, 199.0], [-45, 196.25], [-44, 193.5], [-43, 191.75], [-42, 191.0], [-41, 188.75], [-40, 186.5], [-39, 185.5], [-38, 184.25], [-37, 184.5], [-36, 183.0], [-35, 179.75], [-34, 178.0], [-33, 177.5], [-32, 178.0], [-31, 178.5], [-30, 176.75], [-29, 176.75], [-28, 174.0], [-27, 174.0], [-26, 174.0], [-25, 173.75], [-24, 173.25], [-23, 172.0], [-22, 171.75], [-21, 170.75], [-20, 170.5], [-19, 170.25], [-18, 169.75], [-17, 170.25], [-16, 170.0], [-15, 170.0], [-14, 171.25], [-13, 171.25], [-12, 171.75], [-11, 172.5], [-10, 172.5], [-9, 172.0], [-8, 173.25], [-7, 174.25], [-6, 174.5], [-5, 175.25]]}