{"heading": -25.9, "target": -61.94755681488253, "gap_dist": 419.0665608049325, "gap_info": [{"width": 419.0665608049325, "center_angle": -61.94755681488253, "edge_a": [-95, 393.5], "edge_b": [-36, 490.5], "depth": 490.5, "passable": true, "chosen": true}, {"width": 271.09580870976225, "center_angle": 109.4892781522678, "edge_a": [99, 486.5], "edge_b": [170, 101.75], "depth": 486.5, "passable": true, "chosen": false}], "scan": [[-4, 256.5], [-3, 250.5], [-2, 249.0], [-1, 247.0], [0, 243.5], [1, 240.5], [2, 237.0], [3, 235.0], [4, 229.5], [5, 228.5], [6, 227.5], [7, 224.5], [8, 222.5], [9, 219.5], [10, 219.0], [11, 215.0], [12, 213.5], [13, 213.0], [14, 210.5], [15, 211.0], [16, 210.5], [17, 207.0], [18, 206.0], [19, 204.0], [20, 203.5], [21, 203.5], [22, 202.5], [23, 201.0], [24, 200.5], [25, 200.5], [26, 199.0], [27, 199.0], [28, 198.5], [29, 197.25], [30, 197.5], [31, 197.25], [32, 197.5], [33, 197.0], [34, 197.0], [35, 197.5], [36, 198.0], [37, 198.0], [38, 199.25], [39, 198.75], [40, 198.0], [41, 200.5], [42, 201.5], [43, 201.5], [44, 201.0], [45, 202.0], [46, 203.0], [47, 204.0], [48, 205.0], [49, 205.5], [50, 205.5], [51, 209.5], [52, 209.5], [53, 210.5], [54, 211.0], [55, 212.0], [56, 213.5], [57, 215.75], [58, 218.25], [59, 218.5], [60, 221.0], [61, 225.75], [62, 226.5], [63, 229.75], [64, 231.75], [65, 235.25], [66, 236.5], [67, 241.25], [68, 245.5], [69, 248.5], [70, 250.5], [71, 252.5], [72, 257.25], [73, 260.0], [74, 265.5], [75, 268.0], [76, 270.5], [77, 277.5], [78, 280.75], [79, 288.0], [80, 291.5], [81, 299.5], [82, 305.0], [83, 310.0], [84, 320.25], [85, 324.5], [86, 336.0], [87, 341.5], [88, 351.5], [89, 358.5], [90, 365.0], [91, 377.5], [92, 385.0], [93, 401.0], [94, 408.5], [95, 427.5], [96, 436.0], [97, 447.5], [98, 473.5], [99, 486.5], [108, 776.0], [119, 2764.5], [120, 2758.5], [122, 2582.5], [123, 2584.5], [124, 2746.0], [125, 2751.5], [126, 2754.0], [127, 2756.0], [128, 2762.0], [129, 2764.5], [130, 2767.0], [131, 2776.0], [132, 2781.0], [134, 3016.5], [135, 3029.5], [136, 3037.5], [137, 3045.5], [139, 3068.5], [140, 3087.0], [141, 3115.0], [142, 3126.5], [143, 3154.0], [144, 3166.5], [145, 3197.5], [147, 1143.0], [148, 1132.0], [149, 1128.0], [150, 1134.0], [152, 2468.5], [154, 1255.0], [155, 2339.0], [156, 2259.0], [157, 2216.0], [158, 2172.5], [160, 1009.0], [161, 69.0], [164, 68.75], [170, 101.75], [171, 108.75], [172, 110.5], [173, 121.5], [174, 124.5], [175, 126.0], [176, 126.5], [177, 125.0], [179, 123.75], [180, 125.25], [-176, 71.25], [-171, 78.0], [-169, 74.25], [-168, 74.0], [-167, 82.0], [-158, 1413.0], [-156, 1295.5], [-155, 1266.5], [-154, 1237.5], [-153, 1183.5], [-152, 1162.0], [-151, 1116.5], [-150, 1097.0], [-149, 1056.0], [-148, 1039.5], [-147, 1025.0], [-146, 1002.5], [-145, 1005.5], [-144, 1014.0], [-143, 1032.25], [-142, 1042.25], [-141, 1057.0], [-140, 1081.5], [-139, 8672.5], [-138, 8750.0], [-135, 8726.0], [-130, 5180.0], [-127, 12082.0], [-124, 3777.0], [-119, 1278.0], [-118, 1272.5], [-116, 429.5], [-115, 426.5], [-114, 420.5], [-113, 419.0], [-112, 416.5], [-111, 409.5], [-110, 407.75], [-109, 403.25], [-108, 401.5], [-107, 395.0], [-106, 393.25], [-105, 393.5], [-104, 386.5], [-103, 386.75], [-102, 385.25], [-101, 384.25], [-100, 383.25], [-99, 381.5], [-98, 380.0], [-97, 379.75], [-96, 388.0], [-95, 393.5], [-90, 2100.5], [-89, 2106.5], [-88, 2109.0], [-87, 2111.0], [-86, 2144.5], [-84, 2016.0], [-83, 1990.5], [-82, 1999.5], [-81, 2002.0], [-80, 2017.5], [-79, 5175.5], [-76, 2751.5], [-74, 2442.25], [-73, 2415.5], [-72, 2412.0], [-71, 2421.5], [-68, 1420.0], [-67, 1406.0], [-66, 1372.0], [-65, 1368.5], [-64, 1386.0], [-62, 1621.0], [-61, 1623.0], [-59, 4850.5], [-58, 4234.0], [-57, 4243.0], [-56, 4261.5], [-36, 490.5], [-35, 462.5], [-34, 449.5], [-33, 425.0], [-32, 414.0], [-31, 399.0], [-30, 389.5], [-29, 379.0], [-28, 364.5], [-27, 358.0], [-26, 347.5], [-25, 342.0], [-24, 333.5], [-23, 321.0], [-22, 315.5], [-21, 307.0], [-20, 301.5], [-19, 291.0], [-18, 288.5], [-17, 284.0], [-16, 278.0], [-15, 275.0], [-14, 267.0], [-13, 264.5], [-12, 258.0], [-11, 254.5], [-10, 252.0], [-9, 246.5], [-8, 244.0], [-7, 239.5], [-6, 236.5], [-5, 232.0]]}