{"heading": -5.4, "target": 28.92828806770838, "gap_dist": 347.3201374518978, "gap_info": [{"width": 203.16946965527768, "center_angle": -73.60986417496431, "edge_a": [-85, 451.0], "edge_b": [-58, 331.0], "depth": 451.0, "passable": false, "chosen": false}, {"width": 151.95811189613846, "center_angle": -56.94906298381178, "edge_a": [-58, 331.0], "edge_b": [-55, 178.5], "depth": 331.0, "passable": false, "chosen": false}, {"width": 347.3201374518978, "center_angle": 28.92828806770838, "edge_a": [-9, 282.5], "edge_b": [68, 275.5], "depth": 282.5, "passable": true, "chosen": true}, {"width": 246.01814927219345, "center_angle": 127.69956223673992, "edge_a": [112, 284.5], "edge_b": [171, 112.25], "depth": 284.5, "passable": false, "chosen": false}], "scan": [[-4, 8559.5], [-3, 8519.5], [-2, 12166.0], [0, 11144.5], [1, 11164.5], [2, 12257.5], [3, 12282.5], [11, 12490.0], [14, 7814.0], [19, 4332.0], [30, 824.0], [31, 832.5], [32, 833.0], [33, 832.5], [34, 837.0], [35, 842.0], [36, 853.5], [37, 864.0], [38, 877.5], [41, 2240.5], [42, 2226.5], [43, 2216.0], [51, 1954.0], [52, 1912.0], [53, 981.5], [54, 963.5], [55, 947.5], [56, 918.0], [57, 910.0], [58, 904.0], [59, 904.5], [60, 911.0], [61, 923.5], [64, 6921.5], [68, 275.5], [69, 273.75], [70, 271.75], [71, 270.5], [72, 269.5], [73, 268.25], [74, 267.5], [75, 264.0], [76, 262.5], [77, 262.25], [78, 260.75], [79, 260.75], [80, 260.0], [81, 259.5], [82, 259.25], [83, 257.5], [84, 256.25], [85, 255.25], [86, 254.5], [87, 255.0], [88, 256.5], [89, 258.0], [90, 259.0], [91, 259.75], [92, 260.25], [93, 260.5], [94, 260.5], [95, 262.0], [96, 262.0], [97, 262.5], [98, 264.0], [99, 265.5], [100, 268.0], [101, 269.0], [102, 269.25], [103, 270.75], [104, 271.5], [105, 272.5], [106, 274.0], [107, 275.75], [108, 278.75], [109, 278.75], [110, 280.0], [111, 285.5], [112, 284.5], [117, 7507.0], [118, 1746.5], [121, 1855.5], [126, 3716.5], [127, 3662.5], [129, 2137.5], [130, 2144.5], [131, 2149.0], [132, 3384.5], [133, 3427.0], [134, 3542.5], [142, 5240.0], [150, 7179.0], [152, 7070.0], [156, 6694.5], [157, 4896.0], [165, 72.0], [171, 112.25], [173, 121.0], [174, 124.0], [175, 126.0], [176, 126.5], [177, 126.5], [178, 125.0], [179, 125.0], [180, 124.0], [-173, 61.5], [-169, 71.5], [-162, 2643.5], [-161, 2579.0], [-160, 2435.5], [-159, 2307.5], [-158, 2246.5], [-157, 2190.5], [-156, 2089.5], [-155, 2041.5], [-154, 1952.5], [-153, 1910.0], [-152, 1870.0], [-151, 1794.0], [-150, 1760.5], [-149, 1726.0], [-148, 1742.0], [-147, 1753.5], [-146, 1673.0], [-145, 1645.0], [-144, 1594.5], [-143, 1570.5], [-142, 1549.5], [-141, 1507.5], [-140, 1488.5], [-139, 1452.0], [-138, 1433.5], [-137, 1417.0], [-136, 1388.5], [-135, 1372.5], [-134, 1342.5], [-133, 1328.0], [-132, 1303.5], [-131, 1291.5], [-130, 1200.5], [-129, 1184.0], [-128, 1175.5], [-127, 1158.5], [-125, 551.5], [-123, 495.0], [-122, 483.5], [-121, 454.5], [-120, 432.5], [-119, 421.5], [-118, 410.5], [-117, 394.5], [-116, 386.5], [-115, 372.0], [-114, 365.5], [-113, 354.0], [-112, 348.5], [-111, 341.5], [-110, 328.75], [-109, 324.5], [-108, 315.5], [-107, 311.5], [-106, 305.25], [-105, 298.5], [-104, 295.75], [-103, 297.5], [-102, 301.25], [-101, 304.75], [-100, 308.75], [-99, 314.5], [-98, 319.0], [-97, 331.0], [-96, 336.5], [-95, 341.0], [-94, 352.5], [-93, 358.5], [-92, 369.0], [-91, 376.0], [-90, 383.5], [-89, 397.5], [-88, 404.5], [-87, 420.0], [-86, 428.5], [-85, 451.0], [-83, 764.5], [-82, 767.5], [-81, 771.0], [-80, 773.5], [-79, 781.5], [-78, 784.5], [-77, 790.5], [-76, 793.5], [-75, 801.0], [-74, 804.0], [-73, 806.5], [-72, 821.5], [-71, 827.5], [-70, 839.0], [-69, 845.5], [-68, 850.5], [-67, 866.0], [-66, 1084.5], [-65, 1097.0], [-64, 1107.0], [-63, 1116.0], [-62, 1130.5], [-61, 1138.5], [-60, 1155.5], [-58, 331.0], [-55, 178.5], [-54, 180.0], [-53, 178.0], [-52, 177.0], [-51, 176.5], [-50, 177.5], [-49, 177.0], [-48, 177.5], [-47, 179.0], [-46, 179.5], [-45, 181.5], [-44, 180.5], [-43, 182.0], [-42, 184.0], [-41, 185.0], [-40, 186.5], [-39, 188.0], [-38, 189.5], [-37, 192.0], [-36, 194.0], [-35, 194.0], [-34, 195.5], [-33, 197.5], [-32, 200.0], [-31, 202.5], [-30, 205.5], [-29, 206.5], [-28, 210.0], [-27, 211.5], [-26, 213.5], [-25, 219.5], [-24, 222.0], [-23, 223.5], [-22, 227.5], [-21, 229.5], [-20, 236.0], [-19, 240.0], [-18, 244.0], [-17, 246.5], [-16, 250.5], [-15, 254.75], [-14, 258.25], [-13, 265.5], [-12, 267.5], [-11, 270.5], [-10, 280.5], [-9, 282.5], [-6, 8805.0], [-5, 8735.5]]}