{"heading": -592.1, "target": 6.6932203816913916, "gap_dist": 368.988443882548, "gap_info": [{"width": 385.07733086071056, "center_angle": -82.2727738786271, "edge_a": [-104, 444.5], "edge_b": [-35, 224.0], "depth": 444.5, "passable": true, "chosen": false}, {"width": 48.334325200962425, "center_angle": -2.8060987631024696, "edge_a": [-5, 212.0], "edge_b": [-1, 257.5], "depth": 257.5, "passable": false, "chosen": false}, {"width": 368.988443882548, "center_angle": 6.6932203816913916, "edge_a": [0, 260.5], "edge_b": [171, 112.25], "depth": 260.5, "passable": true, "chosen": true}], "scan": [[-1, 257.5], [0, 260.5], [3, 6866.5], [4, 6913.5], [5, 6961.0], [22, 2624.5], [24, 8515.5], [34, 4683.5], [37, 4476.5], [39, 3139.0], [40, 3174.0], [42, 4793.0], [45, 1257.5], [46, 1251.0], [47, 1245.0], [48, 1232.5], [49, 1226.5], [50, 1214.0], [51, 1207.5], [52, 1216.0], [59, 1781.0], [60, 1807.0], [61, 1857.5], [62, 1885.0], [67, 15165.0], [68, 15132.5], [69, 15118.0], [71, 9013.0], [72, 8996.5], [73, 7688.5], [74, 7705.0], [75, 7735.5], [77, 7181.0], [80, 4361.0], [81, 4366.5], [82, 1771.5], [83, 1733.0], [84, 1740.0], [86, 1049.5], [87, 1052.5], [88, 1053.0], [89, 1054.0], [90, 1058.5], [91, 1060.5], [92, 1064.5], [93, 1068.5], [95, 2370.0], [96, 2300.0], [97, 2011.0], [98, 1954.5], [99, 1835.0], [100, 1787.5], [101, 1742.0], [102, 1659.5], [103, 1620.5], [104, 1550.5], [105, 1519.5], [106, 1460.0], [107, 1434.0], [108, 1409.5], [109, 1384.5], [110, 925.0], [111, 886.0], [112, 867.0], [113, 848.5], [114, 813.5], [115, 799.0], [116, 769.5], [117, 755.0], [118, 742.0], [119, 720.0], [120, 701.0], [121, 693.5], [122, 696.0], [123, 710.5], [124, 719.0], [125, 728.0], [126, 740.0], [127, 749.5], [128, 758.0], [129, 777.0], [130, 786.5], [131, 801.5], [132, 814.5], [134, 908.0], [135, 897.5], [136, 894.5], [137, 891.0], [138, 880.5], [139, 880.0], [140, 872.5], [141, 863.5], [142, 860.0], [143, 854.5], [144, 848.5], [145, 836.0], [146, 831.0], [147, 828.0], [148, 818.5], [149, 812.0], [150, 806.5], [151, 805.5], [152, 801.5], [153, 796.0], [154, 794.5], [155, 787.5], [156, 784.0], [157, 780.0], [158, 780.5], [159, 779.5], [160, 778.5], [165, 70.5], [171, 112.25], [172, 112.0], [173, 119.25], [174, 121.5], [175, 124.0], [176, 127.5], [177, 125.75], [178, 125.75], [179, 126.0], [180, 125.75], [-175, 68.0], [-170, 70.75], [-169, 70.0], [-168, 69.75], [-167, 71.0], [-166, 78.5], [-165, 702.5], [-163, 740.5], [-162, 724.0], [-161, 727.5], [-160, 732.0], [-159, 746.0], [-158, 742.5], [-157, 594.0], [-156, 588.5], [-155, 584.5], [-154, 583.0], [-153, 582.5], [-152, 576.5], [-151, 573.5], [-150, 571.25], [-149, 570.25], [-148, 570.25], [-147, 568.0], [-146, 568.0], [-145, 564.0], [-144, 562.5], [-143, 562.5], [-142, 560.5], [-141, 561.0], [-140, 561.5], [-139, 561.0], [-138, 560.5], [-137, 559.5], [-136, 560.0], [-135, 562.0], [-134, 564.5], [-133, 565.5], [-132, 568.5], [-131, 569.5], [-130, 571.0], [-129, 573.0], [-128, 574.0], [-127, 583.0], [-126, 2122.5], [-121, 369.0], [-120, 368.5], [-119, 370.5], [-118, 368.0], [-117, 367.0], [-116, 368.0], [-115, 368.0], [-114, 367.5], [-113, 366.5], [-111, 381.5], [-110, 385.5], [-109, 385.5], [-108, 388.5], [-107, 390.0], [-105, 438.0], [-104, 444.5], [-102, 7345.0], [-101, 7377.0], [-100, 7362.5], [-98, 9901.0], [-97, 9923.0], [-95, 11126.5], [-94, 11146.0], [-93, 11185.5], [-92, 11176.5], [-84, 995.0], [-75, 536.0], [-74, 533.25], [-73, 532.75], [-72, 533.5], [-69, 3369.5], [-60, 9752.0], [-53, 4131.5], [-48, 3435.5], [-47, 5798.0], [-40, 2099.5], [-37, 2446.0], [-35, 224.0], [-34, 211.75], [-33, 209.5], [-32, 203.0], [-31, 203.0], [-30, 202.0], [-29, 201.5], [-28, 201.5], [-27, 205.0], [-26, 209.0], [-25, 208.75], [-24, 208.75], [-23, 207.0], [-22, 206.0], [-21, 198.25], [-20, 192.0], [-19, 192.5], [-18, 193.0], [-17, 191.5], [-16, 191.0], [-15, 192.0], [-14, 191.0], [-13, 190.5], [-12, 191.0], [-11, 192.5], [-10, 194.5], [-9, 198.5], [-8, 200.0], [-7, 203.5], [-6, 206.0], [-5, 212.0]]}