{"heading": 17.3, "target": 42.10321551858307, "gap_dist": 439.3459997753441, "gap_info": [{"width": 314.96115982096353, "center_angle": -91.97120467462092, "edge_a": [-100, 482.0], "edge_b": [-69, 172.5], "depth": 482.0, "passable": true, "chosen": false}, {"width": 439.3459997753441, "center_angle": 42.10321551858307, "edge_a": [-3, 311.0], "edge_b": [83, 336.5], "depth": 336.5, "passable": true, "chosen": true}, {"width": 226.608048704698, "center_angle": 144.6456791283367, "edge_a": [137, 311.5], "edge_b": [169, 100.5], "depth": 311.5, "passable": false, "chosen": false}], "scan": [[-1, 4267.5], [0, 4257.5], [1, 4244.0], [2, 4221.0], [3, 4219.0], [4, 4207.5], [5, 4198.0], [6, 4191.5], [7, 4197.0], [8, 4206.0], [9, 4204.0], [10, 4213.0], [11, 4220.5], [12, 4228.0], [13, 4242.5], [14, 4245.5], [15, 4256.0], [16, 4270.5], [17, 4232.0], [19, 3653.5], [20, 3661.5], [21, 3676.0], [22, 3694.0], [28, 2551.5], [30, 2341.5], [31, 2277.5], [32, 2216.5], [33, 2105.5], [34, 2052.5], [35, 1952.5], [36, 1906.5], [37, 1820.0], [38, 1784.0], [39, 1748.0], [40, 1678.5], [41, 1649.0], [42, 1588.0], [43, 1562.0], [44, 1511.0], [45, 1486.5], [46, 1465.5], [47, 1426.0], [48, 1406.0], [49, 1388.5], [50, 1371.5], [51, 1337.0], [52, 1307.0], [53, 1292.5], [54, 1279.0], [55, 1251.5], [56, 1238.5], [57, 1215.5], [58, 1203.0], [59, 1193.0], [60, 1172.0], [61, 1161.0], [62, 1141.0], [63, 1131.5], [64, 1123.5], [65, 1105.5], [66, 1090.5], [67, 1083.0], [68, 1075.0], [69, 1059.5], [70, 1053.0], [71, 1040.5], [72, 1035.5], [73, 1030.5], [74, 1020.5], [75, 1015.0], [76, 1005.0], [77, 1000.5], [78, 996.0], [79, 984.5], [80, 982.0], [81, 978.5], [82, 974.0], [83, 336.5], [84, 335.0], [85, 330.5], [86, 328.0], [87, 326.5], [88, 321.0], [89, 318.0], [90, 315.5], [91, 313.5], [92, 311.0], [93, 310.5], [94, 308.0], [95, 306.0], [96, 305.0], [97, 301.0], [98, 300.5], [99, 298.5], [100, 297.5], [101, 297.0], [102, 296.0], [103, 294.5], [104, 292.5], [105, 290.5], [106, 291.5], [107, 291.5], [108, 289.5], [109, 288.5], [110, 288.5], [111, 288.0], [112, 285.5], [113, 284.5], [114, 285.0], [115, 285.0], [116, 285.0], [117, 286.5], [118, 287.0], [119, 288.0], [120, 288.5], [121, 289.5], [122, 291.0], [123, 292.0], [124, 292.0], [125, 293.5], [126, 293.75], [127, 293.75], [128, 295.5], [129, 297.0], [130, 297.0], [131, 300.0], [132, 301.0], [133, 301.5], [134, 305.0], [135, 307.0], [136, 310.0], [137, 311.5], [140, 1271.0], [141, 1286.0], [142, 1316.5], [143, 1332.5], [144, 1364.0], [145, 1381.5], [146, 1417.0], [147, 1437.0], [148, 1457.5], [149, 1502.0], [150, 1527.5], [151, 1577.5], [152, 1605.0], [153, 1666.0], [154, 1695.5], [155, 1728.0], [156, 1801.5], [157, 1838.0], [158, 1917.5], [159, 1960.5], [160, 2007.0], [161, 2110.0], [164, 68.5], [165, 69.5], [166, 69.0], [169, 100.5], [170, 100.5], [171, 111.0], [173, 118.0], [174, 121.25], [175, 124.75], [176, 126.0], [177, 126.5], [178, 123.75], [179, 125.5], [180, 125.75], [-175, 68.75], [-172, 64.25], [-170, 70.0], [-167, 73.5], [-166, 3648.5], [-165, 3661.0], [-164, 3672.0], [-163, 2863.5], [-162, 2859.5], [-161, 2289.0], [-160, 2289.5], [-159, 2297.5], [-158, 2312.5], [-157, 2319.5], [-156, 2336.5], [-155, 2343.0], [-154, 2350.5], [-153, 2371.0], [-152, 2380.5], [-151, 2401.5], [-150, 2411.5], [-149, 2435.5], [-148, 2447.0], [-147, 2473.0], [-146, 4065.0], [-145, 4090.5], [-144, 4148.0], [-143, 4174.5], [-142, 4201.0], [-141, 4263.5], [-140, 4292.5], [-139, 4365.5], [-138, 4400.5], [-137, 4382.5], [-135, 4554.5], [-134, 4645.0], [-133, 4691.0], [-132, 4790.0], [-131, 4840.5], [-130, 4946.0], [-129, 4995.0], [-128, 5052.0], [-127, 5188.0], [-126, 674.0], [-124, 631.0], [-123, 618.0], [-122, 606.5], [-121, 586.0], [-120, 575.0], [-119, 553.5], [-118, 541.5], [-117, 532.5], [-116, 522.0], [-115, 513.5], [-114, 499.5], [-113, 492.0], [-112, 479.0], [-111, 472.5], [-110, 463.0], [-109, 458.5], [-108, 452.5], [-107, 443.0], [-106, 439.0], [-105, 437.75], [-104, 442.0], [-103, 450.0], [-102, 466.0], [-101, 474.5], [-100, 482.0], [-99, 502.0], [-98, 514.0], [-97, 539.5], [-96, 552.0], [-95, 567.0], [-93, 615.5], [-88, 8728.0], [-76, 7502.0], [-70, 4283.0], [-69, 172.5], [-68, 168.5], [-67, 166.5], [-66, 166.0], [-65, 164.5], [-64, 163.5], [-63, 162.0], [-62, 160.0], [-61, 159.0], [-60, 158.5], [-59, 160.5], [-58, 162.0], [-57, 164.5], [-56, 166.0], [-55, 166.5], [-54, 166.0], [-53, 166.0], [-52, 166.5], [-51, 166.5], [-50, 169.0], [-49, 169.0], [-48, 169.5], [-47, 170.5], [-46, 171.0], [-45, 172.0], [-44, 173.5], [-43, 174.5], [-42, 175.5], [-41, 176.0], [-40, 177.0], [-39, 178.0], [-38, 179.5], [-37, 180.5], [-36, 182.5], [-35, 184.0], [-34, 184.5], [-33, 185.5], [-32, 186.5], [-31, 191.0], [-30, 194.0], [-29, 195.0], [-28, 196.5], [-27, 198.5], [-26, 201.0], [-25, 202.5], [-24, 207.0], [-23, 209.5], [-22, 212.5], [-21, 217.0], [-20, 219.0], [-19, 224.5], [-18, 227.0], [-17, 232.5], [-16, 236.5], [-15, 239.5], [-14, 247.5], [-13, 251.5], [-12, 258.5], [-11, 262.0], [-10, 265.5], [-9, 273.5], [-8, 277.5], [-7, 286.5], [-6, 291.0], [-5, 300.5], [-4, 305.5], [-3, 311.0]]}