{"heading": 11.2, "target": -94.21189161776975, "gap_dist": 310.45552480333447, "gap_info": [{"width": 310.45552480333447, "center_angle": -94.21189161776975, "edge_a": [-180, 123.5], "edge_b": [-71, 312.5], "depth": 312.5, "passable": true, "chosen": true}, {"width": 297.95432696264976, "center_angle": 2.018397360801703, "edge_a": [-4, 212.5], "edge_b": [170, 107.0], "depth": 212.5, "passable": false, "chosen": false}], "scan": [[15, 6094.5], [20, 2859.0], [26, 1474.0], [27, 1458.0], [29, 1603.5], [30, 9646.5], [32, 4753.0], [33, 4786.0], [36, 7537.0], [43, 3371.0], [49, 5250.5], [50, 5172.0], [52, 4952.0], [53, 4881.0], [54, 4756.5], [55, 4693.5], [56, 4624.5], [58, 4222.5], [60, 2175.5], [61, 2161.5], [64, 2212.0], [65, 2215.0], [66, 3968.0], [67, 3926.0], [68, 3875.5], [71, 3604.5], [72, 3580.5], [73, 3533.5], [76, 3464.5], [77, 3322.5], [78, 3325.5], [79, 3385.0], [80, 3338.0], [81, 3364.0], [84, 3834.5], [85, 3643.0], [86, 3671.0], [87, 3826.5], [88, 3809.0], [90, 2684.75], [91, 2681.5], [92, 2691.0], [94, 3743.5], [95, 3738.0], [96, 3735.0], [97, 3730.0], [98, 3726.0], [99, 3718.0], [100, 3715.25], [101, 3719.5], [102, 3730.5], [103, 3724.0], [104, 3727.5], [105, 3689.0], [106, 3714.5], [107, 3752.5], [108, 3775.5], [109, 3794.5], [110, 3800.0], [111, 3824.0], [112, 3834.5], [113, 3853.0], [114, 3859.5], [115, 3873.0], [116, 3886.0], [117, 3894.0], [118, 3919.0], [119, 3936.5], [121, 3995.0], [123, 4038.0], [130, 4257.5], [131, 4224.0], [132, 4141.0], [133, 3973.0], [134, 3897.0], [135, 3780.5], [136, 3792.0], [137, 3830.0], [138, 3850.5], [139, 3719.0], [140, 3604.0], [141, 3550.5], [142, 3500.0], [143, 3407.5], [144, 3361.5], [145, 3318.0], [146, 3235.0], [147, 3196.5], [148, 3126.0], [149, 3091.5], [150, 3024.5], [151, 2991.0], [152, 2960.5], [153, 2905.5], [154, 2878.0], [155, 2828.5], [156, 2804.5], [157, 2782.5], [158, 2735.0], [159, 2713.0], [160, 2703.0], [161, 924.0], [165, 70.0], [170, 107.0], [172, 112.0], [173, 118.75], [174, 122.0], [175, 125.5], [176, 126.5], [177, 125.0], [178, 124.75], [179, 124.75], [-180, 123.5], [-174, 65.5], [-170, 75.5], [-168, 70.75], [-166, 2301.5], [-165, 2313.0], [-164, 2321.0], [-163, 800.5], [-162, 787.5], [-161, 759.75], [-160, 747.5], [-159, 725.25], [-158, 713.75], [-157, 702.25], [-156, 682.75], [-155, 673.0], [-154, 653.5], [-153, 642.5], [-152, 633.25], [-151, 620.5], [-150, 613.0], [-149, 597.5], [-148, 590.0], [-147, 587.5], [-146, 588.0], [-145, 602.0], [-144, 612.0], [-143, 636.0], [-142, 648.0], [-141, 667.0], [-140, 678.0], [-139, 690.5], [-138, 720.0], [-137, 734.5], [-135, 2776.5], [-134, 2805.0], [-133, 2852.5], [-132, 2877.5], [-131, 2928.5], [-130, 2955.0], [-129, 3015.0], [-128, 3048.5], [-127, 3121.0], [-126, 3158.0], [-125, 3193.5], [-124, 3274.0], [-123, 3315.5], [-122, 3401.5], [-121, 3447.5], [-120, 3542.0], [-119, 3592.0], [-118, 3645.5], [-117, 3756.5], [-116, 3818.5], [-115, 3944.5], [-114, 4021.5], [-113, 4168.0], [-112, 4229.0], [-111, 4315.0], [-109, 4307.5], [-108, 4374.5], [-107, 4395.5], [-104, 4287.0], [-103, 4264.0], [-102, 4218.0], [-101, 4252.0], [-100, 4355.5], [-99, 4366.0], [-98, 4340.5], [-97, 2844.5], [-96, 2826.0], [-95, 2802.5], [-94, 2792.5], [-93, 2781.0], [-92, 2763.5], [-91, 2756.0], [-90, 2744.0], [-89, 2737.5], [-88, 2724.0], [-87, 2718.5], [-86, 2728.5], [-85, 2781.0], [-83, 4120.0], [-82, 4114.5], [-81, 4111.5], [-80, 4110.0], [-79, 4108.25], [-78, 4108.5], [-77, 4113.0], [-76, 4115.0], [-75, 4120.0], [-74, 4127.0], [-73, 4132.0], [-72, 4144.0], [-71, 312.5], [-70, 307.0], [-69, 301.0], [-68, 297.0], [-67, 292.5], [-66, 285.0], [-65, 281.0], [-64, 274.5], [-63, 271.5], [-62, 267.0], [-61, 263.5], [-60, 260.5], [-59, 254.0], [-58, 251.5], [-57, 247.5], [-56, 245.5], [-55, 243.0], [-54, 239.0], [-53, 236.0], [-52, 232.0], [-51, 230.5], [-50, 226.5], [-49, 225.0], [-48, 222.5], [-47, 219.0], [-46, 219.0], [-45, 216.0], [-44, 214.0], [-43, 213.0], [-42, 211.5], [-41, 210.0], [-40, 208.0], [-39, 208.0], [-38, 205.5], [-37, 205.0], [-36, 203.0], [-35, 202.5], [-34, 201.5], [-33, 201.5], [-32, 201.5], [-31, 199.5], [-30, 199.0], [-29, 198.0], [-28, 198.0], [-27, 198.5], [-26, 197.0], [-25, 196.5], [-24, 195.0], [-23, 193.0], [-22, 192.5], [-21, 193.0], [-20, 192.0], [-19, 192.5], [-18, 193.5], [-17, 195.5], [-16, 196.5], [-15, 198.0], [-14, 197.0], [-13, 198.0], [-12, 198.0], [-11, 199.5], [-10, 199.0], [-9, 200.5], [-8, 200.0], [-7, 200.0], [-5, 199.0], [-4, 212.5]]}