{"heading": 11.1, "target": -37.06904457348659, "gap_dist": 285.2870129906175, "gap_info": [{"width": 285.2870129906175, "center_angle": -37.06904457348659, "edge_a": [-180, 122.25], "edge_b": [-28, 467.5], "depth": 467.5, "passable": true, "chosen": true}, {"width": 318.0475554725299, "center_angle": 126.55757114966413, "edge_a": [108, 496.0], "edge_b": [149, 413.5], "depth": 496.0, "passable": true, "chosen": false}, {"width": 278.268657127402, "center_angle": 160.25250085765265, "edge_a": [157, 456.0], "edge_b": [173, 117.25], "depth": 456.0, "passable": true, "chosen": false}], "scan": [[-3, 283.0], [-2, 276.0], [-1, 273.25], [0, 271.0], [1, 265.0], [2, 262.5], [3, 257.0], [4, 254.0], [5, 249.5], [6, 246.5], [7, 244.5], [8, 241.5], [9, 238.0], [10, 233.0], [11, 232.0], [12, 230.5], [13, 226.0], [14, 224.0], [15, 220.5], [16, 219.0], [17, 216.0], [18, 214.5], [19, 213.5], [20, 212.0], [21, 211.0], [22, 209.0], [23, 207.0], [24, 205.0], [25, 203.5], [26, 203.5], [27, 202.5], [28, 202.0], [29, 200.5], [30, 200.0], [31, 199.0], [32, 198.0], [33, 198.0], [34, 197.5], [35, 197.0], [36, 196.0], [37, 196.0], [38, 196.0], [39, 196.0], [40, 195.0], [41, 194.0], [42, 194.0], [43, 194.5], [44, 196.0], [45, 196.0], [46, 195.5], [47, 196.5], [48, 197.0], [49, 195.5], [50, 196.0], [51, 197.5], [52, 199.5], [53, 199.5], [54, 200.5], [55, 201.0], [56, 201.0], [57, 201.0], [58, 201.0], [59, 203.0], [60, 205.0], [61, 207.5], [62, 208.0], [63, 209.0], [64, 210.5], [65, 211.5], [66, 214.0], [67, 216.0], [68, 217.5], [69, 220.0], [70, 222.5], [71, 224.5], [72, 228.0], [73, 229.0], [74, 232.5], [75, 234.5], [76, 237.5], [77, 241.0], [78, 243.5], [79, 249.0], [80, 252.0], [81, 257.0], [82, 260.0], [83, 267.5], [84, 269.0], [85, 275.5], [86, 278.5], [87, 282.5], [88, 286.5], [89, 290.0], [90, 297.5], [91, 303.0], [92, 312.0], [93, 317.0], [94, 326.5], [95, 332.0], [96, 344.5], [97, 351.5], [98, 362.5], [99, 368.0], [100, 374.5], [101, 389.5], [102, 398.5], [103, 412.5], [104, 422.0], [105, 434.0], [106, 458.0], [107, 469.5], [108, 496.0], [110, 545.5], [111, 590.0], [127, 2562.5], [128, 2567.0], [130, 2381.5], [131, 2390.0], [133, 2552.0], [134, 2557.0], [135, 2557.5], [136, 2562.0], [137, 2563.5], [138, 2572.5], [139, 2575.5], [140, 2580.0], [141, 2588.0], [142, 2592.5], [143, 2606.5], [144, 2836.0], [145, 2846.0], [146, 2854.5], [147, 2863.5], [149, 413.5], [151, 395.0], [152, 392.0], [153, 392.0], [154, 386.5], [156, 446.5], [157, 456.0], [159, 502.0], [164, 69.0], [165, 69.5], [170, 97.5], [173, 117.25], [174, 123.75], [175, 125.25], [176, 127.0], [177, 124.0], [178, 124.0], [179, 123.25], [-180, 122.25], [-175, 69.5], [-173, 59.0], [-169, 72.75], [-167, 70.75], [-165, 83.0], [-164, 783.5], [-163, 779.0], [-162, 770.0], [-161, 781.5], [-160, 787.0], [-159, 801.5], [-158, 810.5], [-156, 1087.0], [-155, 1075.0], [-154, 1071.0], [-153, 1046.5], [-152, 1041.5], [-151, 1044.5], [-150, 1080.0], [-149, 1102.5], [-147, 1373.5], [-146, 1335.5], [-145, 1318.0], [-144, 1286.5], [-143, 1270.5], [-142, 1239.5], [-141, 1225.5], [-140, 1196.5], [-139, 1185.5], [-138, 1174.5], [-137, 1159.5], [-136, 1158.5], [-135, 1166.5], [-134, 1204.0], [-133, 1224.75], [-129, 8722.0], [-124, 8323.5], [-118, 5986.5], [-116, 4898.0], [-115, 4913.0], [-112, 1406.0], [-111, 1412.0], [-110, 1418.5], [-109, 1420.5], [-108, 1426.0], [-107, 1427.5], [-106, 1434.5], [-105, 1438.5], [-104, 1459.0], [-103, 1449.5], [-102, 1480.0], [-101, 1053.5], [-100, 1056.5], [-99, 1064.5], [-95, 1103.5], [-93, 3746.5], [-92, 3723.5], [-90, 5800.5], [-89, 5646.5], [-88, 5594.0], [-87, 5601.0], [-86, 3181.0], [-85, 3166.5], [-84, 2966.5], [-83, 2961.0], [-82, 2984.5], [-80, 5804.0], [-79, 5765.0], [-78, 5692.0], [-77, 5656.0], [-76, 5591.5], [-75, 5561.5], [-74, 5501.5], [-73, 5476.5], [-72, 5418.0], [-71, 5367.0], [-61, 5167.5], [-59, 5149.0], [-57, 4144.0], [-56, 4157.5], [-55, 4173.75], [-54, 5078.0], [-53, 5071.0], [-52, 5049.5], [-50, 4427.5], [-49, 4447.5], [-48, 4456.5], [-38, 846.0], [-30, 512.5], [-28, 467.5], [-27, 455.5], [-26, 442.5], [-25, 420.5], [-24, 411.5], [-23, 394.0], [-22, 385.5], [-21, 370.0], [-20, 361.5], [-19, 355.5], [-18, 343.0], [-17, 336.5], [-16, 323.5], [-15, 318.5], [-14, 308.5], [-13, 304.0], [-12, 293.5], [-11, 288.5], [-10, 281.5], [-9, 278.0], [-8, 275.0], [-7, 268.0], [-6, 265.5], [-5, 259.0]]}