{"heading": 58.8, "target": 64.21939606040608, "gap_dist": 580.3945124861742, "gap_info": [{"width": 267.6315263486502, "center_angle": -168.8602798283883, "edge_a": [-180, 124.75], "edge_b": [-166, 483.0], "depth": 483.0, "passable": true, "chosen": false}, {"width": 580.3945124861742, "center_angle": 64.21939606040608, "edge_a": [26, 490.25], "edge_b": [103, 484.25], "depth": 490.25, "passable": true, "chosen": true}, {"width": 426.82190514589314, "center_angle": 130.365525579361, "edge_a": [122, 493.5], "edge_b": [171, 110.25], "depth": 493.5, "passable": true, "chosen": false}], "scan": [[-3, 234.5], [-2, 237.75], [-1, 240.5], [0, 247.5], [1, 252.0], [2, 257.25], [3, 261.5], [4, 268.25], [5, 271.75], [6, 277.5], [7, 285.5], [8, 289.25], [9, 297.0], [10, 302.25], [11, 308.25], [12, 316.25], [13, 322.5], [14, 328.5], [15, 340.75], [16, 347.25], [17, 362.25], [18, 370.25], [19, 378.75], [20, 396.25], [21, 405.75], [22, 425.75], [23, 436.0], [24, 447.5], [26, 490.25], [32, 706.5], [45, 3141.75], [49, 3125.0], [50, 3138.0], [51, 3140.0], [52, 3145.5], [53, 3149.0], [54, 3152.75], [55, 3161.0], [57, 3168.25], [59, 3405.0], [60, 3425.0], [61, 3435.25], [62, 3454.5], [64, 1013.25], [65, 1006.5], [66, 1001.5], [67, 1007.5], [68, 1014.0], [69, 1049.0], [70, 1067.0], [71, 1077.0], [72, 1106.0], [74, 1063.75], [76, 2638.0], [77, 2578.0], [78, 2520.25], [80, 947.5], [81, 898.5], [82, 898.0], [83, 903.0], [84, 927.0], [85, 951.5], [86, 2485.25], [87, 2510.25], [88, 2536.0], [89, 2588.25], [91, 4649.75], [92, 4656.5], [93, 4637.75], [94, 4890.0], [95, 4955.75], [96, 5097.25], [97, 5163.75], [98, 5327.75], [99, 5407.25], [100, 5492.0], [101, 5684.0], [103, 484.25], [105, 477.5], [106, 476.5], [107, 477.5], [108, 478.25], [109, 479.5], [110, 477.75], [111, 478.5], [112, 479.0], [113, 478.75], [114, 479.25], [115, 481.5], [116, 481.25], [117, 487.0], [118, 490.0], [119, 493.5], [120, 491.75], [121, 489.25], [122, 493.5], [123, 507.0], [124, 508.25], [125, 504.5], [126, 508.25], [127, 511.5], [128, 520.0], [129, 522.25], [130, 529.25], [131, 534.0], [132, 537.5], [133, 542.75], [134, 549.0], [135, 555.25], [136, 559.75], [137, 566.25], [138, 572.75], [139, 581.75], [140, 585.5], [141, 604.0], [142, 609.0], [143, 620.25], [144, 629.25], [145, 639.25], [146, 658.5], [147, 666.5], [148, 673.5], [149, 693.25], [150, 700.75], [151, 828.75], [152, 847.0], [153, 884.5], [154, 901.5], [155, 919.75], [156, 966.0], [157, 987.5], [159, 1075.0], [160, 1143.75], [165, 72.0], [171, 110.25], [172, 112.0], [173, 118.25], [174, 120.5], [175, 126.0], [176, 127.0], [177, 125.75], [178, 126.0], [179, 125.5], [-180, 124.75], [-175, 68.25], [-169, 71.25], [-168, 70.75], [-166, 483.0], [-165, 477.75], [-164, 474.75], [-163, 467.5], [-162, 463.75], [-161, 460.25], [-160, 453.5], [-159, 449.5], [-158, 443.75], [-157, 440.25], [-156, 438.5], [-155, 433.5], [-154, 431.25], [-153, 428.75], [-152, 426.75], [-151, 426.5], [-150, 423.0], [-149, 421.5], [-148, 417.5], [-147, 416.75], [-146, 416.25], [-145, 414.5], [-144, 412.25], [-143, 409.75], [-142, 409.0], [-141, 407.75], [-140, 407.0], [-139, 406.25], [-138, 405.5], [-137, 403.75], [-136, 404.0], [-135, 403.25], [-134, 401.0], [-133, 400.75], [-132, 401.5], [-131, 401.75], [-130, 402.75], [-129, 402.0], [-128, 404.5], [-127, 404.25], [-126, 402.5], [-125, 402.75], [-124, 404.25], [-123, 404.75], [-122, 407.5], [-121, 406.75], [-120, 409.25], [-119, 407.5], [-118, 415.0], [-117, 416.75], [-116, 417.0], [-115, 419.25], [-114, 420.5], [-113, 420.25], [-112, 422.5], [-111, 430.75], [-110, 434.75], [-109, 439.5], [-108, 438.25], [-107, 428.25], [-106, 403.25], [-105, 381.25], [-104, 371.25], [-103, 361.75], [-102, 346.75], [-101, 339.25], [-100, 324.5], [-99, 319.0], [-98, 313.25], [-97, 303.25], [-96, 297.75], [-95, 293.0], [-94, 283.75], [-93, 279.5], [-92, 271.25], [-91, 266.75], [-90, 260.75], [-89, 257.25], [-88, 254.25], [-87, 247.25], [-86, 244.5], [-85, 238.75], [-84, 236.5], [-83, 232.75], [-82, 227.25], [-81, 225.5], [-80, 220.5], [-79, 219.75], [-78, 218.5], [-77, 213.25], [-76, 211.5], [-75, 208.75], [-74, 207.0], [-73, 205.0], [-72, 203.0], [-71, 201.5], [-70, 199.0], [-69, 197.25], [-68, 195.0], [-67, 193.0], [-66, 192.5], [-65, 191.75], [-64, 189.5], [-63, 187.0], [-62, 186.0], [-61, 185.5], [-60, 184.25], [-59, 183.25], [-58, 182.5], [-57, 182.75], [-56, 182.5], [-55, 180.75], [-54, 180.25], [-53, 180.25], [-52, 179.0], [-51, 177.5], [-50, 177.25], [-49, 176.75], [-48, 177.0], [-47, 176.75], [-46, 176.5], [-45, 176.25], [-44, 176.25], [-43, 176.75], [-42, 176.75], [-41, 175.5], [-40, 176.25], [-39, 176.75], [-38, 176.75], [-37, 177.75], [-36, 178.75], [-35, 178.25], [-34, 179.25], [-33, 179.75], [-32, 180.5], [-31, 180.75], [-30, 181.75], [-29, 182.75], [-28, 182.75], [-27, 184.25], [-26, 184.75], [-25, 186.25], [-24, 187.5], [-23, 190.5], [-22, 190.75], [-21, 191.5], [-20, 193.75], [-19, 195.25], [-18, 198.75], [-17, 199.75], [-16, 201.0], [-15, 203.5], [-14, 204.75], [-13, 207.0], [-12, 208.0], [-11, 209.5], [-10, 211.5], [-9, 214.0], [-8, 219.5], [-7, 220.5], [-6, 224.25], [-5, 226.5], [-4, 228.5]]}