{"heading": 38.5, "target": 89.1181312246254, "gap_dist": 485.32070914504055, "gap_info": [{"width": 194.20777655156806, "center_angle": -9.138168473336089, "edge_a": [-32, 184.0], "edge_b": [4, 314.5], "depth": 314.5, "passable": false, "chosen": false}, {"width": 128.370612808244, "center_angle": 48.22340724229688, "edge_a": [47, 222.5], "edge_b": [49, 350.5], "depth": 350.5, "passable": false, "chosen": false}, {"width": 485.32070914504055, "center_angle": 89.1181312246254, "edge_a": [49, 350.5], "edge_b": [116, 499.5], "depth": 499.5, "passable": true, "chosen": true}, {"width": 402.20501787061403, "center_angle": 134.00948686311384, "edge_a": [126, 475.0], "edge_b": [171, 110.0], "depth": 475.0, "passable": true, "chosen": false}], "scan": [[-3, 4479.0], [-2, 4441.0], [-1, 4419.0], [0, 4570.5], [1, 4671.0], [2, 4783.0], [4, 314.5], [5, 311.0], [6, 308.0], [7, 300.5], [8, 297.0], [9, 291.0], [10, 288.0], [11, 283.5], [12, 279.0], [13, 276.0], [14, 273.5], [15, 268.0], [16, 267.5], [17, 262.0], [18, 260.0], [19, 258.0], [20, 254.0], [21, 252.5], [22, 250.5], [23, 247.0], [24, 244.0], [25, 241.0], [26, 239.5], [27, 237.5], [28, 236.5], [29, 234.0], [30, 232.5], [31, 231.0], [32, 229.25], [33, 227.75], [34, 226.5], [35, 227.5], [36, 226.0], [37, 224.5], [38, 222.75], [39, 222.25], [40, 221.5], [41, 220.5], [42, 219.0], [43, 217.75], [44, 215.25], [45, 219.5], [46, 222.5], [47, 222.5], [49, 350.5], [50, 3433.0], [53, 3036.0], [54, 2947.5], [55, 2787.5], [56, 2712.0], [57, 2642.0], [58, 2511.0], [59, 2453.5], [60, 2342.0], [61, 2289.5], [62, 2240.5], [63, 2153.5], [64, 2113.0], [65, 2073.5], [66, 2002.5], [67, 1933.5], [68, 1902.0], [69, 1871.5], [70, 1815.0], [71, 1790.5], [72, 1765.5], [73, 1716.5], [74, 1694.5], [75, 1653.5], [76, 1634.5], [77, 1614.5], [78, 1575.5], [79, 1555.5], [80, 1525.5], [81, 1510.5], [82, 1496.0], [83, 1464.0], [84, 1451.0], [85, 1428.0], [86, 1413.5], [87, 1392.0], [88, 1382.0], [89, 1371.0], [90, 1350.0], [91, 1340.0], [92, 1322.5], [93, 1315.0], [94, 1307.5], [95, 1292.0], [96, 1286.0], [97, 1283.0], [98, 613.0], [99, 605.0], [100, 593.5], [101, 586.5], [102, 580.0], [103, 570.5], [104, 563.5], [105, 558.5], [106, 548.0], [107, 543.0], [108, 534.0], [109, 529.5], [110, 527.0], [111, 520.5], [112, 515.0], [113, 507.5], [114, 506.5], [115, 504.0], [116, 499.5], [117, 496.5], [118, 489.0], [119, 487.0], [120, 483.5], [121, 480.5], [122, 478.0], [123, 476.5], [124, 475.0], [125, 472.5], [126, 475.0], [130, 1291.5], [131, 1195.5], [132, 1198.0], [133, 1202.0], [134, 1206.5], [135, 1211.75], [136, 1220.0], [137, 1223.5], [138, 1227.25], [139, 1239.0], [140, 1242.75], [141, 1246.75], [142, 1258.5], [143, 1264.0], [144, 1276.0], [145, 1283.5], [146, 1290.5], [147, 1303.0], [148, 1311.5], [149, 1328.0], [150, 1337.5], [151, 1346.5], [152, 1366.5], [153, 1376.0], [154, 1386.5], [155, 1407.5], [156, 1420.0], [157, 1442.5], [158, 1456.5], [159, 1486.0], [160, 1501.5], [161, 1516.0], [163, 61.5], [164, 68.75], [165, 70.25], [171, 110.0], [173, 121.25], [174, 124.25], [175, 125.75], [176, 126.75], [177, 126.5], [178, 125.5], [179, 125.75], [180, 125.0], [-175, 68.5], [-174, 67.0], [-169, 70.75], [-166, 850.75], [-165, 851.25], [-164, 854.75], [-163, 3365.5], [-162, 3363.5], [-161, 3351.5], [-160, 3341.0], [-159, 1070.5], [-158, 1062.0], [-157, 1060.5], [-156, 1064.0], [-155, 1042.0], [-154, 1036.5], [-153, 1029.5], [-152, 1028.5], [-151, 1035.75], [-150, 3459.25], [-149, 3466.25], [-148, 3467.75], [-147, 3468.5], [-146, 3470.0], [-145, 3474.0], [-143, 2653.0], [-142, 2082.0], [-141, 2078.5], [-140, 2083.0], [-139, 2090.5], [-138, 2095.5], [-137, 2100.5], [-136, 2110.5], [-135, 2116.5], [-134, 2123.0], [-133, 2136.5], [-132, 2143.5], [-131, 2160.0], [-130, 2168.0], [-129, 2186.0], [-128, 2194.5], [-127, 2204.5], [-125, 3767.5], [-124, 3810.5], [-123, 3831.5], [-122, 3854.5], [-121, 3903.5], [-120, 3927.5], [-119, 3984.5], [-118, 4012.5], [-117, 4041.5], [-116, 4106.25], [-115, 4137.5], [-113, 263.0], [-112, 257.5], [-111, 254.75], [-110, 246.75], [-109, 242.75], [-108, 239.0], [-107, 232.75], [-106, 229.5], [-105, 224.0], [-104, 220.5], [-103, 217.5], [-102, 212.0], [-101, 209.5], [-100, 207.0], [-99, 203.0], [-98, 200.0], [-97, 196.0], [-96, 194.5], [-95, 193.0], [-94, 190.25], [-93, 189.75], [-92, 186.5], [-91, 185.0], [-90, 184.5], [-89, 182.75], [-88, 181.75], [-87, 180.0], [-86, 177.5], [-85, 174.75], [-84, 171.0], [-83, 172.25], [-82, 172.25], [-81, 171.75], [-80, 170.5], [-79, 169.0], [-78, 169.0], [-77, 168.0], [-76, 166.25], [-75, 166.25], [-74, 166.0], [-73, 166.0], [-72, 163.5], [-71, 162.25], [-70, 163.0], [-69, 162.0], [-68, 163.25], [-67, 162.75], [-66, 160.0], [-65, 159.75], [-64, 159.75], [-63, 158.25], [-62, 157.5], [-61, 153.5], [-60, 154.0], [-59, 156.75], [-58, 159.0], [-57, 160.5], [-56, 160.5], [-55, 161.75], [-54, 162.25], [-53, 161.5], [-52, 162.0], [-51, 162.5], [-50, 162.5], [-49, 164.5], [-48, 164.5], [-47, 165.5], [-46, 166.5], [-45, 167.0], [-44, 167.0], [-43, 168.0], [-42, 168.5], [-41, 169.0], [-40, 170.5], [-39, 174.0], [-38, 174.5], [-37, 175.0], [-36, 175.5], [-35, 176.5], [-34, 177.5], [-33, 176.5], [-32, 184.0], [-25, 4685.5], [-22, 6729.0], [-21, 6638.0], [-20, 6435.0], [-19, 6312.0], [-18, 6217.5], [-14, 3410.5], [-12, 3445.0], [-9, 5252.0], [-8, 5198.5], [-7, 5075.5], [-6, 5037.5], [-4, 4765.0]]}