{"heading": 17.3, "target": 67.41886006975646, "gap_dist": 449.01636489011497, "gap_info": [{"width": 71.51890363264117, "center_angle": 1.18499198843263, "edge_a": [0, 214.25], "edge_b": [2, 311.5], "depth": 311.5, "passable": false, "chosen": false}, {"width": 449.01636489011497, "center_angle": 67.41886006975646, "edge_a": [39, 480.5], "edge_b": [96, 478.0], "depth": 480.5, "passable": true, "chosen": true}, {"width": 118.76568840842906, "center_angle": 135.30047609203845, "edge_a": [133, 327.5], "edge_b": [137, 443.25], "depth": 443.25, "passable": false, "chosen": false}, {"width": 352.77471843126466, "center_angle": 144.47491993986736, "edge_a": [137, 443.25], "edge_b": [173, 120.75], "depth": 443.25, "passable": true, "chosen": false}], "scan": [[-2, 211.5], [-1, 213.75], [0, 214.25], [2, 311.5], [3, 316.75], [4, 315.0], [5, 305.0], [6, 300.75], [7, 291.0], [8, 286.5], [9, 279.75], [10, 276.5], [11, 269.0], [12, 265.75], [13, 262.25], [14, 260.0], [15, 254.25], [16, 253.0], [17, 250.0], [18, 250.25], [19, 251.75], [20, 260.0], [21, 263.5], [22, 271.25], [23, 275.75], [24, 280.75], [25, 289.75], [26, 294.75], [27, 305.25], [28, 311.5], [29, 324.75], [30, 338.5], [31, 347.5], [32, 357.25], [33, 374.75], [34, 381.25], [36, 413.0], [38, 449.5], [39, 480.5], [40, 507.5], [42, 4395.5], [43, 4402.5], [44, 4412.75], [45, 4418.5], [46, 4444.0], [47, 4450.5], [48, 4450.5], [49, 4435.75], [50, 4419.0], [52, 3848.5], [53, 3879.75], [54, 3890.5], [59, 2858.5], [62, 2532.75], [63, 2463.0], [64, 2335.0], [65, 2275.5], [66, 2167.5], [67, 2119.0], [68, 2023.0], [69, 1983.25], [70, 1908.25], [71, 1870.5], [72, 1804.5], [73, 1773.75], [74, 1742.5], [75, 1684.75], [76, 1658.25], [77, 1608.75], [78, 1585.5], [79, 1542.5], [80, 1520.5], [81, 1477.75], [82, 1459.0], [83, 1443.25], [84, 1411.25], [85, 1382.0], [86, 1366.5], [87, 1351.0], [88, 1324.0], [89, 1310.5], [90, 1287.25], [91, 1276.75], [92, 1253.0], [93, 1243.5], [94, 1224.0], [95, 1214.5], [96, 478.0], [97, 470.5], [98, 464.0], [99, 452.25], [100, 446.25], [101, 439.0], [102, 429.5], [103, 425.25], [104, 415.0], [105, 411.0], [106, 403.75], [107, 400.5], [108, 391.5], [109, 387.5], [110, 384.5], [111, 378.25], [112, 374.5], [113, 367.75], [114, 366.0], [115, 360.25], [116, 357.0], [117, 352.75], [118, 350.0], [119, 347.25], [120, 342.75], [121, 340.75], [122, 338.25], [123, 334.0], [124, 332.25], [125, 330.25], [126, 327.0], [127, 325.75], [128, 324.0], [129, 322.25], [130, 321.75], [131, 320.0], [132, 318.25], [133, 327.5], [137, 443.25], [138, 1117.25], [140, 1046.25], [141, 1053.25], [142, 1055.25], [143, 1060.0], [144, 1063.5], [145, 1072.25], [146, 1074.75], [147, 1084.5], [148, 1087.75], [149, 1092.25], [150, 1101.5], [151, 1107.25], [152, 1118.5], [153, 1125.0], [154, 1137.0], [155, 1143.75], [156, 1157.25], [157, 1164.75], [158, 1179.5], [159, 1188.5], [160, 1196.25], [165, 70.75], [169, 89.0], [173, 120.75], [174, 123.0], [175, 125.0], [176, 127.25], [177, 126.25], [178, 126.0], [179, 125.75], [180, 126.5], [-175, 68.75], [-171, 79.25], [-169, 69.5], [-166, 601.25], [-162, 2982.5], [-159, 3408.5], [-157, 1235.75], [-155, 3345.75], [-154, 3330.75], [-153, 3320.25], [-152, 3300.75], [-151, 3292.5], [-150, 3277.75], [-149, 3271.25], [-148, 3259.5], [-147, 3255.25], [-146, 3455.75], [-144, 806.0], [-142, 3446.25], [-141, 3447.25], [-140, 3448.75], [-139, 3451.0], [-137, 684.5], [-135, 621.25], [-134, 617.5], [-133, 615.5], [-132, 610.75], [-131, 610.75], [-130, 611.75], [-129, 612.5], [-128, 614.0], [-126, 593.75], [-124, 2149.75], [-123, 2162.5], [-122, 2171.5], [-121, 2190.25], [-120, 2199.25], [-119, 2222.25], [-118, 2233.25], [-117, 2244.75], [-115, 3853.5], [-114, 3905.5], [-113, 3931.25], [-112, 3985.75], [-111, 4013.5], [-110, 4074.25], [-109, 4106.75], [-108, 4174.5], [-107, 4208.0], [-106, 4185.75], [-104, 4355.25], [-103, 4440.0], [-102, 4484.75], [-101, 4578.25], [-100, 4625.25], [-99, 4728.25], [-98, 4785.5], [-97, 4875.5], [-96, 4946.5], [-95, 5021.0], [-94, 5152.5], [-93, 3229.25], [-92, 3188.25], [-91, 3137.0], [-89, 5695.25], [-88, 5780.0], [-86, 6201.25], [-85, 6320.25], [-84, 6443.0], [-80, 238.75], [-79, 231.5], [-78, 229.5], [-77, 224.75], [-76, 221.5], [-75, 217.75], [-74, 216.0], [-73, 210.25], [-72, 209.0], [-71, 205.75], [-70, 203.5], [-69, 202.0], [-68, 198.5], [-67, 197.25], [-66, 194.75], [-65, 193.75], [-64, 190.5], [-63, 189.5], [-62, 187.5], [-61, 186.75], [-60, 185.75], [-59, 184.5], [-58, 183.75], [-57, 182.0], [-56, 181.5], [-55, 182.25], [-54, 181.5], [-53, 179.5], [-52, 178.25], [-51, 176.75], [-50, 175.75], [-49, 176.0], [-48, 175.25], [-47, 174.75], [-46, 172.75], [-45, 172.0], [-44, 170.75], [-43, 169.75], [-42, 171.0], [-41, 172.0], [-40, 171.75], [-39, 169.25], [-38, 169.25], [-37, 166.25], [-36, 165.0], [-35, 165.75], [-34, 167.75], [-33, 167.75], [-32, 168.75], [-31, 171.25], [-30, 171.5], [-29, 173.0], [-28, 172.5], [-27, 173.75], [-26, 173.75], [-25, 174.5], [-24, 175.0], [-23, 176.5], [-22, 177.25], [-21, 178.5], [-20, 179.75], [-19, 181.25], [-18, 181.75], [-17, 182.5], [-16, 183.75], [-15, 185.25], [-14, 185.75], [-13, 187.5], [-12, 188.5], [-11, 191.75], [-10, 193.25], [-9, 195.75], [-8, 196.75], [-7, 197.75], [-6, 200.25], [-5, 201.5], [-4, 203.5], [-3, 207.0]]}