{"heading": 69.1, "target": -75.78135619413402, "gap_dist": 391.40055420582945, "gap_info": [{"width": 391.40055420582945, "center_angle": -75.78135619413402, "edge_a": [-180, 122.75], "edge_b": [-62, 499.5], "depth": 499.5, "passable": true, "chosen": true}, {"width": 141.36557732695422, "center_angle": 32.666016380958744, "edge_a": [32, 358.5], "edge_b": [34, 179.0], "depth": 358.5, "passable": false, "chosen": false}, {"width": 190.23908493547208, "center_angle": 138.93549374540152, "edge_a": [131, 430.75], "edge_b": [172, 109.0], "depth": 430.75, "passable": false, "chosen": false}], "scan": [[-3, 277.5], [-2, 277.5], [-1, 278.5], [0, 279.0], [1, 279.5], [2, 280.5], [3, 281.0], [4, 282.5], [5, 284.0], [6, 285.0], [7, 287.0], [8, 289.5], [9, 290.0], [10, 291.0], [11, 292.0], [12, 293.0], [13, 295.0], [14, 296.0], [15, 298.5], [16, 300.5], [17, 302.5], [18, 305.5], [19, 308.0], [20, 312.0], [21, 313.0], [22, 315.0], [23, 320.5], [24, 322.0], [25, 328.5], [26, 332.0], [27, 334.5], [28, 339.0], [29, 346.5], [30, 348.5], [31, 355.5], [32, 358.5], [34, 179.0], [35, 176.5], [36, 177.5], [37, 176.0], [38, 173.25], [39, 172.0], [40, 171.75], [41, 170.0], [42, 168.5], [43, 168.75], [44, 166.5], [45, 165.25], [46, 165.0], [47, 163.0], [48, 163.25], [49, 161.5], [50, 161.5], [51, 161.5], [52, 160.0], [53, 159.5], [54, 159.5], [55, 159.0], [56, 158.0], [57, 158.5], [58, 158.5], [59, 158.25], [60, 157.75], [61, 157.5], [62, 157.0], [63, 157.75], [64, 157.5], [65, 156.5], [66, 158.5], [67, 159.0], [68, 158.25], [69, 159.25], [70, 159.0], [71, 159.25], [72, 159.75], [73, 160.25], [74, 160.75], [75, 159.5], [76, 160.5], [77, 162.0], [78, 161.5], [79, 163.0], [80, 164.0], [81, 166.0], [82, 167.5], [83, 167.5], [84, 165.5], [85, 169.75], [86, 170.0], [87, 171.25], [88, 174.0], [89, 175.0], [90, 177.75], [91, 177.75], [92, 178.25], [93, 180.75], [94, 182.0], [95, 182.5], [96, 184.5], [97, 188.0], [98, 192.0], [99, 194.0], [100, 195.5], [101, 197.5], [102, 205.0], [103, 207.5], [104, 210.5], [105, 213.5], [106, 218.5], [107, 220.0], [108, 225.5], [109, 229.0], [110, 232.5], [111, 240.0], [112, 243.0], [113, 248.5], [114, 252.5], [115, 258.5], [116, 267.0], [117, 273.0], [119, 297.0], [120, 312.0], [121, 310.5], [123, 337.0], [125, 378.0], [126, 364.25], [127, 372.75], [129, 412.5], [131, 430.75], [133, 1227.75], [134, 1244.0], [136, 4677.0], [137, 4753.5], [138, 4916.5], [139, 5005.0], [140, 5191.5], [141, 5292.5], [144, 5728.0], [145, 5993.0], [146, 6134.5], [147, 6289.5], [148, 3514.5], [150, 3469.5], [156, 4928.0], [160, 6448.5], [161, 6442.0], [164, 69.0], [165, 69.5], [166, 69.0], [169, 97.75], [172, 109.0], [173, 118.75], [174, 121.5], [175, 125.75], [176, 126.0], [177, 123.75], [178, 124.0], [179, 124.0], [-180, 122.75], [-175, 67.25], [-171, 77.25], [-166, 858.0], [-165, 850.0], [-164, 852.0], [-163, 853.5], [-162, 858.5], [-161, 860.5], [-160, 859.5], [-159, 865.0], [-158, 870.0], [-157, 870.5], [-155, 1071.5], [-154, 1063.0], [-153, 1054.0], [-152, 1046.0], [-151, 1060.5], [-150, 1076.5], [-149, 1112.0], [-148, 1131.0], [-147, 1149.5], [-146, 1191.5], [-145, 1211.5], [-144, 1260.0], [-143, 1289.0], [-142, 1318.5], [-141, 1384.0], [-140, 1408.5], [-138, 3617.5], [-137, 3597.5], [-136, 3630.0], [-134, 5650.5], [-133, 5468.5], [-132, 5442.0], [-131, 5442.5], [-130, 5518.0], [-129, 5723.0], [-128, 5710.5], [-127, 866.5], [-126, 865.5], [-125, 863.0], [-124, 859.5], [-123, 855.5], [-122, 854.75], [-121, 852.75], [-120, 849.25], [-119, 846.75], [-118, 843.5], [-117, 841.75], [-116, 840.5], [-115, 842.25], [-114, 840.25], [-113, 839.0], [-112, 839.25], [-111, 842.5], [-110, 842.0], [-109, 843.5], [-108, 844.0], [-107, 856.5], [-103, 5022.75], [-102, 5024.25], [-101, 5019.25], [-100, 5011.0], [-99, 5001.0], [-98, 4980.0], [-97, 4969.5], [-96, 4965.0], [-95, 4950.5], [-93, 4327.5], [-92, 4354.5], [-91, 4364.5], [-74, 781.0], [-73, 766.0], [-72, 715.0], [-70, 674.5], [-69, 636.0], [-68, 605.0], [-67, 588.5], [-66, 559.0], [-64, 529.0], [-63, 510.0], [-62, 499.5], [-61, 488.0], [-60, 472.0], [-59, 466.0], [-58, 447.5], [-57, 439.75], [-56, 426.0], [-55, 419.5], [-54, 414.75], [-53, 404.5], [-52, 400.0], [-51, 391.0], [-50, 386.5], [-49, 381.25], [-48, 372.0], [-47, 367.5], [-46, 360.0], [-45, 356.5], [-44, 352.5], [-43, 345.0], [-42, 341.75], [-41, 336.5], [-40, 333.0], [-39, 329.75], [-38, 323.0], [-37, 321.25], [-36, 316.0], [-35, 314.5], [-34, 311.5], [-33, 307.0], [-32, 304.5], [-31, 300.25], [-30, 298.25], [-29, 296.75], [-28, 294.0], [-27, 292.5], [-26, 291.0], [-25, 289.0], [-24, 287.5], [-23, 284.5], [-22, 283.5], [-21, 281.0], [-20, 279.5], [-19, 278.5], [-18, 277.0], [-17, 276.5], [-16, 274.5], [-15, 273.5], [-14, 273.0], [-13, 272.0], [-12, 270.5], [-11, 270.5], [-10, 270.0], [-9, 270.5], [-8, 270.0], [-7, 269.5], [-6, 269.5], [-5, 269.5], [-4, 270.5]]}