{"heading": -11.3, "target": -59.09740707597296, "gap_dist": 393.7274673760861, "gap_info": [{"width": 393.7274673760861, "center_angle": -59.09740707597296, "edge_a": [-108, 295.25], "edge_b": [4, 249.5], "depth": 295.25, "passable": true, "chosen": true}, {"width": 44.263897194974, "center_angle": 52.634382405884075, "edge_a": [51, 216.0], "edge_b": [54, 258.5], "depth": 258.5, "passable": false, "chosen": false}, {"width": 326.81362979201475, "center_angle": 80.28944143111168, "edge_a": [54, 258.5], "edge_b": [171, 114.5], "depth": 258.5, "passable": true, "chosen": false}], "scan": [[-3, 1347.0], [-2, 1333.5], [-1, 1320.5], [4, 249.5], [5, 233.5], [7, 212.5], [8, 208.5], [10, 191.0], [11, 180.0], [12, 176.5], [13, 171.5], [14, 165.0], [15, 163.5], [16, 158.0], [17, 154.0], [19, 144.5], [20, 142.0], [21, 140.5], [22, 132.5], [23, 131.0], [24, 130.5], [25, 131.5], [26, 133.5], [28, 128.5], [29, 129.5], [30, 130.5], [31, 131.0], [32, 130.5], [33, 133.0], [34, 135.0], [35, 137.5], [36, 138.5], [37, 142.5], [38, 144.5], [39, 146.5], [40, 152.0], [41, 156.0], [42, 160.5], [43, 162.0], [45, 175.0], [46, 181.5], [47, 187.0], [48, 191.0], [49, 202.0], [51, 216.0], [54, 258.5], [62, 1147.0], [63, 1154.5], [64, 1170.0], [65, 1177.5], [66, 1195.0], [67, 1204.5], [68, 1217.5], [69, 1225.0], [70, 1234.5], [71, 1256.0], [72, 1266.5], [73, 1289.5], [74, 1303.0], [75, 1327.0], [76, 1341.0], [77, 1352.0], [78, 1381.5], [79, 1397.5], [80, 1426.5], [81, 1443.0], [82, 1479.0], [83, 1494.5], [84, 1516.0], [85, 1559.5], [86, 1580.0], [87, 1625.5], [88, 1652.0], [89, 816.0], [90, 800.5], [91, 792.5], [92, 783.0], [93, 769.0], [94, 760.5], [95, 746.5], [96, 737.5], [97, 725.5], [98, 719.0], [99, 713.0], [100, 702.5], [101, 702.0], [102, 709.0], [103, 721.5], [104, 750.0], [105, 765.0], [106, 806.0], [107, 824.0], [108, 870.5], [109, 894.5], [112, 3581.0], [114, 3730.5], [115, 3706.0], [116, 3697.5], [117, 3681.5], [118, 3673.0], [122, 3866.0], [123, 3862.0], [124, 3854.0], [125, 3852.0], [126, 3851.0], [127, 3854.0], [128, 3855.5], [129, 3854.0], [130, 3857.5], [131, 3864.5], [133, 3043.5], [134, 2467.0], [135, 2466.0], [136, 2472.5], [137, 2483.5], [138, 2489.0], [139, 2495.5], [140, 2511.5], [141, 2519.5], [142, 2536.5], [143, 2547.0], [144, 2557.0], [145, 2576.5], [146, 2588.0], [148, 4149.0], [149, 4179.5], [150, 4222.0], [151, 4246.0], [152, 4297.5], [153, 4327.0], [154, 4383.0], [155, 4414.0], [156, 4445.5], [157, 4513.5], [158, 4498.0], [160, 4659.0], [161, 4699.5], [164, 69.5], [165, 72.0], [168, 62.75], [171, 114.5], [172, 115.5], [173, 118.0], [174, 124.0], [175, 125.25], [176, 128.0], [177, 126.75], [178, 127.5], [179, 126.75], [180, 126.75], [-175, 71.25], [-171, 77.0], [-166, 92.0], [-160, 4077.5], [-157, 87.5], [-143, 377.5], [-142, 376.5], [-141, 369.0], [-140, 365.5], [-139, 362.0], [-138, 354.5], [-137, 351.5], [-136, 344.5], [-135, 343.0], [-134, 337.5], [-133, 336.5], [-132, 330.0], [-131, 327.5], [-130, 325.0], [-129, 323.75], [-128, 321.75], [-127, 317.0], [-126, 316.5], [-125, 315.25], [-124, 312.75], [-123, 310.5], [-122, 306.5], [-121, 305.5], [-120, 303.5], [-119, 302.5], [-118, 301.0], [-117, 300.0], [-116, 299.0], [-115, 296.5], [-114, 296.5], [-113, 295.5], [-112, 295.0], [-111, 293.5], [-110, 293.0], [-109, 291.75], [-108, 295.25], [-105, 5477.0], [-103, 5256.5], [-102, 5186.5], [-100, 4978.0], [-99, 4929.0], [-98, 4871.0], [-97, 4572.5], [-96, 4523.0], [-95, 4425.0], [-93, 4216.5], [-92, 4259.5], [-91, 4221.0], [-90, 4184.5], [-89, 4286.5], [-88, 4368.5], [-86, 3389.0], [-85, 3386.5], [-84, 3409.5], [-83, 4503.0], [-82, 4476.5], [-81, 4420.0], [-80, 4394.5], [-79, 4371.0], [-78, 4324.0], [-77, 4304.0], [-76, 4262.0], [-75, 4242.5], [-74, 4225.5], [-73, 4190.5], [-72, 4175.5], [-71, 4147.0], [-70, 4112.0], [-69, 4072.0], [-68, 4094.5], [-67, 4114.0], [-66, 4099.0], [-65, 4086.0], [-64, 4068.5], [-63, 4071.5], [-62, 4065.5], [-61, 4045.5], [-60, 4041.5], [-59, 4012.0], [-58, 4003.5], [-57, 3995.0], [-56, 3987.0], [-55, 3990.0], [-54, 3990.5], [-53, 4002.0], [-52, 4017.5], [-51, 4012.5], [-50, 4017.0], [-49, 4024.5], [-48, 4054.5], [-47, 4056.0], [-46, 4071.0], [-45, 4076.0], [-44, 4060.0], [-43, 4040.5], [-40, 3468.5], [-39, 3492.5], [-38, 3514.5], [-33, 2725.5], [-32, 2568.0], [-31, 2497.5], [-30, 2367.0], [-29, 2307.0], [-28, 2197.0], [-27, 2147.0], [-26, 2099.0], [-25, 2012.5], [-24, 1971.5], [-23, 1894.0], [-22, 1860.5], [-21, 1827.0], [-20, 1765.5], [-19, 1738.0], [-18, 1686.5], [-17, 1661.0], [-16, 1614.5], [-15, 1592.0], [-14, 1570.5], [-13, 1528.5], [-12, 1509.5], [-11, 1473.0], [-10, 1456.0], [-9, 1424.5], [-8, 1407.5], [-7, 1391.0], [-6, 1364.5], [-5, 1352.0], [-4, 1326.5]]}