{"heading": -26.7, "target": -37.96123293613756, "gap_dist": 447.66840406711754, "gap_info": [{"width": 405.19901462257775, "center_angle": -147.5849446293035, "edge_a": [-180, 122.75], "edge_b": [-140, 498.5], "depth": 498.5, "passable": true, "chosen": false}, {"width": 273.75265749884477, "center_angle": -105.11147398012874, "edge_a": [-122, 469.5], "edge_b": [-89, 491.5], "depth": 491.5, "passable": true, "chosen": false}, {"width": 447.66840406711754, "center_angle": -37.96123293613756, "edge_a": [-64, 497.0], "edge_b": [-5, 401.0], "depth": 497.0, "passable": true, "chosen": true}, {"width": 287.0984033886517, "center_angle": 60.28788899350829, "edge_a": [43, 335.0], "edge_b": [170, 105.75], "depth": 335.0, "passable": true, "chosen": false}], "scan": [[-2, 361.5], [-1, 354.0], [0, 334.5], [1, 326.5], [2, 319.5], [3, 305.5], [4, 298.5], [5, 287.0], [6, 284.0], [7, 279.0], [8, 267.0], [9, 262.0], [10, 255.5], [11, 252.0], [12, 248.0], [13, 239.5], [14, 235.5], [15, 228.0], [16, 225.0], [17, 222.0], [18, 217.0], [19, 213.0], [20, 207.5], [21, 205.5], [22, 204.0], [23, 199.5], [24, 198.5], [25, 196.0], [26, 195.0], [27, 195.5], [28, 196.5], [29, 202.0], [31, 213.5], [32, 220.5], [33, 226.5], [34, 233.0], [35, 245.0], [36, 249.0], [37, 262.5], [39, 277.5], [41, 305.5], [43, 335.0], [46, 906.5], [47, 893.5], [48, 894.0], [49, 894.5], [50, 895.5], [51, 895.0], [52, 898.5], [53, 900.0], [54, 901.5], [55, 902.0], [56, 904.5], [57, 908.0], [58, 912.0], [59, 916.0], [60, 921.0], [61, 923.0], [62, 931.0], [63, 934.5], [64, 937.0], [65, 945.0], [66, 949.0], [67, 958.5], [68, 964.5], [69, 974.5], [70, 980.0], [71, 990.5], [72, 997.5], [73, 1005.5], [74, 1018.0], [75, 1025.5], [76, 1041.0], [77, 1047.0], [78, 1053.5], [79, 1072.5], [80, 1082.5], [81, 1100.5], [82, 1112.0], [83, 1132.0], [84, 1144.0], [85, 1164.5], [86, 1177.5], [87, 1189.5], [88, 1215.5], [89, 1228.0], [90, 1257.0], [91, 1272.5], [92, 1303.0], [93, 1321.0], [94, 1339.0], [95, 1377.5], [96, 1398.0], [97, 1440.5], [98, 1463.5], [99, 1511.5], [100, 1536.5], [101, 1564.0], [102, 1592.0], [103, 1651.0], [104, 1683.5], [105, 1758.5], [106, 1798.5], [107, 1886.0], [108, 1931.0], [109, 1977.5], [110, 2079.25], [111, 2133.75], [112, 2256.5], [113, 2324.0], [117, 2835.5], [120, 3284.0], [122, 3079.0], [123, 3227.5], [124, 3204.0], [125, 3197.0], [126, 3190.5], [127, 3178.0], [128, 3172.0], [129, 3160.0], [133, 3357.5], [134, 3359.0], [135, 3358.0], [136, 3357.5], [137, 3359.0], [138, 3361.0], [139, 3364.0], [140, 3372.5], [141, 3373.5], [143, 3386.5], [144, 3394.5], [145, 3413.0], [146, 2597.0], [147, 2598.5], [149, 2026.5], [150, 2026.0], [151, 2034.5], [152, 2049.0], [153, 2057.5], [154, 2065.0], [155, 2083.0], [156, 2093.0], [157, 2112.5], [158, 2125.0], [159, 2147.0], [160, 2160.0], [161, 2172.0], [165, 69.5], [166, 66.25], [170, 105.75], [171, 108.5], [173, 116.75], [174, 122.75], [175, 124.75], [176, 126.5], [177, 125.0], [178, 125.25], [179, 125.0], [180, 124.0], [-180, 122.75], [-171, 74.5], [-170, 70.0], [-169, 70.75], [-168, 72.25], [-167, 71.75], [-164, 6923.5], [-161, 4548.5], [-160, 4509.5], [-154, 570.25], [-153, 560.0], [-152, 555.5], [-151, 546.0], [-150, 542.5], [-149, 537.0], [-148, 530.0], [-147, 527.0], [-146, 520.0], [-145, 516.5], [-144, 512.0], [-143, 508.5], [-142, 505.0], [-141, 500.5], [-140, 498.5], [-139, 495.5], [-138, 493.0], [-137, 491.0], [-136, 485.0], [-135, 483.5], [-134, 481.0], [-133, 480.0], [-132, 477.0], [-131, 475.0], [-130, 473.5], [-129, 473.0], [-128, 472.5], [-127, 469.5], [-126, 470.0], [-125, 468.0], [-124, 468.0], [-123, 468.5], [-122, 469.5], [-116, 7929.0], [-113, 3056.0], [-111, 6360.0], [-104, 4951.5], [-101, 7148.5], [-100, 7025.5], [-99, 6758.5], [-98, 6633.0], [-95, 3708.5], [-94, 3695.5], [-91, 553.5], [-90, 521.0], [-89, 491.5], [-87, 454.0], [-86, 444.5], [-85, 433.5], [-84, 414.0], [-83, 407.0], [-82, 394.5], [-81, 390.0], [-80, 389.0], [-79, 390.5], [-78, 394.5], [-77, 398.5], [-76, 406.5], [-75, 411.0], [-74, 417.5], [-73, 421.5], [-72, 426.5], [-71, 435.5], [-70, 440.0], [-69, 451.5], [-68, 457.0], [-67, 469.0], [-66, 476.0], [-65, 483.0], [-64, 497.0], [-63, 504.5], [-62, 520.5], [-61, 528.0], [-60, 537.5], [-59, 557.5], [-58, 567.5], [-57, 592.5], [-56, 606.5], [-52, 4524.0], [-51, 4498.0], [-50, 4498.5], [-49, 4492.5], [-48, 4471.5], [-47, 4468.5], [-46, 4460.0], [-45, 4456.5], [-44, 4457.5], [-43, 4461.5], [-42, 4470.5], [-41, 4483.5], [-40, 4494.0], [-39, 4493.0], [-38, 4507.5], [-37, 4513.0], [-36, 4475.0], [-35, 4496.5], [-34, 3898.5], [-33, 3909.5], [-32, 3928.5], [-31, 3942.0], [-22, 2217.0], [-21, 2152.0], [-20, 2095.0], [-19, 1989.5], [-18, 1943.5], [-17, 1856.0], [-16, 1818.0], [-15, 1747.5], [-14, 1714.5], [-13, 1682.5], [-12, 1621.0], [-11, 1590.5], [-10, 1536.5], [-9, 1511.5], [-8, 1487.0], [-7, 1442.0], [-5, 401.0], [-4, 390.0]]}