{"heading": 24.8, "target": 42.24389155336167, "gap_dist": 462.13276150474616, "gap_info": [{"width": 462.13276150474616, "center_angle": 42.24389155336167, "edge_a": [-10, 180.5], "edge_b": [59, 495.0], "depth": 495.0, "passable": true, "chosen": true}, {"width": 495.08687408899834, "center_angle": 85.54677177519277, "edge_a": [72, 466.0], "edge_b": [171, 109.5], "depth": 466.0, "passable": true, "chosen": false}], "scan": [[-2, 2776.5], [-1, 2635.5], [0, 2570.5], [1, 2451.5], [2, 2398.0], [3, 2344.75], [4, 2248.0], [5, 2203.25], [6, 2120.5], [7, 2083.0], [8, 2019.0], [9, 1986.5], [10, 1927.5], [11, 1900.0], [12, 1874.25], [13, 1847.75], [14, 1799.5], [15, 1774.0], [16, 1723.75], [17, 1702.5], [18, 1664.0], [19, 1644.0], [20, 1606.75], [21, 1588.75], [22, 1569.5], [23, 1539.0], [24, 1521.5], [25, 1490.25], [26, 1477.75], [27, 1447.5], [28, 1433.5], [29, 1408.25], [30, 1383.75], [31, 1372.5], [32, 1361.0], [33, 1339.0], [34, 1330.25], [35, 1313.75], [36, 1304.0], [37, 1296.5], [38, 1283.5], [39, 1276.5], [40, 1264.5], [41, 1256.5], [42, 600.25], [43, 594.25], [44, 579.5], [45, 574.75], [46, 562.75], [47, 558.25], [48, 551.75], [49, 546.25], [50, 538.0], [51, 534.25], [52, 527.5], [53, 524.0], [54, 515.75], [55, 512.5], [56, 510.0], [57, 503.5], [58, 501.0], [59, 495.0], [60, 492.5], [61, 488.25], [62, 485.5], [63, 482.0], [64, 478.5], [65, 477.0], [66, 475.0], [67, 474.5], [68, 470.0], [69, 469.5], [70, 468.5], [71, 467.5], [72, 466.0], [76, 1196.0], [77, 1198.0], [78, 1206.0], [79, 1210.0], [80, 1219.0], [81, 1224.5], [82, 1229.0], [83, 1237.5], [84, 1241.0], [85, 1255.0], [86, 1262.0], [87, 1272.5], [88, 1280.0], [89, 1293.5], [90, 1301.0], [91, 1315.5], [92, 1324.0], [93, 1331.5], [94, 1351.5], [95, 1361.0], [96, 1381.0], [97, 1391.0], [98, 1413.0], [99, 1423.0], [100, 1448.0], [101, 1462.0], [102, 1476.5], [103, 1488.5], [104, 1518.5], [105, 1535.0], [106, 1568.0], [107, 1585.0], [108, 1627.0], [109, 1646.5], [110, 1687.0], [111, 1709.5], [112, 1759.5], [113, 1784.5], [114, 1809.5], [115, 1863.5], [116, 1892.5], [117, 1953.0], [118, 1987.0], [119, 2058.0], [120, 2097.5], [121, 2180.5], [122, 2221.0], [123, 2311.0], [124, 2359.5], [125, 2410.0], [126, 2522.5], [127, 2583.5], [128, 2715.5], [129, 2786.0], [130, 2944.5], [132, 3226.0], [134, 3433.5], [135, 3281.0], [136, 3276.0], [137, 3407.5], [138, 3418.0], [139, 3386.5], [140, 3376.5], [141, 3366.0], [143, 3332.5], [146, 3310.5], [147, 3524.5], [148, 3509.0], [149, 3504.0], [150, 3500.5], [151, 3498.5], [152, 3495.5], [153, 3495.5], [154, 3495.5], [157, 3501.0], [159, 2112.5], [160, 2108.5], [161, 2113.5], [164, 68.0], [165, 69.25], [166, 65.75], [171, 109.5], [173, 121.25], [174, 122.0], [175, 124.5], [176, 127.0], [177, 125.75], [178, 125.5], [179, 125.25], [180, 124.25], [-174, 64.75], [-168, 71.5], [-166, 4640.5], [-165, 4695.0], [-164, 4745.0], [-163, 4801.0], [-162, 4914.0], [-161, 4973.0], [-159, 3167.0], [-158, 3065.5], [-156, 5466.5], [-153, 5900.0], [-152, 5984.0], [-150, 6328.5], [-149, 6400.5], [-147, 6824.5], [-145, 4310.5], [-142, 8214.5], [-141, 8419.5], [-140, 8646.0], [-135, 2409.5], [-128, 3876.0], [-99, 7644.0], [-98, 7625.5], [-95, 2738.0], [-93, 6055.5], [-92, 1415.5], [-91, 1408.0], [-90, 1394.0], [-89, 1386.5], [-88, 1374.5], [-87, 1367.0], [-86, 1360.0], [-85, 1350.0], [-84, 1343.5], [-83, 1333.0], [-82, 1327.5], [-81, 1322.5], [-75, 3398.5], [-73, 3428.5], [-72, 3422.5], [-69, 5229.5], [-67, 5060.5], [-66, 5015.5], [-65, 4745.0], [-64, 4698.75], [-63, 4654.75], [-62, 4573.5], [-60, 4423.75], [-59, 4434.5], [-58, 4395.5], [-57, 285.0], [-56, 283.5], [-55, 275.5], [-54, 272.5], [-53, 264.5], [-52, 261.5], [-51, 255.0], [-50, 252.0], [-49, 249.5], [-48, 243.0], [-47, 240.0], [-46, 235.5], [-45, 233.0], [-44, 228.0], [-43, 225.5], [-42, 223.5], [-41, 219.5], [-40, 216.5], [-39, 213.5], [-38, 211.0], [-37, 207.0], [-36, 205.5], [-35, 205.0], [-34, 201.5], [-33, 200.5], [-32, 196.5], [-31, 196.0], [-30, 194.5], [-29, 193.5], [-28, 192.0], [-27, 191.5], [-26, 189.5], [-25, 187.0], [-24, 187.0], [-23, 186.0], [-22, 185.0], [-21, 183.5], [-20, 184.5], [-19, 184.5], [-18, 183.0], [-17, 183.5], [-16, 181.0], [-15, 180.5], [-14, 176.5], [-13, 177.0], [-12, 178.0], [-11, 180.5], [-10, 180.5], [-6, 3285.0], [-4, 2994.0], [-3, 2908.5]]}