{"heading": -106.1, "target": 63.020695857677104, "gap_dist": 378.33191011626076, "gap_info": [{"width": 305.85412829300384, "center_angle": -72.79462652716552, "edge_a": [-180, 122.5], "edge_b": [-43, 235.5], "depth": 235.5, "passable": false, "chosen": false}, {"width": 31.991960859092075, "center_angle": -3.5623598350202266, "edge_a": [-4, 248.0], "edge_b": [-3, 193.0], "depth": 248.0, "passable": false, "chosen": false}, {"width": 39.816361135316264, "center_angle": 12.226799013838935, "edge_a": [10, 285.5], "edge_b": [14, 358.5], "depth": 358.5, "passable": false, "chosen": false}, {"width": 378.33191011626076, "center_angle": 63.020695857677104, "edge_a": [44, 331.25], "edge_b": [171, 113.5], "depth": 331.25, "passable": true, "chosen": true}], "scan": [[-3, 193.0], [-2, 196.5], [-1, 199.0], [0, 204.0], [1, 206.0], [2, 209.0], [3, 214.0], [4, 216.5], [5, 228.5], [7, 240.5], [8, 250.0], [9, 281.0], [10, 285.5], [12, 1728.5], [14, 358.5], [16, 310.5], [17, 303.5], [18, 301.5], [20, 278.5], [21, 276.0], [22, 276.5], [23, 278.0], [24, 279.0], [25, 279.0], [26, 280.0], [27, 281.75], [28, 284.25], [29, 290.25], [30, 295.5], [31, 299.0], [32, 300.0], [33, 298.0], [34, 298.5], [35, 304.25], [36, 310.5], [37, 320.0], [38, 322.0], [39, 318.0], [41, 330.5], [42, 334.0], [43, 334.5], [44, 331.25], [46, 1042.0], [47, 1037.0], [48, 1032.5], [49, 1025.5], [50, 1008.5], [51, 1001.5], [52, 991.0], [53, 984.5], [54, 976.5], [55, 966.0], [56, 959.0], [57, 949.0], [58, 943.5], [59, 939.5], [60, 931.5], [61, 924.5], [63, 847.5], [64, 852.5], [65, 856.5], [72, 2904.5], [73, 3561.0], [75, 2895.0], [78, 4622.0], [79, 4639.0], [80, 4659.0], [84, 3573.0], [85, 3596.0], [88, 3637.0], [89, 3644.5], [90, 3656.0], [91, 4532.0], [92, 3984.0], [93, 3983.0], [94, 3857.5], [95, 3872.0], [97, 3132.0], [98, 3130.0], [100, 6783.5], [101, 6785.5], [102, 6809.5], [103, 5547.5], [104, 5530.0], [105, 5521.5], [106, 5588.5], [107, 7425.5], [108, 7343.0], [110, 7493.5], [111, 7513.5], [113, 4241.5], [115, 3489.5], [116, 3501.0], [118, 3734.0], [119, 3728.5], [120, 5890.5], [124, 7749.5], [125, 7684.0], [126, 7615.5], [127, 5838.0], [132, 6704.5], [133, 6736.0], [134, 6661.5], [135, 6613.0], [136, 6561.5], [137, 6410.0], [138, 6426.0], [139, 6398.5], [140, 6462.5], [141, 6782.5], [143, 5651.5], [145, 3454.0], [146, 3459.0], [147, 3457.5], [148, 3460.75], [150, 5323.5], [151, 5348.0], [152, 5326.0], [154, 1430.0], [155, 1403.0], [156, 1389.0], [157, 1363.0], [158, 1350.5], [159, 1337.5], [160, 1314.0], [165, 68.5], [167, 64.0], [171, 113.5], [172, 111.5], [173, 119.0], [174, 121.5], [175, 125.5], [176, 127.0], [177, 126.5], [178, 126.0], [179, 125.0], [-180, 122.5], [-176, 70.75], [-175, 69.25], [-171, 77.25], [-170, 77.5], [-165, 1128.5], [-164, 1105.0], [-163, 1064.0], [-162, 1042.5], [-161, 1022.0], [-160, 984.0], [-159, 966.0], [-158, 950.5], [-157, 921.0], [-156, 907.0], [-155, 882.5], [-154, 868.5], [-153, 855.5], [-152, 832.5], [-151, 822.0], [-150, 803.5], [-149, 794.0], [-148, 784.0], [-147, 766.0], [-146, 757.5], [-145, 741.0], [-144, 735.0], [-143, 727.5], [-142, 708.0], [-141, 701.0], [-140, 687.0], [-139, 681.5], [-138, 675.5], [-137, 664.5], [-136, 657.5], [-135, 645.5], [-134, 640.5], [-133, 637.0], [-132, 628.5], [-131, 624.0], [-130, 616.0], [-129, 612.0], [-128, 607.0], [-127, 602.5], [-126, 597.0], [-125, 591.5], [-124, 590.5], [-123, 584.5], [-122, 583.0], [-121, 578.5], [-120, 573.5], [-119, 571.5], [-118, 569.0], [-117, 565.0], [-116, 562.0], [-115, 560.75], [-114, 561.25], [-113, 556.5], [-112, 555.75], [-111, 555.0], [-110, 553.75], [-109, 553.0], [-108, 551.0], [-107, 550.75], [-106, 551.0], [-105, 550.5], [-104, 550.25], [-103, 548.25], [-102, 548.75], [-101, 550.5], [-100, 551.5], [-99, 551.5], [-98, 551.5], [-97, 556.0], [-96, 556.5], [-95, 559.0], [-94, 560.0], [-93, 561.0], [-92, 565.5], [-91, 566.5], [-90, 570.5], [-89, 572.5], [-88, 574.0], [-87, 579.5], [-86, 582.0], [-85, 586.5], [-84, 590.0], [-83, 593.0], [-82, 600.0], [-81, 603.0], [-80, 612.5], [-79, 617.0], [-78, 621.0], [-77, 627.5], [-76, 632.5], [-75, 641.5], [-74, 648.5], [-73, 653.0], [-72, 662.5], [-71, 667.5], [-70, 680.0], [-69, 685.5], [-68, 689.5], [-67, 704.0], [-66, 711.0], [-65, 726.0], [-64, 724.0], [-63, 708.0], [-61, 759.0], [-60, 779.5], [-59, 790.0], [-58, 799.5], [-57, 822.0], [-56, 832.0], [-55, 856.0], [-54, 870.0], [-53, 882.5], [-52, 912.0], [-51, 928.5], [-50, 960.5], [-49, 981.5], [-48, 1001.0], [-47, 1045.5], [-46, 1060.0], [-45, 913.5], [-43, 235.5], [-41, 219.5], [-40, 210.5], [-39, 207.0], [-38, 203.0], [-37, 202.5], [-36, 201.5], [-35, 201.0], [-34, 200.5], [-33, 196.5], [-32, 195.0], [-31, 195.0], [-30, 195.0], [-29, 195.0], [-28, 194.5], [-27, 195.5], [-26, 192.0], [-25, 192.0], [-24, 191.0], [-23, 190.5], [-22, 193.0], [-21, 192.25], [-20, 192.25], [-19, 193.5], [-18, 195.0], [-17, 197.5], [-16, 198.5], [-15, 200.5], [-14, 200.5], [-13, 203.0], [-12, 207.5], [-11, 208.5], [-10, 215.0], [-9, 217.5], [-8, 222.5], [-7, 229.0], [-6, 231.0], [-5, 242.0], [-4, 248.0]]}