{"heading": 42.1, "target": -144.58871748355378, "gap_dist": 317.89806274174794, "gap_info": [{"width": 317.89806274174794, "center_angle": -144.58871748355378, "edge_a": [-180, 125.0], "edge_b": [-136, 485.0], "depth": 485.0, "passable": true, "chosen": true}, {"width": 39.182322652867754, "center_angle": -62.583943468692716, "edge_a": [-64, 335.0], "edge_b": [-61, 299.5], "depth": 335.0, "passable": false, "chosen": false}, {"width": 243.6889604327371, "center_angle": 87.50175364110773, "edge_a": [73, 437.5], "edge_b": [170, 110.5], "depth": 437.5, "passable": false, "chosen": false}], "scan": [[-2, 134.75], [-1, 134.75], [0, 135.25], [1, 134.75], [2, 135.0], [3, 134.75], [4, 136.25], [5, 136.5], [6, 138.0], [7, 138.25], [8, 138.25], [9, 139.0], [10, 139.0], [11, 139.25], [12, 140.0], [13, 140.75], [14, 141.0], [15, 141.5], [16, 142.75], [17, 143.25], [18, 142.0], [19, 143.0], [20, 144.75], [21, 145.0], [22, 147.0], [23, 147.5], [24, 148.0], [25, 149.0], [26, 150.5], [27, 151.5], [29, 154.5], [30, 155.5], [31, 158.75], [32, 159.25], [33, 158.5], [34, 162.0], [35, 164.5], [36, 167.5], [37, 169.5], [38, 169.5], [39, 173.0], [40, 174.5], [41, 177.5], [42, 180.0], [43, 185.0], [44, 187.5], [45, 190.0], [46, 193.5], [47, 196.5], [48, 200.0], [49, 202.0], [50, 207.5], [51, 209.5], [52, 218.0], [53, 221.0], [54, 226.5], [55, 231.0], [56, 234.5], [57, 244.0], [58, 249.5], [59, 256.5], [60, 263.5], [61, 270.5], [62, 280.0], [63, 287.0], [64, 300.5], [65, 307.5], [66, 314.5], [67, 330.5], [68, 349.5], [70, 384.0], [72, 407.5], [73, 437.5], [90, 3244.0], [91, 3233.5], [92, 3060.5], [94, 3232.0], [95, 3237.0], [96, 3239.0], [98, 644.0], [99, 612.5], [100, 618.5], [101, 623.5], [102, 602.0], [103, 597.0], [104, 615.0], [105, 608.5], [106, 607.0], [107, 608.0], [109, 685.5], [110, 692.5], [111, 702.0], [112, 710.5], [113, 735.5], [114, 3716.5], [115, 3737.0], [116, 3758.0], [117, 3778.5], [119, 1044.0], [121, 940.5], [122, 922.0], [123, 904.0], [124, 898.0], [125, 892.0], [126, 889.0], [127, 888.0], [128, 889.0], [129, 2534.5], [130, 2563.0], [131, 2611.5], [132, 2638.0], [133, 2665.5], [135, 4689.0], [136, 4752.5], [137, 4732.0], [139, 4977.5], [140, 5114.5], [141, 5185.0], [143, 580.5], [145, 571.5], [146, 567.5], [147, 568.5], [148, 567.0], [149, 564.5], [150, 562.75], [151, 562.25], [152, 561.0], [153, 561.5], [154, 565.0], [155, 569.0], [156, 571.0], [157, 571.5], [158, 570.5], [159, 570.0], [160, 574.0], [165, 71.25], [167, 60.0], [170, 110.5], [171, 109.5], [172, 110.75], [173, 118.0], [174, 121.5], [175, 125.75], [176, 127.5], [177, 126.0], [178, 125.25], [179, 125.75], [-180, 125.0], [-173, 61.25], [-171, 75.75], [-166, 955.5], [-165, 973.0], [-164, 990.5], [-163, 1012.0], [-162, 1059.5], [-161, 1088.5], [-160, 1147.0], [-159, 1161.5], [-158, 1212.0], [-151, 3094.0], [-149, 2223.0], [-148, 2263.5], [-145, 2911.5], [-144, 2835.0], [-142, 4269.0], [-140, 6385.5], [-139, 6436.5], [-138, 3308.5], [-136, 485.0], [-135, 479.0], [-134, 462.5], [-133, 454.5], [-132, 443.0], [-131, 438.0], [-130, 429.5], [-129, 424.5], [-128, 419.0], [-127, 411.0], [-126, 407.0], [-125, 398.0], [-124, 394.5], [-123, 384.5], [-122, 383.5], [-121, 381.5], [-120, 373.0], [-119, 371.0], [-118, 364.5], [-117, 361.5], [-116, 359.0], [-115, 356.0], [-114, 352.0], [-113, 347.0], [-112, 345.5], [-111, 340.5], [-110, 340.0], [-109, 337.0], [-108, 336.75], [-107, 333.5], [-106, 330.5], [-105, 328.0], [-104, 324.75], [-103, 323.75], [-102, 323.0], [-101, 322.75], [-100, 321.75], [-99, 320.75], [-98, 318.75], [-97, 316.5], [-96, 315.5], [-95, 315.25], [-94, 315.5], [-93, 314.5], [-92, 314.5], [-91, 314.5], [-90, 313.5], [-89, 313.5], [-88, 312.5], [-87, 313.0], [-86, 312.25], [-85, 313.25], [-84, 314.5], [-83, 314.25], [-82, 314.5], [-81, 315.0], [-80, 315.0], [-79, 315.5], [-78, 314.5], [-77, 317.5], [-76, 317.0], [-75, 319.0], [-74, 321.5], [-73, 320.5], [-72, 323.5], [-71, 323.0], [-70, 324.5], [-69, 327.0], [-68, 329.5], [-67, 333.0], [-66, 336.0], [-64, 335.0], [-61, 299.5], [-60, 291.0], [-59, 276.5], [-58, 270.5], [-57, 265.5], [-56, 260.5], [-55, 247.0], [-54, 240.0], [-53, 234.5], [-52, 225.5], [-51, 222.0], [-50, 218.0], [-49, 212.0], [-48, 207.5], [-47, 201.0], [-46, 199.5], [-45, 195.0], [-44, 191.5], [-43, 189.0], [-42, 185.0], [-41, 182.0], [-40, 179.0], [-39, 176.5], [-38, 172.0], [-37, 171.5], [-36, 169.5], [-35, 166.5], [-34, 164.0], [-33, 161.5], [-32, 162.0], [-31, 160.5], [-30, 157.0], [-29, 156.5], [-28, 154.0], [-27, 151.5], [-26, 150.75], [-25, 149.5], [-24, 147.0], [-23, 146.75], [-22, 146.0], [-21, 145.75], [-20, 145.25], [-19, 144.0], [-18, 142.0], [-17, 141.5], [-16, 140.25], [-15, 141.5], [-14, 139.25], [-13, 137.75], [-12, 137.25], [-11, 136.75], [-10, 136.75], [-9, 135.5], [-8, 135.0], [-7, 134.5], [-6, 134.25], [-5, 134.75], [-4, 134.75]]}