{"heading": -104.5, "target": 137.76089462869555, "gap_dist": 263.06242247407033, "gap_info": [{"width": 55.42857498252455, "center_angle": -36.606146579251, "edge_a": [-38, 393.5], "edge_b": [-35, 341.5], "depth": 393.5, "passable": false, "chosen": false}, {"width": 126.60190654426583, "center_angle": 18.435656606623247, "edge_a": [15, 458.0], "edge_b": [26, 208.5], "depth": 458.0, "passable": false, "chosen": false}, {"width": 40.092401427619016, "center_angle": 117.59393000582986, "edge_a": [116, 277.0], "edge_b": [119, 314.0], "depth": 314.0, "passable": false, "chosen": false}, {"width": 263.06242247407033, "center_angle": 137.76089462869555, "edge_a": [129, 404.5], "edge_b": [172, 109.5], "depth": 404.5, "passable": true, "chosen": true}], "scan": [[-3, 259.0], [-2, 267.0], [-1, 270.5], [0, 275.0], [1, 286.0], [2, 292.0], [3, 304.0], [4, 310.0], [5, 320.5], [6, 329.0], [7, 343.5], [8, 352.0], [9, 360.5], [10, 379.0], [11, 388.0], [12, 397.0], [13, 419.5], [14, 430.0], [15, 458.0], [17, 9420.5], [18, 9442.0], [19, 9525.0], [26, 208.5], [27, 206.0], [28, 202.5], [29, 200.75], [30, 199.5], [31, 196.0], [32, 193.0], [33, 190.5], [34, 190.0], [35, 189.0], [36, 185.5], [37, 185.0], [38, 183.5], [39, 180.0], [40, 178.5], [41, 177.0], [42, 176.0], [43, 174.0], [44, 173.5], [45, 173.0], [46, 172.0], [47, 170.5], [48, 170.5], [49, 170.0], [50, 170.0], [51, 169.0], [52, 168.5], [53, 167.5], [54, 167.0], [55, 165.5], [56, 164.5], [57, 166.0], [58, 164.5], [59, 164.0], [60, 164.5], [61, 164.0], [62, 164.0], [63, 163.5], [64, 165.0], [65, 164.0], [66, 164.5], [67, 164.5], [68, 164.0], [69, 164.5], [70, 165.5], [71, 165.5], [72, 166.0], [73, 165.5], [74, 166.0], [75, 166.5], [76, 168.0], [77, 169.0], [78, 169.5], [79, 168.5], [80, 171.5], [81, 172.0], [82, 174.0], [83, 174.5], [84, 176.0], [85, 177.5], [86, 180.25], [87, 180.75], [88, 180.5], [89, 181.5], [90, 182.5], [91, 187.5], [92, 188.75], [93, 189.5], [94, 189.75], [95, 191.0], [96, 195.0], [97, 196.5], [98, 200.5], [99, 203.5], [100, 208.0], [101, 209.5], [102, 212.0], [103, 217.25], [104, 220.0], [105, 225.75], [106, 229.5], [107, 230.5], [108, 235.5], [109, 236.75], [110, 247.0], [111, 251.0], [112, 250.75], [114, 266.0], [115, 274.25], [116, 277.0], [119, 314.0], [120, 328.25], [121, 334.0], [122, 333.5], [123, 338.5], [124, 346.0], [125, 354.5], [126, 380.0], [127, 377.0], [128, 396.5], [129, 404.5], [131, 4035.5], [132, 4118.0], [134, 2601.0], [135, 767.0], [136, 763.0], [137, 752.5], [138, 750.5], [139, 743.0], [140, 741.0], [141, 735.0], [142, 731.5], [143, 729.75], [144, 722.0], [145, 716.5], [146, 713.0], [147, 711.0], [148, 705.0], [149, 703.0], [150, 702.25], [151, 700.0], [152, 696.75], [153, 694.75], [154, 693.5], [155, 689.75], [156, 688.0], [157, 685.5], [158, 687.25], [165, 71.5], [167, 60.75], [172, 109.5], [174, 122.25], [175, 126.25], [176, 127.0], [177, 126.25], [178, 125.75], [179, 126.75], [180, 125.75], [-175, 67.75], [-173, 60.25], [-171, 78.5], [-170, 75.25], [-166, 2515.0], [-165, 2437.0], [-162, 627.0], [-161, 628.0], [-160, 630.0], [-159, 633.5], [-158, 633.0], [-157, 635.0], [-156, 638.0], [-155, 640.0], [-154, 643.5], [-153, 647.0], [-152, 652.5], [-151, 655.5], [-150, 658.0], [-149, 663.5], [-148, 668.0], [-147, 671.0], [-146, 675.5], [-145, 682.5], [-144, 687.0], [-143, 695.5], [-142, 699.5], [-141, 703.0], [-140, 709.5], [-139, 717.0], [-138, 734.5], [-137, 1466.5], [-136, 1460.0], [-135, 1451.5], [-134, 1434.5], [-133, 1428.0], [-130, 919.5], [-129, 920.0], [-128, 923.0], [-127, 928.0], [-126, 931.5], [-125, 942.5], [-124, 945.5], [-123, 948.0], [-122, 958.0], [-121, 962.5], [-120, 973.0], [-119, 978.5], [-118, 992.5], [-117, 1000.5], [-116, 1007.5], [-115, 1022.5], [-114, 1028.0], [-113, 1045.5], [-112, 1058.0], [-111, 1069.0], [-110, 1080.0], [-109, 1088.5], [-108, 1106.0], [-107, 1119.5], [-106, 1128.5], [-105, 1136.0], [-104, 1310.5], [-103, 1321.0], [-102, 1326.0], [-101, 1327.5], [-100, 1329.5], [-99, 1335.5], [-98, 1340.0], [-97, 1346.0], [-96, 1350.0], [-95, 1354.0], [-94, 1362.0], [-93, 1366.5], [-92, 1374.0], [-91, 1380.5], [-90, 1393.5], [-89, 1399.5], [-88, 1412.5], [-87, 1417.5], [-86, 1424.75], [-85, 1440.0], [-84, 1446.5], [-83, 1467.25], [-82, 1475.0], [-80, 1262.0], [-79, 1252.0], [-78, 1246.0], [-77, 1242.0], [-76, 1240.5], [-75, 1238.0], [-74, 1236.0], [-73, 1233.0], [-72, 1233.5], [-71, 1232.5], [-70, 1232.0], [-69, 1231.5], [-68, 1233.0], [-67, 1234.5], [-66, 1233.75], [-65, 441.0], [-64, 441.0], [-63, 434.0], [-62, 431.5], [-61, 427.5], [-60, 425.0], [-59, 423.0], [-58, 420.0], [-57, 418.5], [-56, 416.0], [-55, 415.0], [-54, 413.5], [-53, 412.0], [-52, 411.0], [-51, 411.0], [-50, 409.5], [-49, 408.0], [-48, 407.5], [-47, 406.0], [-46, 406.5], [-45, 406.5], [-44, 403.0], [-43, 400.0], [-42, 399.0], [-41, 399.5], [-40, 401.0], [-39, 399.75], [-38, 393.5], [-35, 341.5], [-33, 298.0], [-32, 291.5], [-31, 284.0], [-30, 268.0], [-29, 263.0], [-28, 252.0], [-26, 235.5], [-25, 232.0], [-24, 227.0], [-23, 217.5], [-22, 214.5], [-21, 208.0], [-20, 207.0], [-19, 205.0], [-18, 206.5], [-17, 206.5], [-16, 208.5], [-15, 214.5], [-14, 217.0], [-13, 222.5], [-12, 225.75], [-11, 233.5], [-10, 236.0], [-9, 242.5], [-8, 245.5], [-7, 249.5], [-6, 256.0], [-5, 259.0], [-4, 268.5]]}