{"heading": -74.2, "target": -77.53923035693556, "gap_dist": 445.53614703470555, "gap_info": [{"width": 114.920810194237, "center_angle": -148.74414032384414, "edge_a": [-150, 405.5], "edge_b": [-147, 292.0], "depth": 405.5, "passable": false, "chosen": false}, {"width": 445.53614703470555, "center_angle": -77.53923035693556, "edge_a": [-105, 451.5], "edge_b": [-34, 302.25], "depth": 451.5, "passable": true, "chosen": true}, {"width": 635.8073758413327, "center_angle": 136.84159455426354, "edge_a": [32, 202.0], "edge_b": [160, 496.5], "depth": 496.5, "passable": true, "chosen": false}, {"width": 367.56443034577256, "center_angle": 162.81108896326268, "edge_a": [161, 489.0], "edge_b": [171, 108.5], "depth": 489.0, "passable": true, "chosen": false}], "scan": [[-4, 194.0], [-3, 201.0], [-2, 199.5], [-1, 198.0], [0, 197.0], [1, 196.0], [2, 195.0], [3, 194.0], [4, 193.0], [5, 193.0], [6, 192.5], [7, 192.5], [8, 191.5], [9, 190.0], [10, 189.5], [11, 188.0], [12, 187.5], [13, 187.5], [14, 188.0], [15, 185.0], [16, 183.0], [17, 181.5], [18, 182.5], [19, 183.5], [20, 185.5], [21, 185.5], [22, 187.0], [23, 187.5], [24, 188.0], [25, 189.5], [26, 190.5], [27, 190.5], [28, 192.5], [29, 193.5], [30, 193.5], [31, 198.0], [32, 202.0], [33, 1044.5], [34, 1054.5], [35, 1062.5], [36, 1081.5], [37, 1092.5], [38, 1103.5], [39, 1126.0], [40, 1136.0], [41, 1157.5], [42, 1169.0], [43, 1192.5], [44, 1206.0], [45, 1236.5], [46, 1250.5], [47, 1266.0], [48, 1282.0], [49, 1317.0], [50, 1334.0], [51, 1372.5], [52, 1393.5], [53, 1414.0], [54, 1459.5], [55, 1486.5], [56, 1540.5], [57, 1569.5], [58, 1631.5], [59, 1662.5], [60, 1695.0], [61, 1768.5], [62, 1808.5], [63, 1893.0], [64, 1939.0], [65, 1989.5], [66, 2098.5], [67, 2154.0], [69, 2352.5], [74, 1534.0], [76, 3423.0], [78, 3232.5], [79, 3380.0], [80, 3387.0], [81, 3364.0], [82, 3356.0], [83, 3343.5], [84, 3337.5], [85, 3333.5], [86, 958.0], [87, 944.0], [88, 918.5], [89, 901.5], [90, 902.0], [91, 877.0], [92, 883.0], [93, 867.5], [94, 875.0], [95, 880.0], [96, 1116.5], [97, 1112.25], [98, 1116.0], [99, 1118.5], [100, 1103.0], [101, 1107.0], [102, 1107.5], [103, 1101.0], [104, 1121.5], [105, 2191.0], [106, 2201.25], [107, 2210.75], [108, 2227.5], [109, 2238.5], [110, 2247.0], [111, 2266.0], [112, 2275.5], [113, 2298.0], [114, 2308.5], [115, 2320.5], [116, 2345.0], [117, 2359.0], [118, 2398.5], [119, 4034.5], [120, 4062.5], [121, 4093.5], [122, 4155.0], [123, 4184.5], [124, 4254.5], [125, 4291.0], [126, 4328.0], [127, 4355.5], [128, 4329.5], [129, 4528.0], [130, 4575.0], [131, 4673.0], [132, 4725.5], [133, 4777.0], [134, 4886.0], [135, 4944.0], [138, 5200.5], [139, 5270.5], [141, 3350.5], [142, 3301.0], [143, 3311.5], [144, 5921.5], [147, 6361.0], [148, 6487.0], [150, 537.0], [151, 534.0], [152, 531.0], [153, 524.0], [154, 520.0], [155, 514.5], [156, 512.0], [157, 506.0], [158, 504.5], [159, 503.0], [160, 496.5], [161, 489.0], [164, 70.0], [165, 69.75], [166, 69.5], [171, 108.5], [172, 109.75], [174, 121.25], [175, 125.75], [176, 127.25], [177, 126.75], [178, 126.0], [179, 126.0], [180, 125.5], [-169, 70.75], [-166, 72.75], [-162, 7909.5], [-160, 3032.0], [-159, 3020.5], [-150, 405.5], [-147, 292.0], [-146, 286.5], [-145, 286.0], [-144, 289.5], [-143, 290.0], [-142, 290.25], [-141, 292.0], [-140, 293.5], [-139, 296.5], [-138, 297.5], [-137, 299.0], [-136, 301.5], [-135, 303.5], [-134, 305.0], [-133, 308.0], [-132, 311.0], [-131, 312.5], [-130, 316.5], [-129, 319.0], [-128, 321.5], [-127, 327.5], [-126, 329.5], [-125, 334.0], [-124, 336.0], [-123, 343.0], [-122, 345.5], [-121, 348.0], [-120, 354.0], [-119, 358.5], [-118, 364.5], [-117, 367.0], [-116, 375.5], [-115, 380.0], [-114, 384.0], [-113, 392.5], [-112, 397.0], [-111, 407.0], [-110, 412.0], [-109, 422.5], [-108, 428.5], [-107, 434.0], [-106, 444.5], [-105, 451.5], [-104, 4446.0], [-103, 4368.0], [-101, 4437.0], [-100, 4427.0], [-97, 4402.0], [-95, 4374.0], [-93, 4334.5], [-92, 4325.0], [-91, 4313.0], [-90, 4305.5], [-89, 4299.0], [-88, 4302.0], [-87, 4302.5], [-86, 4307.0], [-85, 4321.5], [-84, 4323.0], [-83, 4326.0], [-82, 4333.0], [-81, 4344.0], [-80, 4348.0], [-79, 4325.5], [-77, 3779.5], [-76, 3738.0], [-75, 3775.5], [-74, 3788.0], [-66, 2276.5], [-65, 2149.0], [-64, 2089.5], [-63, 2032.5], [-62, 1932.0], [-61, 1887.5], [-60, 1810.0], [-59, 1774.0], [-58, 1737.0], [-57, 1668.0], [-56, 1636.0], [-55, 1576.5], [-54, 1549.0], [-53, 1493.0], [-52, 1470.0], [-51, 1447.5], [-50, 1404.0], [-49, 1385.5], [-48, 1343.0], [-47, 1324.0], [-46, 1289.5], [-45, 1273.0], [-44, 1257.5], [-43, 1228.0], [-42, 1210.0], [-41, 1184.0], [-40, 1169.5], [-39, 1144.0], [-38, 1132.0], [-37, 1119.0], [-36, 1094.0], [-35, 1084.0], [-34, 302.25], [-33, 302.0], [-32, 295.75], [-31, 287.25], [-30, 283.25], [-29, 275.25], [-28, 270.75], [-27, 263.5], [-26, 260.75], [-25, 258.25], [-24, 250.0], [-23, 245.0], [-22, 238.5], [-21, 236.5], [-20, 233.0], [-19, 230.0], [-18, 227.5], [-17, 222.0], [-16, 221.5], [-15, 217.5], [-14, 215.5], [-13, 213.0], [-12, 208.0], [-11, 207.0], [-10, 204.0], [-9, 201.5], [-8, 200.5], [-7, 199.0], [-6, 196.5], [-5, 195.5]]}