{"heading": 60.6, "target": 124.80042586668453, "gap_dist": 316.20515572223303, "gap_info": [{"width": 145.0917719538584, "center_angle": -170.72993190960366, "edge_a": [-179, 117.25], "edge_b": [-167, 259.25], "depth": 259.25, "passable": false, "chosen": false}, {"width": 350.9388042919176, "center_angle": -128.09303746730444, "edge_a": [-148, 421.0], "edge_b": [-50, 146.5], "depth": 421.0, "passable": true, "chosen": false}, {"width": 39.57577372002739, "center_angle": 34.5935311069838, "edge_a": [33, 274.5], "edge_b": [36, 311.0], "depth": 311.0, "passable": false, "chosen": false}, {"width": 316.20515572223303, "center_angle": 124.80042586668453, "edge_a": [116, 483.5], "edge_b": [170, 104.25], "depth": 483.5, "passable": true, "chosen": true}], "scan": [[-4, 149.25], [-3, 149.75], [-2, 151.25], [-1, 152.5], [0, 153.5], [1, 156.0], [2, 157.5], [3, 158.25], [4, 161.0], [5, 161.25], [6, 161.25], [7, 167.0], [8, 169.5], [9, 169.75], [10, 172.25], [11, 174.0], [12, 176.0], [13, 176.5], [14, 178.5], [15, 185.25], [16, 187.5], [17, 188.5], [18, 191.5], [19, 194.25], [20, 199.0], [21, 202.5], [22, 205.5], [23, 213.0], [24, 216.5], [25, 222.5], [26, 227.0], [27, 231.5], [28, 239.5], [29, 244.0], [30, 253.5], [31, 259.25], [32, 268.25], [33, 274.5], [36, 311.0], [37, 311.0], [38, 310.0], [39, 307.0], [40, 305.0], [41, 302.25], [42, 300.0], [43, 299.25], [44, 297.25], [45, 296.5], [46, 295.0], [47, 294.0], [48, 292.5], [49, 292.5], [50, 289.25], [51, 288.5], [52, 288.0], [53, 288.0], [54, 287.0], [55, 284.25], [56, 284.5], [57, 282.75], [58, 281.25], [59, 280.75], [60, 280.75], [61, 280.75], [62, 280.0], [63, 280.0], [64, 280.0], [65, 281.0], [66, 283.0], [67, 283.0], [68, 285.25], [69, 285.75], [70, 286.5], [71, 288.0], [72, 288.5], [73, 290.75], [74, 291.25], [75, 292.0], [76, 293.5], [77, 294.0], [78, 297.0], [79, 298.25], [80, 299.75], [81, 301.0], [82, 302.75], [83, 305.25], [84, 307.0], [85, 307.75], [86, 313.0], [87, 316.25], [88, 319.75], [89, 321.25], [90, 323.25], [91, 329.0], [92, 332.0], [93, 335.25], [94, 337.0], [95, 340.25], [96, 347.5], [97, 350.5], [98, 356.75], [99, 360.5], [100, 363.5], [101, 370.5], [102, 374.5], [103, 379.0], [104, 387.0], [105, 390.5], [106, 394.5], [107, 404.25], [108, 410.5], [109, 420.0], [110, 425.0], [111, 430.0], [112, 444.5], [113, 450.5], [114, 465.5], [115, 474.0], [116, 483.5], [117, 501.0], [118, 511.5], [119, 521.5], [120, 541.0], [121, 568.0], [122, 580.0], [123, 596.0], [124, 623.0], [125, 660.5], [126, 677.5], [127, 694.5], [128, 741.5], [129, 760.5], [130, 779.0], [131, 826.0], [133, 882.5], [138, 1442.0], [139, 1415.0], [140, 1396.5], [141, 1393.0], [142, 1383.5], [143, 1382.0], [144, 1401.5], [145, 863.5], [146, 850.0], [147, 846.5], [148, 845.0], [149, 845.0], [150, 852.0], [151, 858.5], [152, 870.5], [154, 1372.0], [155, 1376.0], [156, 1375.25], [157, 1377.25], [158, 1387.0], [159, 1404.0], [164, 68.75], [165, 68.5], [166, 68.0], [170, 104.25], [172, 110.25], [173, 119.5], [174, 121.75], [175, 125.75], [176, 126.75], [177, 126.0], [178, 124.0], [179, 121.75], [-180, 119.75], [-179, 117.25], [-176, 69.5], [-175, 68.5], [-170, 76.0], [-169, 75.75], [-167, 259.25], [-166, 264.5], [-165, 270.5], [-164, 281.5], [-163, 286.0], [-162, 290.5], [-161, 299.5], [-160, 304.5], [-159, 309.0], [-158, 318.5], [-157, 325.0], [-156, 336.5], [-155, 343.5], [-154, 350.5], [-153, 366.0], [-152, 373.5], [-151, 381.5], [-150, 397.0], [-149, 405.0], [-148, 421.0], [-146, 654.0], [-145, 645.5], [-144, 633.5], [-143, 631.0], [-142, 628.5], [-141, 620.75], [-140, 617.0], [-139, 610.5], [-138, 608.0], [-137, 604.75], [-136, 599.5], [-135, 596.0], [-134, 590.5], [-133, 589.5], [-132, 584.0], [-131, 583.0], [-130, 581.25], [-129, 578.75], [-128, 577.25], [-127, 575.5], [-126, 573.5], [-125, 572.0], [-124, 569.0], [-123, 567.75], [-122, 567.0], [-121, 566.5], [-120, 566.0], [-119, 564.0], [-118, 565.0], [-117, 568.0], [-116, 566.75], [-115, 568.75], [-114, 568.75], [-113, 569.75], [-112, 571.5], [-111, 572.75], [-110, 574.75], [-109, 577.0], [-108, 579.75], [-107, 581.0], [-106, 583.0], [-105, 583.5], [-104, 588.5], [-103, 591.25], [-102, 594.0], [-101, 600.5], [-100, 603.0], [-99, 606.0], [-98, 611.0], [-97, 613.25], [-96, 617.25], [-95, 625.0], [-94, 626.5], [-93, 635.5], [-92, 637.5], [-91, 642.5], [-90, 664.5], [-89, 670.0], [-88, 679.0], [-87, 682.0], [-86, 682.5], [-85, 690.5], [-84, 702.0], [-83, 712.0], [-82, 717.0], [-81, 723.0], [-80, 739.5], [-79, 748.5], [-78, 756.0], [-77, 769.0], [-76, 777.0], [-75, 794.0], [-74, 802.0], [-73, 810.5], [-72, 827.5], [-71, 836.0], [-70, 856.0], [-69, 868.5], [-68, 881.0], [-67, 904.0], [-66, 917.0], [-65, 945.5], [-64, 965.0], [-62, 1634.5], [-61, 1625.5], [-60, 1622.0], [-58, 1905.0], [-57, 1891.0], [-56, 1867.0], [-55, 1854.0], [-54, 1844.0], [-53, 1824.5], [-52, 1832.0], [-50, 146.5], [-49, 149.0], [-48, 148.5], [-47, 148.0], [-46, 149.0], [-45, 147.75], [-44, 147.5], [-43, 146.75], [-42, 147.0], [-41, 147.25], [-40, 146.25], [-39, 146.75], [-38, 146.0], [-37, 145.5], [-36, 144.5], [-35, 144.25], [-34, 143.5], [-33, 142.0], [-32, 142.5], [-31, 143.5], [-30, 141.75], [-29, 141.25], [-28, 141.25], [-27, 143.5], [-26, 141.5], [-25, 141.5], [-24, 141.75], [-23, 141.25], [-22, 140.75], [-21, 142.0], [-20, 142.25], [-19, 143.0], [-18, 142.5], [-17, 143.0], [-16, 143.5], [-15, 144.5], [-14, 145.5], [-13, 146.0], [-12, 146.0], [-11, 146.25], [-10, 147.0], [-9, 147.75], [-8, 148.75], [-7, 148.75], [-6, 148.75], [-5, 148.5]]}