{"heading": -655.7, "target": 60.21131971247657, "gap_dist": 528.7222805972905, "gap_info": [{"width": 528.7222805972905, "center_angle": 60.21131971247657, "edge_a": [-10, 179.0], "edge_b": [80, 497.5], "depth": 497.5, "passable": true, "chosen": true}, {"width": 432.9942318811641, "center_angle": 122.72211034031335, "edge_a": [113, 489.5], "edge_b": [171, 110.75], "depth": 489.5, "passable": true, "chosen": false}], "scan": [[-1, 12633.0], [0, 12552.5], [1, 12522.0], [2, 12476.0], [5, 4966.0], [6, 4982.0], [7, 4999.0], [8, 5005.0], [9, 4994.0], [11, 4444.0], [14, 4457.5], [16, 1602.5], [17, 1607.0], [18, 1621.5], [29, 1453.5], [32, 1272.0], [33, 1193.0], [34, 1129.0], [35, 1100.5], [36, 1046.0], [37, 1025.5], [38, 975.0], [39, 970.5], [40, 942.0], [41, 919.5], [42, 902.5], [43, 868.5], [44, 852.5], [45, 824.0], [46, 813.0], [47, 788.0], [48, 777.5], [49, 765.5], [50, 753.5], [51, 732.0], [52, 721.0], [53, 701.0], [54, 689.5], [55, 674.0], [56, 663.5], [57, 654.5], [58, 638.5], [59, 632.0], [60, 619.0], [61, 613.0], [62, 597.5], [63, 591.0], [64, 585.5], [65, 575.0], [66, 565.0], [67, 561.0], [68, 557.0], [69, 546.5], [70, 541.5], [71, 536.0], [72, 532.5], [73, 528.5], [74, 522.0], [75, 517.5], [76, 511.0], [77, 509.0], [78, 502.5], [79, 501.0], [80, 497.5], [81, 495.0], [82, 492.5], [83, 489.5], [84, 487.5], [85, 484.0], [86, 483.0], [87, 478.5], [88, 478.5], [89, 477.5], [90, 477.0], [91, 476.0], [92, 473.0], [93, 472.0], [94, 472.5], [95, 472.0], [96, 470.5], [97, 471.0], [98, 470.5], [99, 471.0], [100, 471.0], [101, 471.0], [102, 471.5], [103, 472.0], [104, 472.5], [105, 474.5], [106, 474.5], [107, 477.5], [108, 477.5], [109, 479.0], [110, 480.75], [111, 478.0], [112, 479.5], [113, 489.5], [114, 546.0], [115, 551.5], [116, 558.0], [117, 561.5], [118, 564.0], [119, 568.5], [120, 575.5], [121, 579.5], [122, 582.0], [123, 587.5], [124, 591.0], [125, 599.5], [126, 603.5], [127, 612.5], [128, 618.0], [129, 626.5], [130, 633.5], [131, 641.0], [132, 647.5], [133, 657.0], [134, 671.5], [135, 678.0], [136, 693.0], [137, 699.5], [138, 708.0], [139, 727.5], [140, 735.5], [141, 745.5], [142, 761.0], [143, 769.5], [144, 790.0], [145, 798.5], [146, 815.5], [147, 828.5], [148, 838.5], [149, 858.5], [150, 871.0], [151, 902.0], [152, 916.5], [153, 952.5], [154, 970.0], [155, 989.5], [156, 996.0], [157, 971.5], [158, 964.5], [159, 978.0], [160, 1030.0], [171, 110.75], [173, 115.75], [174, 122.0], [175, 123.5], [176, 127.0], [177, 126.5], [178, 125.75], [179, 124.75], [180, 124.75], [-175, 68.75], [-169, 69.5], [-167, 72.75], [-165, 79.0], [-148, 1736.0], [-147, 1694.0], [-146, 1614.0], [-145, 1578.5], [-144, 1510.5], [-143, 1493.5], [-142, 1477.0], [-141, 1412.0], [-139, 1338.0], [-138, 1356.5], [-137, 1369.5], [-136, 1386.0], [-135, 1393.5], [-134, 1062.0], [-133, 1065.0], [-132, 1069.5], [-131, 1075.0], [-130, 1083.5], [-129, 1088.0], [-128, 1093.5], [-127, 1101.0], [-126, 1106.0], [-125, 1117.0], [-124, 1128.5], [-119, 6796.5], [-116, 6244.0], [-113, 2277.0], [-112, 7593.0], [-111, 7550.0], [-110, 7508.0], [-109, 879.0], [-108, 857.0], [-107, 848.5], [-106, 852.0], [-105, 845.0], [-104, 843.0], [-103, 844.0], [-102, 851.0], [-101, 857.5], [-98, 2089.0], [-97, 2101.0], [-96, 2111.0], [-92, 3443.5], [-89, 2069.0], [-88, 2052.5], [-87, 6789.5], [-85, 5106.0], [-84, 5121.0], [-80, 872.0], [-79, 875.0], [-76, 6892.0], [-75, 6912.5], [-73, 7048.0], [-70, 2588.5], [-68, 2969.0], [-67, 3022.5], [-66, 3039.5], [-65, 3058.5], [-64, 3076.5], [-63, 1225.5], [-61, 3143.5], [-58, 7735.5], [-50, 642.0], [-49, 638.0], [-45, 227.0], [-44, 222.5], [-43, 218.5], [-42, 213.0], [-41, 212.5], [-40, 208.0], [-39, 207.0], [-38, 205.5], [-37, 204.5], [-36, 206.0], [-35, 206.5], [-34, 207.5], [-33, 209.5], [-32, 207.0], [-31, 207.5], [-30, 207.0], [-29, 214.5], [-27, 195.5], [-26, 197.0], [-25, 196.5], [-24, 195.5], [-23, 195.0], [-22, 196.0], [-21, 193.5], [-20, 191.5], [-19, 190.5], [-18, 190.0], [-17, 188.0], [-16, 184.5], [-15, 182.5], [-14, 180.0], [-13, 180.0], [-12, 178.0], [-11, 175.5], [-10, 179.0]]}