{"heading": -52.5, "target": -89.11394794067836, "gap_dist": 534.2684032006661, "gap_info": [{"width": 183.57151744684793, "center_angle": -162.35343046800529, "edge_a": [-180, 123.75], "edge_b": [-156, 339.0], "depth": 339.0, "passable": false, "chosen": false}, {"width": 534.2684032006661, "center_angle": -89.11394794067836, "edge_a": [-118, 485.5], "edge_b": [24, 255.0], "depth": 485.5, "passable": true, "chosen": true}, {"width": 163.29440437443043, "center_angle": 120.59178023467794, "edge_a": [80, 124.0], "edge_b": [170, 106.25], "depth": 124.0, "passable": false, "chosen": false}, {"width": 14.536095297813254, "center_angle": 172.58690503476956, "edge_a": [171, 107.75], "edge_b": [174, 121.0], "depth": 121.0, "passable": false, "chosen": false}], "scan": [[-2, 3725.0], [-1, 3891.5], [0, 3939.0], [1, 2771.5], [2, 2756.0], [3, 2761.0], [5, 3854.5], [6, 3821.5], [7, 3803.0], [8, 3765.5], [9, 3748.5], [10, 3732.0], [11, 3701.5], [12, 3686.5], [13, 3671.5], [14, 3659.5], [15, 3640.5], [16, 3627.5], [17, 3606.5], [18, 3597.5], [19, 3589.0], [20, 3537.5], [21, 3533.5], [22, 3566.5], [23, 3579.0], [24, 255.0], [25, 243.5], [26, 238.0], [27, 234.0], [28, 222.5], [30, 207.0], [31, 202.0], [32, 194.5], [33, 192.25], [34, 189.75], [35, 183.0], [36, 181.0], [37, 179.0], [38, 172.5], [39, 171.0], [40, 166.0], [41, 164.25], [42, 162.25], [43, 156.0], [44, 155.5], [45, 153.75], [46, 150.0], [47, 147.5], [48, 146.5], [49, 145.5], [50, 143.5], [51, 142.0], [52, 140.5], [53, 139.0], [54, 138.25], [55, 138.75], [56, 134.75], [57, 133.75], [58, 133.25], [59, 132.25], [60, 130.25], [61, 130.25], [62, 129.0], [63, 128.0], [64, 127.75], [65, 125.5], [66, 125.0], [67, 125.0], [68, 123.5], [69, 123.0], [70, 123.5], [71, 123.5], [72, 123.0], [73, 122.5], [74, 122.0], [75, 122.5], [76, 124.0], [77, 124.0], [78, 126.0], [79, 124.5], [80, 124.0], [82, 1714.0], [83, 1719.5], [84, 1763.5], [85, 1780.75], [86, 1756.5], [87, 1742.0], [88, 1724.75], [89, 1700.0], [90, 1688.0], [91, 1667.5], [92, 1655.5], [93, 1645.5], [94, 1627.5], [95, 1616.5], [96, 1608.0], [97, 1592.5], [98, 1585.0], [99, 1568.75], [100, 1560.75], [101, 1555.5], [102, 1550.0], [103, 1540.5], [104, 1535.0], [105, 1525.5], [106, 1522.5], [107, 1518.0], [108, 1507.0], [109, 1503.25], [110, 1501.25], [111, 1499.0], [112, 1495.0], [113, 1492.0], [114, 1489.5], [115, 1488.0], [116, 1483.75], [117, 1484.25], [118, 1485.0], [119, 1484.0], [120, 1485.0], [121, 1485.0], [122, 1486.5], [123, 1488.0], [124, 1490.0], [125, 1491.5], [126, 1493.5], [127, 1497.5], [128, 1499.0], [129, 1501.0], [130, 1509.0], [131, 1514.0], [132, 1523.5], [133, 1528.0], [134, 1533.0], [135, 1542.0], [136, 1549.5], [137, 1563.0], [138, 1569.5], [139, 1576.0], [140, 1582.0], [141, 1597.5], [142, 1604.5], [143, 1621.5], [144, 1632.0], [145, 1643.5], [146, 1664.0], [147, 1674.0], [148, 1685.5], [149, 1708.0], [150, 1722.0], [151, 1738.0], [152, 1766.0], [153, 1782.0], [154, 1815.5], [155, 1832.0], [156, 1848.0], [157, 1886.5], [158, 1906.0], [159, 1943.5], [160, 1965.0], [161, 1989.0], [162, 62.5], [163, 62.0], [165, 69.75], [170, 106.25], [171, 107.75], [174, 121.0], [175, 126.25], [176, 127.0], [177, 126.0], [178, 125.75], [179, 125.75], [-180, 123.75], [-176, 69.0], [-174, 64.75], [-170, 71.5], [-168, 74.0], [-164, 4205.0], [-156, 339.0], [-155, 317.5], [-154, 309.5], [-153, 295.5], [-152, 290.0], [-151, 285.5], [-150, 280.0], [-149, 281.0], [-148, 283.5], [-147, 287.5], [-146, 290.0], [-145, 292.0], [-144, 297.5], [-143, 300.0], [-142, 304.0], [-141, 306.5], [-140, 310.0], [-139, 316.0], [-138, 319.5], [-137, 322.0], [-136, 333.0], [-135, 336.0], [-134, 345.0], [-133, 349.5], [-132, 359.0], [-131, 365.5], [-130, 370.0], [-129, 380.5], [-128, 385.5], [-127, 396.0], [-126, 402.5], [-125, 409.5], [-124, 421.0], [-123, 429.0], [-122, 435.0], [-121, 449.5], [-120, 458.0], [-119, 477.0], [-118, 485.5], [-117, 3491.5], [-116, 3451.0], [-114, 4501.5], [-111, 5575.0], [-109, 5818.0], [-108, 5893.5], [-106, 6105.0], [-104, 6351.5], [-101, 4525.5], [-99, 2525.0], [-97, 7331.5], [-96, 7450.0], [-95, 7739.5], [-94, 7864.5], [-92, 1031.0], [-91, 1018.5], [-90, 1019.5], [-89, 1021.5], [-88, 1023.75], [-87, 1026.25], [-86, 1028.25], [-85, 1028.25], [-84, 1031.75], [-83, 1033.25], [-82, 1037.75], [-81, 1040.5], [-80, 1043.0], [-79, 1048.5], [-78, 1050.0], [-77, 1052.5], [-76, 1060.5], [-68, 13212.0], [-57, 3640.5], [-56, 2221.0], [-55, 2242.0], [-54, 2382.5], [-48, 3922.5], [-45, 5403.5], [-44, 5426.0], [-38, 3912.0], [-37, 4008.5], [-35, 6681.0], [-34, 6626.5], [-33, 6587.0], [-30, 5902.0], [-29, 5783.5], [-27, 2636.5], [-26, 5350.0], [-24, 2642.5], [-22, 4848.0], [-21, 4781.0], [-19, 4573.5], [-18, 4513.0], [-15, 4279.5], [-14, 4176.5], [-12, 3859.5], [-11, 3815.5], [-10, 3774.5], [-9, 3737.5], [-8, 3548.5], [-7, 3571.5], [-6, 3574.0], [-5, 3533.0], [-4, 3533.0], [-3, 3651.5]]}