{"heading": -787.6, "target": 156.46845276193685, "gap_dist": 378.928080520791, "gap_info": [{"width": 249.21801939290674, "center_angle": -135.3067840283905, "edge_a": [-180, 123.0], "edge_b": [-125, 483.5], "depth": 483.5, "passable": false, "chosen": false}, {"width": 80.82689881564767, "center_angle": -26.64327056060266, "edge_a": [-29, 198.75], "edge_b": [-25, 285.0], "depth": 285.0, "passable": false, "chosen": false}, {"width": 780.2352473413384, "center_angle": 76.70108825606849, "edge_a": [3, 487.5], "edge_b": [147, 497.0], "depth": 497.0, "passable": true, "chosen": false}, {"width": 378.928080520791, "center_angle": 156.46845276193685, "edge_a": [153, 493.5], "edge_b": [172, 111.5], "depth": 493.5, "passable": true, "chosen": true}], "scan": [[-1, 432.0], [0, 448.5], [1, 457.0], [2, 475.0], [3, 487.5], [4, 500.0], [5, 521.5], [6, 553.0], [7, 567.0], [8, 583.0], [9, 627.5], [10, 642.0], [12, 708.5], [13, 729.5], [14, 776.5], [17, 854.5], [18, 869.5], [19, 859.5], [20, 856.0], [21, 854.0], [29, 2007.0], [30, 1969.0], [31, 1957.0], [32, 1950.5], [33, 1946.0], [34, 1942.5], [36, 1067.0], [37, 1043.0], [38, 987.5], [39, 963.5], [40, 942.5], [41, 902.5], [42, 884.5], [43, 851.5], [44, 845.5], [45, 847.5], [46, 855.5], [47, 865.5], [48, 873.0], [49, 883.0], [50, 892.0], [51, 904.5], [52, 913.5], [53, 931.5], [54, 939.5], [57, 6071.5], [63, 5694.5], [67, 1867.0], [68, 1831.5], [69, 1768.5], [70, 1740.0], [71, 1710.0], [72, 1662.0], [73, 1639.0], [74, 1626.0], [75, 1576.0], [76, 1555.5], [77, 1514.5], [78, 1534.0], [79, 1550.5], [82, 1293.5], [83, 1265.5], [84, 1257.0], [85, 1271.0], [86, 1277.5], [87, 1293.0], [88, 1300.5], [89, 1308.0], [90, 1324.0], [91, 1333.0], [94, 6100.0], [100, 7674.5], [102, 1166.5], [103, 1165.0], [104, 1169.0], [105, 1145.5], [106, 1144.0], [107, 1114.5], [108, 1108.0], [109, 1105.5], [110, 1108.5], [111, 1120.0], [112, 1118.5], [115, 3852.5], [117, 7252.5], [118, 7242.0], [119, 7094.5], [122, 2301.0], [123, 2285.5], [130, 7142.0], [132, 1183.5], [133, 7184.5], [134, 7202.5], [135, 7324.0], [139, 3270.5], [141, 679.0], [143, 604.0], [146, 519.0], [147, 497.0], [148, 489.0], [149, 482.0], [150, 480.0], [151, 485.5], [152, 489.0], [153, 493.5], [154, 504.0], [155, 512.0], [156, 519.0], [165, 69.25], [172, 111.5], [173, 118.75], [174, 121.0], [175, 125.5], [176, 126.0], [177, 126.25], [178, 125.75], [179, 125.25], [-180, 123.0], [-175, 67.0], [-170, 70.25], [-167, 76.5], [-162, 12800.5], [-161, 80.0], [-160, 12642.5], [-159, 12603.5], [-156, 5024.5], [-155, 5030.0], [-153, 1619.0], [-152, 1607.5], [-151, 1608.5], [-150, 1617.0], [-148, 4463.0], [-147, 4468.5], [-135, 873.5], [-134, 864.5], [-126, 518.0], [-125, 483.5], [-123, 441.0], [-122, 430.5], [-121, 420.0], [-120, 401.5], [-119, 391.0], [-118, 375.0], [-117, 366.5], [-116, 359.5], [-115, 344.0], [-114, 337.5], [-113, 325.5], [-112, 320.0], [-111, 308.0], [-110, 303.5], [-109, 299.0], [-108, 290.5], [-107, 286.5], [-106, 278.5], [-105, 274.0], [-104, 268.5], [-103, 264.0], [-102, 260.5], [-101, 255.0], [-100, 251.0], [-99, 248.5], [-98, 242.0], [-97, 238.5], [-96, 235.5], [-95, 233.0], [-94, 229.5], [-93, 225.5], [-92, 223.5], [-91, 221.0], [-90, 219.75], [-89, 219.0], [-88, 212.5], [-87, 211.5], [-86, 209.75], [-85, 206.75], [-84, 204.5], [-83, 204.25], [-82, 202.5], [-81, 199.25], [-80, 199.0], [-79, 198.5], [-78, 195.75], [-77, 194.75], [-76, 194.0], [-75, 193.5], [-74, 191.5], [-73, 191.0], [-72, 191.5], [-71, 190.25], [-70, 190.25], [-69, 189.25], [-68, 188.5], [-67, 188.0], [-66, 187.25], [-65, 186.5], [-64, 185.5], [-63, 185.0], [-62, 185.0], [-61, 185.0], [-60, 184.5], [-59, 184.0], [-58, 185.25], [-57, 185.0], [-56, 184.5], [-55, 185.25], [-54, 185.75], [-53, 186.5], [-52, 185.25], [-51, 185.5], [-50, 185.75], [-49, 186.0], [-48, 188.0], [-47, 189.0], [-46, 187.5], [-45, 190.5], [-44, 191.0], [-43, 191.25], [-42, 192.25], [-41, 193.0], [-40, 195.5], [-39, 195.5], [-38, 198.0], [-37, 198.5], [-36, 199.0], [-35, 200.0], [-34, 201.5], [-33, 205.5], [-32, 206.5], [-31, 208.0], [-30, 207.0], [-29, 198.75], [-25, 285.0], [-24, 290.5], [-23, 296.5], [-22, 299.0], [-21, 300.5], [-20, 307.0], [-19, 310.0], [-18, 315.5], [-17, 319.5], [-16, 323.5], [-15, 331.0], [-14, 335.5], [-13, 344.5], [-12, 349.5], [-11, 358.5], [-10, 364.0], [-9, 370.0], [-8, 380.5], [-7, 384.0], [-6, 396.0], [-5, 403.0], [-4, 408.0], [-3, 421.5], [-2, 430.0]]}