{"heading": 83.7, "target": 76.06396940663815, "gap_dist": 344.9265386430729, "gap_info": [{"width": 290.0357736555958, "center_angle": -121.54449199908555, "edge_a": [-180, 124.5], "edge_b": [-107, 422.5], "depth": 422.5, "passable": true, "chosen": false}, {"width": 219.06647115039635, "center_angle": -18.333075503191967, "edge_a": [-19, 218.5], "edge_b": [-18, 437.5], "depth": 437.5, "passable": false, "chosen": false}, {"width": 225.244956365506, "center_angle": 2.225885085822305, "edge_a": [-5, 446.5], "edge_b": [15, 254.0], "depth": 446.5, "passable": false, "chosen": false}, {"width": 344.9265386430729, "center_angle": 76.06396940663815, "edge_a": [64, 485.0], "edge_b": [169, 101.5], "depth": 485.0, "passable": true, "chosen": true}], "scan": [[-3, 2618.0], [-2, 2582.0], [-1, 2546.5], [0, 2484.0], [1, 2453.0], [2, 2395.0], [3, 2370.5], [4, 2343.0], [5, 2293.5], [6, 2272.0], [7, 2227.5], [8, 2207.5], [9, 2190.0], [10, 2173.5], [15, 254.0], [16, 253.0], [17, 252.0], [18, 253.5], [19, 254.0], [20, 255.5], [21, 258.0], [22, 260.0], [23, 263.0], [24, 263.5], [25, 263.5], [26, 267.0], [27, 268.0], [28, 272.0], [29, 273.0], [30, 275.5], [31, 277.0], [32, 280.5], [33, 282.5], [34, 284.0], [35, 288.0], [36, 290.5], [37, 296.5], [38, 300.0], [39, 303.5], [40, 306.0], [41, 308.5], [42, 315.5], [43, 318.0], [44, 322.0], [45, 328.5], [46, 333.0], [47, 340.5], [48, 343.0], [49, 347.0], [50, 355.5], [51, 359.5], [52, 366.0], [53, 373.0], [54, 379.0], [55, 388.0], [56, 393.0], [57, 405.0], [58, 411.0], [59, 417.5], [60, 433.0], [61, 440.0], [62, 461.0], [64, 485.0], [66, 537.0], [67, 543.0], [68, 552.5], [69, 596.0], [70, 608.5], [73, 1891.5], [74, 1918.5], [75, 1929.0], [76, 1954.0], [77, 1967.0], [78, 1523.5], [80, 2020.5], [81, 2051.5], [82, 2067.5], [83, 2103.0], [84, 2121.5], [85, 2158.5], [86, 2177.0], [87, 2198.0], [88, 2241.5], [89, 2265.5], [90, 2309.0], [94, 2444.0], [95, 2507.5], [96, 2540.0], [97, 2610.0], [98, 2647.5], [99, 2686.0], [101, 2858.5], [102, 2905.5], [103, 2958.0], [104, 3012.0], [105, 3064.5], [106, 3177.0], [107, 3234.5], [109, 3129.0], [110, 3159.5], [111, 3230.0], [112, 3226.0], [113, 3202.0], [114, 3166.0], [115, 3148.0], [116, 3130.5], [117, 3100.5], [118, 3084.5], [119, 3057.0], [120, 3047.0], [121, 3225.5], [122, 3248.0], [123, 3207.0], [124, 3194.0], [125, 3172.0], [126, 3163.0], [127, 3154.0], [128, 1707.5], [129, 1705.0], [130, 1699.0], [131, 1695.0], [132, 1689.0], [135, 1680.5], [136, 1680.5], [137, 1676.0], [138, 1675.0], [139, 1677.5], [140, 1678.0], [141, 1678.5], [142, 1677.5], [143, 1679.0], [144, 1680.0], [145, 1015.5], [147, 1685.5], [148, 1694.0], [152, 3156.0], [153, 3172.0], [155, 728.5], [156, 716.5], [157, 699.0], [158, 694.5], [159, 698.0], [160, 705.0], [162, 67.5], [165, 70.5], [167, 61.0], [169, 101.5], [170, 102.25], [172, 110.0], [173, 119.25], [174, 122.25], [175, 126.5], [176, 126.0], [177, 125.25], [178, 125.5], [179, 124.0], [-180, 124.5], [-175, 68.5], [-173, 60.25], [-171, 78.0], [-163, 5608.0], [-162, 5713.5], [-161, 5734.0], [-158, 3671.0], [-141, 1786.5], [-140, 1796.0], [-135, 3235.5], [-133, 4848.5], [-119, 7142.5], [-118, 7160.5], [-116, 6789.5], [-112, 6752.0], [-107, 422.5], [-106, 413.5], [-105, 403.5], [-104, 388.0], [-103, 378.0], [-102, 365.5], [-101, 358.5], [-100, 347.0], [-99, 340.5], [-98, 336.0], [-97, 325.5], [-96, 322.5], [-95, 311.5], [-94, 308.0], [-93, 303.5], [-92, 297.5], [-91, 292.5], [-90, 286.0], [-89, 282.0], [-88, 278.0], [-87, 275.25], [-86, 273.0], [-85, 269.5], [-84, 266.25], [-83, 259.5], [-82, 255.5], [-81, 254.25], [-80, 252.5], [-79, 250.75], [-78, 246.5], [-77, 246.0], [-76, 241.5], [-75, 239.25], [-74, 238.0], [-73, 232.25], [-72, 230.5], [-71, 229.5], [-70, 226.5], [-69, 226.0], [-68, 225.0], [-67, 222.5], [-66, 222.25], [-65, 221.75], [-64, 215.5], [-63, 213.0], [-62, 211.5], [-61, 209.5], [-60, 207.0], [-59, 206.5], [-58, 206.0], [-57, 203.0], [-56, 202.0], [-55, 202.0], [-54, 200.0], [-53, 199.5], [-52, 198.0], [-51, 196.0], [-50, 195.5], [-49, 198.5], [-48, 197.0], [-47, 197.0], [-46, 200.5], [-45, 200.5], [-44, 199.5], [-43, 198.5], [-42, 199.5], [-41, 200.0], [-40, 198.0], [-39, 198.0], [-38, 199.5], [-37, 197.5], [-36, 197.0], [-35, 199.0], [-34, 198.5], [-33, 196.5], [-32, 199.5], [-31, 198.5], [-30, 205.0], [-29, 205.5], [-28, 203.0], [-27, 203.5], [-26, 207.5], [-25, 210.5], [-24, 211.5], [-23, 214.0], [-22, 216.5], [-21, 217.0], [-20, 217.0], [-19, 218.5], [-18, 437.5], [-17, 438.0], [-16, 439.5], [-15, 439.0], [-14, 439.5], [-13, 440.5], [-12, 440.0], [-11, 440.5], [-10, 441.0], [-9, 443.5], [-8, 444.0], [-7, 444.5], [-6, 445.5], [-5, 446.5]]}