{"heading": -38.1, "target": 50.062386358124286, "gap_dist": 386.7593378841582, "gap_info": [{"width": 386.7593378841582, "center_angle": 50.062386358124286, "edge_a": [4, 265.75], "edge_b": [79, 395.5], "depth": 395.5, "passable": true, "chosen": true}, {"width": 283.67552576091106, "center_angle": 123.63440926305933, "edge_a": [114, 474.75], "edge_b": [171, 108.0], "depth": 474.75, "passable": true, "chosen": false}], "scan": [[-3, 243.25], [-1, 247.25], [0, 248.75], [1, 250.0], [2, 254.0], [3, 262.75], [4, 265.75], [6, 1804.75], [7, 1831.25], [8, 1857.25], [9, 1885.5], [10, 1942.25], [11, 1976.0], [12, 2007.5], [14, 4547.0], [15, 4705.5], [16, 4803.75], [17, 4894.75], [18, 5082.0], [19, 5188.0], [22, 5666.5], [23, 5961.0], [24, 6113.75], [27, 3410.75], [28, 3378.5], [29, 3329.25], [30, 781.25], [31, 778.5], [32, 767.25], [33, 621.75], [34, 615.75], [35, 612.0], [36, 609.75], [37, 609.25], [38, 609.5], [39, 614.75], [40, 616.5], [41, 616.25], [42, 608.0], [43, 607.5], [44, 617.0], [45, 657.75], [48, 1630.5], [50, 2251.5], [51, 2249.25], [52, 2284.5], [56, 2137.0], [57, 2113.75], [58, 2085.5], [59, 2093.5], [60, 2115.5], [61, 1743.25], [63, 1466.25], [64, 1463.25], [65, 1479.0], [67, 1622.75], [68, 1618.5], [69, 1608.75], [70, 1590.25], [71, 1579.5], [72, 1559.25], [73, 1547.25], [74, 1533.5], [75, 1523.0], [76, 1526.25], [77, 1548.25], [79, 395.5], [80, 385.75], [81, 376.75], [82, 364.25], [83, 356.75], [84, 346.5], [85, 340.5], [86, 327.25], [87, 322.5], [88, 311.75], [89, 307.25], [90, 302.5], [91, 295.25], [92, 291.0], [93, 287.25], [94, 290.25], [95, 290.75], [96, 291.75], [97, 298.0], [98, 301.25], [99, 313.5], [101, 344.5], [102, 350.0], [103, 349.5], [104, 345.5], [105, 355.75], [107, 395.5], [108, 400.75], [109, 410.25], [111, 442.0], [112, 443.5], [113, 452.25], [114, 474.75], [118, 571.5], [119, 613.25], [122, 747.25], [125, 1881.5], [126, 1862.0], [127, 1836.75], [128, 1844.0], [129, 1867.25], [130, 1899.25], [132, 5245.0], [134, 1483.5], [135, 1479.0], [136, 1473.75], [137, 1464.0], [139, 3255.75], [140, 3250.75], [141, 3248.5], [143, 3235.75], [144, 3246.5], [145, 3270.5], [160, 885.0], [164, 70.0], [165, 69.75], [166, 69.75], [171, 108.0], [172, 114.25], [174, 121.5], [175, 125.0], [176, 126.25], [177, 126.75], [178, 125.0], [179, 124.25], [180, 122.5], [-175, 68.5], [-174, 67.0], [-170, 79.75], [-167, 386.25], [-166, 375.5], [-165, 373.5], [-164, 370.75], [-163, 368.5], [-162, 366.0], [-161, 361.25], [-160, 358.75], [-159, 352.0], [-158, 349.5], [-157, 347.0], [-156, 344.25], [-155, 342.0], [-154, 338.75], [-153, 338.75], [-152, 337.75], [-151, 334.5], [-150, 332.75], [-149, 330.75], [-148, 328.5], [-147, 327.0], [-146, 325.5], [-145, 324.25], [-144, 322.0], [-143, 321.0], [-142, 318.75], [-141, 317.0], [-140, 317.0], [-139, 316.25], [-138, 316.0], [-137, 315.5], [-136, 315.25], [-135, 315.0], [-134, 313.75], [-133, 312.75], [-132, 312.75], [-131, 313.0], [-130, 313.5], [-129, 314.0], [-128, 313.5], [-127, 314.0], [-126, 314.25], [-125, 314.5], [-124, 315.75], [-123, 316.25], [-122, 316.75], [-121, 318.25], [-120, 319.25], [-119, 319.5], [-118, 320.5], [-117, 321.0], [-116, 322.75], [-115, 326.25], [-114, 327.25], [-113, 327.75], [-112, 332.25], [-111, 334.0], [-110, 338.0], [-109, 338.75], [-108, 340.75], [-107, 345.0], [-106, 347.5], [-105, 351.75], [-104, 354.25], [-103, 358.75], [-102, 361.0], [-101, 364.25], [-100, 370.25], [-99, 367.25], [-98, 363.75], [-97, 357.0], [-96, 348.5], [-95, 330.0], [-94, 317.5], [-93, 312.5], [-92, 306.25], [-91, 295.75], [-90, 291.0], [-89, 283.0], [-88, 278.0], [-87, 271.75], [-86, 268.0], [-85, 265.25], [-84, 258.5], [-83, 255.75], [-82, 249.75], [-81, 244.75], [-80, 243.25], [-79, 239.75], [-78, 234.0], [-77, 229.75], [-76, 229.75], [-75, 225.0], [-74, 223.0], [-73, 221.0], [-72, 218.5], [-71, 217.75], [-70, 214.0], [-69, 212.25], [-68, 210.5], [-67, 206.75], [-66, 207.0], [-65, 203.25], [-64, 202.25], [-63, 200.5], [-62, 198.25], [-61, 197.75], [-60, 196.25], [-59, 195.75], [-58, 193.75], [-57, 193.25], [-56, 192.75], [-55, 192.25], [-54, 190.5], [-53, 190.25], [-52, 189.5], [-51, 189.0], [-50, 189.0], [-49, 187.0], [-48, 187.0], [-47, 187.0], [-46, 185.25], [-45, 185.5], [-44, 185.5], [-43, 185.5], [-42, 186.5], [-41, 185.5], [-40, 185.0], [-39, 185.25], [-38, 185.75], [-37, 184.75], [-36, 184.75], [-35, 184.5], [-34, 184.75], [-33, 184.5], [-32, 185.0], [-31, 185.5], [-30, 187.5], [-29, 188.75], [-28, 190.5], [-27, 189.25], [-26, 189.75], [-25, 191.25], [-24, 191.0], [-23, 192.5], [-22, 191.75], [-21, 195.5], [-20, 195.5], [-19, 199.0], [-18, 205.0], [-17, 207.75], [-16, 213.75], [-15, 210.25], [-14, 207.25], [-13, 212.0], [-12, 208.25], [-10, 217.25], [-9, 217.0], [-8, 222.5], [-7, 223.5], [-5, 237.75]]}