{"heading": 43.1, "target": 89.12157224588599, "gap_dist": 375.9594850486356, "gap_info": [{"width": 375.9594850486356, "center_angle": 89.12157224588599, "edge_a": [36, 200.5], "edge_b": [116, 354.75], "depth": 354.75, "passable": true, "chosen": true}, {"width": 299.75344736420993, "center_angle": 152.20581547165744, "edge_a": [148, 492.0], "edge_b": [171, 112.0], "depth": 492.0, "passable": true, "chosen": false}], "scan": [[-1, 194.0], [0, 194.0], [1, 192.0], [2, 191.5], [3, 191.0], [4, 191.0], [5, 190.0], [6, 188.0], [7, 187.5], [8, 187.5], [9, 186.5], [10, 185.5], [11, 185.5], [12, 186.0], [13, 183.5], [14, 179.0], [15, 180.0], [16, 180.5], [17, 179.5], [18, 179.5], [19, 181.5], [20, 183.0], [21, 184.0], [22, 185.0], [23, 186.5], [24, 187.5], [25, 188.0], [26, 190.0], [27, 190.0], [28, 192.0], [29, 193.0], [30, 193.5], [31, 194.0], [32, 196.0], [33, 196.5], [34, 197.5], [35, 201.5], [36, 200.5], [39, 1179.0], [40, 1198.0], [41, 1204.5], [42, 1218.0], [43, 1236.5], [51, 3877.0], [54, 2470.0], [55, 2459.5], [56, 2621.0], [59, 4140.5], [62, 5708.5], [70, 4304.0], [72, 6948.0], [73, 6871.0], [75, 6313.5], [78, 5969.5], [79, 2960.5], [80, 5547.5], [82, 2974.0], [83, 2980.0], [84, 5140.5], [86, 4928.0], [87, 4862.5], [88, 4800.5], [90, 4571.0], [91, 4515.0], [93, 4195.0], [94, 4144.0], [95, 4066.0], [97, 3892.5], [98, 3923.5], [99, 3886.5], [100, 3870.0], [101, 3987.5], [102, 4066.0], [103, 4149.5], [104, 4222.5], [105, 3103.0], [106, 3085.0], [107, 3106.5], [108, 4187.5], [109, 4172.0], [110, 4150.0], [111, 4130.5], [116, 354.75], [117, 352.25], [118, 353.5], [119, 355.75], [120, 359.5], [121, 364.0], [122, 365.5], [123, 366.5], [124, 369.5], [125, 372.5], [126, 374.5], [127, 377.5], [128, 381.0], [129, 385.0], [130, 389.0], [131, 392.5], [132, 395.5], [133, 398.0], [134, 405.0], [135, 407.0], [136, 413.5], [137, 416.5], [138, 421.0], [139, 426.0], [140, 433.5], [141, 437.5], [142, 448.0], [143, 451.5], [144, 455.5], [145, 468.0], [146, 474.5], [147, 479.5], [148, 492.0], [149, 500.0], [150, 515.5], [151, 518.0], [154, 3355.0], [155, 3373.0], [156, 3392.5], [157, 3410.0], [158, 3202.5], [159, 3027.5], [160, 2947.0], [161, 2873.5], [164, 69.5], [165, 69.25], [166, 68.25], [167, 60.0], [169, 94.0], [171, 112.0], [172, 111.0], [173, 118.0], [174, 120.75], [175, 125.5], [176, 126.5], [177, 125.25], [178, 126.0], [179, 125.5], [180, 124.75], [-175, 70.0], [-171, 76.75], [-168, 69.75], [-167, 70.5], [-166, 1484.0], [-165, 1472.5], [-164, 1458.0], [-163, 1452.0], [-162, 1438.5], [-161, 1430.5], [-160, 1423.0], [-159, 1407.0], [-158, 1401.5], [-157, 1396.0], [-156, 1384.0], [-155, 1376.5], [-154, 1365.0], [-153, 1359.0], [-152, 1355.5], [-151, 1345.0], [-150, 1340.0], [-149, 1330.5], [-148, 1325.5], [-147, 1321.0], [-146, 1315.5], [-145, 1311.0], [-144, 1309.0], [-143, 1303.5], [-142, 1301.0], [-141, 1297.5], [-140, 1296.0], [-139, 1296.0], [-138, 1294.0], [-137, 1292.0], [-136, 1292.0], [-135, 1291.5], [-134, 1292.0], [-133, 1292.0], [-132, 1293.5], [-131, 1295.0], [-130, 1297.0], [-129, 1299.5], [-128, 1300.5], [-127, 1305.5], [-126, 1308.5], [-125, 1314.25], [-124, 1315.5], [-123, 1325.0], [-122, 1330.5], [-121, 1335.5], [-120, 1345.5], [-119, 1351.0], [-118, 1355.0], [-117, 1366.0], [-116, 1372.0], [-115, 1388.0], [-114, 1392.5], [-113, 1399.5], [-112, 1415.0], [-111, 1423.0], [-110, 1438.0], [-109, 1446.5], [-108, 1456.5], [-107, 1475.0], [-106, 1485.0], [-105, 1507.5], [-104, 1517.5], [-103, 1530.0], [-102, 1555.5], [-101, 1566.5], [-100, 1594.5], [-99, 1608.5], [-98, 1622.5], [-97, 1653.0], [-96, 1665.0], [-95, 1679.5], [-94, 1709.0], [-93, 1727.0], [-92, 1765.5], [-91, 1786.5], [-90, 1807.5], [-89, 1855.0], [-88, 1879.0], [-87, 1928.0], [-86, 1952.5], [-85, 1979.0], [-84, 2042.0], [-83, 2073.5], [-82, 2141.0], [-81, 2174.5], [-80, 2208.5], [-79, 2285.0], [-78, 2329.0], [-77, 2376.0], [-76, 2477.0], [-75, 2530.5], [-74, 2643.5], [-73, 2704.5], [-72, 2767.5], [-71, 2901.0], [-70, 2974.0], [-69, 3134.5], [-68, 3224.0], [-67, 3320.5], [-63, 4029.0], [-60, 3972.0], [-59, 3955.5], [-58, 3940.0], [-56, 3904.0], [-54, 3867.5], [-53, 3870.0], [-52, 4081.0], [-51, 4067.0], [-50, 4055.0], [-49, 4046.25], [-48, 4042.0], [-47, 4038.0], [-46, 4036.0], [-45, 4035.0], [-44, 4034.5], [-43, 4035.0], [-41, 2645.0], [-40, 2647.0], [-39, 2640.0], [-38, 2643.0], [-37, 2647.0], [-36, 2650.0], [-35, 2662.5], [-34, 2667.0], [-33, 2678.0], [-32, 2686.0], [-31, 2693.5], [-30, 2716.5], [-28, 4189.0], [-27, 4227.5], [-26, 4244.5], [-25, 4281.0], [-24, 4300.0], [-23, 4321.0], [-22, 4364.0], [-21, 4387.0], [-19, 219.5], [-18, 210.5], [-17, 210.0], [-16, 204.0], [-15, 203.0], [-14, 201.5], [-13, 198.5], [-12, 197.5], [-11, 196.5], [-10, 193.0], [-9, 192.5], [-8, 191.0], [-7, 189.0], [-6, 185.0], [-5, 183.5], [-4, 182.5], [-3, 182.0]]}