{"heading": -6.0, "target": -44.32105434290143, "gap_dist": 527.6958218070372, "gap_info": [{"width": 527.6958218070372, "center_angle": -44.32105434290143, "edge_a": [-91, 407.5], "edge_b": [-3, 449.0], "depth": 449.0, "passable": true, "chosen": true}, {"width": 43.15087218759314, "center_angle": 18.357726407296763, "edge_a": [17, 254.0], "edge_b": [20, 210.0], "depth": 254.0, "passable": false, "chosen": false}, {"width": 283.4023358769609, "center_angle": 67.96484599945227, "edge_a": [48, 311.5], "edge_b": [170, 108.75], "depth": 311.5, "passable": true, "chosen": false}, {"width": 8.943729649685343, "center_angle": 171.5451608103707, "edge_a": [170, 108.75], "edge_b": [173, 115.5], "depth": 115.5, "passable": false, "chosen": false}], "scan": [[-3, 449.0], [-2, 418.0], [-1, 409.5], [1, 376.5], [2, 368.0], [3, 356.0], [5, 366.5], [6, 313.5], [8, 318.5], [10, 296.5], [11, 292.5], [12, 258.0], [14, 246.0], [16, 253.5], [17, 254.0], [20, 210.0], [21, 211.0], [22, 210.5], [23, 202.0], [24, 202.0], [25, 197.0], [26, 195.0], [27, 192.5], [28, 190.5], [29, 190.5], [30, 194.5], [31, 196.0], [32, 199.0], [33, 203.5], [34, 206.0], [35, 209.5], [37, 222.5], [38, 227.5], [39, 232.0], [40, 237.5], [41, 248.5], [42, 253.5], [43, 257.5], [45, 284.0], [46, 297.0], [47, 305.0], [48, 311.5], [52, 2535.0], [69, 6241.0], [70, 5995.0], [71, 5909.0], [72, 5936.5], [73, 4141.5], [75, 6485.5], [76, 2604.0], [77, 2621.0], [83, 4501.5], [84, 1151.5], [85, 1142.5], [86, 1156.0], [88, 1485.0], [89, 1486.0], [90, 1488.0], [91, 1496.0], [92, 1529.5], [99, 6106.0], [102, 1840.0], [103, 3137.5], [104, 1688.5], [105, 1659.0], [106, 1649.0], [107, 1625.5], [108, 1632.0], [111, 4818.5], [113, 2126.5], [114, 2134.5], [115, 2141.0], [116, 2138.0], [117, 2138.5], [118, 2151.5], [119, 4162.5], [121, 3063.0], [122, 2761.0], [124, 1921.0], [125, 1902.0], [127, 2001.0], [128, 2009.0], [130, 3665.5], [131, 3640.5], [133, 3416.0], [134, 3396.0], [135, 3339.0], [136, 3320.5], [137, 3321.5], [138, 3304.0], [139, 3287.0], [140, 3152.0], [141, 3184.0], [142, 3227.5], [143, 3200.5], [144, 3187.5], [148, 3511.5], [149, 1380.0], [150, 1361.5], [151, 1350.5], [152, 1339.0], [153, 1339.5], [154, 1344.0], [155, 1349.5], [156, 1374.5], [157, 1403.5], [158, 3650.0], [159, 3649.0], [160, 3642.5], [161, 3646.5], [164, 67.25], [165, 68.5], [166, 68.5], [167, 61.5], [170, 108.75], [173, 115.5], [174, 122.25], [175, 124.25], [176, 126.75], [177, 126.25], [178, 125.5], [179, 125.0], [180, 125.25], [-175, 69.5], [-170, 74.75], [-165, 4311.0], [-164, 4296.0], [-163, 4164.5], [-162, 4094.0], [-161, 3956.5], [-160, 3894.0], [-159, 3875.5], [-158, 3909.5], [-157, 3930.5], [-156, 3864.5], [-155, 3754.0], [-154, 3704.0], [-153, 3610.0], [-152, 3565.0], [-151, 3523.5], [-150, 3443.0], [-149, 3404.5], [-148, 3330.5], [-147, 3296.5], [-146, 3266.5], [-145, 3207.5], [-144, 3180.0], [-143, 3153.0], [-142, 3095.0], [-141, 3067.0], [-140, 3020.0], [-139, 2996.5], [-138, 2974.0], [-137, 2929.5], [-136, 2911.0], [-135, 2892.25], [-134, 2854.5], [-133, 2837.5], [-132, 2804.5], [-131, 2787.5], [-130, 2759.0], [-129, 2744.5], [-128, 2730.5], [-127, 2707.5], [-126, 2695.0], [-125, 2676.0], [-124, 2666.0], [-123, 2656.5], [-122, 2640.5], [-121, 2634.0], [-120, 2614.5], [-119, 2607.5], [-118, 2602.0], [-117, 2604.0], [-115, 370.0], [-113, 358.0], [-112, 357.75], [-111, 358.25], [-110, 359.5], [-109, 361.0], [-108, 361.5], [-107, 361.5], [-106, 364.0], [-105, 364.5], [-104, 370.5], [-103, 370.0], [-102, 370.0], [-101, 373.0], [-100, 376.0], [-99, 379.0], [-98, 381.0], [-97, 381.5], [-96, 387.0], [-95, 390.0], [-94, 392.5], [-93, 399.0], [-92, 400.5], [-91, 407.5], [-89, 2636.5], [-88, 2666.0], [-87, 2678.5], [-86, 2699.0], [-85, 2712.5], [-84, 2726.0], [-83, 2754.0], [-82, 2769.0], [-81, 2797.0], [-80, 2812.5], [-79, 2828.5], [-78, 2865.0], [-77, 2883.5], [-76, 2902.0], [-75, 2943.5], [-74, 2965.0], [-72, 1184.0], [-71, 1166.5], [-70, 1159.0], [-69, 1147.0], [-68, 1140.5], [-67, 1134.0], [-66, 1129.5], [-64, 1201.5], [-63, 1264.0], [-58, 3743.5], [-57, 3796.5], [-56, 3847.0], [-55, 3953.0], [-53, 4140.5], [-52, 4209.0], [-51, 4278.0], [-50, 4424.0], [-49, 4503.5], [-46, 4554.0], [-45, 4589.0], [-44, 4555.0], [-42, 4453.0], [-41, 4401.5], [-40, 4377.0], [-39, 4363.5], [-38, 4534.5], [-37, 4531.0], [-36, 2979.0], [-35, 2957.0], [-34, 2936.5], [-33, 2913.5], [-32, 2901.5], [-31, 2879.5], [-30, 2868.0], [-29, 2859.0], [-28, 2842.0], [-27, 2834.0], [-26, 2828.0], [-25, 2840.5], [-24, 2939.0], [-22, 4217.0], [-21, 4212.5], [-20, 4198.0], [-19, 4192.5], [-18, 4187.5], [-17, 4185.5], [-16, 4183.5], [-15, 4180.0], [-14, 4179.0], [-13, 4179.0], [-12, 4182.0], [-11, 4185.0], [-10, 4187.5], [-9, 4194.0], [-8, 4198.0], [-7, 4208.5], [-6, 4215.0], [-5, 4223.0], [-4, 4241.5]]}