{"heading": 52.7, "target": 25.543940164233344, "gap_dist": 298.33944128115746, "gap_info": [{"width": 216.4224632862953, "center_angle": -135.37878377594578, "edge_a": [-180, 125.75], "edge_b": [-113, 232.0], "depth": 232.0, "passable": false, "chosen": false}, {"width": 53.95937162199887, "center_angle": -36.26077828270836, "edge_a": [-38, 251.5], "edge_b": [-34, 193.5], "depth": 251.5, "passable": false, "chosen": false}, {"width": 298.33944128115746, "center_angle": 25.543940164233344, "edge_a": [18, 491.5], "edge_b": [170, 111.0], "depth": 491.5, "passable": true, "chosen": true}], "scan": [[-4, 257.5], [-3, 292.0], [-2, 288.0], [-1, 286.5], [0, 307.5], [1, 309.0], [3, 316.0], [4, 321.5], [5, 328.0], [6, 341.5], [7, 347.5], [8, 361.5], [9, 369.0], [10, 378.0], [11, 395.5], [12, 403.0], [13, 412.5], [14, 436.0], [15, 449.0], [17, 490.0], [18, 491.5], [21, 2046.0], [22, 2063.0], [23, 2075.5], [24, 2087.0], [25, 2117.0], [26, 2131.5], [27, 2163.5], [29, 4909.5], [31, 9122.0], [32, 9029.0], [33, 8989.0], [34, 9026.0], [36, 11539.0], [37, 11559.0], [38, 12730.5], [39, 12735.5], [40, 12769.0], [41, 12799.0], [45, 6186.5], [55, 4866.5], [60, 3929.0], [63, 4508.0], [70, 5366.5], [75, 2766.5], [76, 2731.5], [77, 2735.5], [78, 751.5], [79, 739.0], [80, 733.0], [81, 719.0], [82, 712.5], [83, 697.5], [84, 689.0], [85, 683.5], [86, 675.0], [87, 670.5], [88, 657.0], [89, 656.5], [90, 644.0], [91, 637.5], [92, 632.5], [93, 622.5], [94, 617.0], [95, 613.0], [96, 604.0], [97, 599.5], [98, 594.5], [99, 592.0], [100, 588.0], [101, 583.5], [102, 580.5], [103, 583.5], [104, 585.0], [105, 576.0], [106, 566.5], [107, 566.0], [108, 569.0], [109, 565.0], [110, 563.0], [111, 560.0], [112, 553.5], [113, 551.75], [114, 551.75], [115, 554.5], [116, 553.5], [117, 550.0], [118, 545.75], [119, 544.75], [120, 547.0], [121, 546.5], [123, 598.0], [124, 592.5], [125, 588.5], [126, 583.5], [127, 576.5], [128, 573.0], [129, 567.0], [130, 567.0], [131, 565.0], [132, 559.0], [133, 556.0], [134, 553.5], [135, 553.0], [136, 549.0], [137, 545.5], [138, 547.0], [139, 545.0], [140, 543.0], [141, 542.0], [142, 540.5], [143, 539.5], [144, 538.5], [145, 537.5], [146, 534.5], [147, 533.5], [148, 533.5], [149, 533.5], [150, 533.0], [151, 533.0], [152, 537.5], [153, 537.5], [154, 541.5], [155, 1270.5], [157, 3401.0], [158, 3350.0], [159, 3309.5], [164, 73.0], [165, 73.5], [166, 72.0], [170, 111.0], [172, 114.25], [173, 119.25], [174, 123.0], [175, 126.75], [176, 127.25], [177, 127.0], [178, 127.25], [179, 127.0], [-180, 125.75], [-175, 72.0], [-170, 69.5], [-168, 76.5], [-167, 77.25], [-164, 1750.5], [-163, 1737.5], [-162, 1732.5], [-161, 1747.0], [-159, 13708.0], [-148, 6099.0], [-147, 6098.5], [-146, 5530.0], [-145, 5533.5], [-143, 5590.0], [-142, 5563.5], [-141, 5607.0], [-140, 2720.5], [-128, 2059.5], [-126, 1862.0], [-125, 1750.5], [-124, 1701.5], [-123, 1612.0], [-122, 1571.0], [-121, 1532.0], [-120, 1463.0], [-119, 1433.5], [-118, 1370.5], [-117, 1344.5], [-116, 1318.5], [-115, 1268.5], [-114, 1247.0], [-113, 232.0], [-112, 233.5], [-111, 231.0], [-110, 229.0], [-109, 227.5], [-108, 222.0], [-107, 221.0], [-106, 219.5], [-105, 218.0], [-104, 216.0], [-103, 212.5], [-102, 211.0], [-101, 210.0], [-100, 206.5], [-99, 206.0], [-98, 206.0], [-97, 203.5], [-96, 203.0], [-95, 201.5], [-94, 201.5], [-93, 201.5], [-92, 199.0], [-91, 198.5], [-90, 198.5], [-89, 197.5], [-88, 196.5], [-87, 195.0], [-86, 195.5], [-85, 196.0], [-84, 195.5], [-83, 195.0], [-82, 194.0], [-81, 193.0], [-80, 193.5], [-79, 194.5], [-78, 194.0], [-77, 194.5], [-76, 195.0], [-75, 196.0], [-74, 195.5], [-73, 195.75], [-72, 197.25], [-71, 197.0], [-70, 199.0], [-69, 199.5], [-68, 200.0], [-67, 200.5], [-66, 202.0], [-65, 202.0], [-64, 201.75], [-63, 203.25], [-62, 206.0], [-61, 206.5], [-60, 208.25], [-59, 209.5], [-58, 211.0], [-57, 214.25], [-56, 215.0], [-55, 217.75], [-54, 218.75], [-53, 219.75], [-52, 223.0], [-51, 224.25], [-50, 227.5], [-49, 229.5], [-48, 230.5], [-47, 236.5], [-46, 237.5], [-45, 239.0], [-44, 244.5], [-43, 247.5], [-42, 253.5], [-41, 257.0], [-40, 259.5], [-38, 251.5], [-34, 193.5], [-33, 194.5], [-32, 203.0], [-30, 195.5], [-29, 194.5], [-28, 193.5], [-27, 193.5], [-26, 195.5], [-25, 195.0], [-24, 197.0], [-23, 200.0], [-22, 199.5], [-21, 195.5], [-19, 204.0], [-18, 210.0], [-17, 215.5], [-16, 222.0], [-15, 222.5], [-14, 229.5], [-12, 224.5], [-11, 223.0], [-10, 221.5], [-9, 232.5], [-8, 233.0], [-7, 233.5], [-6, 235.5], [-5, 255.5]]}