{"heading": 95.1, "target": 117.1890199727482, "gap_dist": 288.6557681069057, "gap_info": [{"width": 442.8419236485141, "center_angle": -48.80853139800104, "edge_a": [-72, 485.5], "edge_b": [18, 208.0], "depth": 485.5, "passable": true, "chosen": false}, {"width": 288.6557681069057, "center_angle": 117.1890199727482, "edge_a": [100, 487.5], "edge_b": [135, 471.0], "depth": 487.5, "passable": true, "chosen": true}, {"width": 279.2188759531573, "center_angle": 161.77075046340119, "edge_a": [160, 469.0], "edge_b": [170, 101.25], "depth": 469.0, "passable": true, "chosen": false}], "scan": [[-2, 7713.0], [1, 7154.0], [2, 4132.5], [9, 2701.5], [10, 2693.5], [13, 8948.5], [14, 8294.0], [16, 7859.5], [18, 208.0], [19, 211.0], [20, 210.5], [21, 209.0], [22, 207.5], [23, 206.5], [24, 205.0], [25, 203.0], [26, 202.5], [27, 202.5], [28, 202.5], [29, 202.0], [30, 200.0], [31, 199.5], [32, 200.5], [33, 200.0], [34, 200.0], [35, 200.0], [36, 200.0], [37, 200.0], [38, 199.5], [39, 200.5], [40, 200.0], [41, 201.0], [42, 201.5], [43, 200.5], [44, 201.5], [45, 202.5], [46, 203.0], [47, 204.0], [48, 205.0], [49, 206.5], [50, 207.0], [51, 208.0], [52, 209.0], [53, 210.0], [54, 212.0], [55, 212.5], [56, 214.5], [57, 217.5], [58, 218.5], [59, 220.5], [60, 222.0], [61, 226.0], [62, 226.5], [63, 227.5], [64, 232.0], [65, 234.5], [66, 239.0], [67, 241.5], [68, 244.5], [69, 249.0], [70, 249.0], [71, 248.0], [72, 251.5], [73, 265.0], [74, 265.5], [75, 265.5], [76, 270.5], [77, 274.0], [78, 283.5], [79, 288.5], [80, 292.5], [81, 301.5], [82, 305.0], [83, 313.5], [84, 319.5], [85, 328.0], [86, 333.0], [87, 357.0], [88, 362.0], [89, 359.5], [91, 386.0], [92, 389.5], [93, 414.0], [94, 411.0], [95, 415.0], [96, 425.5], [97, 449.5], [98, 452.0], [99, 478.0], [100, 487.5], [102, 2679.5], [103, 2612.0], [104, 2557.0], [105, 1255.5], [106, 1256.5], [107, 1240.5], [108, 1231.0], [109, 1240.0], [111, 2052.0], [112, 1985.0], [113, 1949.5], [114, 1921.5], [115, 1296.5], [116, 1289.0], [117, 1267.0], [118, 1266.0], [119, 1269.0], [121, 1633.5], [122, 1614.0], [123, 1574.0], [124, 1557.0], [125, 1540.5], [126, 1509.0], [127, 1493.5], [128, 1464.5], [129, 1450.0], [130, 1425.5], [131, 1413.5], [132, 1400.0], [133, 1376.5], [134, 1367.5], [135, 471.0], [136, 463.5], [137, 454.5], [138, 444.0], [139, 437.5], [140, 430.0], [141, 419.5], [142, 413.0], [143, 406.0], [144, 402.0], [145, 397.5], [146, 389.5], [147, 386.0], [148, 379.5], [149, 377.0], [150, 374.0], [151, 373.0], [152, 380.5], [153, 386.5], [154, 400.5], [155, 406.5], [156, 413.5], [157, 430.5], [158, 440.0], [159, 459.0], [160, 469.0], [165, 69.75], [170, 101.25], [171, 107.0], [173, 120.25], [174, 124.0], [175, 125.75], [176, 127.25], [177, 126.25], [178, 125.0], [179, 125.0], [180, 125.75], [-175, 67.5], [-173, 61.0], [-170, 75.5], [-168, 78.75], [-166, 1289.0], [-165, 1298.5], [-164, 1319.5], [-163, 1331.0], [-162, 1342.5], [-161, 1364.0], [-160, 1373.5], [-159, 1397.5], [-158, 1411.0], [-157, 1422.0], [-156, 1448.0], [-155, 1462.0], [-154, 1476.0], [-153, 1506.5], [-152, 1521.5], [-151, 1552.5], [-150, 1568.5], [-149, 1607.5], [-148, 1628.5], [-147, 1647.5], [-146, 1689.5], [-145, 1714.5], [-144, 1765.5], [-143, 1790.0], [-142, 1816.0], [-141, 1877.0], [-140, 1907.0], [-139, 1973.5], [-138, 2009.0], [-137, 2046.5], [-136, 2125.5], [-135, 2164.0], [-134, 2248.0], [-133, 2290.0], [-132, 2383.5], [-131, 2432.0], [-130, 2485.5], [-129, 2609.0], [-128, 2676.0], [-127, 2825.5], [-126, 2907.5], [-124, 3182.0], [-123, 1450.0], [-122, 1448.0], [-121, 1429.5], [-120, 1436.0], [-119, 1455.5], [-118, 1488.0], [-117, 3352.5], [-116, 3332.5], [-115, 3322.0], [-114, 3306.0], [-113, 3298.25], [-112, 3288.25], [-109, 1472.5], [-107, 3468.0], [-106, 3465.0], [-105, 3463.5], [-104, 3460.5], [-102, 3450.25], [-101, 3461.5], [-99, 442.0], [-98, 435.0], [-97, 428.0], [-96, 417.0], [-95, 411.0], [-94, 402.0], [-93, 398.0], [-92, 388.0], [-91, 384.5], [-90, 380.5], [-89, 373.5], [-88, 369.5], [-87, 364.5], [-86, 361.0], [-85, 357.5], [-84, 353.5], [-83, 353.5], [-82, 356.5], [-81, 368.5], [-80, 375.5], [-79, 394.0], [-78, 402.0], [-77, 409.5], [-76, 428.0], [-75, 438.5], [-74, 450.5], [-73, 473.0], [-72, 485.5], [-70, 539.0], [-65, 710.5], [-64, 759.5], [-62, 805.5], [-61, 4654.0], [-60, 4708.0], [-59, 4821.5], [-55, 3131.0], [-54, 3030.0], [-53, 3045.0], [-52, 5517.0], [-51, 5599.5], [-46, 6328.5], [-45, 6385.5], [-42, 4351.5], [-39, 7866.0], [-38, 8075.0], [-34, 5763.0], [-33, 5738.5], [-30, 2418.0], [-24, 3844.5], [-20, 5464.0], [-12, 3823.0], [-6, 7650.0]]}