{"heading": 31.6, "target": 76.14040385555167, "gap_dist": 270.25398103815917, "gap_info": [{"width": 286.23290251991375, "center_angle": -60.437468545468505, "edge_a": [-180, 122.75], "edge_b": [-22, 171.75], "depth": 171.75, "passable": false, "chosen": false}, {"width": 270.25398103815917, "center_angle": 76.14040385555167, "edge_a": [63, 468.5], "edge_b": [170, 106.75], "depth": 468.5, "passable": true, "chosen": true}], "scan": [[-2, 164.5], [-1, 165.25], [0, 165.25], [1, 166.75], [2, 168.75], [3, 169.75], [4, 170.25], [5, 170.0], [6, 171.5], [7, 172.0], [8, 172.25], [9, 172.5], [10, 172.5], [11, 174.75], [12, 175.5], [13, 175.5], [14, 176.0], [15, 178.25], [16, 179.75], [17, 180.25], [18, 181.5], [19, 182.0], [20, 183.0], [21, 185.75], [22, 188.25], [23, 191.0], [24, 192.0], [25, 192.25], [26, 192.75], [27, 197.0], [28, 200.5], [29, 202.25], [30, 209.0], [31, 211.5], [32, 215.25], [33, 218.75], [34, 219.75], [35, 224.25], [36, 226.5], [37, 232.0], [38, 234.5], [39, 240.5], [40, 246.75], [41, 251.25], [42, 254.75], [43, 257.5], [44, 266.75], [45, 270.75], [46, 280.75], [47, 285.0], [48, 289.25], [49, 295.0], [50, 304.5], [51, 311.75], [53, 358.75], [54, 355.25], [55, 352.75], [57, 391.0], [58, 394.5], [59, 407.5], [60, 419.25], [61, 445.0], [62, 455.5], [63, 468.5], [65, 2177.5], [66, 2175.5], [67, 2164.5], [68, 2159.25], [69, 2153.5], [70, 2147.5], [71, 2144.5], [72, 2138.0], [73, 2136.0], [74, 2134.0], [75, 2129.5], [76, 2127.75], [77, 2125.0], [78, 2124.5], [79, 2124.0], [80, 2123.25], [81, 2124.75], [82, 2125.5], [83, 2131.5], [84, 2132.5], [85, 2136.0], [86, 2140.25], [87, 2148.75], [88, 2152.5], [89, 2162.0], [90, 2167.0], [91, 2174.0], [92, 2182.5], [93, 2189.5], [94, 2203.75], [95, 2212.75], [96, 2221.75], [97, 2238.5], [98, 2249.25], [99, 2269.25], [100, 2279.75], [101, 2302.5], [102, 2314.0], [103, 2327.5], [104, 2342.0], [105, 2369.0], [106, 2384.0], [107, 2414.25], [108, 2430.0], [109, 2465.75], [110, 2484.75], [111, 2525.0], [112, 2544.0], [113, 2564.5], [114, 2610.5], [115, 2632.25], [116, 2682.75], [117, 2708.5], [118, 2737.5], [119, 777.75], [120, 775.25], [121, 771.5], [122, 765.75], [123, 761.75], [124, 753.25], [125, 749.75], [126, 748.0], [127, 746.25], [128, 745.25], [129, 743.0], [130, 754.75], [136, 3942.5], [137, 4102.5], [138, 4187.0], [139, 4283.0], [141, 4232.75], [142, 4269.25], [143, 4229.5], [144, 4188.75], [145, 4167.25], [147, 4104.25], [148, 4086.5], [150, 4270.5], [151, 4223.5], [152, 4205.0], [153, 2715.75], [154, 2707.25], [155, 2700.0], [156, 2686.5], [157, 2681.0], [158, 2666.75], [159, 2661.75], [160, 2651.0], [161, 2645.0], [165, 69.25], [166, 67.5], [168, 58.75], [170, 106.75], [171, 108.75], [172, 110.5], [173, 119.25], [174, 121.5], [175, 125.75], [176, 125.0], [177, 124.25], [178, 124.0], [179, 124.25], [-180, 122.75], [-175, 66.75], [-169, 70.75], [-166, 1691.0], [-165, 1666.0], [-164, 1647.75], [-163, 1654.75], [-162, 4640.0], [-161, 4676.0], [-158, 4811.0], [-157, 4892.75], [-156, 4870.75], [-155, 4982.5], [-154, 5083.5], [-153, 5127.0], [-151, 5282.0], [-146, 1847.0], [-145, 1864.5], [-140, 754.75], [-139, 737.25], [-138, 730.25], [-137, 714.0], [-136, 705.25], [-135, 698.75], [-134, 687.75], [-133, 673.75], [-132, 670.0], [-131, 666.25], [-130, 660.25], [-129, 654.5], [-128, 646.0], [-127, 642.25], [-126, 639.25], [-125, 631.75], [-124, 628.5], [-123, 621.25], [-122, 618.5], [-121, 614.0], [-120, 611.75], [-119, 608.5], [-118, 602.5], [-117, 600.5], [-116, 603.0], [-115, 609.5], [-114, 586.0], [-113, 585.5], [-112, 592.0], [-111, 587.25], [-110, 586.0], [-109, 575.5], [-108, 571.0], [-107, 568.75], [-106, 570.5], [-105, 572.0], [-104, 568.25], [-103, 565.75], [-102, 564.5], [-101, 564.75], [-100, 565.25], [-99, 565.75], [-97, 1141.0], [-96, 1136.75], [-95, 1133.75], [-94, 1135.5], [-93, 1144.75], [-92, 1157.5], [-89, 3268.0], [-88, 3260.0], [-85, 1570.75], [-84, 1576.25], [-83, 3156.75], [-76, 2478.25], [-73, 2329.5], [-69, 3560.5], [-66, 2319.25], [-65, 2310.75], [-64, 2301.0], [-63, 2307.75], [-61, 5088.25], [-60, 5023.0], [-59, 4968.25], [-57, 4776.0], [-54, 4552.75], [-53, 2281.0], [-52, 2279.5], [-51, 2376.5], [-50, 2374.75], [-48, 4139.5], [-47, 4060.5], [-46, 4025.25], [-45, 4011.75], [-44, 3777.0], [-43, 3754.0], [-42, 3637.25], [-41, 3671.5], [-40, 3625.0], [-39, 3600.5], [-37, 3449.5], [-35, 1602.0], [-34, 1591.0], [-33, 1583.25], [-32, 1588.0], [-31, 1597.75], [-30, 1613.0], [-28, 3948.25], [-27, 3935.25], [-26, 3911.5], [-25, 3899.5], [-24, 3889.0], [-23, 3879.25], [-22, 171.75], [-21, 173.0], [-20, 172.0], [-19, 171.75], [-18, 171.25], [-17, 170.5], [-16, 169.5], [-15, 169.0], [-14, 167.75], [-13, 167.5], [-12, 167.5], [-11, 166.75], [-10, 168.0], [-9, 166.75], [-8, 166.25], [-7, 164.25], [-6, 164.75], [-5, 163.75], [-4, 164.25], [-3, 164.75]]}