{"heading": 13.3, "target": 96.28114063280944, "gap_dist": 446.56285761656187, "gap_info": [{"width": 82.11913832810542, "center_angle": 26.21089552231567, "edge_a": [24, 331.0], "edge_b": [28, 409.0], "depth": 409.0, "passable": false, "chosen": false}, {"width": 446.56285761656187, "center_angle": 96.28114063280944, "edge_a": [84, 485.25], "edge_b": [171, 107.0], "depth": 485.25, "passable": true, "chosen": true}], "scan": [[-2, 165.5], [-1, 167.0], [0, 168.25], [1, 172.25], [2, 174.75], [3, 177.5], [4, 184.25], [5, 187.0], [6, 191.75], [7, 195.25], [8, 202.5], [9, 206.0], [10, 209.5], [11, 216.75], [12, 220.75], [13, 224.75], [15, 241.5], [16, 250.0], [17, 253.5], [18, 258.25], [19, 271.5], [20, 278.0], [21, 292.75], [22, 311.25], [24, 331.0], [28, 409.0], [29, 407.75], [30, 408.0], [31, 407.0], [32, 405.0], [33, 402.5], [34, 398.75], [35, 398.5], [36, 395.5], [37, 393.0], [38, 393.75], [39, 392.25], [40, 391.75], [41, 390.25], [42, 390.25], [43, 389.5], [44, 388.5], [45, 388.25], [46, 388.0], [47, 387.75], [48, 387.75], [49, 388.5], [50, 388.25], [51, 388.5], [52, 390.25], [53, 390.75], [54, 391.0], [55, 391.25], [56, 392.0], [57, 393.75], [58, 395.25], [59, 396.25], [60, 397.5], [61, 398.5], [62, 401.25], [63, 403.5], [64, 406.5], [65, 407.5], [66, 408.5], [67, 410.75], [68, 412.75], [69, 417.0], [70, 418.75], [71, 424.0], [72, 426.0], [73, 429.0], [74, 432.25], [75, 436.25], [76, 452.0], [77, 446.0], [78, 453.25], [79, 460.25], [80, 469.0], [81, 480.25], [83, 482.75], [84, 485.25], [86, 513.0], [87, 516.0], [88, 526.0], [89, 520.25], [90, 536.75], [91, 545.0], [92, 2042.25], [93, 2072.25], [94, 2102.25], [96, 1671.75], [97, 1663.75], [98, 1664.75], [100, 1770.5], [101, 1760.0], [102, 1760.25], [103, 1764.5], [104, 5343.5], [105, 5447.75], [106, 5533.25], [109, 6212.0], [110, 6354.5], [112, 3645.5], [114, 3605.0], [120, 2445.5], [121, 2458.75], [122, 2482.75], [125, 2637.5], [126, 2625.25], [127, 2631.5], [141, 1902.0], [142, 1859.75], [143, 1841.5], [144, 1823.25], [145, 1788.5], [146, 1773.0], [147, 1742.0], [148, 1729.25], [149, 1707.75], [150, 1699.75], [151, 1674.25], [152, 1648.5], [153, 1626.5], [154, 1624.75], [155, 1666.75], [156, 1701.0], [158, 4518.25], [159, 4497.25], [163, 60.25], [165, 70.0], [166, 69.25], [171, 107.0], [173, 120.75], [174, 124.0], [175, 125.0], [176, 126.25], [177, 125.75], [178, 125.25], [179, 125.0], [180, 124.25], [-175, 70.0], [-170, 80.25], [-169, 80.0], [-164, 5837.5], [-163, 3396.5], [-162, 3414.0], [-158, 2851.5], [-157, 2832.5], [-156, 5411.5], [-155, 5383.0], [-154, 5338.25], [-143, 5126.5], [-142, 5083.5], [-141, 5070.5], [-140, 5046.0], [-139, 5035.75], [-138, 5020.0], [-137, 3063.5], [-136, 3059.75], [-135, 3047.25], [-134, 3041.5], [-133, 3034.0], [-132, 3043.0], [-124, 763.25], [-116, 419.5], [-114, 361.5], [-112, 339.5], [-111, 318.0], [-110, 309.75], [-109, 301.0], [-108, 282.5], [-107, 271.25], [-106, 265.75], [-105, 252.25], [-104, 247.75], [-103, 243.25], [-102, 232.5], [-101, 227.25], [-100, 217.0], [-99, 213.0], [-98, 205.0], [-97, 201.5], [-96, 197.25], [-95, 192.25], [-94, 189.0], [-93, 186.25], [-92, 180.25], [-91, 177.25], [-90, 172.25], [-89, 171.25], [-88, 167.25], [-87, 165.5], [-86, 164.5], [-85, 160.5], [-84, 158.5], [-83, 157.0], [-82, 155.0], [-81, 153.75], [-80, 150.75], [-79, 149.0], [-78, 146.75], [-77, 146.25], [-76, 144.75], [-75, 144.5], [-74, 143.0], [-73, 141.0], [-72, 140.75], [-71, 139.0], [-70, 138.25], [-69, 136.5], [-68, 135.75], [-67, 135.0], [-66, 134.5], [-65, 133.75], [-64, 132.25], [-63, 132.5], [-62, 132.25], [-61, 130.0], [-60, 129.5], [-59, 128.25], [-58, 128.25], [-57, 128.25], [-56, 127.25], [-55, 127.5], [-54, 125.5], [-53, 125.75], [-52, 125.75], [-51, 126.25], [-50, 125.75], [-49, 125.75], [-48, 126.5], [-47, 125.5], [-46, 125.0], [-45, 125.0], [-44, 125.5], [-43, 126.0], [-42, 125.5], [-41, 126.25], [-40, 125.5], [-39, 125.75], [-38, 125.25], [-37, 125.75], [-36, 126.0], [-35, 126.5], [-34, 127.5], [-33, 127.75], [-32, 127.75], [-31, 128.0], [-30, 128.0], [-29, 129.75], [-28, 130.75], [-27, 131.25], [-26, 132.0], [-25, 132.0], [-24, 134.25], [-23, 133.75], [-22, 134.25], [-21, 136.25], [-20, 137.25], [-19, 138.0], [-18, 138.75], [-17, 140.25], [-16, 141.0], [-15, 142.25], [-14, 142.0], [-13, 143.5], [-12, 145.75], [-11, 147.25], [-10, 149.0], [-9, 150.25], [-8, 151.25], [-7, 152.75], [-6, 154.75], [-5, 157.75], [-4, 159.0]]}