{"heading": 64.3, "target": 158.44038154886613, "gap_dist": 283.5075016906267, "gap_info": [{"width": 190.63859022774724, "center_angle": -148.08949527923613, "edge_a": [-180, 119.75], "edge_b": [-135, 279.5], "depth": 279.5, "passable": false, "chosen": false}, {"width": 241.05513736957744, "center_angle": -89.09922236762935, "edge_a": [-105, 381.0], "edge_b": [-77, 498.0], "depth": 498.0, "passable": false, "chosen": false}, {"width": 510.8028643339387, "center_angle": -39.683716848810484, "edge_a": [-60, 499.5], "edge_b": [22, 197.0], "depth": 499.5, "passable": true, "chosen": false}, {"width": 283.5075016906267, "center_angle": 158.44038154886613, "edge_a": [156, 496.5], "edge_b": [170, 105.5], "depth": 496.5, "passable": true, "chosen": true}], "scan": [[-1, 703.0], [0, 699.0], [1, 693.0], [3, 806.5], [6, 1557.0], [8, 1536.0], [9, 1534.0], [10, 1530.5], [11, 1505.0], [12, 1478.5], [13, 1475.0], [16, 1449.5], [17, 1449.5], [18, 1451.5], [19, 1317.0], [20, 1319.5], [22, 197.0], [23, 196.5], [24, 196.5], [25, 196.5], [26, 196.0], [27, 195.5], [28, 197.0], [29, 198.0], [30, 198.0], [31, 198.5], [32, 198.5], [33, 199.5], [34, 201.5], [35, 202.0], [36, 202.0], [37, 203.0], [38, 204.0], [39, 206.0], [40, 205.5], [41, 205.0], [42, 209.0], [43, 209.0], [44, 209.5], [45, 211.0], [46, 214.5], [47, 216.5], [48, 217.5], [49, 218.5], [50, 222.0], [51, 223.5], [52, 225.5], [53, 226.0], [54, 228.0], [55, 230.5], [56, 233.0], [57, 235.0], [58, 237.0], [59, 242.0], [60, 244.0], [61, 250.0], [62, 252.0], [63, 254.0], [64, 258.5], [65, 261.0], [66, 265.0], [67, 268.0], [68, 275.5], [69, 277.5], [70, 282.5], [71, 287.5], [72, 291.0], [73, 299.5], [74, 303.5], [75, 311.0], [76, 317.5], [77, 327.0], [78, 331.5], [79, 339.0], [80, 352.25], [81, 356.5], [83, 393.0], [84, 394.0], [85, 390.5], [86, 387.0], [87, 384.5], [88, 380.0], [89, 378.5], [90, 376.0], [91, 374.0], [92, 371.0], [93, 370.0], [94, 368.5], [95, 365.5], [96, 364.0], [97, 362.0], [98, 360.5], [99, 360.5], [100, 360.0], [101, 357.0], [102, 357.0], [103, 356.5], [104, 354.5], [105, 353.0], [106, 352.0], [107, 350.5], [108, 349.5], [109, 349.5], [110, 349.5], [111, 350.5], [112, 349.0], [113, 350.0], [114, 351.0], [115, 352.0], [116, 352.5], [117, 355.0], [118, 355.5], [119, 356.0], [120, 358.5], [121, 360.5], [122, 360.0], [123, 362.0], [124, 364.0], [125, 364.5], [126, 366.5], [127, 368.75], [128, 373.0], [129, 374.0], [130, 375.5], [131, 377.25], [132, 378.25], [133, 381.5], [134, 383.75], [135, 388.25], [136, 390.25], [137, 392.5], [138, 396.25], [139, 399.25], [140, 402.5], [141, 407.5], [142, 410.5], [143, 415.25], [144, 418.25], [145, 424.75], [146, 429.5], [147, 433.0], [148, 440.0], [149, 444.5], [150, 454.0], [151, 457.5], [152, 469.0], [153, 473.5], [154, 478.5], [155, 491.0], [156, 496.5], [157, 507.5], [158, 516.0], [159, 530.5], [160, 539.0], [161, 545.5], [163, 61.0], [165, 69.5], [166, 68.5], [168, 61.0], [170, 105.5], [172, 110.5], [173, 120.25], [175, 125.75], [176, 127.75], [177, 125.25], [178, 124.0], [179, 123.75], [-180, 119.75], [-176, 69.0], [-175, 68.5], [-173, 62.25], [-171, 76.0], [-170, 76.0], [-166, 1321.5], [-165, 1323.5], [-164, 1325.5], [-163, 1327.5], [-162, 1331.0], [-161, 1332.0], [-160, 1332.5], [-159, 1333.5], [-158, 1333.5], [-157, 1332.5], [-156, 1333.0], [-155, 1337.5], [-154, 1338.5], [-153, 1341.5], [-152, 1344.0], [-151, 1344.5], [-150, 1355.5], [-149, 1751.25], [-148, 1756.75], [-147, 1759.5], [-146, 1771.0], [-145, 1776.5], [-144, 1782.5], [-143, 1793.0], [-142, 1799.5], [-141, 1813.5], [-140, 1822.5], [-135, 279.5], [-134, 263.5], [-133, 251.0], [-132, 250.25], [-131, 251.0], [-130, 254.0], [-129, 255.5], [-128, 256.5], [-127, 261.0], [-126, 263.5], [-125, 266.5], [-124, 269.5], [-123, 276.5], [-122, 278.5], [-121, 281.5], [-120, 287.0], [-119, 290.0], [-118, 296.5], [-117, 298.5], [-116, 307.0], [-115, 312.0], [-114, 314.5], [-113, 323.0], [-112, 327.5], [-111, 337.5], [-110, 343.0], [-109, 353.0], [-108, 358.0], [-107, 370.5], [-106, 375.0], [-105, 381.0], [-103, 603.0], [-102, 609.0], [-101, 613.5], [-100, 612.0], [-99, 2200.5], [-98, 596.5], [-97, 586.5], [-95, 548.0], [-94, 547.0], [-93, 541.5], [-92, 539.0], [-91, 533.0], [-90, 529.5], [-89, 526.5], [-88, 522.5], [-87, 522.5], [-86, 518.5], [-85, 515.5], [-84, 511.0], [-83, 509.5], [-82, 507.5], [-81, 505.0], [-80, 504.5], [-79, 501.5], [-78, 500.0], [-77, 498.0], [-76, 497.0], [-75, 497.5], [-74, 495.5], [-73, 495.5], [-72, 494.5], [-71, 493.0], [-70, 492.5], [-69, 491.0], [-68, 491.5], [-67, 492.0], [-66, 494.0], [-65, 492.5], [-64, 489.0], [-63, 491.0], [-62, 497.5], [-61, 498.5], [-60, 499.5], [-59, 500.5], [-58, 503.0], [-57, 503.5], [-56, 506.5], [-55, 508.5], [-54, 511.0], [-53, 512.0], [-52, 517.0], [-51, 519.0], [-50, 520.5], [-49, 525.5], [-48, 527.0], [-47, 531.5], [-46, 535.5], [-45, 538.0], [-44, 543.0], [-43, 546.5], [-42, 555.5], [-41, 559.5], [-40, 567.0], [-39, 571.5], [-38, 574.0], [-37, 583.0], [-36, 585.5], [-35, 592.0], [-34, 599.5], [-33, 624.5], [-32, 629.5], [-31, 630.0], [-30, 646.5], [-29, 648.5], [-28, 657.0], [-27, 665.5], [-26, 678.5], [-25, 688.5], [-24, 697.0], [-23, 710.5], [-22, 720.0], [-21, 738.5], [-20, 748.5], [-19, 758.0], [-18, 776.5], [-17, 788.5], [-16, 808.0], [-15, 819.0], [-14, 833.5], [-13, 861.5], [-12, 877.5], [-11, 909.5], [-10, 927.0], [-9, 964.0], [-7, 1940.5], [-6, 1929.5], [-5, 1918.0], [-4, 671.5], [-3, 672.0]]}