{"heading": 61.6, "target": 67.32439643643673, "gap_dist": 579.5700473209783, "gap_info": [{"width": 579.5700473209783, "center_angle": 67.32439643643673, "edge_a": [29, 488.5], "edge_b": [106, 484.75], "depth": 488.5, "passable": true, "chosen": true}, {"width": 421.63356840053115, "center_angle": 131.8651820090718, "edge_a": [124, 493.0], "edge_b": [170, 109.25], "depth": 493.0, "passable": true, "chosen": false}], "scan": [[-3, 221.5], [-2, 223.5], [-1, 229.25], [0, 234.75], [1, 237.5], [2, 240.5], [3, 246.25], [4, 250.5], [5, 256.75], [6, 260.75], [7, 264.75], [8, 272.25], [9, 275.25], [10, 284.0], [11, 287.75], [12, 291.75], [13, 300.5], [14, 305.5], [15, 310.5], [16, 321.5], [17, 326.25], [18, 339.0], [19, 346.75], [20, 354.0], [21, 369.0], [22, 377.5], [23, 393.75], [24, 403.5], [25, 415.25], [26, 434.5], [27, 459.75], [28, 473.75], [29, 488.5], [36, 738.5], [48, 3156.75], [49, 3151.0], [50, 2980.5], [52, 3140.5], [53, 3144.75], [54, 3146.75], [55, 3149.0], [56, 3152.0], [57, 3155.5], [58, 3162.75], [59, 3165.75], [63, 3427.5], [64, 3437.5], [65, 3459.5], [66, 1052.0], [68, 1010.0], [69, 1006.0], [70, 1009.5], [71, 1016.75], [72, 1049.0], [73, 1067.5], [74, 1080.0], [75, 1113.0], [77, 1070.25], [79, 2650.5], [80, 2589.75], [81, 2530.5], [83, 953.5], [84, 901.25], [85, 903.5], [86, 910.25], [88, 962.75], [89, 2484.5], [90, 2511.0], [91, 2538.0], [92, 2590.0], [94, 4645.5], [95, 4663.0], [96, 4648.0], [97, 4888.0], [98, 4953.0], [99, 5092.5], [100, 5161.0], [101, 5236.0], [102, 5401.0], [103, 5487.0], [104, 5578.5], [106, 484.75], [107, 483.5], [108, 483.25], [109, 481.5], [110, 481.25], [111, 481.0], [112, 481.75], [113, 481.25], [114, 483.5], [115, 481.25], [116, 480.0], [117, 480.75], [118, 480.5], [119, 481.75], [120, 492.0], [121, 491.75], [122, 492.25], [123, 491.25], [124, 493.0], [125, 511.5], [126, 514.5], [127, 511.75], [128, 506.5], [129, 511.75], [130, 514.75], [131, 521.0], [132, 524.0], [133, 528.5], [134, 534.25], [135, 539.5], [136, 546.5], [137, 551.25], [138, 555.0], [139, 557.5], [140, 570.0], [141, 574.5], [142, 585.25], [143, 590.0], [144, 605.5], [145, 609.25], [146, 614.5], [147, 631.75], [148, 642.25], [149, 661.0], [150, 669.0], [151, 676.5], [152, 693.5], [153, 707.0], [154, 833.5], [155, 850.5], [156, 868.0], [157, 905.5], [158, 927.0], [159, 970.5], [160, 994.5], [161, 1021.0], [163, 59.0], [165, 72.25], [166, 71.25], [170, 109.25], [172, 112.0], [174, 122.25], [175, 124.25], [176, 126.5], [177, 126.25], [178, 126.5], [179, 126.25], [180, 126.5], [-175, 70.0], [-174, 66.5], [-171, 76.0], [-170, 75.25], [-169, 75.25], [-167, 513.0], [-166, 503.0], [-165, 496.0], [-164, 487.0], [-163, 483.25], [-162, 476.0], [-161, 472.0], [-160, 466.25], [-159, 456.75], [-158, 453.25], [-157, 446.75], [-156, 444.5], [-155, 442.5], [-154, 438.0], [-153, 437.25], [-152, 432.5], [-151, 429.25], [-150, 428.0], [-149, 424.75], [-148, 422.75], [-147, 418.5], [-146, 417.0], [-145, 416.25], [-144, 413.5], [-143, 412.25], [-142, 408.5], [-141, 408.0], [-140, 407.0], [-139, 405.75], [-138, 404.75], [-137, 402.25], [-136, 402.25], [-135, 401.75], [-134, 401.0], [-133, 400.75], [-132, 398.5], [-131, 398.0], [-130, 397.5], [-129, 397.75], [-128, 398.75], [-127, 399.25], [-126, 397.75], [-125, 397.0], [-124, 398.75], [-123, 399.0], [-122, 399.5], [-121, 398.75], [-120, 399.25], [-119, 403.25], [-118, 402.75], [-117, 407.5], [-116, 404.75], [-115, 405.0], [-114, 409.75], [-113, 409.75], [-112, 413.0], [-111, 414.75], [-110, 415.5], [-109, 416.5], [-108, 423.25], [-107, 429.75], [-106, 435.0], [-105, 433.0], [-104, 428.25], [-102, 391.0], [-101, 370.75], [-100, 360.75], [-99, 353.25], [-98, 338.25], [-97, 330.5], [-96, 318.75], [-95, 312.5], [-94, 307.5], [-93, 297.0], [-92, 292.0], [-91, 283.25], [-90, 279.0], [-89, 275.0], [-88, 267.0], [-87, 262.25], [-86, 256.25], [-85, 254.25], [-84, 251.0], [-83, 242.0], [-82, 239.5], [-81, 235.5], [-80, 232.0], [-79, 229.5], [-78, 224.75], [-77, 222.25], [-76, 218.5], [-75, 217.0], [-74, 214.75], [-73, 210.75], [-72, 209.0], [-71, 206.25], [-70, 205.0], [-69, 203.75], [-68, 201.25], [-67, 199.75], [-66, 196.25], [-65, 195.25], [-64, 193.25], [-63, 192.25], [-62, 191.25], [-61, 189.0], [-60, 187.75], [-59, 185.5], [-58, 185.0], [-57, 183.75], [-56, 181.5], [-55, 182.0], [-54, 181.0], [-53, 180.5], [-52, 180.5], [-51, 179.0], [-50, 178.0], [-49, 178.5], [-48, 178.5], [-47, 176.75], [-46, 175.5], [-45, 176.0], [-44, 175.5], [-43, 175.75], [-42, 174.75], [-41, 175.25], [-40, 175.25], [-39, 174.75], [-38, 175.5], [-37, 176.0], [-36, 175.75], [-35, 175.25], [-34, 175.5], [-33, 176.25], [-32, 176.0], [-31, 176.75], [-30, 179.0], [-29, 179.75], [-28, 180.5], [-27, 180.75], [-26, 181.5], [-25, 181.75], [-24, 182.75], [-23, 184.25], [-22, 185.75], [-21, 186.5], [-20, 186.75], [-19, 189.5], [-18, 191.25], [-17, 192.75], [-16, 194.25], [-15, 195.75], [-14, 197.25], [-13, 199.75], [-12, 201.75], [-11, 202.75], [-10, 205.0], [-9, 207.0], [-8, 209.0], [-7, 210.25], [-6, 211.75], [-5, 215.5], [-4, 218.0]]}