{"heading": -1113.5, "target": -102.6425814659307, "gap_dist": 514.0882231073768, "gap_info": [{"width": 514.0882231073768, "center_angle": -102.6425814659307, "edge_a": [-180, 120.5], "edge_b": [-89, 498.5], "depth": 498.5, "passable": true, "chosen": true}, {"width": 163.8461171608082, "center_angle": -75.46618832804006, "edge_a": [-85, 494.5], "edge_b": [-66, 498.0], "depth": 498.0, "passable": false, "chosen": false}, {"width": 294.7062135376158, "center_angle": 84.73384011154762, "edge_a": [70, 488.5], "edge_b": [174, 124.25], "depth": 488.5, "passable": true, "chosen": false}], "scan": [[-2, 202.5], [-1, 201.5], [0, 201.5], [1, 198.0], [2, 198.5], [3, 199.5], [4, 200.0], [5, 200.0], [6, 199.5], [7, 201.5], [8, 200.5], [9, 202.5], [10, 202.5], [11, 202.0], [12, 203.0], [13, 203.5], [14, 204.0], [15, 205.0], [16, 205.0], [17, 207.0], [18, 208.0], [19, 209.0], [20, 210.0], [21, 210.5], [22, 212.0], [23, 213.0], [24, 213.5], [25, 215.5], [26, 218.0], [27, 219.0], [28, 220.0], [29, 223.0], [30, 225.5], [31, 227.5], [32, 229.0], [33, 232.0], [34, 235.5], [35, 238.5], [36, 241.0], [37, 245.0], [38, 247.0], [39, 249.5], [40, 253.5], [41, 254.5], [42, 259.5], [43, 262.0], [44, 267.5], [45, 270.5], [46, 273.0], [47, 279.0], [48, 283.0], [49, 285.5], [50, 293.0], [51, 297.5], [52, 304.0], [53, 308.5], [54, 314.0], [55, 321.5], [56, 327.5], [57, 339.0], [58, 345.0], [59, 355.0], [60, 360.0], [61, 367.0], [62, 380.5], [63, 389.0], [64, 404.5], [65, 412.5], [66, 431.0], [67, 442.0], [69, 477.5], [70, 488.5], [74, 599.0], [78, 759.5], [87, 2776.0], [88, 2769.5], [89, 2767.0], [90, 2765.0], [94, 5220.0], [95, 5237.0], [96, 5231.0], [97, 5232.0], [98, 5239.5], [99, 5244.0], [100, 5251.0], [101, 5264.0], [102, 5268.0], [104, 5309.0], [106, 5167.5], [109, 969.0], [110, 964.5], [111, 963.0], [112, 959.0], [113, 968.0], [114, 974.0], [115, 992.0], [117, 2744.5], [118, 2668.5], [119, 2539.0], [122, 940.5], [123, 928.0], [124, 927.5], [125, 931.5], [126, 918.0], [127, 916.0], [129, 1993.0], [131, 4377.0], [139, 5734.0], [140, 5694.0], [141, 5646.0], [142, 5579.0], [144, 2816.0], [146, 2687.5], [148, 3152.5], [149, 3149.5], [150, 3132.0], [153, 3370.5], [156, 3530.0], [159, 4264.5], [163, 62.5], [165, 71.25], [174, 124.25], [175, 125.5], [176, 128.25], [177, 127.5], [178, 123.0], [179, 121.5], [180, 122.0], [-180, 120.5], [-169, 70.0], [-167, 78.75], [-157, 2524.0], [-156, 2530.0], [-155, 2542.0], [-154, 2548.0], [-153, 2554.5], [-151, 4613.0], [-150, 4670.5], [-149, 4686.0], [-148, 4774.5], [-147, 4804.5], [-146, 4840.5], [-145, 4909.5], [-144, 4949.5], [-142, 3809.0], [-140, 5208.5], [-139, 5255.0], [-138, 5354.0], [-137, 5405.5], [-136, 5517.5], [-135, 5574.5], [-129, 6208.0], [-127, 6482.0], [-126, 6582.0], [-125, 6772.5], [-124, 6896.0], [-117, 1092.0], [-113, 1125.5], [-106, 599.0], [-105, 580.5], [-104, 575.5], [-103, 566.0], [-102, 561.5], [-101, 556.5], [-100, 547.0], [-99, 544.0], [-98, 532.5], [-97, 530.0], [-96, 527.5], [-95, 521.5], [-94, 519.0], [-93, 512.0], [-92, 509.5], [-91, 504.0], [-90, 502.5], [-89, 498.5], [-88, 496.5], [-87, 493.5], [-86, 491.5], [-85, 494.5], [-81, 710.5], [-66, 498.0], [-64, 455.0], [-62, 416.5], [-61, 406.5], [-60, 388.5], [-59, 379.0], [-58, 363.0], [-57, 355.0], [-56, 341.5], [-55, 333.0], [-54, 320.0], [-53, 315.0], [-52, 309.0], [-51, 297.5], [-50, 292.5], [-49, 282.0], [-48, 279.0], [-47, 273.0], [-46, 269.0], [-45, 264.5], [-44, 258.0], [-43, 254.5], [-42, 248.0], [-41, 245.5], [-40, 238.5], [-39, 235.0], [-38, 233.5], [-37, 228.0], [-36, 225.5], [-35, 219.0], [-34, 217.5], [-33, 214.5], [-32, 211.5], [-31, 209.0], [-30, 206.0], [-29, 203.5], [-28, 200.0], [-27, 199.0], [-26, 197.5], [-25, 197.0], [-24, 195.5], [-23, 192.5], [-22, 191.0], [-21, 189.5], [-20, 188.5], [-19, 186.0], [-18, 183.5], [-17, 183.0], [-16, 182.0], [-15, 180.5], [-14, 178.5], [-13, 179.5], [-12, 177.5], [-11, 178.0], [-10, 177.0], [-9, 175.5], [-8, 174.0], [-7, 174.0], [-6, 173.5], [-5, 171.0], [-4, 170.5]]}