{"heading": -366.1, "target": 19.430542973228636, "gap_dist": 376.06960028280173, "gap_info": [{"width": 376.06960028280173, "center_angle": 19.430542973228636, "edge_a": [-25, 200.0], "edge_b": [39, 418.0], "depth": 418.0, "passable": true, "chosen": true}, {"width": 309.3119969223323, "center_angle": 100.17224183952744, "edge_a": [81, 405.0], "edge_b": [114, 556.5], "depth": 556.5, "passable": true, "chosen": false}, {"width": 385.63001313081656, "center_angle": 159.19966088150042, "edge_a": [146, 464.5], "edge_b": [167, 781.5], "depth": 781.5, "passable": true, "chosen": false}], "scan": [[-4, 1664.0], [-1, 1686.5], [0, 1676.5], [1, 1670.0], [3, 2069.5], [4, 2082.0], [6, 1876.5], [7, 1844.5], [9, 1148.0], [10, 1103.5], [11, 1090.0], [12, 1078.5], [13, 1051.0], [14, 1033.5], [15, 1003.5], [16, 991.0], [17, 979.5], [18, 962.0], [19, 954.0], [20, 937.5], [21, 928.0], [22, 921.0], [23, 903.0], [24, 898.0], [25, 885.0], [26, 879.0], [27, 874.5], [28, 865.0], [29, 859.0], [30, 854.0], [31, 845.0], [32, 829.0], [33, 821.0], [34, 816.5], [35, 811.5], [36, 807.5], [37, 802.0], [39, 418.0], [40, 416.0], [41, 411.5], [42, 409.0], [43, 409.0], [44, 405.5], [45, 404.5], [46, 401.0], [47, 399.5], [48, 396.5], [49, 395.5], [50, 395.0], [51, 393.5], [52, 391.0], [53, 390.0], [54, 388.0], [55, 387.0], [56, 387.0], [57, 386.5], [58, 386.0], [59, 385.0], [60, 382.0], [61, 381.0], [62, 380.5], [63, 380.5], [64, 380.0], [65, 383.0], [66, 383.5], [67, 384.0], [68, 384.5], [69, 385.5], [70, 388.5], [71, 388.5], [72, 390.0], [73, 390.5], [74, 390.5], [75, 393.5], [76, 395.0], [77, 397.5], [78, 399.0], [79, 401.0], [80, 403.5], [81, 405.0], [83, 850.0], [84, 858.0], [85, 867.5], [86, 874.0], [87, 888.5], [88, 896.0], [89, 908.0], [90, 917.0], [91, 929.0], [92, 936.0], [93, 946.5], [94, 961.5], [95, 972.0], [96, 994.5], [97, 1006.0], [98, 1023.0], [99, 1043.0], [100, 1052.0], [101, 1086.5], [102, 1096.5], [103, 1113.5], [104, 1131.5], [105, 1162.5], [106, 1173.0], [107, 1213.0], [108, 1237.0], [109, 1290.5], [110, 1320.5], [111, 1336.0], [112, 1341.5], [114, 556.5], [115, 550.5], [116, 546.0], [117, 541.5], [118, 533.0], [119, 525.5], [120, 522.5], [121, 518.0], [122, 509.5], [123, 506.5], [124, 501.0], [125, 498.0], [126, 496.0], [127, 493.0], [128, 491.0], [129, 485.5], [130, 484.5], [131, 483.5], [132, 481.5], [133, 480.0], [134, 476.5], [135, 475.5], [136, 471.5], [137, 471.5], [138, 470.5], [139, 469.0], [140, 467.0], [141, 467.5], [142, 465.5], [143, 464.5], [144, 464.0], [145, 462.5], [146, 464.5], [149, 1147.0], [150, 1151.0], [151, 1163.0], [152, 1168.5], [153, 1181.5], [154, 1190.0], [155, 1198.0], [156, 1212.5], [157, 1233.0], [167, 781.5], [168, 765.5], [169, 725.5], [170, 705.5], [172, 658.0], [173, 656.5], [177, 545.5], [179, 516.0], [-178, 480.5], [-177, 463.0], [-176, 456.5], [-175, 448.0], [-174, 431.5], [-173, 427.0], [-172, 415.5], [-171, 408.5], [-170, 402.5], [-169, 395.5], [-168, 389.5], [-167, 384.0], [-166, 374.5], [-165, 373.0], [-164, 364.5], [-163, 358.25], [-162, 352.75], [-161, 345.0], [-160, 344.5], [-159, 340.0], [-158, 336.0], [-157, 334.0], [-156, 325.75], [-155, 324.0], [-154, 320.0], [-153, 316.5], [-152, 312.0], [-151, 310.75], [-150, 310.5], [-149, 301.0], [-148, 300.5], [-147, 300.0], [-146, 297.0], [-145, 293.5], [-144, 291.5], [-143, 290.5], [-142, 285.5], [-141, 285.0], [-140, 283.0], [-139, 278.5], [-138, 280.5], [-137, 277.5], [-136, 276.0], [-135, 275.0], [-134, 273.0], [-133, 271.0], [-132, 270.5], [-131, 271.0], [-130, 271.5], [-129, 269.0], [-128, 269.0], [-127, 272.0], [-126, 274.0], [-125, 270.0], [-124, 270.5], [-123, 271.0], [-122, 274.0], [-121, 274.0], [-120, 271.5], [-119, 272.0], [-118, 271.5], [-117, 273.0], [-116, 274.5], [-115, 275.5], [-114, 275.5], [-113, 277.0], [-112, 279.0], [-111, 279.0], [-110, 282.5], [-109, 285.0], [-108, 286.5], [-107, 287.5], [-106, 290.0], [-105, 292.0], [-104, 294.0], [-103, 297.5], [-102, 301.0], [-101, 302.5], [-100, 309.0], [-99, 311.0], [-98, 315.5], [-97, 320.0], [-96, 323.0], [-95, 326.0], [-94, 328.0], [-93, 330.5], [-92, 338.0], [-91, 343.0], [-90, 347.5], [-89, 347.0], [-88, 353.5], [-86, 330.5], [-85, 325.5], [-84, 315.0], [-83, 309.5], [-82, 305.5], [-81, 296.5], [-80, 292.5], [-79, 287.0], [-78, 283.5], [-77, 275.0], [-76, 272.0], [-75, 268.0], [-74, 262.0], [-73, 259.0], [-72, 253.5], [-71, 251.0], [-70, 248.0], [-69, 243.75], [-68, 243.25], [-67, 238.0], [-66, 236.0], [-65, 231.0], [-64, 229.0], [-63, 227.0], [-62, 224.5], [-61, 223.0], [-60, 219.5], [-59, 217.0], [-58, 215.0], [-57, 213.5], [-56, 213.0], [-55, 211.5], [-54, 210.5], [-53, 209.0], [-52, 209.0], [-51, 207.5], [-50, 206.0], [-49, 205.0], [-48, 204.0], [-47, 203.0], [-46, 202.0], [-45, 200.0], [-44, 200.5], [-43, 201.0], [-42, 199.0], [-41, 198.0], [-40, 197.0], [-39, 196.0], [-38, 195.5], [-37, 195.0], [-36, 194.0], [-35, 192.0], [-34, 191.5], [-33, 192.5], [-32, 194.5], [-31, 195.5], [-30, 197.0], [-29, 198.5], [-28, 199.0], [-27, 200.0], [-26, 200.5], [-25, 200.0], [-22, 915.0], [-20, 997.5], [-18, 884.0], [-17, 889.0], [-8, 1690.0], [-7, 1655.5], [-5, 1678.0]]}