{"heading": -72.5, "target": 58.292560196566356, "gap_dist": 460.5294883001687, "gap_info": [{"width": 60.715866351459525, "center_angle": -41.98819242818418, "edge_a": [-46, 259.75], "edge_b": [-37, 209.0], "depth": 259.75, "passable": false, "chosen": false}, {"width": 460.5294883001687, "center_angle": 58.292560196566356, "edge_a": [2, 253.0], "edge_b": [91, 389.5], "depth": 389.5, "passable": true, "chosen": true}, {"width": 286.8334096781033, "center_angle": 145.5985248192186, "edge_a": [139, 373.0], "edge_b": [170, 103.75], "depth": 373.0, "passable": true, "chosen": false}, {"width": 21.271736107548396, "center_angle": 172.17388747935755, "edge_a": [170, 103.75], "edge_b": [174, 123.5], "depth": 123.5, "passable": false, "chosen": false}], "scan": [[-4, 224.25], [-2, 227.5], [-1, 232.5], [1, 247.5], [2, 253.0], [4, 1496.5], [5, 1495.5], [6, 1496.0], [7, 1493.5], [8, 1497.5], [9, 1495.5], [10, 1453.5], [14, 1530.0], [15, 1530.0], [16, 1552.0], [17, 1553.5], [18, 1565.5], [19, 1575.25], [20, 1576.25], [23, 1615.0], [24, 1633.0], [25, 1643.5], [26, 1654.0], [27, 1654.5], [29, 1684.0], [30, 1689.0], [31, 1717.5], [32, 1736.5], [33, 1746.0], [36, 4610.5], [37, 4590.0], [38, 4623.0], [39, 4661.0], [41, 1873.5], [42, 1880.0], [43, 1887.5], [45, 5037.5], [47, 3658.5], [48, 3609.5], [49, 3516.0], [50, 3473.0], [51, 3393.5], [52, 3355.5], [53, 3319.5], [54, 3251.5], [55, 3218.0], [56, 3154.5], [57, 3124.5], [58, 3095.5], [59, 3041.5], [60, 3015.0], [61, 2962.5], [62, 2938.0], [63, 2895.0], [64, 2874.5], [65, 2855.5], [66, 2816.0], [67, 2798.5], [68, 2766.5], [69, 2747.0], [70, 2717.0], [71, 2702.5], [72, 2687.0], [73, 2661.0], [74, 2649.0], [75, 2626.0], [76, 2616.5], [77, 2606.5], [78, 2584.5], [79, 2575.0], [80, 2558.0], [82, 2203.0], [83, 2216.0], [91, 389.5], [92, 391.5], [93, 392.5], [94, 395.5], [95, 399.75], [96, 401.25], [97, 406.25], [98, 407.25], [99, 409.0], [100, 413.75], [101, 416.0], [102, 419.0], [103, 423.75], [104, 427.25], [105, 437.0], [106, 439.5], [107, 448.5], [108, 452.0], [109, 455.5], [110, 465.5], [111, 471.0], [112, 483.0], [113, 488.0], [114, 493.0], [115, 490.0], [116, 473.0], [117, 466.5], [118, 460.5], [119, 449.5], [120, 440.5], [121, 436.0], [122, 428.0], [123, 424.25], [124, 418.25], [125, 413.5], [126, 410.25], [127, 406.0], [128, 403.0], [129, 398.25], [130, 394.5], [131, 390.25], [132, 383.25], [133, 382.5], [134, 378.0], [135, 376.5], [136, 375.5], [137, 370.5], [138, 369.5], [139, 373.0], [143, 1194.0], [144, 1200.5], [146, 4257.0], [147, 4221.0], [148, 4287.0], [149, 4364.5], [150, 4446.0], [151, 4621.0], [152, 4719.0], [153, 4922.0], [155, 2544.5], [156, 2534.0], [158, 2848.5], [159, 2930.5], [160, 3113.5], [163, 63.25], [165, 71.25], [170, 103.75], [174, 123.5], [175, 126.75], [176, 127.25], [177, 126.25], [178, 124.5], [179, 121.75], [180, 120.5], [-169, 70.25], [-167, 78.75], [-163, 2449.5], [-162, 2486.0], [-161, 2504.0], [-160, 2516.0], [-158, 2451.5], [-156, 2572.0], [-155, 2604.5], [-154, 2602.5], [-153, 2626.0], [-152, 2631.0], [-151, 2660.5], [-149, 3427.5], [-148, 3366.5], [-147, 3341.5], [-145, 2024.0], [-144, 1982.5], [-143, 1942.0], [-142, 1873.0], [-141, 1842.0], [-140, 1782.0], [-139, 1756.0], [-138, 1700.5], [-137, 1671.5], [-136, 1666.5], [-135, 1687.0], [-134, 1734.0], [-133, 1754.5], [-132, 1799.5], [-131, 1825.0], [-130, 1879.5], [-129, 1907.5], [-128, 1966.5], [-127, 1995.5], [-126, 2024.0], [-125, 2071.0], [-124, 2066.0], [-123, 2111.0], [-121, 1975.0], [-120, 1972.5], [-119, 1983.5], [-118, 1999.5], [-116, 2100.0], [-115, 2084.0], [-114, 2055.0], [-113, 2044.5], [-112, 2022.5], [-111, 2012.0], [-110, 1990.0], [-109, 1981.5], [-108, 1964.0], [-107, 1951.0], [-106, 1935.5], [-105, 1924.5], [-104, 1941.0], [-103, 1961.0], [-95, 1951.5], [-94, 1948.0], [-91, 1919.0], [-90, 1910.5], [-89, 1907.0], [-88, 1911.0], [-87, 1928.0], [-85, 12290.0], [-84, 12303.5], [-82, 1970.5], [-81, 1921.5], [-80, 1926.5], [-79, 1935.5], [-78, 1980.0], [-77, 1993.5], [-76, 1993.0], [-70, 236.0], [-69, 234.5], [-68, 234.5], [-67, 233.5], [-66, 234.5], [-65, 236.0], [-64, 237.5], [-63, 238.0], [-62, 237.0], [-61, 238.0], [-60, 241.5], [-59, 238.0], [-58, 240.25], [-57, 241.5], [-56, 238.5], [-55, 236.5], [-54, 236.5], [-53, 238.0], [-52, 241.5], [-51, 246.5], [-50, 248.5], [-49, 252.5], [-48, 254.0], [-47, 254.5], [-46, 259.75], [-42, 2790.0], [-41, 2829.0], [-37, 209.0], [-36, 207.0], [-34, 198.0], [-33, 199.5], [-31, 195.0], [-30, 193.0], [-29, 190.0], [-28, 189.5], [-27, 189.0], [-26, 188.0], [-25, 187.5], [-24, 187.0], [-23, 186.5], [-22, 188.0], [-21, 189.0], [-20, 186.0], [-19, 186.5], [-18, 188.0], [-17, 190.0], [-16, 191.0], [-15, 190.5], [-14, 193.0], [-13, 195.0], [-12, 197.0], [-11, 198.5], [-10, 199.0], [-9, 202.5], [-8, 204.0], [-6, 215.75], [-5, 219.5]]}