{"heading": -65.1, "target": -72.73558878156436, "gap_dist": 439.5165248243612, "gap_info": [{"width": 439.5165248243612, "center_angle": -72.73558878156436, "edge_a": [-109, 344.5], "edge_b": [-48, 487.0], "depth": 487.0, "passable": true, "chosen": true}, {"width": 179.29742166022402, "center_angle": -44.02599670167155, "edge_a": [-48, 487.0], "edge_b": [-38, 321.5], "depth": 487.0, "passable": false, "chosen": false}], "scan": [[-3, 175.5], [-2, 208.0], [-1, 208.5], [0, 205.5], [1, 205.0], [2, 201.5], [3, 201.5], [4, 200.0], [5, 199.5], [6, 197.5], [7, 195.5], [8, 196.0], [9, 193.5], [10, 194.5], [11, 195.0], [12, 192.5], [13, 192.5], [14, 192.0], [15, 190.0], [16, 189.5], [17, 189.5], [18, 188.5], [19, 188.5], [20, 191.0], [21, 189.0], [22, 187.5], [23, 188.0], [24, 187.5], [25, 187.5], [26, 188.5], [27, 189.0], [28, 189.5], [29, 193.5], [30, 195.5], [31, 197.5], [32, 198.0], [34, 221.0], [35, 223.0], [36, 223.5], [37, 221.5], [38, 221.0], [39, 223.5], [40, 221.5], [41, 225.0], [42, 229.0], [43, 228.5], [44, 232.0], [45, 237.0], [46, 240.0], [47, 243.5], [48, 245.0], [49, 247.5], [50, 251.0], [51, 252.5], [52, 250.5], [54, 245.5], [56, 263.5], [58, 279.0], [59, 290.5], [60, 296.0], [62, 313.5], [64, 298.5], [66, 329.25], [68, 327.0], [69, 331.5], [70, 327.0], [71, 322.5], [72, 313.0], [73, 311.5], [74, 307.5], [75, 305.0], [76, 298.5], [77, 296.0], [78, 294.0], [79, 289.5], [80, 287.5], [81, 282.5], [82, 281.0], [83, 277.5], [84, 276.0], [85, 273.0], [86, 271.0], [87, 270.0], [88, 268.5], [89, 267.0], [90, 267.0], [91, 264.5], [92, 264.0], [93, 262.5], [94, 261.5], [95, 258.0], [96, 258.0], [97, 259.5], [98, 258.5], [99, 257.5], [100, 256.0], [101, 255.5], [102, 255.0], [103, 254.5], [104, 252.5], [105, 250.5], [106, 252.5], [107, 251.0], [108, 252.5], [109, 251.0], [110, 250.5], [111, 250.5], [112, 253.0], [113, 253.75], [114, 254.75], [115, 256.5], [116, 257.0], [117, 257.0], [118, 258.5], [119, 260.0], [120, 262.0], [121, 263.5], [122, 262.75], [123, 263.25], [124, 266.75], [125, 267.25], [126, 269.5], [127, 272.0], [128, 272.5], [130, 298.5], [131, 305.5], [132, 308.0], [133, 310.0], [134, 311.0], [135, 312.5], [136, 316.5], [137, 318.0], [138, 322.5], [139, 325.0], [140, 326.0], [141, 329.0], [142, 334.0], [143, 336.5], [144, 343.0], [145, 344.5], [146, 351.5], [147, 355.0], [148, 358.5], [149, 365.0], [150, 367.5], [151, 375.0], [152, 378.5], [153, 388.5], [154, 393.0], [155, 397.0], [156, 406.0], [157, 412.0], [158, 421.0], [159, 427.5], [160, 440.0], [161, 447.5], [162, 454.0], [163, 469.5], [164, 478.0], [166, 1052.0], [167, 1042.5], [168, 1036.5], [169, 1022.0], [170, 1014.0], [171, 997.0], [172, 990.0], [173, 976.0], [174, 968.0], [175, 961.5], [176, 950.5], [177, 942.5], [178, 934.0], [179, 928.5], [180, 925.0], [-180, 920.0], [-179, 916.5], [-178, 912.5], [-177, 902.5], [-176, 901.0], [-175, 894.0], [-174, 893.5], [-173, 891.0], [-172, 885.5], [-171, 882.5], [-170, 880.0], [-169, 877.0], [-168, 872.5], [-167, 869.5], [-166, 867.0], [-165, 864.5], [-164, 865.5], [-163, 863.0], [-162, 859.0], [-161, 858.5], [-160, 860.0], [-159, 860.0], [-158, 862.5], [-157, 856.5], [-156, 863.0], [-154, 534.0], [-153, 530.5], [-152, 513.0], [-151, 502.0], [-144, 226.5], [-143, 226.5], [-142, 227.5], [-141, 227.5], [-140, 228.5], [-139, 230.0], [-138, 231.0], [-137, 234.5], [-136, 235.5], [-135, 237.0], [-134, 238.0], [-133, 239.5], [-132, 241.5], [-131, 247.0], [-130, 248.5], [-129, 251.5], [-128, 254.5], [-127, 258.0], [-126, 262.5], [-125, 264.0], [-124, 268.0], [-123, 270.5], [-122, 273.5], [-121, 280.0], [-120, 283.5], [-119, 288.5], [-118, 291.5], [-117, 299.5], [-116, 303.5], [-115, 307.5], [-114, 316.0], [-113, 319.5], [-112, 327.5], [-111, 334.0], [-110, 342.0], [-109, 344.5], [-107, 1408.5], [-106, 1433.0], [-105, 1483.5], [-104, 1509.5], [-103, 1566.0], [-102, 1594.5], [-101, 1625.5], [-100, 1692.0], [-99, 1729.0], [-98, 1806.5], [-97, 1847.0], [-96, 1891.5], [-95, 1990.5], [-94, 2042.5], [-93, 2156.0], [-92, 2215.0], [-90, 1958.5], [-89, 1931.0], [-88, 1936.75], [-83, 630.5], [-82, 626.5], [-81, 624.0], [-80, 622.0], [-79, 620.5], [-78, 615.5], [-77, 615.5], [-76, 615.0], [-75, 612.5], [-74, 611.5], [-73, 609.5], [-72, 611.0], [-71, 611.0], [-70, 609.5], [-69, 612.5], [-68, 612.0], [-67, 613.5], [-66, 614.0], [-65, 615.5], [-64, 617.0], [-63, 618.0], [-62, 619.0], [-61, 621.5], [-60, 624.0], [-59, 625.5], [-58, 628.5], [-57, 634.0], [-53, 769.5], [-48, 487.0], [-38, 321.5], [-37, 310.5], [-36, 304.0], [-35, 292.5], [-34, 287.0], [-33, 282.0], [-32, 271.0], [-31, 267.0], [-30, 258.5], [-29, 256.0], [-28, 249.5], [-27, 245.5], [-26, 242.0], [-25, 235.0], [-24, 232.0], [-23, 225.0], [-22, 223.0], [-21, 220.5], [-20, 217.0], [-19, 213.5], [-18, 210.5], [-17, 207.0], [-16, 201.0], [-15, 200.0], [-14, 198.5], [-13, 195.0], [-12, 191.5], [-11, 189.5], [-10, 188.0], [-9, 185.5], [-8, 184.5], [-7, 183.0], [-6, 180.5], [-5, 180.0], [-4, 176.5]]}