{"heading": -34.9, "target": 30.152053792084228, "gap_dist": 372.6131334018895, "gap_info": [{"width": 166.35793986082325, "center_angle": -133.8731077710489, "edge_a": [-135, 415.5], "edge_b": [-132, 250.0], "depth": 415.5, "passable": false, "chosen": false}, {"width": 372.6131334018895, "center_angle": 30.152053792084228, "edge_a": [-1, 385.0], "edge_b": [77, 273.0], "depth": 385.0, "passable": true, "chosen": true}], "scan": [[-3, 367.0], [-2, 375.5], [-1, 385.0], [1, 1071.0], [2, 1040.5], [3, 1024.5], [4, 994.5], [5, 981.0], [6, 967.0], [7, 946.5], [8, 934.0], [9, 913.5], [10, 906.5], [11, 896.5], [12, 881.0], [13, 878.5], [14, 877.5], [16, 829.5], [17, 813.5], [18, 807.0], [19, 794.5], [20, 789.0], [21, 785.5], [22, 773.5], [23, 769.0], [24, 757.0], [25, 754.5], [26, 750.5], [27, 743.0], [28, 735.0], [29, 733.0], [30, 725.5], [31, 724.5], [32, 722.5], [33, 715.5], [34, 714.0], [35, 708.5], [36, 713.5], [37, 720.0], [38, 702.0], [39, 705.0], [40, 711.5], [41, 705.5], [42, 696.0], [43, 690.0], [44, 685.5], [45, 690.0], [46, 690.0], [47, 683.75], [48, 679.5], [49, 678.0], [50, 677.5], [51, 677.0], [52, 674.0], [53, 668.5], [54, 666.0], [55, 666.5], [56, 668.0], [57, 671.5], [58, 671.5], [59, 671.0], [60, 670.0], [61, 671.0], [62, 676.5], [63, 687.0], [64, 689.0], [65, 687.5], [66, 688.0], [67, 698.0], [68, 698.5], [77, 273.0], [78, 259.0], [79, 252.0], [81, 233.0], [82, 227.5], [84, 212.0], [85, 201.0], [86, 197.5], [87, 191.5], [88, 188.0], [90, 178.5], [91, 175.5], [92, 172.0], [93, 169.0], [95, 161.0], [96, 159.0], [97, 156.5], [98, 156.5], [99, 156.5], [100, 157.0], [101, 158.0], [102, 160.0], [103, 163.5], [104, 165.0], [105, 169.0], [106, 171.5], [107, 178.0], [108, 180.0], [109, 183.0], [110, 190.0], [111, 193.5], [112, 202.5], [113, 205.5], [114, 213.5], [115, 218.5], [117, 235.5], [118, 241.5], [119, 252.0], [121, 275.5], [122, 283.5], [123, 298.0], [128, 3345.0], [129, 3316.5], [136, 2114.75], [137, 2124.25], [138, 2163.5], [140, 1988.5], [141, 1987.0], [142, 2001.5], [143, 2005.0], [144, 2014.0], [148, 2084.5], [153, 559.0], [154, 561.0], [155, 564.5], [156, 566.0], [157, 567.5], [158, 568.5], [159, 574.0], [160, 574.5], [161, 578.0], [162, 580.5], [163, 584.0], [164, 587.0], [165, 591.5], [166, 596.0], [167, 600.0], [168, 602.5], [169, 605.5], [170, 609.5], [171, 616.5], [172, 620.5], [173, 628.5], [174, 632.5], [175, 642.5], [176, 646.5], [177, 653.5], [178, 658.5], [179, 665.5], [-179, 708.5], [-178, 709.5], [-177, 701.5], [-176, 709.0], [-174, 648.0], [-172, 616.5], [-171, 608.5], [-170, 608.5], [-168, 574.5], [-167, 571.0], [-166, 557.0], [-165, 550.5], [-164, 533.0], [-163, 534.0], [-162, 524.5], [-161, 514.5], [-160, 508.0], [-159, 500.0], [-158, 495.5], [-157, 488.0], [-156, 484.0], [-155, 477.5], [-154, 470.0], [-153, 466.5], [-152, 466.5], [-151, 463.5], [-150, 461.5], [-149, 459.0], [-148, 448.0], [-147, 445.5], [-146, 445.5], [-145, 440.5], [-144, 435.0], [-143, 429.5], [-142, 426.5], [-141, 427.0], [-140, 424.0], [-139, 425.5], [-138, 422.0], [-137, 417.5], [-136, 418.0], [-135, 415.5], [-132, 250.0], [-131, 246.0], [-130, 241.5], [-129, 233.0], [-128, 230.5], [-127, 224.5], [-126, 222.0], [-125, 216.5], [-124, 214.5], [-123, 211.5], [-122, 208.0], [-121, 205.0], [-120, 200.5], [-119, 199.0], [-118, 197.0], [-117, 195.0], [-116, 193.0], [-115, 191.0], [-114, 188.5], [-113, 185.0], [-112, 183.5], [-111, 181.0], [-110, 179.0], [-109, 177.5], [-108, 175.5], [-107, 174.5], [-106, 172.5], [-105, 172.5], [-104, 171.0], [-103, 170.5], [-102, 169.5], [-101, 169.0], [-100, 168.0], [-99, 168.0], [-98, 167.0], [-97, 164.5], [-96, 165.0], [-95, 164.5], [-94, 163.0], [-93, 163.0], [-92, 162.0], [-91, 161.5], [-90, 161.5], [-89, 161.25], [-88, 161.0], [-87, 159.5], [-86, 159.75], [-85, 157.5], [-84, 158.75], [-83, 159.0], [-82, 158.5], [-81, 159.0], [-80, 160.0], [-79, 159.25], [-78, 159.5], [-77, 160.0], [-76, 161.0], [-75, 163.25], [-74, 163.0], [-73, 162.5], [-72, 163.75], [-71, 163.0], [-70, 164.0], [-69, 165.0], [-68, 165.5], [-67, 166.0], [-66, 167.0], [-65, 168.75], [-64, 169.5], [-63, 170.5], [-62, 171.5], [-61, 173.5], [-60, 174.5], [-59, 176.0], [-58, 179.5], [-57, 182.0], [-56, 182.5], [-55, 184.0], [-53, 177.5], [-51, 169.0], [-50, 169.5], [-49, 170.5], [-48, 171.5], [-47, 171.5], [-46, 172.0], [-45, 173.0], [-44, 174.5], [-43, 175.5], [-42, 176.5], [-41, 177.5], [-40, 179.0], [-39, 180.5], [-38, 181.0], [-37, 182.5], [-36, 184.5], [-35, 186.0], [-34, 186.5], [-33, 189.5], [-32, 190.0], [-31, 192.5], [-30, 195.5], [-29, 195.5], [-28, 200.5], [-27, 201.5], [-26, 205.0], [-25, 206.5], [-24, 208.0], [-23, 214.0], [-22, 216.5], [-21, 220.0], [-20, 222.5], [-19, 231.0], [-18, 233.5], [-17, 235.5], [-16, 240.5], [-15, 245.5], [-14, 251.5], [-13, 255.0], [-12, 260.0], [-11, 266.5], [-10, 271.0], [-9, 279.5], [-8, 284.5], [-7, 293.0], [-6, 298.0], [-5, 309.0], [-4, 315.5]]}