{"heading": -27.3, "target": 14.50036559192944, "gap_dist": 539.9922271551447, "gap_info": [{"width": 239.00681587849155, "center_angle": -140.54489952630053, "edge_a": [-141.921875, 311.0], "edge_b": [-139.765625, 549.5], "depth": 549.5, "passable": false, "chosen": false}, {"width": 509.61402382247786, "center_angle": -72.8996624393092, "edge_a": [-73.25, 762.5], "edge_b": [-71.84375, 253.0], "depth": 762.5, "passable": true, "chosen": false}, {"width": 539.9922271551447, "center_angle": 14.50036559192944, "edge_a": [6.765625, 256.0], "edge_b": [17.0, 790.0], "depth": 790.0, "passable": true, "chosen": true}, {"width": 390.6711686237105, "center_angle": 146.0212290318385, "edge_a": [119.421875, 435.5], "edge_b": [174.046875, 415.0], "depth": 435.5, "passable": true, "chosen": false}], "scan": [[-2.546875, 224.5], [-1.84375, 226.0], [-1.125, 227.0], [-0.421875, 228.5], [0.328125, 230.0], [1.046875, 233.5], [1.765625, 236.5], [2.484375, 237.5], [3.203125, 240.5], [3.921875, 244.0], [4.640625, 245.5], [6.765625, 256.0], [8.1875, 976.5], [9.671875, 918.5], [10.390625, 916.0], [11.109375, 909.0], [11.953125, 885.5], [12.703125, 874.5], [14.203125, 837.0], [14.84375, 825.0], [15.5625, 813.5], [16.28125, 801.5], [17.0, 790.0], [17.734375, 781.5], [18.453125, 773.5], [19.171875, 762.0], [19.890625, 751.0], [20.609375, 741.0], [21.328125, 733.0], [22.046875, 728.5], [22.765625, 719.5], [23.53125, 709.5], [24.25, 704.0], [24.984375, 699.5], [25.703125, 694.5], [26.40625, 689.5], [27.125, 683.5], [27.84375, 677.0], [28.5625, 673.0], [29.0625, 669.5], [29.71875, 664.5], [30.390625, 659.5], [31.046875, 655.5], [31.90625, 651.5], [32.609375, 647.5], [33.328125, 645.0], [34.03125, 644.5], [34.75, 639.0], [35.453125, 632.0], [36.171875, 627.0], [36.875, 629.5], [37.609375, 637.5], [38.3125, 637.0], [39.03125, 629.5], [39.734375, 622.0], [41.15625, 596.0], [41.875, 593.5], [42.578125, 598.5], [43.296875, 603.0], [44.0, 603.0], [44.71875, 598.5], [45.421875, 590.5], [46.421875, 582.0], [47.203125, 573.5], [47.984375, 576.5], [48.765625, 580.0], [49.296875, 574.0], [50.015625, 570.5], [50.734375, 567.5], [51.453125, 564.5], [52.1875, 563.5], [52.90625, 561.5], [53.625, 559.5], [54.34375, 558.5], [55.09375, 558.0], [55.8125, 557.0], [56.546875, 556.5], [57.265625, 556.0], [57.984375, 555.0], [58.703125, 554.5], [59.421875, 555.0], [60.140625, 556.0], [60.875, 556.0], [61.59375, 554.5], [62.3125, 554.0], [63.03125, 556.0], [63.75, 556.5], [64.46875, 555.5], [65.1875, 555.5], [65.90625, 556.0], [66.53125, 557.0], [67.21875, 558.0], [67.921875, 560.5], [68.609375, 561.0], [69.390625, 560.5], [70.09375, 561.5], [70.8125, 563.5], [71.515625, 564.5], [72.28125, 564.0], [73.0, 567.0], [73.71875, 570.0], [74.4375, 571.5], [75.140625, 573.0], [75.84375, 576.0], [78.015625, 494.0], [78.734375, 480.0], [79.453125, 466.5], [80.171875, 454.0], [80.875, 443.0], [81.578125, 434.0], [82.296875, 424.0], [83.0, 414.0], [83.65625, 406.0], [84.34375, 397.5], [85.046875, 387.5], [85.734375, 380.0], [86.515625, 374.0], [87.21875, 367.5], [87.9375, 361.5], [88.640625, 356.0], [89.359375, 350.5], [90.0625, 344.0], [90.78125, 338.0], [91.484375, 331.5], [92.21875, 325.5], [92.921875, 320.25], [93.640625, 315.25], [94.34375, 312.75], [95.09375, 310.0], [95.8125, 304.5], [96.53125, 301.0], [97.25, 298.5], [97.9375, 294.5], [98.640625, 290.5], [99.359375, 287.5], [100.0625, 284.5], [100.953125, 282.0], [101.703125, 279.5], [102.453125, 277.75], [103.203125, 278.25], [103.828125, 278.25], [104.546875, 279.5], [105.265625, 283.0], [105.984375, 286.0], [106.703125, 290.5], [107.421875, 295.5], [108.140625, 300.0], [108.859375, 306.25], [109.59375, 312.0], [110.3125, 317.75], [111.03125, 324.5], [111.75, 331.5], [112.453125, 337.25], [113.875, 353.5], [115.34375, 374.0], [116.0625, 383.0], [116.78125, 391.0], [117.5, 401.0], [118.0625, 412.5], [118.734375, 423.5], [119.421875, 435.5], [121.609375, 1177.0], [125.21875, 8434.0], [132.34375, 5293.5], [134.46875, 5959.5], [141.109375, 7017.0], [141.8125, 7004.5], [142.53125, 6989.0], [143.234375, 6975.5], [144.0, 6962.5], [144.71875, 6938.5], [146.890625, 1786.5], [147.609375, 1775.5], [148.328125, 1807.0], [151.921875, 1710.5], [152.625, 1704.5], [155.484375, 3499.5], [156.90625, 1679.0], [157.609375, 1665.5], [158.34375, 1672.5], [164.09375, 2540.5], [164.8125, 2545.5], [172.640625, 1429.0], [174.046875, 415.0], [174.75, 412.5], [175.484375, 408.5], [176.1875, 404.0], [176.90625, 400.0], [177.609375, 396.5], [178.359375, 393.5], [179.078125, 390.0], [179.796875, 385.5], [-179.484375, 381.5], [-178.765625, 377.5], [-178.046875, 373.5], [-177.328125, 369.5], [-176.609375, 366.0], [-175.921875, 363.5], [-175.21875, 361.0], [-174.5, 358.0], [-173.796875, 354.5], [-173.046875, 352.0], [-172.328125, 349.5], [-171.609375, 346.5], [-170.890625, 345.0], [-170.015625, 344.0], [-169.265625, 341.0], [-168.5, 338.5], [-167.75, 336.5], [-167.140625, 333.5], [-166.421875, 331.5], [-165.703125, 330.0], [-164.984375, 328.0], [-164.234375, 326.5], [-163.515625, 325.0], [-162.78125, 324.0], [-162.0625, 323.5], [-161.328125, 322.0], [-160.609375, 320.5], [-159.875, 319.5], [-159.15625, 318.5], [-158.46875, 317.5], [-157.765625, 316.5], [-157.046875, 316.0], [-156.34375, 316.0], [-155.5625, 315.5], [-154.84375, 315.0], [-154.109375, 314.5], [-153.390625, 313.5], [-152.6875, 312.5], [-151.96875, 312.5], [-151.25, 312.5], [-150.53125, 312.5], [-149.828125, 311.5], [-149.125, 311.0], [-148.40625, 311.0], [-147.703125, 308.5], [-146.96875, 306.5], [-146.265625, 305.0], [-145.546875, 304.5], [-144.84375, 305.0], [-144.078125, 306.5], [-143.359375, 309.5], [-142.640625, 311.0], [-141.921875, 311.0], [-139.765625, 549.5], [-139.046875, 549.5], [-138.328125, 554.5], [-136.890625, 543.0], [-136.171875, 543.5], [-135.421875, 537.5], [-134.703125, 534.0], [-133.96875, 533.0], [-133.25, 532.25], [-132.703125, 530.25], [-132.03125, 526.75], [-131.34375, 525.25], [-130.671875, 525.0], [-129.84375, 524.5], [-129.140625, 519.5], [-128.421875, 517.5], [-127.71875, 518.0], [-126.984375, 518.0], [-126.28125, 517.0], [-125.5625, 514.5], [-124.859375, 510.0], [-124.125, 509.5], [-123.421875, 509.5], [-122.703125, 506.5], [-122.0, 508.0], [-121.265625, 507.5], [-120.5625, 505.5], [-119.84375, 509.0], [-119.140625, 510.5], [-118.40625, 508.5], [-117.703125, 508.5], [-116.984375, 511.5], [-116.28125, 515.5], [-115.578125, 514.0], [-114.875, 512.0], [-114.171875, 512.0], [-113.46875, 513.0], [-112.734375, 516.0], [-112.03125, 519.0], [-111.3125, 518.5], [-110.609375, 517.5], [-109.875, 519.0], [-109.171875, 523.5], [-108.453125, 526.5], [-107.75, 527.0], [-107.03125, 530.0], [-106.328125, 531.0], [-105.609375, 528.0], [-104.90625, 532.0], [-104.1875, 534.5], [-103.484375, 533.0], [-102.765625, 542.0], [-102.0625, 547.0], [-101.3125, 546.0], [-100.59375, 551.5], [-99.875, 556.0], [-99.15625, 559.5], [-98.46875, 562.5], [-97.765625, 568.5], [-97.046875, 576.5], [-96.34375, 580.0], [-95.5, 579.5], [-94.765625, 581.5], [-94.015625, 591.5], [-93.28125, 593.5], [-92.640625, 597.0], [-91.9375, 606.0], [-91.21875, 607.0], [-90.515625, 609.0], [-89.765625, 612.5], [-89.046875, 619.0], [-88.328125, 628.0], [-87.609375, 627.5], [-86.90625, 634.0], [-86.203125, 644.0], [-85.484375, 649.5], [-84.78125, 655.5], [-84.015625, 661.0], [-83.296875, 668.5], [-82.578125, 672.5], [-81.859375, 677.5], [-81.171875, 688.5], [-80.46875, 697.0], [-79.75, 700.0], [-79.046875, 712.5], [-78.296875, 728.0], [-77.578125, 732.5], [-76.859375, 738.5], [-76.140625, 747.0], [-75.40625, 757.5], [-74.6875, 766.0], [-73.96875, 762.5], [-73.25, 762.5], [-71.84375, 253.0], [-71.125, 254.5], [-70.421875, 251.5], [-69.6875, 249.0], [-68.984375, 246.5], [-68.265625, 243.5], [-67.5625, 241.0], [-66.8125, 239.0], [-66.09375, 237.0], [-65.375, 233.0], [-64.65625, 229.5], [-63.96875, 227.5], [-63.265625, 225.0], [-62.546875, 223.5], [-61.84375, 221.5], [-61.109375, 220.0], [-60.40625, 219.0], [-59.6875, 216.0], [-58.984375, 213.5], 