{"heading": -41.2, "target": -6.4140800725781855, "gap_dist": 599.317380471166, "gap_info": [{"width": 125.62277141466672, "center_angle": -121.45902313390123, "edge_a": [-123.28125, 497.0], "edge_b": [-119.046875, 375.5], "depth": 497.0, "passable": false, "chosen": false}, {"width": 599.317380471166, "center_angle": -6.4140800725781855, "edge_a": [-7.5625, 173.5], "edge_b": [-6.15625, 772.75], "depth": 772.75, "passable": true, "chosen": true}, {"width": 451.65243836902937, "center_angle": 155.96259073830663, "edge_a": [136.359375, 535.0], "edge_b": [168.953125, 798.5], "depth": 798.5, "passable": true, "chosen": false}], "scan": [[-4.0, 749.25], [-3.296875, 741.75], [-2.578125, 733.25], [-1.875, 728.5], [-1.203125, 723.75], [-0.515625, 718.25], [0.1875, 710.25], [0.875, 703.75], [1.609375, 699.0], [2.3125, 693.5], [3.015625, 688.5], [3.71875, 683.25], [4.421875, 677.0], [5.125, 671.5], [5.828125, 667.0], [6.53125, 673.25], [7.234375, 680.0], [7.9375, 677.0], [9.34375, 649.25], [10.234375, 657.25], [10.984375, 656.5], [11.734375, 649.25], [12.484375, 643.75], [13.765625, 614.0], [14.46875, 611.0], [15.171875, 608.75], [15.90625, 611.0], [16.609375, 611.75], [17.328125, 608.25], [18.03125, 602.75], [18.734375, 593.75], [19.4375, 584.25], [20.140625, 581.5], [20.84375, 580.0], [21.59375, 578.5], [22.296875, 577.25], [23.015625, 578.75], [23.71875, 583.0], [24.421875, 583.5], [25.125, 580.25], [25.828125, 577.0], [26.53125, 576.0], [27.265625, 573.5], [27.96875, 575.0], [28.6875, 576.25], [29.390625, 574.5], [29.828125, 574.0], [30.46875, 570.75], [31.109375, 567.75], [31.75, 566.0], [32.640625, 565.75], [33.34375, 566.25], [34.046875, 566.0], [34.75, 567.25], [35.453125, 566.5], [36.15625, 565.0], [36.859375, 567.0], [37.5625, 567.25], [38.25, 565.75], [38.9375, 564.25], [39.640625, 564.5], [40.328125, 566.25], [41.046875, 566.75], [41.734375, 568.25], [42.4375, 568.75], [43.125, 568.0], [43.84375, 568.0], [44.53125, 569.75], [45.234375, 571.25], [45.921875, 571.75], [46.921875, 572.75], [47.6875, 574.75], [48.453125, 576.0], [49.21875, 577.5], [49.765625, 579.5], [50.46875, 580.25], [51.1875, 581.75], [51.890625, 583.5], [52.625, 584.75], [53.328125, 586.75], [54.046875, 588.75], [54.75, 590.25], [55.453125, 593.5], [56.15625, 597.0], [56.859375, 598.75], [57.5625, 601.5], [58.296875, 602.5], [59.0, 604.5], [59.71875, 609.0], [60.421875, 613.5], [61.125, 617.5], [61.828125, 619.0], [62.53125, 621.0], [63.234375, 624.5], [63.890625, 628.5], [64.578125, 632.25], [65.265625, 636.5], [65.953125, 642.0], [66.71875, 646.25], [67.421875, 652.5], [68.125, 659.0], [68.828125, 663.25], [69.546875, 668.25], [70.25, 673.5], [70.953125, 683.25], [71.65625, 692.0], [72.359375, 696.0], [73.0625, 692.25], [73.765625, 687.0], [74.46875, 690.5], [75.21875, 697.5], [76.640625, 730.5], [77.34375, 740.0], [78.03125, 743.5], [78.734375, 746.5], [79.4375, 753.5], [80.859375, 791.0], [82.265625, 760.5], [82.96875, 750.0], [83.59375, 740.5], [84.265625, 732.5], [84.953125, 724.5], [85.625, 715.5], [86.40625, 707.0], [87.109375, 699.0], [87.8125, 691.5], [88.515625, 685.75], [89.203125, 680.0], [89.890625, 671.5], [90.59375, 665.75], [91.28125, 661.25], [92.015625, 654.75], [92.71875, 649.5], [93.421875, 643.0], [94.125, 636.25], [94.84375, 630.0], [95.546875, 623.5], [96.25, 619.75], [96.953125, 617.0], [97.65625, 611.0], [98.359375, 605.5], [99.0625, 601.25], [99.765625, 596.75], [100.625, 592.75], [101.359375, 589.25], [102.109375, 586.75], [102.84375, 584.75], [103.46875, 576.5], [104.171875, 565.0], [104.890625, 560.5], [105.59375, 556.0], [106.328125, 551.75], [107.03125, 550.75], [107.75, 548.0], [108.453125, 544.0], [109.140625, 541.75], [109.84375, 539.75], [110.546875, 538.0], [111.25, 536.5], [111.984375, 534.5], [112.6875, 532.75], [113.40625, 532.5], [114.109375, 529.75], [114.828125, 526.5], [115.53125, 525.5], [116.25, 523.75], [116.953125, 523.0], [117.65625, 522.25], [118.359375, 521.25], [119.0625, 519.5], [119.765625, 519.25], [120.234375, 521.25], [120.875, 520.0], [121.515625, 517.75], [122.15625, 517.25], [123.03125, 516.25], [123.71875, 515.0], [124.421875, 514.25], [125.109375, 514.5], [125.84375, 514.5], [126.546875, 514.25], [127.25, 514.5], [127.953125, 514.5], [128.640625, 515.5], [129.328125, 516.0], [130.03125, 517.5], [130.71875, 518.25], [131.4375, 519.5], [132.125, 521.25], [132.828125, 521.75], [133.515625, 522.5], [134.25, 524.25], [134.953125, 525.75], [135.65625, 527.0], [136.359375, 535.0], [138.71875, 3358.5], [149.25, 1484.0], [151.375, 1350.0], [152.078125, 1311.5], [153.484375, 1238.0], [154.15625, 1211.5], [154.84375, 1182.0], [155.546875, 1149.5], [156.234375, 1121.5], [156.96875, 1097.5], [157.671875, 1073.5], [158.375, 1048.5], [159.078125, 1024.5], [159.796875, 1002.5], [160.5, 984.5], [161.203125, 966.5], [161.90625, 948.0], [162.609375, 931.0], [163.3125, 913.5], [164.015625, 895.0], [164.71875, 879.0], [165.4375, 865.0], [166.140625, 850.5], [166.84375, 836.5], [167.546875, 821.0], [168.25, 808.0], [168.953125, 798.5], [169.65625, 785.5], [170.359375, 773.0], [171.078125, 766.5], [171.78125, 759.0], [172.484375, 749.5], [173.1875, 741.5], [173.84375, 735.5], [174.53125, 727.5], [175.21875, 715.0], [175.90625, 703.0], [176.65625, 694.25], [177.359375, 687.75], [178.0625, 684.0], [178.765625, 684.0], [179.46875, 683.5], [-179.828125, 680.0], [-179.125, 687.5], [-178.421875, 690.0], [-177.703125, 681.0], [-177.0, 672.0], [-176.296875, 662.5], [-175.59375, 651.5], [-174.890625, 650.5], [-174.1875, 649.75], [-173.484375, 634.25], [-172.78125, 623.5], [-172.078125, 625.5], [-170.671875, 608.5], [-169.96875, 600.75], [-169.09375, 595.25], [-168.359375, 595.25], [-167.609375, 594.25], [-166.875, 587.75], [-166.265625, 584.0], [-165.5625, 581.5], [-164.859375, 576.75], [-164.15625, 573.0], [-163.40625, 571.75], [-162.703125, 565.5], [-161.984375, 559.5], [-161.28125, 559.25], [-160.5625, 558.25], [-159.859375, 555.0], [-159.140625, 550.5], [-158.4375, 550.0], [-157.734375, 545.25], [-157.03125, 540.25], [-156.328125, 538.75], [-155.625, 536.25], [-154.890625, 536.5], [-154.1875, 530.5], [-153.46875, 526.5], [-152.765625, 527.75], [-152.0625, 525.75], [-151.359375, 523.25], [-150.65625, 522.0], [-149.953125, 523.0], [-149.25, 523.0], [-148.546875, 519.0], [-147.84375, 517.75], [-147.140625, 517.75], [-146.40625, 518.5], [-145.703125, 518.0], [-144.984375, 515.0], [-144.28125, 513.5], [-143.578125, 510.75], [-142.875, 509.0], [-142.171875, 510.25], [-141.46875, 511.25], [-140.734375, 512.25], [-140.03125, 512.5], [-139.3125, 509.5], [-138.609375, 508.5], [-137.90625, 511.5], [-137.203125, 514.0], [-136.5, 514.0], [-135.796875, 512.25], [-135.078125, 512.25], [-134.375, 513.5], [-133.671875, 513.75], [-132.96875, 515.25], [-132.40625, 517.5], [-131.75, 524.0], [-131.078125, 523.5], [-130.421875, 521.5], [-129.59375, 526.5], [-128.890625, 527.0], [-128.1875, 530.75], [-127.484375, 534.75], [-126.796875, 537.25], [-126.109375, 540.75], [-125.40625, 538.5], [-123.984375, 508.0], [-123.28125, 497.0], [-119.046875, 375.5], [-118.359375, 367.0], [-117.671875, 358.0], [-116.28125, 336.0], [-115.578125, 327.5], [-114.890625, 319.5], [-114.1875, 310.5], [-113.5, 302.5], [-112.75, 296.0], [-111.34375, 279.5], [-110.640625, 274.0], [-109.9375, 268.5], [-109.234375, 262.5], [-108.53125, 256.5], [-106.453125, 224.25], [-105.75, 219.5], [-105.0625, 215.25], [-104.34375, 210.5], [-103.65625, 206.5], [-102.953125, 204.25], [-102.265625, 201.5], [-101.53125, 199.25], [-100.828125, 197.0], [-100.125, 194.25], [-99.421875, 191.0], [-98.71875, 188.25], [-98.015625, 186.25], [-97.3125, 183.75], [-96.609375, 182.25], [-95.828125, 180.75], [-95.109375, 178.0], [-94.390625, 175.75], [-93.671875, 174.0], [-93.015625, 172.0], [-92.3125, 170.75], [-91.609375, 169.25], [-90.90625, 167.25], [-90.1875, 166.25], [-89.484375, 165.5], [-88.78125, 163.5], [-88.078125, 161.0], [-87.375, 160.25], [-86.671875, 159.25], [-85.96875, 157.75], [-85.265625, 157.25], [-84.5625,