{"heading": -99.4, "target": -97.50695605167513, "gap_dist": 631.5667618685255, "gap_info": [{"width": 631.5667618685255, "center_angle": -97.50695605167513, "edge_a": [-133, 407.5], "edge_b": [-80, 786.5], "depth": 786.5, "passable": true, "chosen": true}, {"width": 150.93789718287567, "center_angle": -76.67955362017943, "edge_a": [-78, 690.0], "edge_b": [-75, 542.5], "depth": 690.0, "passable": false, "chosen": false}], "scan": [[-2, 195.0], [-1, 195.0], [1, 191.0], [2, 191.0], [3, 191.5], [4, 189.5], [5, 188.0], [6, 190.5], [7, 193.0], [8, 193.5], [9, 191.5], [10, 192.5], [11, 190.5], [12, 191.5], [13, 195.0], [14, 195.5], [15, 197.5], [16, 199.5], [17, 200.0], [18, 206.5], [19, 205.0], [20, 205.0], [21, 204.5], [22, 204.0], [23, 211.5], [24, 214.0], [26, 220.5], [27, 224.5], [28, 226.0], [29, 231.5], [30, 234.0], [32, 247.5], [35, 246.0], [37, 266.5], [41, 277.0], [42, 280.0], [43, 282.5], [44, 291.5], [45, 296.0], [46, 304.5], [47, 309.0], [48, 315.0], [49, 321.0], [50, 331.0], [51, 337.5], [52, 352.0], [53, 360.5], [55, 388.0], [56, 395.5], [57, 414.0], [58, 414.5], [59, 415.0], [60, 413.0], [61, 406.0], [62, 404.0], [63, 399.0], [64, 396.0], [65, 394.5], [66, 390.5], [67, 387.5], [68, 384.5], [69, 383.0], [70, 380.0], [71, 378.5], [72, 376.5], [73, 372.0], [74, 371.0], [75, 370.0], [76, 369.0], [77, 365.5], [78, 366.0], [79, 366.0], [80, 360.5], [81, 361.0], [82, 362.5], [83, 361.0], [84, 358.0], [85, 359.5], [86, 357.0], [87, 355.5], [88, 356.75], [89, 357.75], [90, 358.75], [91, 359.0], [92, 359.0], [93, 360.5], [94, 362.0], [95, 362.75], [96, 364.25], [97, 365.75], [98, 366.75], [99, 367.75], [100, 368.25], [101, 369.75], [102, 373.25], [103, 378.5], [104, 379.0], [105, 386.25], [106, 388.5], [107, 390.0], [108, 393.0], [109, 394.25], [110, 398.0], [111, 399.5], [112, 403.5], [113, 405.5], [114, 408.0], [115, 412.0], [116, 415.0], [117, 419.5], [118, 422.0], [119, 425.0], [120, 433.5], [121, 439.0], [122, 443.0], [123, 445.5], [124, 453.5], [125, 458.5], [126, 467.5], [127, 472.5], [128, 482.5], [129, 489.0], [130, 495.5], [131, 509.5], [132, 515.5], [133, 530.0], [134, 537.5], [136, 1185.0], [137, 1172.0], [138, 1150.0], [139, 1139.5], [140, 1119.5], [141, 1110.0], [142, 1100.5], [143, 1081.5], [144, 1074.5], [145, 1058.0], [146, 1051.0], [147, 1043.5], [148, 1029.5], [149, 1022.5], [150, 1009.0], [151, 1003.0], [152, 991.0], [153, 985.25], [154, 978.75], [155, 967.5], [156, 961.5], [157, 956.0], [158, 954.0], [159, 951.0], [160, 944.0], [161, 942.0], [162, 934.0], [163, 932.0], [164, 927.5], [165, 926.0], [166, 926.0], [167, 921.0], [168, 919.0], [169, 916.5], [170, 915.0], [171, 914.5], [172, 913.5], [173, 912.5], [174, 911.0], [175, 910.5], [176, 910.5], [177, 912.5], [178, 913.5], [179, 914.0], [180, 915.5], [-179, 916.5], [-178, 921.0], [-177, 923.0], [-176, 914.5], [-173, 945.5], [-162, 313.0], [-160, 290.5], [-159, 278.5], [-158, 277.0], [-157, 278.5], [-156, 280.0], [-155, 283.5], [-154, 284.5], [-153, 290.5], [-152, 293.0], [-151, 295.5], [-150, 302.0], [-149, 305.0], [-148, 310.0], [-147, 313.0], [-146, 316.0], [-145, 323.0], [-144, 327.0], [-143, 335.5], [-142, 338.0], [-141, 348.5], [-140, 352.0], [-139, 356.5], [-138, 368.0], [-137, 374.5], [-136, 384.0], [-135, 391.5], [-134, 394.5], [-133, 407.5], [-131, 1533.0], [-130, 1562.0], [-129, 1620.0], [-128, 1649.5], [-127, 1683.0], [-126, 1753.5], [-125, 1790.5], [-123, 970.0], [-122, 962.0], [-121, 958.0], [-120, 946.5], [-119, 944.5], [-118, 935.5], [-117, 930.5], [-116, 921.0], [-115, 916.5], [-114, 913.5], [-113, 907.5], [-112, 903.5], [-111, 897.5], [-110, 894.5], [-109, 891.5], [-108, 883.5], [-107, 872.0], [-106, 862.5], [-105, 860.0], [-104, 856.5], [-103, 855.5], [-102, 856.0], [-101, 855.0], [-100, 854.5], [-99, 854.5], [-98, 853.5], [-97, 854.0], [-96, 854.0], [-95, 853.5], [-94, 853.5], [-93, 856.0], [-92, 856.5], [-91, 858.5], [-90, 859.5], [-89, 861.0], [-88, 865.0], [-85, 1085.0], [-80, 786.5], [-78, 690.0], [-75, 542.5], [-73, 469.0], [-72, 468.5], [-70, 414.0], [-68, 378.5], [-66, 351.0], [-65, 338.0], [-63, 321.0], [-62, 310.0], [-61, 304.0], [-60, 294.0], [-59, 288.5], [-58, 283.5], [-57, 273.5], [-56, 269.5], [-55, 260.5], [-54, 257.0], [-53, 255.5], [-52, 247.0], [-51, 245.0], [-50, 237.0], [-49, 235.0], [-48, 228.5], [-47, 226.0], [-46, 224.5], [-45, 219.0], [-44, 216.5], [-43, 213.5], [-42, 210.5], [-41, 209.5], [-40, 203.0], [-39, 201.5], [-38, 198.5], [-37, 197.5], [-36, 195.5], [-35, 193.5], [-34, 191.5], [-33, 191.0], [-32, 190.0], [-31, 187.5], [-30, 184.5], [-27, 182.5], [-26, 179.5], [-25, 178.5], [-24, 178.5], [-23, 177.0], [-22, 177.0], [-21, 175.0], [-20, 175.5], [-19, 174.0], [-18, 172.5], [-17, 171.5], [-16, 172.0], [-15, 174.0], [-14, 176.5], [-13, 173.5], [-12, 173.5], [-9, 170.5], [-8, 169.5], [-7, 169.0], [-6, 164.0], [-5, 164.0], [-4, 165.0], [-3, 164.0]]}