{"heading": -70.8, "target": -14.392559774917215, "gap_dist": 605.5512528700908, "gap_info": [{"width": 605.5512528700908, "center_angle": -14.392559774917215, "edge_a": [-15.578125, 138.5], "edge_b": [-14.171875, 744.0], "depth": 744.0, "passable": true, "chosen": true}, {"width": 577.2934124873927, "center_angle": 125.71744507905369, "edge_a": [96.5, 354.0], "edge_b": [138.34375, 790.5], "depth": 790.5, "passable": true, "chosen": false}], "scan": [[-4.0, 697.5], [-3.296875, 695.0], [-2.59375, 692.0], [-1.890625, 690.0], [-1.15625, 689.5], [-0.453125, 688.0], [0.265625, 687.0], [0.96875, 684.5], [1.65625, 680.0], [2.359375, 676.5], [3.0625, 677.5], [3.765625, 684.5], [4.46875, 686.5], [5.171875, 680.5], [5.875, 676.5], [6.578125, 678.0], [7.3125, 675.0], [8.015625, 670.5], [8.734375, 669.5], [9.4375, 669.5], [10.3125, 668.5], [11.0625, 670.0], [11.8125, 670.5], [12.5625, 664.75], [13.15625, 662.5], [13.859375, 663.75], [14.578125, 666.0], [15.28125, 667.25], [16.0, 665.75], [16.703125, 663.25], [17.421875, 662.5], [18.125, 661.5], [18.84375, 662.5], [19.546875, 663.75], [20.265625, 663.5], [20.96875, 663.5], [21.71875, 665.25], [22.4375, 667.75], [23.15625, 668.75], [23.875, 668.5], [24.5625, 670.5], [25.265625, 673.5], [25.984375, 676.0], [26.6875, 679.5], [27.40625, 683.0], [28.109375, 685.75], [28.828125, 688.5], [29.53125, 692.25], [30.0, 696.5], [30.640625, 701.5], [31.296875, 704.5], [31.9375, 706.0], [32.8125, 709.5], [33.515625, 716.5], [34.21875, 721.5], [34.921875, 722.0], [35.625, 724.5], [36.328125, 731.25], [37.03125, 735.75], [37.734375, 740.0], [38.4375, 747.0], [39.140625, 752.0], [39.84375, 759.0], [40.546875, 763.0], [41.25, 756.0], [41.953125, 750.5], [42.65625, 744.5], [44.0625, 703.5], [44.765625, 684.5], [45.46875, 665.5], [46.171875, 649.5], [47.125, 637.0], [47.890625, 623.0], [48.65625, 611.5], [49.421875, 601.0], [50.0, 589.0], [50.71875, 579.0], [51.4375, 568.0], [52.15625, 558.5], [52.84375, 550.5], [53.546875, 542.0], [54.265625, 533.5], [54.96875, 525.5], [55.6875, 518.0], [56.390625, 510.0], [57.109375, 503.5], [57.8125, 498.5], [58.53125, 491.5], [59.234375, 482.5], [59.953125, 476.5], [60.65625, 471.0], [61.390625, 465.0], [62.09375, 460.0], [62.8125, 455.25], [63.515625, 450.75], [64.125, 446.0], [64.796875, 442.5], [65.484375, 438.5], [66.15625, 433.5], [66.953125, 429.5], [67.65625, 426.0], [68.359375, 421.5], [69.0625, 417.5], [69.796875, 415.5], [70.5, 413.0], [71.21875, 409.5], [71.921875, 407.5], [72.625, 405.0], [73.328125, 400.5], [74.03125, 396.5], [74.734375, 394.0], [75.453125, 391.5], [76.15625, 389.0], [76.859375, 387.0], [77.5625, 385.0], [78.28125, 383.0], [78.984375, 381.0], [79.6875, 379.0], [80.390625, 377.5], [81.125, 375.5], [81.828125, 373.0], [82.546875, 371.0], [83.25, 370.0], [83.828125, 368.5], [84.5, 367.0], [85.171875, 365.5], [85.84375, 364.5], [86.640625, 363.75], [87.34375, 362.25], [88.046875, 361.0], [88.75, 359.25], [89.46875, 358.25], [90.171875, 357.5], [90.875, 356.5], [91.578125, 355.25], [92.28125, 354.75], [92.984375, 355.0], [93.6875, 354.5], [94.390625, 353.5], [95.09375, 353.0], [95.796875, 353.0], [96.5, 354.0], [99.96875, 15102.5], [101.65625, 1457.5], [102.40625, 1436.0], [103.15625, 1414.5], [103.734375, 1405.75], [104.4375, 1418.75], [105.84375, 3112.0], [112.96875, 2685.0], [113.6875, 2679.0], [124.71875, 1181.0], [126.140625, 1117.0], [126.84375, 1088.5], [127.546875, 1058.5], [128.25, 1029.5], [128.953125, 1003.0], [129.65625, 980.0], [130.359375, 957.0], [131.0625, 934.0], [131.75, 917.0], [132.4375, 900.0], [133.140625, 882.0], [133.828125, 869.5], [134.5625, 856.0], [135.265625, 845.0], [135.96875, 832.0], [136.671875, 815.5], [137.59375, 804.0], [138.34375, 790.5], [139.109375, 783.5], [140.421875, 756.25], [141.125, 745.5], [141.828125, 733.25], [142.53125, 734.0], [143.96875, 701.0], [144.6875, 697.0], [146.09375, 665.25], [146.796875, 653.0], [147.5, 644.5], [148.203125, 638.0], [148.9375, 640.0], [150.359375, 615.0], [151.0625, 611.5], [151.78125, 613.5], [152.484375, 609.0], [153.203125, 601.0], [154.5625, 579.0], [155.953125, 557.25], [156.640625, 559.75], [157.40625, 551.5], [158.109375, 541.5], [158.828125, 541.0], [159.53125, 540.5], [160.234375, 531.0], [160.9375, 521.0], [161.640625, 515.5], [162.34375, 513.0], [163.0625, 510.5], [163.765625, 503.5], [164.46875, 499.0], [165.171875, 493.0], [165.90625, 489.0], [166.609375, 490.25], [167.328125, 488.75], [168.03125, 483.0], [168.734375, 477.25], [169.4375, 477.75], [170.140625, 477.0], [170.84375, 470.0], [171.546875, 468.0], [172.25, 467.75], [172.953125, 462.75], [173.65625, 460.0], [174.328125, 460.75], [175.015625, 458.75], [175.71875, 455.0], [176.40625, 454.0], [177.140625, 451.0], [177.84375, 448.5], [178.546875, 448.25], [179.25, 447.25], [179.984375, 445.5], [-179.3125, 444.5], [-178.59375, 442.75], [-177.890625, 441.75], [-177.203125, 441.75], [-176.5, 438.25], [-175.796875, 438.0], [-175.09375, 437.0], [-174.375, 436.0], [-173.671875, 436.5], [-172.96875, 433.25], [-172.265625, 432.75], [-171.5625, 432.5], [-170.859375, 431.5], [-170.15625, 431.5], [-169.453125, 431.5], [-168.5625, 432.5], [-167.8125, 431.0], [-167.0625, 428.0], [-166.3125, 429.5], [-165.703125, 432.0], [-165.0, 431.5], [-164.28125, 432.5], [-163.578125, 432.5], [-162.875, 431.0], [-162.171875, 433.5], [-161.46875, 435.5], [-160.765625, 434.0], [-160.015625, 433.5], [-159.3125, 436.5], [-158.59375, 437.5], [-157.890625, 436.5], [-157.171875, 438.5], [-156.46875, 441.0], [-155.75, 444.0], [-155.046875, 447.0], [-154.3125, 448.5], [-153.609375, 447.5], [-152.890625, 448.0], [-152.1875, 452.5], [-151.53125, 454.5], [-150.84375, 456.0], [-150.140625, 458.5], [-149.453125, 462.5], [-148.6875, 465.5], [-147.984375, 468.5], [-147.265625, 471.5], [-146.5625, 470.5], [-145.859375, 472.0], [-145.15625, 475.5], [-144.453125, 478.5], [-143.75, 481.5], [-143.0, 484.0], [-142.296875, 486.5], [-141.578125, 487.5], [-140.875, 493.25], [-140.171875, 498.25], [-139.46875, 501.5], [-138.765625, 504.5], [-138.0625, 508.75], [-137.328125, 514.75], [-136.625, 515.5], [-135.90625, 521.5], [-135.203125, 527.0], [-134.5, 522.0], [-133.796875, 512.0], [-133.09375, 501.5], [-132.390625, 489.5], [-131.828125, 476.5], [-131.171875, 463.0], [-130.5, 452.0], [-129.84375, 442.5], [-129.015625, 432.5], [-128.3125, 423.75], [-127.609375, 414.25], [-126.90625, 406.5], [-126.203125, 400.0], [-125.5, 392.5], [-124.796875, 386.25], [-124.09375, 379.75], [-123.40625, 374.0], [-122.71875, 368.0], [-122.015625, 362.5], [-121.328125, 357.5], [-120.578125, 351.0], [-119.875, 346.5], [-119.171875, 342.0], [-118.46875, 336.5], [-117.734375, 332.0], [-117.03125, 326.75], [-116.3125, 322.25], [-115.609375, 319.0], [-114.953125, 314.25], [-114.265625, 310.25], [-113.5625, 306.25], [-112.875, 302.0], [-112.171875, 298.25], [-111.484375, 295.0], [-110.78125, 292.25], [-110.09375, 289.5], [-109.34375, 286.5], [-108.640625, 283.75], [-107.9375, 281.5], [-107.234375, 278.75], [-106.53125, 276.5], [-105.828125, 272.0], [-105.125, 265.5], [-103.015625, 242.75], [-102.3125, 237.5], [-101.609375, 233.0], [-100.90625, 228.25], [-100.203125, 223.25], [-99.5, 218.5], [-98.796875, 213.75], [-98.015625, 208.5], [-97.296875, 204.25], [-96.578125, 202.0], [-95.859375, 199.0], [-95.21875, 195.0], [-94.53125, 192.25], [-93.828125, 189.25], [-93.140625, 186.75], [-92.390625, 184.25], [-91.6875, 181.25], [-90.984375, 178.75], [-90.28125, 176.0], [-89.578125, 174.0], [-88.875, 171.25], [-88.171875, 168.5], [-87.46875, 167.25], [-86.75, 165.0], [-86.046875, 162.75], [-85.34375, 160.5], [-84.640625, 158.5], [-83.9375, 157.25], [-83.234375, 156.5], [-82.53125, 155.0], [-81.828125, 153.5], [-81.109375, 152.5], [-80.40625, 151.75], [-79.703125, 150.0], [-79.0, 148.5], [-78.28125, 147.25], [-77.578125, 146.5], [-76.875, 145.75], [-76.171875, 143.5], [-75.46875, 142.5], [-74.765625, 142.0], [-74.0625, 141.25], [-73.359375, 140.25], [-72.65625, 139.75], [-71.953125, 139.0], [-71.25, 137.5], 