{"heading": -14.9, "target": 78.72350939463584, "gap_dist": 495.1827787106337, "gap_info": [{"width": 213.1180400619833, "center_angle": -170.25508318464577, "edge_a": [-172, 539.5], "edge_b": [-169, 750.0], "depth": 750.0, "passable": false, "chosen": false}, {"width": 254.2754534480299, "center_angle": -39.3508599707446, "edge_a": [-40, 489.0], "edge_b": [-38, 235.0], "depth": 489.0, "passable": false, "chosen": false}, {"width": 495.1827787106337, "center_angle": 78.72350939463584, "edge_a": [40, 252.5], "edge_b": [94, 599.5], "depth": 599.5, "passable": true, "chosen": true}, {"width": 403.179829097217, "center_angle": 136.76530632724698, "edge_a": [120, 587.0], "edge_b": [149, 799.0], "depth": 799.0, "passable": true, "chosen": false}], "scan": [[-2, 205.5], [-1, 204.5], [0, 205.0], [1, 204.0], [2, 201.5], [3, 201.0], [4, 201.0], [5, 202.0], [6, 202.0], [7, 203.5], [8, 205.0], [9, 205.5], [10, 205.5], [11, 205.5], [12, 207.0], [13, 206.0], [14, 206.5], [15, 207.0], [16, 207.5], [17, 208.5], [18, 209.5], [19, 210.0], [20, 211.5], [21, 212.0], [22, 213.5], [23, 214.0], [24, 214.5], [25, 217.5], [26, 218.0], [27, 220.5], [28, 222.5], [29, 224.5], [30, 226.5], [31, 229.0], [32, 229.5], [33, 230.5], [34, 237.0], [35, 239.0], [36, 242.5], [37, 244.5], [38, 247.0], [39, 251.0], [40, 252.5], [43, 1118.5], [44, 1113.5], [45, 1077.5], [46, 1072.5], [47, 1068.0], [48, 1050.5], [49, 1035.5], [50, 1011.0], [51, 1004.0], [52, 997.0], [53, 981.5], [54, 972.0], [55, 959.5], [56, 953.0], [57, 949.5], [58, 937.5], [59, 936.5], [60, 927.0], [61, 923.5], [62, 920.0], [63, 914.5], [64, 912.0], [65, 905.0], [66, 902.5], [67, 900.5], [68, 906.5], [69, 901.0], [70, 887.0], [71, 884.0], [72, 878.0], [73, 875.5], [74, 874.0], [75, 869.5], [76, 868.5], [77, 867.0], [78, 865.5], [79, 865.5], [80, 864.5], [81, 863.5], [82, 863.5], [83, 865.0], [84, 864.5], [85, 867.0], [86, 867.5], [87, 869.25], [88, 871.75], [94, 599.5], [96, 559.0], [97, 543.5], [98, 518.5], [99, 506.0], [100, 497.5], [101, 490.0], [102, 471.0], [103, 463.5], [104, 450.25], [105, 446.0], [106, 446.25], [107, 452.5], [108, 457.5], [109, 464.0], [110, 473.5], [111, 479.5], [112, 492.5], [113, 498.5], [114, 504.0], [115, 518.5], [116, 528.0], [117, 544.5], [118, 553.0], [119, 564.5], [120, 587.0], [122, 1098.0], [123, 1103.0], [124, 1130.5], [125, 1142.5], [126, 1175.5], [127, 1189.5], [128, 1200.5], [129, 1241.0], [130, 1250.0], [131, 1298.5], [132, 1311.0], [133, 1350.0], [134, 1374.5], [135, 1398.0], [136, 1451.0], [137, 1481.0], [138, 1511.5], [139, 1584.0], [141, 1667.0], [142, 1692.5], [145, 853.5], [146, 843.0], [147, 833.5], [148, 811.0], [149, 799.0], [150, 779.5], [151, 771.0], [152, 761.0], [153, 743.0], [154, 736.0], [155, 722.0], [156, 714.5], [157, 699.0], [158, 692.5], [159, 684.5], [161, 650.5], [162, 638.5], [163, 634.0], [164, 629.25], [165, 619.5], [166, 615.0], [167, 608.25], [168, 605.5], [169, 600.0], [170, 591.25], [171, 590.0], [172, 579.5], [173, 575.5], [174, 572.5], [175, 570.0], [176, 567.5], [177, 562.5], [178, 559.0], [179, 556.0], [-180, 555.0], [-179, 553.0], [-178, 548.0], [-177, 546.0], [-176, 543.0], [-175, 542.5], [-174, 541.5], [-173, 540.0], [-172, 539.5], [-169, 750.0], [-168, 759.0], [-166, 714.5], [-164, 654.5], [-161, 564.5], [-158, 476.0], [-157, 468.5], [-155, 436.0], [-153, 411.0], [-152, 402.5], [-151, 393.0], [-150, 388.0], [-149, 381.0], [-147, 364.5], [-146, 354.5], [-144, 344.5], [-143, 335.0], [-142, 334.0], [-141, 326.0], [-140, 319.5], [-139, 318.0], [-137, 305.5], [-136, 297.25], [-135, 295.75], [-134, 295.5], [-133, 289.5], [-132, 283.0], [-131, 283.5], [-130, 283.5], [-129, 277.5], [-128, 271.5], [-127, 267.5], [-126, 263.5], [-125, 261.5], [-123, 253.5], [-122, 252.5], [-121, 250.5], [-120, 249.5], [-119, 244.5], [-118, 243.5], [-117, 243.0], [-116, 242.0], [-115, 239.0], [-114, 237.75], [-113, 236.5], [-112, 232.25], [-111, 232.25], [-110, 231.0], [-109, 229.75], [-108, 230.0], [-107, 229.25], [-106, 228.0], [-105, 229.5], [-104, 230.0], [-103, 229.0], [-102, 229.5], [-101, 230.0], [-100, 228.0], [-99, 228.0], [-98, 229.0], [-97, 229.5], [-96, 231.0], [-95, 230.0], [-94, 231.0], [-93, 230.0], [-92, 230.5], [-91, 230.0], [-90, 230.0], [-89, 232.0], [-88, 234.0], [-87, 236.5], [-86, 237.5], [-85, 239.5], [-84, 241.0], [-83, 240.5], [-82, 244.0], [-81, 245.5], [-80, 247.5], [-79, 252.5], [-78, 253.0], [-77, 254.5], [-76, 257.5], [-75, 263.5], [-74, 264.5], [-73, 267.0], [-72, 270.5], [-71, 272.0], [-70, 280.0], [-69, 284.0], [-68, 286.5], [-67, 290.5], [-66, 291.0], [-65, 295.0], [-64, 300.5], [-63, 305.5], [-62, 310.5], [-61, 313.0], [-60, 323.0], [-59, 325.5], [-58, 326.0], [-57, 337.0], [-56, 341.5], [-55, 349.0], [-54, 352.0], [-53, 362.0], [-52, 366.0], [-51, 372.5], [-50, 384.0], [-49, 390.5], [-48, 399.0], [-46, 425.0], [-45, 426.0], [-42, 465.5], [-41, 484.0], [-40, 489.0], [-38, 235.0], [-37, 233.5], [-36, 229.0], [-35, 225.0], [-34, 221.0], [-33, 219.5], [-32, 215.0], [-31, 211.5], [-30, 210.0], [-29, 207.5], [-28, 206.0], [-27, 205.0], [-26, 203.5], [-25, 201.5], [-24, 200.0], [-23, 197.0], [-22, 195.5], [-21, 195.0], [-20, 193.0], [-19, 192.0], [-18, 190.5], [-17, 189.0], [-16, 187.5], [-15, 187.0], [-14, 186.5], [-13, 184.5], [-12, 183.0], [-11, 182.5], [-10, 182.5], [-9, 181.5], [-8, 181.0], [-7, 181.0], [-6, 180.0], [-5, 178.0], [-4, 176.5], [-3, 175.0]]}