{"heading": -52.7, "target": -76.70239515663981, "gap_dist": 416.35448616865006, "gap_info": [{"width": 342.66059451190887, "center_angle": -147.07638843286094, "edge_a": [-149, 739.5], "edge_b": [-141, 234.5], "depth": 739.5, "passable": true, "chosen": false}, {"width": 416.35448616865006, "center_angle": -76.70239515663981, "edge_a": [-86, 228.5], "edge_b": [-74, 783.0], "depth": 783.0, "passable": true, "chosen": true}, {"width": 122.26695781299937, "center_angle": -46.100446777813396, "edge_a": [-47, 756.0], "edge_b": [-45, 618.0], "depth": 756.0, "passable": false, "chosen": false}, {"width": 93.79099783544841, "center_angle": -42.61775160510365, "edge_a": [-44, 611.5], "edge_b": [-41, 522.5], "depth": 611.5, "passable": false, "chosen": false}], "scan": [[-3, 213.0], [-2, 224.0], [-1, 221.5], [0, 220.0], [1, 218.5], [2, 216.0], [3, 213.5], [4, 212.0], [6, 212.5], [7, 213.0], [8, 214.0], [9, 210.0], [10, 208.5], [11, 205.5], [12, 203.5], [13, 202.5], [14, 201.0], [15, 197.0], [16, 197.0], [17, 198.0], [18, 197.5], [19, 196.0], [20, 193.0], [21, 192.0], [22, 192.5], [23, 192.5], [24, 192.0], [25, 191.0], [26, 191.5], [27, 191.5], [28, 189.5], [29, 189.5], [30, 191.0], [31, 194.5], [32, 193.5], [33, 192.5], [34, 194.0], [35, 193.5], [36, 193.5], [37, 192.0], [38, 193.0], [39, 192.0], [40, 193.0], [41, 193.5], [42, 194.5], [43, 195.5], [44, 201.5], [45, 202.0], [46, 204.5], [47, 206.0], [48, 207.0], [49, 208.0], [50, 205.0], [51, 207.0], [52, 213.0], [53, 214.5], [55, 223.5], [56, 225.0], [57, 230.0], [58, 228.5], [59, 225.0], [60, 228.0], [61, 230.0], [62, 232.0], [63, 234.5], [64, 238.0], [65, 241.0], [66, 243.5], [67, 247.0], [68, 252.5], [69, 256.0], [70, 258.5], [71, 262.5], [72, 266.0], [73, 271.0], [74, 274.0], [75, 282.0], [76, 287.0], [77, 291.5], [78, 298.0], [79, 302.5], [80, 306.5], [81, 320.0], [82, 323.5], [83, 334.5], [84, 337.5], [85, 349.0], [86, 357.5], [87, 365.5], [88, 378.5], [89, 386.0], [90, 403.0], [91, 413.0], [93, 447.0], [95, 477.5], [96, 489.5], [97, 494.0], [98, 515.0], [110, 1330.5], [112, 14731.0], [113, 14699.0], [114, 14683.0], [115, 14670.0], [116, 14647.5], [117, 14642.0], [121, 7473.0], [122, 7476.0], [123, 7478.0], [127, 3263.5], [128, 3251.5], [129, 3258.5], [130, 3264.5], [131, 3276.0], [135, 1143.0], [136, 1125.0], [137, 1125.5], [138, 1137.5], [139, 1144.5], [141, 1400.5], [142, 1394.5], [143, 1395.0], [144, 1403.5], [146, 2126.0], [147, 2026.0], [148, 1979.5], [149, 1896.5], [151, 1706.0], [152, 1637.25], [153, 1608.25], [154, 1578.0], [155, 1518.25], [156, 1499.0], [157, 1448.0], [158, 1424.5], [159, 1404.0], [160, 1368.0], [161, 1349.0], [162, 1311.5], [163, 1294.5], [164, 1280.0], [165, 1252.5], [166, 1237.0], [167, 1209.0], [168, 1195.5], [169, 1185.0], [170, 1162.5], [171, 1153.5], [172, 1130.5], [173, 1120.5], [174, 1111.0], [175, 1095.5], [176, 1085.0], [177, 1074.0], [178, 1059.5], [179, 1052.0], [180, 1043.5], [-180, 1036.5], [-179, 1031.5], [-178, 1025.0], [-176, 774.5], [-175, 747.0], [-174, 732.5], [-173, 718.5], [-172, 686.0], [-171, 676.0], [-170, 665.0], [-169, 641.0], [-168, 629.5], [-167, 618.5], [-166, 599.0], [-165, 589.5], [-164, 573.5], [-163, 563.5], [-162, 556.0], [-161, 553.5], [-160, 565.0], [-159, 574.0], [-158, 581.5], [-157, 598.5], [-156, 607.5], [-155, 627.5], [-154, 638.0], [-153, 647.0], [-152, 673.0], [-151, 686.0], [-150, 720.5], [-149, 739.5], [-147, 920.0], [-146, 921.5], [-145, 923.5], [-144, 924.5], [-143, 925.5], [-141, 234.5], [-140, 232.5], [-139, 232.0], [-138, 227.5], [-137, 225.5], [-136, 224.5], [-135, 222.0], [-134, 221.0], [-133, 219.5], [-132, 217.5], [-131, 214.0], [-130, 213.0], [-129, 212.0], [-128, 209.5], [-127, 208.0], [-126, 207.0], [-125, 207.0], [-124, 207.0], [-123, 205.0], [-122, 205.5], [-121, 205.0], [-120, 203.5], [-119, 203.5], [-118, 203.5], [-117, 203.5], [-116, 202.5], [-115, 199.0], [-114, 199.5], [-113, 198.5], [-112, 198.0], [-111, 198.0], [-110, 198.0], [-109, 198.5], [-108, 199.5], [-107, 198.5], [-106, 200.5], [-105, 202.0], [-104, 203.5], [-103, 204.0], [-102, 204.0], [-101, 206.0], [-100, 205.5], [-99, 207.5], [-98, 208.0], [-97, 208.0], [-96, 208.0], [-95, 208.5], [-94, 214.5], [-93, 214.5], [-92, 214.5], [-91, 216.0], [-90, 218.0], [-89, 220.0], [-88, 223.0], [-86, 228.5], [-84, 846.0], [-83, 843.5], [-82, 835.0], [-81, 832.0], [-80, 830.0], [-79, 824.5], [-78, 824.5], [-77, 831.0], [-76, 823.0], [-75, 812.5], [-74, 783.0], [-73, 771.0], [-72, 748.0], [-71, 738.0], [-70, 728.5], [-69, 704.0], [-68, 695.0], [-67, 677.5], [-66, 667.0], [-65, 658.0], [-64, 644.5], [-63, 637.5], [-62, 621.0], [-61, 615.0], [-60, 609.5], [-59, 607.5], [-58, 622.0], [-57, 634.5], [-56, 646.5], [-55, 670.0], [-54, 685.25], [-53, 716.0], [-52, 734.5], [-51, 756.5], [-50, 793.0], [-49, 783.0], [-48, 774.0], [-47, 756.0], [-45, 618.0], [-44, 611.5], [-41, 522.5], [-39, 470.0], [-37, 421.0], [-35, 391.0], [-34, 374.5], [-33, 365.5], [-32, 359.0], [-31, 346.0], [-30, 340.0], [-29, 329.5], [-28, 322.5], [-27, 315.5], [-26, 306.5], [-25, 300.5], [-24, 296.0], [-23, 287.5], [-22, 283.5], [-20, 270.5], [-19, 267.5], [-18, 262.5], [-17, 259.5], [-16, 251.0], [-15, 248.5], [-14, 246.5], [-13, 241.5], [-12, 238.5], [-11, 233.0], [-10, 230.0], [-9, 228.0], [-8, 224.5], [-7, 222.0], [-6, 220.0], [-5, 216.5], [-4, 215.0]]}