{"heading": -70.3, "target": -72.17785134137338, "gap_dist": 306.39385738248825, "gap_info": [{"width": 306.39385738248825, "center_angle": -72.17785134137338, "edge_a": [-97, 358.0], "edge_b": [-53, 457.5], "depth": 457.5, "passable": true, "chosen": true}, {"width": 46.96465897936743, "center_angle": 76.57022148804997, "edge_a": [75, 417.5], "edge_b": [78, 458.5], "depth": 458.5, "passable": false, "chosen": false}, {"width": 414.14670667207736, "center_angle": 137.19180013574243, "edge_a": [108, 413.0], "edge_b": [161, 499.0], "depth": 499.0, "passable": true, "chosen": false}], "scan": [[-2, 206.5], [-1, 204.0], [0, 204.0], [1, 203.5], [2, 198.5], [3, 199.0], [4, 199.5], [5, 198.5], [6, 199.0], [7, 197.0], [8, 195.0], [9, 194.5], [10, 194.5], [11, 195.5], [12, 195.5], [13, 195.5], [14, 194.0], [15, 194.5], [16, 194.0], [17, 193.0], [18, 195.0], [19, 196.0], [20, 197.0], [21, 195.5], [22, 194.5], [23, 194.5], [24, 193.5], [25, 193.5], [26, 195.0], [27, 194.5], [28, 197.5], [29, 198.5], [30, 201.0], [31, 203.5], [32, 204.0], [33, 203.5], [34, 207.0], [35, 207.0], [36, 207.5], [37, 210.5], [38, 211.5], [39, 215.0], [40, 217.0], [41, 216.5], [42, 219.5], [43, 221.5], [44, 223.5], [45, 226.5], [46, 227.5], [47, 231.0], [48, 234.5], [49, 236.5], [50, 238.5], [51, 241.5], [52, 244.5], [53, 247.5], [54, 250.5], [55, 255.5], [56, 257.5], [57, 265.0], [58, 269.0], [59, 272.5], [60, 278.5], [61, 283.0], [62, 287.0], [63, 296.0], [64, 300.5], [65, 309.0], [66, 315.0], [67, 325.5], [68, 330.5], [70, 350.5], [71, 358.0], [72, 375.0], [73, 383.5], [75, 417.5], [78, 458.5], [79, 468.5], [80, 457.0], [81, 444.5], [82, 443.5], [83, 437.5], [84, 435.0], [85, 433.0], [86, 429.5], [87, 429.0], [88, 425.0], [89, 424.0], [90, 422.0], [91, 418.5], [92, 416.5], [93, 416.5], [94, 416.5], [95, 411.75], [96, 412.25], [97, 411.5], [98, 410.0], [99, 408.5], [100, 408.0], [101, 406.75], [102, 405.25], [103, 404.5], [104, 406.0], [105, 406.5], [106, 409.5], [107, 409.5], [108, 413.0], [110, 2132.0], [111, 2155.0], [115, 1133.5], [116, 1138.75], [117, 1141.5], [118, 1145.0], [119, 1150.5], [120, 1157.5], [121, 1161.25], [122, 1169.5], [123, 1174.5], [124, 1180.0], [125, 1190.5], [126, 1195.5], [127, 1209.0], [128, 1214.5], [130, 2159.0], [132, 1277.5], [134, 1227.5], [135, 1204.5], [136, 1204.5], [137, 1225.0], [138, 1232.5], [140, 1588.5], [142, 705.5], [143, 691.5], [144, 668.0], [145, 657.0], [146, 634.5], [147, 625.0], [148, 617.5], [149, 596.5], [150, 590.0], [151, 577.5], [152, 570.0], [153, 563.0], [154, 552.5], [155, 545.5], [156, 531.5], [157, 527.0], [158, 517.5], [159, 513.5], [160, 503.5], [161, 499.0], [162, 491.0], [163, 489.5], [164, 492.0], [165, 499.5], [166, 524.0], [167, 536.5], [168, 563.0], [169, 577.0], [170, 589.5], [171, 621.0], [172, 637.0], [174, 982.5], [175, 979.5], [176, 974.5], [177, 965.0], [178, 960.5], [179, 953.0], [-180, 951.0], [-179, 947.5], [-178, 943.5], [-177, 940.0], [-176, 936.5], [-175, 934.5], [-174, 929.0], [-173, 928.5], [-172, 927.0], [-171, 924.5], [-170, 921.5], [-169, 920.0], [-168, 921.5], [-167, 920.5], [-166, 919.0], [-165, 919.5], [-164, 918.5], [-163, 920.5], [-162, 922.0], [-161, 923.5], [-160, 927.5], [-159, 927.5], [-158, 923.5], [-157, 929.0], [-155, 699.0], [-154, 698.5], [-153, 702.0], [-152, 705.0], [-151, 710.5], [-150, 713.5], [-149, 716.5], [-148, 723.5], [-147, 724.5], [-143, 325.5], [-142, 308.5], [-141, 301.5], [-139, 277.0], [-138, 270.5], [-136, 254.0], [-135, 245.5], [-134, 240.5], [-132, 224.0], [-131, 217.0], [-130, 214.0], [-129, 210.5], [-128, 205.5], [-126, 195.0], [-124, 187.0], [-123, 188.5], [-122, 189.0], [-121, 185.25], [-120, 186.75], [-119, 189.5], [-118, 193.0], [-117, 195.0], [-116, 200.5], [-115, 203.5], [-114, 207.5], [-112, 217.0], [-111, 223.5], [-110, 227.0], [-109, 237.0], [-108, 241.0], [-107, 250.5], [-106, 255.5], [-105, 261.5], [-104, 274.5], [-103, 280.5], [-102, 296.0], [-100, 321.0], [-99, 329.0], [-97, 358.0], [-91, 1823.0], [-90, 1846.0], [-88, 3098.5], [-87, 3079.5], [-82, 3035.5], [-81, 3029.5], [-77, 2418.0], [-76, 2434.0], [-74, 1543.25], [-73, 1528.5], [-72, 1512.5], [-71, 1518.5], [-70, 1539.5], [-69, 1577.0], [-67, 1855.5], [-65, 1580.0], [-64, 1593.0], [-63, 1575.0], [-61, 689.0], [-60, 688.5], [-57, 588.5], [-53, 457.5], [-51, 420.0], [-50, 410.0], [-48, 380.0], [-46, 354.5], [-45, 340.0], [-44, 333.0], [-43, 328.0], [-41, 311.5], [-40, 300.5], [-39, 294.5], [-38, 288.0], [-37, 282.0], [-36, 276.0], [-35, 270.0], [-34, 267.0], [-33, 256.5], [-32, 253.0], [-31, 250.5], [-30, 245.5], [-29, 243.5], [-28, 237.0], [-27, 233.5], [-26, 230.0], [-25, 227.5], [-24, 224.5], [-23, 226.5], [-22, 223.5], [-21, 223.0], [-20, 222.5], [-19, 216.0], [-17, 205.5], [-16, 200.0], [-15, 197.0], [-14, 194.5], [-13, 195.5], [-12, 190.0], [-11, 189.0], [-10, 190.0], [-9, 187.5], [-8, 188.0], [-7, 183.5], [-6, 184.5], [-5, 181.0], [-4, 180.5]]}