{"heading": -97.4, "target": -99.00776940765985, "gap_dist": 625.9194787125272, "gap_info": [{"width": 625.9194787125272, "center_angle": -99.00776940765985, "edge_a": [-133, 417.5], "edge_b": [-82, 798.0], "depth": 798.0, "passable": true, "chosen": true}, {"width": 156.02216689135173, "center_angle": -78.680371714163, "edge_a": [-80, 710.5], "edge_b": [-77, 558.0], "depth": 710.5, "passable": false, "chosen": false}], "scan": [[-2, 188.5], [-1, 188.0], [0, 189.0], [1, 188.5], [2, 190.5], [3, 192.0], [4, 190.5], [5, 189.0], [6, 189.5], [7, 189.0], [8, 187.5], [9, 187.0], [10, 189.5], [11, 192.0], [12, 194.5], [13, 197.0], [14, 197.5], [15, 198.5], [16, 200.5], [17, 201.0], [18, 198.5], [19, 200.0], [20, 207.5], [21, 206.5], [22, 210.5], [24, 222.0], [25, 225.5], [29, 242.5], [32, 239.5], [33, 242.5], [34, 251.5], [36, 267.5], [37, 263.0], [38, 268.0], [39, 270.5], [40, 273.0], [41, 279.0], [42, 284.0], [43, 290.0], [44, 295.5], [45, 304.0], [46, 309.5], [47, 314.0], [48, 320.5], [49, 332.0], [50, 337.5], [51, 353.5], [52, 361.5], [53, 379.0], [54, 387.5], [55, 397.5], [56, 407.5], [57, 404.0], [58, 403.0], [59, 398.5], [60, 392.5], [61, 390.5], [62, 385.5], [63, 382.5], [64, 381.0], [65, 378.0], [66, 376.5], [67, 372.0], [68, 369.5], [69, 365.5], [70, 364.5], [71, 364.0], [72, 360.25], [73, 358.25], [74, 356.5], [75, 355.5], [76, 354.5], [77, 354.0], [78, 355.0], [79, 350.0], [80, 350.5], [81, 350.5], [82, 348.75], [83, 346.0], [84, 345.5], [85, 344.0], [86, 343.0], [87, 347.0], [88, 344.0], [89, 343.75], [90, 345.0], [91, 346.0], [92, 350.5], [93, 350.0], [94, 351.0], [95, 352.5], [96, 353.5], [97, 355.0], [98, 355.0], [99, 359.0], [100, 359.0], [101, 360.5], [102, 369.0], [103, 368.5], [104, 376.5], [105, 377.0], [106, 377.5], [107, 382.0], [108, 383.5], [109, 386.0], [110, 389.0], [111, 393.5], [112, 395.5], [113, 397.5], [114, 401.5], [115, 403.5], [116, 410.0], [117, 412.0], [118, 413.5], [119, 420.0], [120, 427.0], [121, 430.5], [122, 438.5], [123, 440.5], [124, 444.0], [125, 455.0], [126, 460.0], [127, 470.0], [128, 475.5], [129, 481.0], [130, 493.0], [131, 499.5], [132, 512.5], [133, 520.0], [134, 529.5], [136, 1170.5], [137, 1148.0], [138, 1138.5], [139, 1117.0], [140, 1109.0], [141, 1088.0], [142, 1081.0], [143, 1072.5], [144, 1057.5], [145, 1048.0], [146, 1036.0], [147, 1029.0], [148, 1020.25], [149, 1009.0], [150, 1001.0], [151, 989.5], [152, 982.5], [153, 974.5], [154, 965.5], [155, 961.75], [156, 952.5], [157, 949.5], [158, 944.0], [159, 941.0], [160, 937.5], [161, 931.5], [162, 929.5], [163, 924.5], [164, 922.5], [165, 921.5], [166, 920.0], [167, 918.5], [168, 914.5], [169, 913.5], [170, 914.5], [171, 913.5], [172, 912.5], [173, 910.5], [174, 910.5], [175, 910.5], [176, 912.5], [177, 913.0], [178, 914.5], [179, 916.5], [180, 918.0], [-180, 918.0], [-179, 919.5], [-178, 918.5], [-177, 913.5], [-176, 915.5], [-174, 946.0], [-168, 421.0], [-164, 348.0], [-163, 339.0], [-161, 311.5], [-160, 298.0], [-159, 292.0], [-158, 283.5], [-157, 284.0], [-156, 286.5], [-155, 288.0], [-154, 291.5], [-153, 294.0], [-152, 300.0], [-151, 302.5], [-150, 305.0], [-149, 310.0], [-148, 313.5], [-147, 321.25], [-146, 325.75], [-145, 329.5], [-144, 335.5], [-143, 341.0], [-142, 350.5], [-141, 354.5], [-140, 364.5], [-139, 370.0], [-138, 376.0], [-137, 386.0], [-136, 391.5], [-135, 402.5], [-134, 410.0], [-133, 417.5], [-131, 1603.0], [-130, 1633.5], [-129, 1662.0], [-128, 1731.0], [-127, 1770.0], [-126, 1807.5], [-124, 982.5], [-123, 975.5], [-122, 961.0], [-121, 955.0], [-120, 952.5], [-119, 945.5], [-118, 941.5], [-117, 933.0], [-116, 930.0], [-115, 921.0], [-114, 917.5], [-113, 914.0], [-112, 908.0], [-111, 905.0], [-110, 899.5], [-109, 891.5], [-108, 874.5], [-107, 874.0], [-106, 873.0], [-105, 868.0], [-104, 867.0], [-103, 866.5], [-102, 865.0], [-101, 864.5], [-100, 864.5], [-99, 864.0], [-98, 864.0], [-97, 864.0], [-96, 863.0], [-95, 864.5], [-94, 868.5], [-93, 868.0], [-92, 872.0], [-91, 874.0], [-90, 876.0], [-89, 883.0], [-87, 1103.5], [-82, 798.0], [-80, 710.5], [-77, 558.0], [-75, 479.5], [-74, 462.5], [-72, 425.5], [-70, 380.5], [-69, 364.5], [-68, 356.5], [-67, 347.5], [-66, 332.0], [-65, 325.0], [-64, 312.5], [-63, 305.0], [-62, 294.5], [-61, 289.5], [-60, 284.5], [-59, 276.5], [-58, 272.0], [-57, 264.5], [-56, 261.5], [-55, 256.5], [-54, 247.5], [-53, 242.0], [-52, 238.0], [-51, 236.5], [-50, 232.0], [-49, 228.5], [-48, 226.5], [-47, 220.0], [-46, 217.0], [-45, 213.0], [-44, 210.5], [-43, 209.5], [-41, 203.0], [-40, 198.5], [-39, 197.0], [-38, 196.5], [-37, 194.5], [-36, 193.0], [-35, 189.0], [-34, 186.0], [-33, 184.0], [-32, 185.5], [-31, 185.0], [-30, 184.0], [-29, 182.5], [-28, 180.0], [-27, 180.0], [-26, 176.5], [-25, 174.5], [-24, 174.5], [-23, 174.5], [-22, 173.5], [-21, 173.5], [-20, 176.0], [-19, 179.5], [-17, 174.0], [-16, 178.5], [-14, 170.0], [-13, 170.0], [-12, 169.0], [-11, 166.0], [-10, 165.5], [-9, 165.0], [-8, 163.5], [-7, 164.0], [-6, 163.5], [-5, 164.5], [-4, 163.5]]}