{"heading": -14.8, "target": 77.4100815158846, "gap_dist": 412.5107717915883, "gap_info": [{"width": 220.07750781611597, "center_angle": -168.53672608581968, "edge_a": [-177.203125, 615.0], "edge_b": [-157.8125, 498.0], "depth": 615.0, "passable": false, "chosen": false}, {"width": 412.5107717915883, "center_angle": 77.4100815158846, "edge_a": [39.59375, 244.5], "edge_b": [94.875, 499.5], "depth": 499.5, "passable": true, "chosen": true}, {"width": 356.49666140183103, "center_angle": 135.64824132130167, "edge_a": [117.03125, 558.0], "edge_b": [153.859375, 570.0], "depth": 570.0, "passable": true, "chosen": false}], "scan": [[-1.40625, 177.0], [-0.703125, 176.5], [0.0, 177.0], [0.703125, 176.5], [1.421875, 177.0], [2.125, 178.5], [2.828125, 178.0], [3.53125, 178.5], [4.25, 182.0], [4.953125, 183.0], [5.65625, 182.0], [6.359375, 182.5], [7.078125, 183.0], [7.78125, 183.0], [8.484375, 183.0], [9.1875, 183.5], [10.0625, 184.0], [10.796875, 183.0], [11.546875, 182.5], [12.28125, 183.5], [12.90625, 184.5], [13.609375, 186.0], [14.328125, 187.0], [15.03125, 186.0], [15.765625, 185.5], [16.46875, 186.5], [17.1875, 187.0], [17.890625, 188.0], [18.609375, 189.0], [19.3125, 189.5], [20.03125, 191.0], [20.734375, 192.0], [21.46875, 192.5], [22.171875, 194.0], [22.890625, 194.5], [23.59375, 195.0], [24.3125, 197.5], [25.015625, 198.5], [25.734375, 198.5], [26.4375, 200.5], [27.171875, 202.5], [27.875, 203.0], [28.59375, 204.5], [29.296875, 206.5], [29.765625, 208.0], [30.40625, 209.5], [31.0625, 211.5], [31.703125, 213.5], [32.546875, 215.0], [33.234375, 216.5], [33.9375, 218.0], [34.625, 220.0], [35.375, 223.0], [36.078125, 226.5], [36.78125, 229.0], [37.484375, 230.5], [38.890625, 242.0], [39.59375, 244.5], [43.125, 9830.0], [44.53125, 1393.0], [45.234375, 1404.5], [45.9375, 1418.5], [46.90625, 1434.0], [47.671875, 1450.0], [48.4375, 1465.5], [49.203125, 1478.0], [49.75, 1488.0], [51.171875, 1566.0], [51.875, 1590.0], [52.578125, 1601.5], [53.28125, 1615.0], [54.6875, 1114.5], [55.4375, 1104.5], [56.140625, 1090.5], [56.859375, 1075.5], [57.5625, 1062.5], [58.28125, 1057.5], [58.984375, 1050.0], [59.703125, 1039.5], [60.40625, 1032.0], [61.125, 1022.0], [61.828125, 1010.0], [62.546875, 999.0], [63.25, 991.0], [63.890625, 984.0], [64.578125, 978.0], [65.265625, 972.0], [65.953125, 967.0], [66.703125, 961.5], [67.40625, 954.0], [68.109375, 949.0], [68.8125, 944.5], [69.53125, 937.5], [70.234375, 932.0], [70.9375, 928.5], [71.640625, 925.5], [72.375, 923.0], [73.078125, 919.0], [73.796875, 916.5], [74.5, 913.5], [75.203125, 910.0], [75.90625, 907.5], [76.609375, 904.5], [77.3125, 902.0], [78.046875, 899.5], [78.75, 898.5], [79.46875, 902.5], [80.171875, 911.0], [80.875, 913.5], [81.578125, 906.5], [82.28125, 899.0], [82.984375, 895.0], [83.609375, 893.0], [84.28125, 892.0], [84.96875, 891.5], [85.640625, 891.0], [86.421875, 889.0], [87.125, 889.0], [87.828125, 889.5], [88.53125, 888.5], [89.234375, 888.5], [89.9375, 888.0], [90.640625, 889.0], [91.34375, 891.0], [92.0625, 891.5], [92.765625, 884.0], [93.46875, 874.5], [94.875, 499.5], [95.578125, 498.0], [96.28125, 500.0], [96.984375, 501.25], [97.671875, 502.0], [98.359375, 502.5], [99.0625, 502.75], [99.75, 503.5], [100.703125, 504.0], [101.453125, 505.5], [102.21875, 507.0], [102.96875, 508.5], [103.53125, 509.25], [104.234375, 510.75], [104.9375, 513.0], [105.640625, 515.0], [106.359375, 518.0], [107.0625, 519.5], [107.765625, 520.5], [108.46875, 522.5], [109.21875, 525.0], [109.921875, 525.5], [110.640625, 526.0], [111.34375, 529.5], [112.0625, 532.5], [112.765625, 534.0], [113.484375, 536.0], [114.1875, 539.5], [114.90625, 544.0], [115.609375, 548.5], [116.328125, 553.0], [117.03125, 558.0], [118.4375, 974.5], [119.140625, 981.0], [119.84375, 990.0], [120.375, 998.5], [121.03125, 1002.0], [121.6875, 1012.0], [122.34375, 1026.5], [123.1875, 1031.0], [123.890625, 1034.5], [124.59375, 1042.5], [125.296875, 1051.5], [126.015625, 1062.5], [126.71875, 1071.5], [127.421875, 1079.5], [128.125, 1090.0], [128.828125, 1101.0], [129.53125, 1112.5], [130.234375, 1123.5], [130.9375, 1136.0], [131.640625, 1148.0], [132.34375, 1160.5], [133.046875, 1175.0], [133.75, 1188.0], [134.453125, 1202.0], [135.15625, 1221.5], [135.859375, 1242.0], [136.5625, 1249.0], [137.5, 1262.5], [138.25, 1286.0], [139.015625, 1294.5], [139.765625, 1309.5], [140.34375, 1329.5], [141.046875, 1352.5], [141.765625, 1371.5], [142.46875, 1382.0], [143.1875, 1401.0], [143.890625, 1421.5], [144.609375, 1445.0], [145.3125, 1473.5], [146.046875, 1501.0], [146.75, 1527.5], [147.46875, 1556.5], [148.171875, 1587.0], [150.3125, 1737.5], [153.859375, 570.0], [154.515625, 570.0], [155.203125, 567.5], [155.90625, 566.0], [156.59375, 564.0], [157.34375, 562.5], [158.046875, 562.0], [158.75, 561.0], [159.453125, 561.0], [160.171875, 561.0], [160.875, 561.0], [161.578125, 561.5], [162.28125, 563.0], [163.03125, 565.0], [163.734375, 567.0], [164.453125, 568.0], [165.15625, 567.5], [165.859375, 568.0], [166.5625, 569.0], [167.265625, 570.0], [167.96875, 571.0], [168.6875, 572.0], [169.390625, 573.0], [170.09375, 573.5], [170.796875, 574.5], [171.515625, 577.0], [172.21875, 580.5], [172.921875, 582.0], [173.625, 583.0], [174.328125, 585.5], [175.03125, 587.5], [175.734375, 590.0], [176.4375, 591.5], [177.15625, 593.0], [177.859375, 596.0], [178.5625, 600.0], [179.265625, 603.0], [179.984375, 605.5], [-179.3125, 609.5], [-178.609375, 612.0], [-177.90625, 614.0], [-177.203125, 615.0], [-175.796875, 1418.5], [-175.09375, 1423.0], [-174.34375, 1422.5], [-173.640625, 1418.5], [-172.921875, 1432.0], [-157.8125, 498.0], [-157.0625, 490.25], [-154.90625, 446.5], [-153.515625, 414.0], [-152.796875, 403.5], [-152.09375, 398.5], [-151.40625, 392.0], [-150.703125, 381.5], [-150.0, 373.5], [-149.296875, 368.0], [-147.84375, 352.5], [-147.125, 350.5], [-145.71875, 334.0], [-145.015625, 326.5], [-144.3125, 319.5], [-143.609375, 314.0], [-142.15625, 298.5], [-141.4375, 296.0], [-140.734375, 292.0], [-140.0, 288.0], [-138.578125, 273.0], [-136.46875, 266.0], [-135.0625, 257.0], [-134.3125, 254.5], [-131.625, 245.0], [-130.953125, 241.0], [-130.28125, 238.5], [-129.609375, 236.5], [-128.796875, 231.0], [-128.09375, 229.0], [-127.390625, 230.5], [-126.6875, 229.5], [-125.265625, 222.5], [-123.859375, 214.5], [-123.125, 217.0], [-122.421875, 216.0], [-121.703125, 211.5], [-121.0, 209.5], [-120.3125, 209.0], [-119.609375, 207.5], [-118.90625, 208.0], [-118.203125, 207.0], [-117.46875, 202.0], [-116.765625, 199.0], [-116.046875, 202.0], [-114.625, 195.25], [-113.921875, 195.5], [-112.5, 191.0], [-111.8125, 192.0], [-111.109375, 189.5], [-110.40625, 189.5], [-109.703125, 188.5], [-108.984375, 186.5], [-107.578125, 180.5], [-106.875, 181.0], [-106.15625, 181.0], [-105.453125, 181.0], [-104.75, 179.75], [-104.046875, 181.75], [-102.625, 175.5], [-101.921875, 175.0], [-101.21875, 174.0], [-100.5, 173.25], [-99.796875, 174.25], [-99.09375, 174.5], [-98.390625, 174.5], [-97.609375, 173.5], [-96.890625, 172.75], [-96.171875, 171.75], [-95.453125, 172.75], [-94.78125, 173.25], [-94.078125, 171.75], [-93.375, 172.25], [-92.671875, 171.0], [-91.9375, 170.0], [-91.234375, 172.5], [-90.515625, 174.0], [-89.8125, 173.0], [-89.109375, 171.25], [-88.40625, 170.25], [-87.703125, 170.5], [-87.0, 172.5], [-86.265625, 175.5], [-85.5625, 175.0], [-84.84375, 171.5], [-84.140625, 171.5], [-83.421875, 172.5], [-82.71875, 172.5], [-82.0, 173.0], [-81.296875, 175.0], [-80.59375, 177.0], [-79.890625, 176.5], [-79.1875, 178.0], [-78.484375, 178.5], [-77.71875, 179.5], [-76.28125, 177.5], [-75.5625, 180.5], [-74.875, 182.5], [-74.171875, 183.5], [-73.453125, 184.0], [-72.75, 185.0], [-72.046875, 185.0], [-71.34375, 186.0], [-70.640625, 187.5], [-69.9375, 187.5], [-69.203125, 189.0], [-68.5, 191.0], [-67.78125, 194.0], [-67.078125, 196.0], [-66.359375, 198.0], [-65.65625, 203.0], [-64.9375, 202.5], [-64.234375, 199.5], [-63.515625, 200.5], [-62.8125, 205.0], [-61.390625, 212.5], [-60.6875, 212.0], [-59.984375, 