{"heading": -32.6, "target": 67.69914361392743, "gap_dist": 572.0794846417832, "gap_info": [{"width": 572.0794846417832, "center_angle": 67.69914361392743, "edge_a": [36, 445.5], "edge_b": [86, 745.5], "depth": 745.5, "passable": true, "chosen": true}, {"width": 503.80794893970585, "center_angle": 154.89558300107782, "edge_a": [128, 520.5], "edge_b": [175, 685.0], "depth": 685.0, "passable": true, "chosen": false}], "scan": [[-2, 254.0], [0, 254.0], [2, 234.0], [3, 235.5], [4, 239.0], [5, 242.0], [6, 244.0], [7, 246.5], [8, 249.0], [9, 253.5], [10, 256.0], [11, 259.0], [12, 264.0], [13, 267.0], [14, 270.0], [15, 276.5], [16, 279.0], [17, 284.0], [18, 287.0], [19, 290.0], [20, 297.0], [21, 301.0], [22, 308.5], [23, 313.0], [24, 315.5], [26, 334.5], [27, 345.5], [28, 351.0], [29, 364.0], [30, 371.0], [31, 384.5], [32, 391.0], [33, 408.5], [34, 416.0], [35, 424.0], [36, 445.5], [38, 959.0], [39, 948.0], [40, 941.5], [41, 928.0], [42, 924.0], [43, 920.5], [44, 911.0], [45, 906.5], [46, 901.0], [47, 897.0], [48, 888.5], [49, 885.0], [50, 883.5], [51, 881.5], [52, 873.0], [53, 870.5], [54, 868.0], [55, 863.5], [56, 860.5], [57, 859.5], [58, 864.5], [59, 855.0], [60, 851.5], [61, 848.0], [62, 844.0], [63, 842.0], [64, 846.5], [65, 847.0], [66, 844.0], [67, 845.5], [68, 849.0], [69, 850.0], [70, 850.0], [71, 854.0], [72, 861.0], [73, 862.0], [74, 861.5], [75, 868.0], [76, 873.0], [77, 880.0], [78, 883.0], [79, 888.0], [80, 891.0], [81, 894.5], [82, 907.0], [83, 898.0], [84, 917.5], [86, 745.5], [87, 731.0], [89, 664.0], [91, 613.0], [94, 552.5], [95, 523.5], [96, 511.5], [97, 488.5], [98, 479.5], [99, 460.5], [100, 452.5], [101, 443.0], [102, 429.0], [103, 422.5], [104, 416.5], [105, 405.5], [106, 399.0], [107, 390.0], [108, 384.0], [109, 379.5], [110, 370.0], [111, 366.0], [112, 359.5], [113, 360.5], [114, 363.5], [115, 367.5], [116, 376.5], [117, 382.0], [118, 392.5], [119, 399.0], [120, 413.0], [121, 420.5], [122, 436.5], [123, 445.0], [124, 463.5], [125, 472.5], [126, 481.5], [127, 507.0], [128, 520.5], [131, 3836.5], [132, 3823.0], [139, 2118.0], [140, 2126.5], [142, 1953.5], [143, 1963.0], [147, 15257.0], [148, 15204.0], [152, 7982.5], [155, 2320.0], [160, 2695.0], [171, 818.5], [175, 685.0], [177, 631.0], [179, 580.0], [-180, 564.5], [-178, 525.0], [-175, 469.0], [-174, 463.0], [-172, 437.0], [-171, 418.0], [-170, 411.0], [-169, 405.0], [-168, 395.0], [-167, 388.5], [-166, 379.5], [-165, 374.5], [-163, 352.5], [-162, 353.5], [-160, 340.5], [-159, 335.0], [-158, 326.0], [-157, 325.0], [-156, 320.0], [-155, 316.5], [-154, 313.5], [-153, 307.5], [-151, 296.75], [-150, 298.5], [-149, 296.5], [-148, 290.25], [-147, 285.5], [-146, 280.5], [-145, 280.0], [-144, 273.25], [-143, 272.25], [-142, 269.5], [-141, 267.5], [-140, 266.0], [-139, 257.25], [-138, 256.75], [-137, 256.5], [-136, 253.0], [-135, 251.5], [-134, 250.0], [-133, 249.0], [-132, 245.25], [-131, 244.75], [-130, 241.75], [-129, 240.75], [-128, 242.0], [-127, 241.5], [-126, 240.5], [-125, 240.5], [-124, 241.5], [-123, 240.5], [-122, 238.5], [-121, 242.0], [-120, 240.5], [-119, 241.0], [-118, 241.0], [-117, 242.0], [-116, 242.0], [-115, 243.5], [-114, 243.5], [-113, 242.0], [-112, 242.5], [-111, 243.5], [-110, 244.5], [-109, 246.0], [-108, 244.5], [-107, 245.5], [-106, 244.0], [-105, 246.0], [-104, 246.5], [-103, 248.0], [-102, 251.0], [-101, 252.0], [-100, 259.0], [-99, 260.0], [-98, 259.5], [-97, 261.5], [-96, 265.0], [-95, 270.5], [-94, 273.0], [-93, 275.0], [-92, 281.0], [-91, 283.5], [-90, 284.0], [-89, 286.5], [-88, 291.5], [-87, 294.5], [-86, 300.0], [-85, 308.0], [-84, 311.0], [-83, 318.0], [-82, 320.0], [-81, 322.0], [-80, 334.0], [-79, 334.5], [-78, 341.5], [-75, 293.5], [-74, 285.5], [-73, 281.0], [-72, 276.0], [-71, 272.0], [-70, 270.0], [-69, 263.5], [-68, 261.0], [-67, 255.0], [-66, 253.0], [-65, 249.0], [-64, 244.5], [-63, 242.5], [-62, 239.0], [-61, 236.0], [-60, 229.25], [-59, 229.25], [-58, 228.5], [-57, 225.0], [-56, 223.0], [-55, 217.5], [-54, 217.5], [-53, 217.5], [-52, 215.0], [-51, 213.0], [-50, 211.0], [-49, 209.5], [-48, 208.5], [-47, 207.0], [-46, 206.0], [-45, 204.0], [-44, 204.0], [-43, 202.5], [-42, 201.5], [-41, 201.0], [-40, 200.5], [-39, 199.0], [-38, 198.5], [-37, 199.0], [-36, 198.0], [-35, 198.0], [-34, 197.5], [-33, 196.5], [-32, 195.0], [-31, 190.5], [-30, 191.5], [-29, 193.0], [-28, 191.5], [-27, 192.5], [-26, 192.0], [-25, 196.5], [-24, 196.0], [-23, 196.0], [-22, 196.5], [-21, 196.0], [-20, 198.5], [-19, 199.0], [-18, 199.0], [-17, 199.5], [-16, 200.5], [-15, 201.0], [-14, 201.0], [-13, 202.5], [-12, 204.0], [-11, 206.0], [-8, 238.25], [-7, 239.0], [-5, 224.0]]}