{"heading": -7.9, "target": 17.624310322898623, "gap_dist": 506.105853104395, "gap_info": [{"width": 259.618578586545, "center_angle": -75.27774137346056, "edge_a": [-75.71875, 471.5], "edge_b": [-74.296875, 212.0], "depth": 471.5, "passable": false, "chosen": false}, {"width": 506.105853104395, "center_angle": 17.624310322898623, "edge_a": [16.5, 223.5], "edge_b": [17.96875, 729.5], "depth": 729.5, "passable": true, "chosen": true}, {"width": 282.6347162401319, "center_angle": 38.12457523056854, "edge_a": [27.890625, 794.0], "edge_b": [48.578125, 777.5], "depth": 794.0, "passable": true, "chosen": false}, {"width": 415.1412046080674, "center_angle": 113.96633385152022, "edge_a": [113.5625, 695.0], "edge_b": [114.96875, 280.0], "depth": 695.0, "passable": true, "chosen": false}], "scan": [[-2.0625, 175.5], [-1.359375, 177.0], [-0.65625, 178.5], [0.046875, 179.0], [0.765625, 180.0], [1.46875, 181.0], [2.171875, 182.5], [2.875, 185.0], [3.59375, 186.5], [4.296875, 187.5], [5.0, 188.5], [5.703125, 190.0], [6.40625, 192.0], [7.109375, 193.5], [7.8125, 195.5], [8.515625, 197.0], [9.234375, 199.0], [9.9375, 201.0], [10.640625, 202.0], [11.34375, 203.5], [12.234375, 204.0], [12.984375, 206.0], [13.734375, 209.0], [14.484375, 211.5], [15.078125, 211.5], [16.5, 223.5], [17.96875, 729.5], [18.6875, 733.0], [19.40625, 737.0], [20.125, 740.5], [20.78125, 745.0], [21.484375, 750.0], [22.1875, 754.0], [22.890625, 758.5], [23.625, 764.0], [24.328125, 768.0], [25.046875, 773.0], [25.75, 779.0], [26.46875, 783.0], [27.171875, 787.0], [27.890625, 794.0], [28.59375, 801.5], [29.0625, 808.0], [29.703125, 814.0], [30.359375, 821.0], [31.0, 829.0], [31.875, 836.5], [32.578125, 844.5], [33.28125, 852.0], [33.984375, 860.5], [34.6875, 873.0], [36.09375, 983.5], [36.796875, 975.0], [37.484375, 971.5], [38.875, 921.0], [39.5625, 921.5], [40.296875, 920.5], [41.0, 901.0], [41.703125, 883.0], [42.40625, 870.5], [43.8125, 833.0], [44.515625, 824.5], [45.21875, 827.5], [46.234375, 828.0], [47.015625, 818.5], [48.578125, 777.5], [49.078125, 782.5], [49.78125, 790.5], [50.5, 786.0], [51.9375, 754.0], [52.640625, 755.5], [53.359375, 758.0], [54.796875, 724.5], [55.5, 718.25], [56.21875, 714.25], [56.921875, 707.0], [57.640625, 701.0], [58.34375, 696.0], [59.0625, 690.5], [59.765625, 685.0], [60.515625, 683.0], [61.234375, 680.5], [61.953125, 674.5], [62.671875, 673.0], [63.359375, 674.25], [64.0625, 672.0], [64.78125, 665.75], [65.484375, 662.0], [66.0625, 660.5], [66.734375, 657.0], [67.40625, 654.0], [68.078125, 653.0], [68.90625, 652.0], [69.609375, 647.5], [70.328125, 645.0], [71.03125, 642.0], [71.734375, 639.5], [72.4375, 639.0], [73.140625, 637.5], [73.84375, 634.0], [74.5625, 632.5], [75.265625, 633.0], [75.96875, 631.5], [76.671875, 630.0], [77.421875, 630.25], [78.125, 630.0], [78.84375, 628.5], [79.546875, 626.25], [80.234375, 627.5], [80.9375, 630.25], [81.640625, 629.0], [82.34375, 623.75], [82.953125, 619.5], [83.625, 618.5], [84.3125, 618.5], [84.984375, 617.75], [85.765625, 619.0], [86.46875, 622.75], [87.171875, 622.25], [87.875, 622.0], [88.59375, 622.5], [89.296875, 620.0], [90.0, 619.5], [90.703125, 620.0], [91.40625, 620.0], [92.109375, 624.0], [92.8125, 626.5], [93.515625, 628.5], [94.21875, 630.5], [94.921875, 631.0], [95.625, 628.5], [96.328125, 626.0], [97.03125, 633.5], [97.734375, 641.5], [98.4375, 643.5], [99.140625, 640.5], [100.046875, 637.5], [100.796875, 637.0], [101.546875, 639.5], [102.296875, 644.0], [102.890625, 645.0], [103.59375, 646.5], [104.3125, 650.0], [105.015625, 652.5], [105.734375, 655.0], [106.4375, 659.0], [107.15625, 663.0], [107.859375, 665.0], [108.59375, 668.5], [109.296875, 672.0], [110.015625, 675.5], [110.71875, 681.0], [111.4375, 684.5], [112.140625, 688.0], [112.859375, 691.5], [113.5625, 695.0], [114.96875, 280.0], [115.671875, 274.5], [116.375, 272.0], [117.125, 270.5], [117.828125, 270.0], [118.546875, 270.0], [119.25, 269.5], [119.75, 269.0], [120.40625, 268.5], [121.0625, 268.5], [121.71875, 268.5], [122.5625, 268.0], [123.265625, 266.0], [123.96875, 264.5], [124.671875, 265.0], [125.375, 265.0], [126.078125, 265.0], [126.78125, 266.0], [127.484375, 267.5], [128.203125, 267.0], [128.90625, 266.5], [129.609375, 267.0], [130.3125, 266.5], [131.015625, 267.0], [131.71875, 268.0], [132.421875, 268.5], [133.125, 269.5], [133.8125, 270.0], [134.5, 270.0], [135.203125, 269.5], [135.890625, 270.0], [136.859375, 271.5], [137.609375, 272.5], [138.375, 273.5], [139.125, 274.5], [139.71875, 275.5], [140.421875, 276.5], [141.140625, 277.5], [141.84375, 279.0], [142.546875, 279.5], [143.25, 280.0], [143.953125, 281.0], [144.65625, 282.0], [145.40625, 283.5], [146.109375, 285.0], [146.828125, 287.0], [147.53125, 288.0], [148.25, 288.5], [148.953125, 290.5], [149.671875, 292.0], [150.375, 292.5], [151.09375, 293.5], [151.796875, 295.0], [152.515625, 297.5], [153.21875, 300.5], [153.90625, 301.5], [154.609375, 304.5], [155.3125, 307.5], [156.015625, 309.5], [156.71875, 311.0], [160.28125, 6553.0], [166.625, 1794.5], [167.328125, 1785.5], [168.078125, 1794.5], [168.78125, 1820.5], [170.921875, 2120.0], [172.34375, 15236.0], [173.046875, 15223.0], [175.046875, 10318.5], [175.734375, 10224.0], [176.53125, 10237.0], [178.65625, 3772.0], [-179.28125, 2380.0], [-171.484375, 531.0], [-170.78125, 528.5], [-170.078125, 530.0], [-169.171875, 533.5], [-168.421875, 535.5], [-167.671875, 537.5], [-166.921875, 540.5], [-166.328125, 541.5], [-165.625, 542.0], [-164.90625, 544.0], [-164.203125, 545.5], [-163.453125, 547.5], [-162.734375, 551.0], [-162.015625, 552.5], [-161.296875, 555.0], [-160.59375, 558.5], [-159.890625, 560.5], [-159.171875, 564.5], [-158.46875, 567.5], [-157.75, 569.0], [-157.046875, 572.0], [-156.328125, 575.5], [-155.625, 579.0], [-154.890625, 583.0], [-154.1875, 587.5], [-153.46875, 592.5], [-152.765625, 597.5], [-152.0625, 602.5], [-151.359375, 609.0], [-150.65625, 613.5], [-149.953125, 615.0], [-149.234375, 620.5], [-148.53125, 627.0], [-147.828125, 632.0], [-147.125, 639.0], [-146.390625, 644.5], [-145.6875, 651.5], [-144.96875, 661.0], [-142.84375, 741.5], [-142.125, 733.0], [-141.421875, 718.5], [-140.703125, 711.0], [-140.0, 703.5], [-139.28125, 685.0], [-138.578125, 670.5], [-137.140625, 649.5], [-135.71875, 626.5], [-135.015625, 622.0], [-134.3125, 614.0], [-133.609375, 605.0], [-132.90625, 590.0], [-132.328125, 591.0], [-131.65625, 595.0], [-130.3125, 561.0], [-129.484375, 559.5], [-128.78125, 563.0], [-127.359375, 541.5], [-126.671875, 539.0], [-125.96875, 541.0], [-125.265625, 535.75], [-124.5625, 525.25], [-123.859375, 519.25], [-123.15625, 519.75], [-122.453125, 513.0], [-121.75, 509.0], [-121.015625, 506.5], [-120.3125, 497.0], [-119.59375, 495.0], [-118.890625, 493.0], [-118.203125, 492.75], [-117.5, 491.25], [-116.796875, 484.5], [-116.09375, 482.0], [-115.40625, 477.5], [-114.71875, 475.5], [-114.015625, 474.0], [-113.328125, 470.5], [-112.5625, 467.0], [-111.859375, 465.0], [-111.140625, 466.0], [-110.4375, 461.5], [-109.75, 459.0], [-109.046875, 459.5], [-108.34375, 455.5], [-107.640625, 453.0], [-106.921875, 452.25], [-106.21875, 449.5], [-105.515625, 447.5], [-104.8125, 446.5], [-104.109375, 445.0], [-103.40625, 444.5], [-102.703125, 443.75], [-102.0, 441.75], [-101.265625, 441.5], [-100.5625, 442.0], [-99.84375, 440.75], [-99.140625, 439.5], [-98.453125, 438.0], [-97.75, 437.75], [-97.046875, 438.25], [-96.34375, 437.0], [-95.53125, 437.5], [-94.8125, 438.5], [-94.078125, 438.5], [-93.359375, 440.0], [-92.703125, 439.25], [-92.0, 438.25], [-91.296875, 437.5], [-90.59375, 439.0], [-89.859375, 442.0], [-89.15625, 442.0], [-88.4375, 444.0], [-87.734375, 446.0], [-87.03125, 444.25], [-86.328125, 443.5], [-85.625, 445.25], [-84.921875, 445.75], [-84.1875, 447.25], [-83.484375, 449.5], [-82.765625, 450.25], [-82.0625, 451.75], [-81.359375, 454.5], [-80.65625, 455.5], [-79.953125, 457.25], [-79.25, 462.0], [-78.5625, 464.5], [-77.875, 463.5], [-77.171875, 467.5], [-76.484375, 471.5], [-75.71875, 471.5], 