{"heading": -42.6, "target": -7.635083248209372, "gap_dist": 603.6395079859196, "gap_info": [{"width": 129.46702062125695, "center_angle": -122.51764740378599, "edge_a": [-124.3125, 502.5], "edge_b": [-120.125, 377.0], "depth": 502.5, "passable": false, "chosen": false}, {"width": 603.6395079859196, "center_angle": -7.635083248209372, "edge_a": [-9.3125, 170.5], "edge_b": [-7.265625, 774.0], "depth": 774.0, "passable": true, "chosen": true}, {"width": 454.3117347343914, "center_angle": 155.01080845845914, "edge_a": [135.015625, 530.5], "edge_b": [168.234375, 793.0], "depth": 793.0, "passable": true, "chosen": false}], "scan": [[-3.875, 735.0], [-3.171875, 730.75], [-2.46875, 725.0], [-1.765625, 721.0], [-1.078125, 716.0], [-0.390625, 707.5], [0.3125, 699.75], [1.0, 694.75], [1.71875, 690.5], [2.40625, 684.25], [3.109375, 679.0], [3.796875, 675.5], [4.515625, 669.0], [5.203125, 669.0], [5.90625, 682.5], [6.59375, 690.5], [8.0, 645.5], [9.390625, 663.5], [10.296875, 653.0], [11.03125, 643.5], [12.515625, 613.0], [13.109375, 610.75], [13.8125, 607.25], [14.515625, 611.5], [15.21875, 615.0], [15.9375, 611.5], [16.640625, 610.0], [17.34375, 602.0], [18.046875, 590.25], [18.75, 581.5], [19.453125, 581.0], [20.15625, 582.0], [20.859375, 580.0], [21.59375, 580.75], [22.296875, 581.0], [23.015625, 585.5], [23.71875, 585.5], [24.421875, 578.5], [25.125, 577.0], [25.828125, 575.5], [26.53125, 572.75], [27.234375, 573.25], [27.9375, 574.0], [28.640625, 573.5], [29.34375, 573.5], [29.78125, 569.75], [30.40625, 567.0], [31.046875, 565.0], [31.671875, 565.25], [32.5625, 567.0], [33.25, 566.25], [33.953125, 566.25], [34.640625, 566.0], [35.375, 566.5], [36.078125, 566.5], [36.78125, 565.0], [37.484375, 564.0], [38.140625, 563.25], [38.828125, 562.5], [39.515625, 566.25], [40.203125, 567.5], [40.921875, 565.5], [41.609375, 566.75], [42.3125, 568.5], [43.0, 568.5], [43.71875, 570.75], [44.40625, 572.0], [45.109375, 572.25], [45.796875, 573.5], [46.765625, 575.0], [47.515625, 576.5], [48.28125, 577.25], [49.03125, 578.75], [49.578125, 581.5], [50.28125, 583.75], [50.984375, 585.5], [51.6875, 586.25], [52.40625, 586.5], [53.109375, 588.25], [53.8125, 591.75], [54.515625, 595.0], [55.234375, 596.0], [55.9375, 600.0], [56.640625, 603.75], [57.34375, 603.25], [58.0625, 606.0], [58.765625, 609.5], [59.46875, 613.25], [60.171875, 618.0], [60.890625, 621.25], [61.59375, 622.5], [62.296875, 624.5], [63.0, 628.5], [63.703125, 633.0], [64.40625, 638.5], [65.109375, 643.5], [65.8125, 647.0], [66.4375, 653.0], [67.109375, 660.0], [67.796875, 664.5], [68.46875, 670.0], [69.25, 675.5], [69.953125, 684.0], [70.65625, 690.5], [71.359375, 693.5], [72.046875, 691.0], [72.734375, 688.5], [73.4375, 692.0], [74.125, 696.0], [75.578125, 734.0], [76.28125, 743.5], [76.984375, 749.0], [77.6875, 749.0], [78.390625, 753.5], [79.796875, 791.0], [81.171875, 760.5], [81.875, 750.5], [82.5625, 740.0], [83.203125, 732.5], [83.875, 723.5], [84.5625, 714.0], [85.234375, 706.5], [86.0, 698.5], [86.6875, 691.5], [87.390625, 685.0], [88.078125, 679.5], [88.828125, 672.5], [89.53125, 664.5], [90.234375, 659.0], [90.9375, 654.5], [91.578125, 648.5], [92.265625, 641.5], [92.953125, 635.5], [93.640625, 630.5], [94.40625, 624.5], [95.109375, 619.5], [95.8125, 615.5], [96.515625, 609.75], [97.1875, 604.25], [97.875, 601.5], [98.578125, 597.0], [99.265625, 590.25], [100.140625, 587.25], [100.875, 586.75], [101.609375, 585.5], [102.34375, 577.0], [102.96875, 566.5], [103.671875, 558.75], [104.375, 553.75], [105.078125, 552.0], [105.796875, 550.0], [106.5, 548.5], [107.203125, 546.0], [107.90625, 541.75], [108.609375, 539.75], [109.3125, 539.5], [110.015625, 537.5], [110.71875, 534.5], [111.4375, 532.5], [112.140625, 530.0], [112.84375, 528.5], [113.546875, 526.75], [114.25, 525.0], [114.953125, 525.25], [115.65625, 523.5], [116.359375, 521.75], [117.0625, 520.5], [117.765625, 519.25], [118.46875, 518.25], [119.171875, 518.5], [119.6875, 519.25], [120.34375, 517.75], [121.0, 517.0], [121.65625, 516.25], [122.46875, 515.25], [123.15625, 515.5], [123.859375, 514.25], [124.546875, 513.75], [125.25, 514.5], [125.9375, 513.75], [126.640625, 513.75], [127.328125, 515.75], [128.046875, 515.75], [128.734375, 516.0], [129.4375, 518.75], [130.125, 519.75], [130.84375, 519.5], [131.53125, 521.0], [132.234375, 522.25], [132.921875, 522.5], [133.625, 524.0], [134.3125, 526.5], [135.015625, 530.5], [137.375, 3353.0], [138.125, 3364.0], [148.59375, 1464.5], [150.703125, 1332.5], [151.40625, 1294.5], [152.8125, 1223.5], [153.53125, 1197.5], [154.234375, 1167.5], [154.9375, 1136.5], [155.640625, 1110.0], [156.296875, 1087.0], [156.984375, 1062.0], [157.671875, 1034.0], [158.359375, 1013.5], [159.109375, 996.5], [159.8125, 974.5], [160.515625, 953.5], [161.21875, 934.5], [161.90625, 918.0], [162.59375, 903.5], [163.296875, 887.5], [163.984375, 871.0], [164.71875, 858.0], [165.421875, 847.0], [166.125, 834.0], [166.828125, 820.5], [167.53125, 807.5], [168.234375, 793.0], [168.9375, 779.5], [169.640625, 770.0], [170.34375, 760.5], [171.046875, 750.5], [171.75, 742.5], [172.453125, 736.5], [173.09375, 733.0], [173.78125, 724.0], [174.46875, 712.0], [175.15625, 703.25], [175.90625, 695.25], [176.609375, 688.5], [177.3125, 680.0], [178.015625, 676.0], [178.703125, 675.0], [179.390625, 673.0], [-179.90625, 670.5], [-179.21875, 668.5], [-178.484375, 669.5], [-177.78125, 665.5], [-177.078125, 657.25], [-176.375, 652.25], [-175.6875, 643.0], [-175.0, 635.25], [-174.296875, 629.25], [-173.609375, 622.0], [-172.890625, 621.5], [-172.203125, 616.0], [-171.5, 607.5], [-170.8125, 606.0], [-169.90625, 602.5], [-169.171875, 594.0], [-168.421875, 588.5], [-167.6875, 586.5], [-167.09375, 583.0], [-166.390625, 576.0], [-165.6875, 572.75], [-164.984375, 570.5], [-164.265625, 565.75], [-163.5625, 565.75], [-162.859375, 562.5], [-162.15625, 559.0], [-161.421875, 560.5], [-160.71875, 555.0], [-160.0, 551.0], [-159.296875, 547.75], [-158.59375, 543.25], [-157.890625, 544.25], [-157.1875, 541.5], [-156.484375, 534.75], [-155.765625, 532.25], [-155.0625, 530.75], [-154.359375, 528.25], [-153.65625, 526.5], [-152.953125, 526.0], [-152.25, 526.5], [-151.546875, 525.0], [-150.84375, 521.25], [-150.140625, 521.25], [-149.4375, 523.0], [-148.734375, 517.75], [-148.03125, 514.0], [-147.328125, 517.0], [-146.625, 516.0], [-145.921875, 513.0], [-145.21875, 513.75], [-144.515625, 515.0], [-143.8125, 513.5], [-143.109375, 513.5], [-142.40625, 513.0], [-141.6875, 510.25], [-140.984375, 511.0], [-140.28125, 511.75], [-139.578125, 512.25], [-138.875, 511.25], [-138.171875, 510.5], [-137.46875, 510.75], [-136.765625, 511.5], [-136.0625, 512.0], [-135.359375, 513.5], [-134.65625, 515.75], [-133.953125, 517.25], [-133.375, 519.0], [-132.703125, 520.0], [-132.03125, 524.25], [-131.359375, 526.25], [-130.59375, 525.75], [-129.90625, 528.75], [-129.203125, 530.0], [-128.515625, 530.0], [-127.796875, 532.25], [-127.109375, 539.75], [-126.40625, 542.0], [-125.0, 511.0], [-124.3125, 502.5], [-120.125, 377.0], [-119.390625, 369.0], [-118.6875, 360.0], [-116.609375, 328.0], [-115.921875, 321.0], [-115.21875, 312.5], [-114.53125, 304.0], [-113.15625, 288.0], [-112.46875, 282.0], [-111.78125, 275.5], [-111.03125, 268.5], [-110.328125, 262.5], [-109.625, 256.5], [-108.921875, 249.5], [-106.859375, 221.5], [-105.453125, 211.5], [-104.765625, 210.0], [-103.375, 203.0], [-102.65625, 201.5], [-101.96875, 198.5], [-101.265625, 195.5], [-100.578125, 191.75], [-99.859375, 188.25], [-99.171875, 185.5], [-98.46875, 184.0], [-97.78125, 183.25], [-96.984375, 181.5], [-96.265625, 180.0], [-95.546875, 177.75], [-94.828125, 174.75], [-94.21875, 172.75], [-93.53125, 170.0], [-92.84375, 170.0], [-92.15625, 169.75], [-91.40625, 166.75], [-90.703125, 166.5], [-90.0, 166.5], [-89.296875, 163.75], [-88.609375, 161.25], [-87.921875, 160.5], [-87.21875, 159.5], [-86.53125, 158.75], [-85.796875, 156.5], [-85.09375, 154.75], [-84.390625, 154.75], [-83.6875, 153.25], [-83.0, 151.25], [-82.3125, 150.75], 