{"heading": -28.3, "target": 68.07411605794333, "gap_dist": 617.5990232000069, "gap_info": [{"width": 617.5990232000069, "center_angle": 68.07411605794333, "edge_a": [34, 447.5], "edge_b": [87, 773.0], "depth": 773.0, "passable": true, "chosen": true}, {"width": 511.54081539592187, "center_angle": 151.01664392849742, "edge_a": [126, 565.0], "edge_b": [170, 734.5], "depth": 734.5, "passable": true, "chosen": false}, {"width": 131.87931933063277, "center_angle": 173.79347604830974, "edge_a": [172, 668.0], "edge_b": [176, 543.0], "depth": 668.0, "passable": false, "chosen": false}], "scan": [[-4, 211.5], [-3, 215.0], [-1, 241.5], [1, 235.0], [2, 238.0], [3, 242.0], [4, 243.5], [5, 248.0], [6, 251.0], [7, 253.0], [8, 257.5], [9, 259.0], [10, 264.0], [11, 267.0], [12, 269.5], [13, 273.0], [14, 276.5], [15, 280.0], [16, 287.0], [17, 290.0], [18, 297.0], [19, 301.0], [20, 310.5], [21, 314.5], [22, 319.0], [23, 325.5], [24, 331.0], [25, 346.5], [26, 353.5], [27, 359.5], [28, 369.5], [29, 377.0], [30, 392.5], [31, 409.5], [32, 415.5], [33, 424.5], [34, 447.5], [36, 978.5], [37, 971.5], [38, 962.5], [39, 955.0], [40, 949.0], [41, 944.5], [42, 934.5], [43, 931.0], [44, 927.5], [45, 922.5], [46, 918.0], [47, 912.5], [48, 907.0], [49, 906.0], [50, 900.5], [51, 898.5], [52, 896.0], [53, 892.5], [54, 892.0], [55, 891.5], [56, 891.5], [57, 884.0], [58, 869.5], [59, 868.5], [60, 867.5], [61, 866.5], [62, 869.0], [63, 870.5], [64, 869.5], [65, 868.5], [66, 872.5], [67, 873.0], [68, 877.0], [69, 879.0], [70, 881.0], [71, 888.5], [72, 888.5], [73, 893.0], [74, 896.0], [75, 903.5], [76, 907.5], [77, 910.5], [78, 917.25], [79, 922.0], [80, 931.5], [81, 935.5], [82, 941.0], [83, 934.0], [87, 773.0], [88, 743.0], [89, 725.5], [90, 706.5], [92, 655.0], [93, 645.5], [94, 634.5], [95, 603.5], [96, 592.0], [97, 579.0], [98, 556.0], [99, 544.0], [100, 535.0], [101, 520.0], [102, 511.5], [103, 497.0], [104, 489.0], [105, 482.0], [106, 469.5], [107, 463.0], [108, 451.5], [109, 446.5], [110, 441.0], [111, 433.0], [112, 427.5], [113, 419.5], [114, 417.25], [115, 414.75], [116, 414.5], [117, 425.0], [118, 431.5], [119, 446.5], [120, 455.5], [121, 475.5], [122, 485.5], [123, 509.5], [124, 521.0], [125, 549.0], [126, 565.0], [130, 2898.0], [133, 2896.0], [135, 2846.0], [136, 2823.5], [137, 2819.0], [138, 2819.5], [139, 2830.0], [145, 1511.5], [146, 1502.0], [149, 1512.5], [150, 1533.5], [157, 2689.0], [158, 2703.0], [170, 734.5], [172, 668.0], [176, 543.0], [178, 503.5], [179, 495.0], [-179, 447.5], [-177, 423.5], [-175, 402.5], [-174, 396.0], [-173, 382.5], [-171, 367.0], [-169, 354.5], [-168, 347.5], [-166, 335.0], [-165, 325.0], [-164, 320.0], [-163, 316.0], [-162, 312.75], [-161, 310.0], [-160, 300.25], [-159, 298.5], [-158, 294.5], [-157, 288.0], [-156, 284.0], [-155, 276.0], [-154, 275.75], [-153, 267.75], [-152, 265.75], [-151, 264.25], [-150, 258.75], [-149, 257.0], [-148, 252.5], [-147, 252.5], [-146, 249.75], [-145, 249.0], [-144, 245.0], [-143, 243.0], [-142, 243.5], [-141, 243.5], [-139, 233.25], [-138, 230.0], [-137, 229.75], [-136, 230.25], [-135, 228.0], [-134, 226.0], [-133, 225.0], [-132, 223.5], [-131, 220.5], [-130, 220.0], [-129, 220.5], [-128, 220.0], [-127, 219.0], [-126, 217.5], [-125, 218.5], [-124, 219.0], [-123, 219.5], [-122, 220.0], [-121, 220.5], [-120, 220.0], [-119, 220.5], [-118, 220.0], [-117, 218.0], [-116, 221.5], [-115, 220.5], [-114, 220.5], [-113, 219.0], [-112, 219.5], [-111, 223.0], [-110, 223.5], [-109, 223.0], [-108, 223.5], [-107, 224.5], [-106, 226.0], [-105, 227.0], [-104, 230.0], [-103, 233.0], [-102, 235.0], [-101, 236.0], [-100, 236.5], [-99, 243.5], [-98, 244.0], [-97, 246.5], [-96, 249.5], [-95, 251.0], [-94, 252.5], [-93, 256.0], [-92, 260.0], [-91, 262.0], [-90, 267.5], [-89, 272.0], [-88, 276.0], [-87, 280.5], [-86, 283.0], [-85, 291.0], [-84, 294.5], [-83, 298.0], [-82, 300.5], [-81, 305.0], [-80, 313.0], [-79, 317.5], [-78, 325.5], [-76, 282.0], [-75, 278.0], [-74, 272.0], [-73, 269.0], [-72, 266.5], [-71, 261.5], [-70, 259.0], [-69, 255.0], [-68, 252.5], [-67, 247.0], [-66, 245.0], [-65, 242.5], [-64, 238.0], [-63, 236.0], [-62, 232.5], [-61, 230.5], [-60, 229.0], [-59, 225.75], [-58, 223.25], [-57, 221.5], [-56, 221.0], [-55, 217.5], [-54, 216.5], [-53, 214.0], [-52, 211.5], [-51, 211.5], [-50, 210.0], [-49, 209.5], [-48, 208.5], [-47, 207.5], [-46, 207.5], [-45, 207.0], [-44, 205.0], [-43, 203.0], [-42, 202.5], [-41, 203.0], [-40, 200.5], [-39, 201.0], [-38, 200.0], [-37, 201.0], [-36, 200.0], [-35, 196.5], [-34, 196.5], [-33, 194.0], [-32, 193.5], [-31, 195.5], [-30, 197.0], [-29, 198.5], [-28, 199.0], [-27, 199.5], [-26, 201.0], [-25, 202.0], [-24, 201.5], [-23, 201.5], [-22, 202.5], [-21, 203.0], [-20, 204.0], [-19, 204.0], [-18, 205.5], [-17, 207.5], [-16, 208.0], [-15, 209.5], [-14, 210.5], [-13, 213.0], [-12, 214.5], [-11, 217.0], [-10, 219.0], [-9, 221.0], [-7, 218.0], [-5, 210.0]]}