{"heading": 85.3, "target": 86.37680617894992, "gap_dist": 425.37549088975646, "gap_info": [{"width": 394.6476837601896, "center_angle": -137.50402067245366, "edge_a": [-150.546875, 692.5], "edge_b": [-117.6875, 461.0], "depth": 692.5, "passable": true, "chosen": false}, {"width": 177.50324847684467, "center_angle": -70.06316623457678, "edge_a": [-73.65625, 474.5], "edge_b": [-67.40625, 641.5], "depth": 641.5, "passable": false, "chosen": false}, {"width": 425.37549088975646, "center_angle": 86.37680617894992, "edge_a": [84.671875, 767.5], "edge_b": [90.171875, 345.0], "depth": 767.5, "passable": true, "chosen": true}, {"width": 378.19012800591526, "center_angle": 161.91028005938676, "edge_a": [139.8125, 453.0], "edge_b": [178.1875, 608.0], "depth": 608.0, "passable": true, "chosen": false}], "scan": [[-1.90625, 178.0], [-1.234375, 179.5], [-0.546875, 179.0], [0.125, 178.0], [0.84375, 177.5], [1.53125, 177.0], [2.21875, 174.5], [2.90625, 174.5], [3.578125, 176.0], [4.25, 173.5], [4.9375, 173.0], [5.609375, 175.0], [6.328125, 176.0], [7.015625, 174.5], [7.703125, 173.0], [8.390625, 174.0], [9.0625, 177.5], [10.421875, 171.5], [11.09375, 170.5], [11.96875, 173.0], [12.6875, 174.5], [13.421875, 175.5], [14.140625, 175.0], [14.734375, 175.0], [15.421875, 176.5], [16.109375, 175.5], [16.796875, 174.0], [17.5, 174.0], [18.1875, 174.0], [18.875, 175.0], [19.5625, 175.5], [20.265625, 177.5], [20.953125, 178.0], [21.640625, 176.5], [22.328125, 178.0], [23.03125, 179.5], [23.71875, 180.5], [24.40625, 182.5], [25.09375, 185.0], [25.796875, 184.5], [26.484375, 183.5], [27.171875, 185.5], [27.859375, 185.5], [28.3125, 186.0], [28.9375, 188.5], [29.5625, 189.5], [30.1875, 190.0], [31.03125, 190.5], [31.703125, 194.0], [32.390625, 197.5], [33.0625, 198.0], [33.765625, 201.0], [34.4375, 205.5], [35.125, 205.0], [35.796875, 206.0], [36.484375, 207.5], [37.84375, 214.0], [38.515625, 212.5], [39.21875, 212.5], [40.578125, 222.0], [41.25, 222.5], [41.9375, 222.0], [43.296875, 227.5], [43.96875, 229.5], [44.671875, 231.5], [45.34375, 231.5], [46.03125, 229.5], [46.703125, 229.0], [47.6875, 232.0], [49.1875, 247.5], [49.9375, 246.5], [51.09375, 251.5], [51.78125, 252.0], [52.453125, 253.5], [53.203125, 256.0], [53.890625, 259.0], [55.28125, 267.0], [55.984375, 267.5], [57.375, 282.0], [58.0625, 283.0], [58.75, 284.5], [59.4375, 289.0], [61.5, 314.0], [62.1875, 314.0], [63.5625, 327.5], [64.171875, 330.5], [64.828125, 334.5], [65.5, 341.5], [66.15625, 347.5], [66.90625, 352.5], [68.265625, 371.5], [68.9375, 374.5], [69.671875, 380.5], [71.046875, 400.5], [71.734375, 403.0], [72.4375, 413.5], [73.125, 424.5], [74.5, 449.5], [75.84375, 469.0], [76.53125, 479.5], [77.203125, 494.5], [79.265625, 562.0], [79.9375, 573.5], [81.359375, 642.0], [82.734375, 681.5], [84.671875, 767.5], [90.171875, 345.0], [90.84375, 336.5], [91.546875, 327.5], [92.21875, 318.5], [92.90625, 310.5], [93.578125, 303.0], [94.28125, 296.5], [95.640625, 281.0], [96.3125, 276.0], [97.03125, 271.0], [98.40625, 257.5], [99.09375, 253.0], [99.9375, 248.5], [100.65625, 244.5], [101.390625, 238.5], [102.109375, 233.0], [102.671875, 229.0], [103.34375, 226.0], [104.03125, 222.0], [104.703125, 218.5], [105.4375, 217.0], [106.8125, 207.0], [107.5, 204.0], [108.203125, 200.5], [108.890625, 199.0], [109.578125, 197.0], [110.265625, 194.5], [110.953125, 193.5], [111.640625, 193.5], [112.328125, 193.0], [113.015625, 193.0], [113.71875, 194.5], [114.40625, 196.0], [115.09375, 198.0], [115.78125, 200.0], [116.46875, 202.0], [117.15625, 205.5], [117.84375, 208.5], [119.015625, 216.0], [119.640625, 219.0], [120.28125, 224.5], [120.90625, 227.0], [121.75, 230.0], [122.421875, 235.5], [123.109375, 239.5], [123.78125, 243.0], [124.484375, 247.0], [125.15625, 252.0], [125.84375, 256.5], [126.515625, 262.0], [127.21875, 268.0], [127.890625, 273.0], [128.578125, 279.0], [129.25, 286.0], [129.921875, 293.0], [130.59375, 299.5], [131.265625, 306.75], [132.671875, 325.5], [133.359375, 333.5], [134.046875, 341.5], [135.390625, 362.0], [136.0625, 371.5], [139.8125, 453.0], [141.109375, 919.0], [141.796875, 933.5], [147.3125, 1212.0], [148.0, 1189.5], [148.6875, 1177.5], [149.390625, 1171.5], [150.078125, 1152.5], [150.765625, 1134.0], [151.453125, 1125.5], [152.140625, 1118.5], [152.828125, 1103.0], [153.515625, 1094.75], [154.203125, 1086.75], [154.875, 1072.5], [155.546875, 1060.0], [156.234375, 1049.5], [156.90625, 1048.0], [157.609375, 1042.5], [158.28125, 1031.0], [158.96875, 1025.5], [159.640625, 1022.0], [160.359375, 1013.0], [161.046875, 1005.0], [161.734375, 999.5], [162.421875, 994.5], [163.109375, 991.0], [163.796875, 986.0], [164.484375, 981.0], [165.171875, 976.0], [165.859375, 970.0], [166.546875, 964.0], [167.234375, 958.0], [167.921875, 954.0], [168.609375, 950.5], [169.296875, 946.5], [169.984375, 943.5], [170.671875, 940.0], [171.359375, 936.0], [172.046875, 933.0], [172.734375, 930.5], [173.421875, 927.0], [174.09375, 923.5], [174.765625, 920.0], [175.453125, 918.5], [176.125, 919.5], [176.828125, 917.5], [178.1875, 608.0], [178.859375, 596.5], [179.578125, 585.5], [-179.734375, 574.5], [-179.046875, 564.0], [-178.359375, 551.5], [-177.671875, 539.5], [-176.984375, 530.0], [-176.296875, 520.0], [-175.609375, 510.5], [-174.90625, 502.5], [-174.21875, 495.5], [-173.53125, 488.5], [-172.84375, 481.0], [-172.171875, 473.5], [-171.5, 468.0], [-170.8125, 462.0], [-170.140625, 455.0], [-169.25, 448.5], [-168.53125, 443.5], [-167.796875, 443.0], [-167.078125, 446.0], [-166.484375, 451.5], [-165.796875, 458.0], [-165.109375, 464.5], [-164.421875, 470.5], [-163.703125, 475.5], [-163.015625, 483.0], [-162.3125, 491.5], [-161.625, 497.5], [-160.9375, 506.5], [-160.25, 516.5], [-159.5625, 524.5], [-158.875, 534.5], [-158.171875, 545.0], [-157.484375, 557.5], [-156.796875, 565.5], [-156.109375, 571.0], [-154.6875, 602.5], [-153.984375, 615.0], [-153.296875, 627.0], [-152.609375, 643.5], [-151.921875, 660.5], [-151.234375, 677.5], [-150.546875, 692.5], [-149.203125, 1026.0], [-148.515625, 1024.0], [-147.84375, 1027.0], [-147.109375, 1038.5], [-146.421875, 1044.5], [-145.734375, 1048.0], [-145.046875, 1055.0], [-144.34375, 1059.0], [-143.65625, 1064.0], [-142.96875, 1074.0], [-142.28125, 1076.0], [-141.578125, 1083.5], [-140.890625, 1097.5], [-140.203125, 1101.0], [-139.515625, 1105.0], [-138.8125, 1112.5], [-138.125, 1122.0], [-137.4375, 1132.0], [-136.75, 1140.0], [-136.046875, 1148.5], [-135.359375, 1159.5], [-134.671875, 1168.5], [-133.984375, 1179.5], [-133.4375, 1191.5], [-132.796875, 1201.0], [-132.140625, 1212.5], [-131.5, 1225.0], [-130.6875, 1238.5], [-130.0, 1253.0], [-129.3125, 1267.5], [-128.625, 1283.0], [-127.9375, 1305.0], [-127.25, 1317.5], [-126.5625, 1323.5], [-125.875, 1340.0], [-125.203125, 1357.5], [-124.53125, 1372.5], [-123.84375, 1389.0], [-123.171875, 1406.5], [-122.453125, 1425.0], [-121.765625, 1445.5], [-121.078125, 1466.0], [-120.390625, 1488.5], [-119.71875, 1512.5], [-117.6875, 461.0], [-116.96875, 453.5], [-116.28125, 447.0], [-115.59375, 439.5], [-114.90625, 433.0], [-114.25, 426.0], [-113.578125, 418.5], [-112.890625, 412.0], [-112.21875, 406.0], [-111.484375, 400.0], [-110.796875, 394.5], [-110.109375, 390.0], [-109.421875, 385.5], [-108.765625, 380.5], [-108.09375, 376.0], [-107.40625, 370.5], [-106.734375, 366.5], [-106.015625, 363.0], [-105.328125, 356.5], [-104.640625, 352.0], [-103.953125, 349.5], [-103.25, 347.5], [-102.5625, 345.5], [-101.875, 341.5], [-101.1875, 337.0], [-100.53125, 334.5], [-99.859375, 331.5], [-99.171875, 327.5], [-98.5, 325.0], [-97.6875, 322.0], [-96.984375, 318.5], [-96.265625, 316.0], [-95.5625, 313.0], [-94.90625, 309.5], [-94.21875, 307.0], [-93.515625, 306.0], [-92.828125, 305.0], [-92.21875, 303.5], [-91.546875, 300.5], [-90.875, 297.5], [-90.203125, 295.5], [-89.453125, 294.0], [-88.765625, 292.0], [-88.078125, 289.5], [-87.390625, 288.5], [-86.6875, 287.0], [-86.0, 286.0], [-85.3125, 285.0], [-84.625, 283.0], [-83.921875, 281.0], [-83.234375, 279.0], 