{"heading": 81.4, "target": 29.734690148344974, "gap_dist": 363.14298314502753, "gap_info": [{"width": 652.7044034212408, "center_angle": -131.28308703223104, "edge_a": [-171, 499.5], "edge_b": [-60, 337.0], "depth": 499.5, "passable": true, "chosen": false}, {"width": 363.14298314502753, "center_angle": 29.734690148344974, "edge_a": [-19, 265.0], "edge_b": [103, 208.0], "depth": 265.0, "passable": true, "chosen": true}, {"width": 184.1012036348522, "center_angle": 162.29914157138026, "edge_a": [152, 374.0], "edge_b": [170, 499.0], "depth": 499.0, "passable": false, "chosen": false}], "scan": [[-2, 628.0], [-1, 625.0], [0, 624.0], [1, 625.0], [2, 625.0], [3, 625.5], [4, 627.5], [5, 627.0], [6, 631.0], [7, 633.5], [8, 635.5], [9, 638.5], [10, 647.5], [11, 640.5], [12, 638.0], [13, 643.0], [14, 645.5], [15, 644.0], [16, 641.0], [17, 642.0], [18, 641.0], [19, 641.0], [20, 641.0], [21, 640.0], [22, 644.0], [23, 649.0], [24, 653.0], [25, 662.5], [26, 669.5], [27, 676.5], [28, 681.5], [29, 692.0], [30, 697.5], [31, 710.0], [32, 716.0], [33, 727.0], [34, 733.0], [35, 744.5], [36, 752.0], [37, 760.5], [38, 774.0], [39, 781.5], [40, 792.0], [41, 800.0], [42, 812.0], [43, 819.0], [44, 837.0], [45, 845.0], [46, 855.5], [47, 870.0], [48, 884.0], [49, 896.5], [50, 916.0], [51, 925.5], [52, 950.5], [53, 964.5], [54, 981.0], [55, 1015.5], [56, 1035.5], [57, 1072.0], [59, 859.0], [60, 853.5], [61, 842.0], [62, 836.0], [63, 829.0], [64, 826.0], [65, 818.5], [66, 812.5], [67, 808.5], [68, 803.0], [69, 798.5], [70, 792.0], [71, 789.0], [72, 783.5], [73, 780.0], [74, 775.5], [75, 773.0], [76, 772.0], [77, 767.0], [78, 768.0], [84, 3384.5], [85, 3384.0], [86, 3378.5], [87, 3378.5], [88, 3369.5], [91, 1274.0], [92, 1273.5], [93, 1271.5], [94, 1272.0], [95, 1272.5], [96, 1273.0], [97, 1272.5], [103, 208.0], [104, 203.5], [105, 202.0], [106, 202.5], [107, 203.0], [108, 205.5], [109, 206.0], [110, 207.5], [111, 207.5], [112, 207.0], [113, 209.0], [114, 210.5], [115, 212.0], [116, 212.5], [117, 216.0], [118, 218.0], [119, 219.0], [120, 221.0], [121, 222.5], [122, 224.5], [123, 228.0], [124, 228.5], [125, 231.0], [126, 235.5], [127, 237.0], [128, 240.5], [129, 243.5], [130, 248.0], [131, 251.5], [132, 253.5], [133, 257.0], [134, 257.0], [135, 262.0], [136, 268.5], [137, 275.5], [138, 277.5], [139, 281.5], [140, 287.0], [141, 292.5], [142, 296.5], [143, 305.5], [144, 309.0], [145, 317.0], [146, 321.5], [147, 332.0], [148, 337.5], [149, 342.5], [150, 355.0], [151, 361.0], [152, 374.0], [155, 550.0], [156, 551.0], [157, 549.5], [158, 538.5], [159, 539.5], [160, 543.5], [161, 544.5], [162, 536.0], [163, 524.5], [164, 514.5], [165, 509.0], [166, 511.5], [167, 511.0], [168, 512.5], [169, 510.5], [170, 499.0], [171, 498.0], [172, 495.5], [173, 495.5], [174, 493.0], [175, 494.0], [176, 494.5], [177, 493.0], [178, 493.5], [179, 493.5], [-180, 494.0], [-179, 493.5], [-178, 495.0], [-177, 493.5], [-176, 493.5], [-175, 494.5], [-174, 495.0], [-173, 495.5], [-172, 498.0], [-171, 499.5], [-170, 500.0], [-169, 501.5], [-168, 503.0], [-167, 506.0], [-166, 505.5], [-165, 510.5], [-164, 512.5], [-163, 515.0], [-162, 518.5], [-161, 524.0], [-160, 526.0], [-159, 527.0], [-158, 532.5], [-157, 534.5], [-156, 540.5], [-155, 543.0], [-154, 546.0], [-153, 553.0], [-152, 556.5], [-151, 565.0], [-150, 573.5], [-149, 574.0], [-148, 563.5], [-147, 565.5], [-146, 570.5], [-145, 573.5], [-143, 618.5], [-142, 626.0], [-141, 619.0], [-140, 609.5], [-139, 626.5], [-137, 663.0], [-136, 656.5], [-134, 697.5], [-133, 690.5], [-132, 698.0], [-131, 713.5], [-130, 722.0], [-129, 734.5], [-128, 762.0], [-127, 774.0], [-126, 794.0], [-125, 803.5], [-124, 795.0], [-123, 793.0], [-122, 780.5], [-120, 563.0], [-119, 564.0], [-118, 565.5], [-117, 567.5], [-116, 571.0], [-115, 572.5], [-114, 577.0], [-113, 580.0], [-112, 586.5], [-111, 590.5], [-110, 594.0], [-109, 601.5], [-108, 603.5], [-107, 613.0], [-106, 614.5], [-105, 626.5], [-104, 633.0], [-103, 640.5], [-102, 646.5], [-101, 651.5], [-100, 662.5], [-99, 669.5], [-98, 681.0], [-97, 688.5], [-96, 697.5], [-94, 1187.5], [-93, 1202.5], [-85, 1174.5], [-84, 1171.0], [-83, 1170.0], [-82, 1171.0], [-73, 2600.5], [-65, 1574.0], [-64, 1488.0], [-63, 1448.0], [-62, 1410.5], [-60, 337.0], [-59, 323.5], [-58, 319.0], [-57, 306.0], [-56, 300.0], [-55, 296.0], [-54, 284.5], [-53, 280.5], [-52, 270.5], [-51, 267.0], [-50, 258.5], [-49, 253.0], [-48, 250.0], [-47, 243.5], [-46, 240.5], [-45, 233.5], [-44, 230.5], [-43, 227.5], [-42, 222.0], [-41, 219.5], [-40, 212.5], [-39, 210.0], [-38, 206.0], [-37, 203.0], [-36, 199.5], [-35, 196.0], [-34, 195.0], [-33, 190.0], [-32, 187.5], [-31, 187.5], [-30, 189.5], [-29, 190.0], [-28, 191.0], [-27, 197.5], [-26, 201.5], [-24, 216.5], [-23, 228.5], [-22, 235.5], [-20, 257.0], [-19, 265.0], [-8, 608.0], [-7, 606.0], [-6, 607.5], [-5, 602.5]]}