{"heading": 356.4, "target": 86.14459846090178, "gap_dist": 262.3807104346708, "gap_info": [{"width": 262.3807104346708, "center_angle": 86.14459846090178, "edge_a": [73, 470.0], "edge_b": [170, 107.5], "depth": 470.0, "passable": true, "chosen": true}], "scan": [[-2, 155.5], [-1, 182.5], [0, 182.5], [1, 183.5], [2, 181.5], [3, 180.5], [4, 180.0], [5, 179.5], [6, 180.0], [7, 180.5], [8, 181.0], [9, 182.0], [10, 181.5], [11, 183.0], [12, 183.5], [13, 184.0], [14, 184.0], [15, 183.5], [16, 184.0], [17, 185.0], [18, 186.0], [19, 186.0], [20, 188.5], [21, 189.0], [22, 190.0], [23, 191.0], [24, 192.0], [25, 192.0], [26, 192.5], [27, 195.0], [28, 196.0], [29, 197.5], [30, 199.5], [31, 201.5], [32, 202.5], [33, 206.5], [34, 209.0], [35, 209.5], [36, 212.5], [37, 214.5], [38, 218.0], [39, 219.0], [40, 223.5], [41, 225.0], [42, 226.0], [43, 232.5], [44, 234.5], [45, 240.0], [46, 242.5], [47, 245.0], [48, 248.5], [49, 253.0], [50, 257.0], [51, 263.5], [52, 266.0], [53, 272.5], [54, 275.5], [55, 278.5], [56, 285.5], [57, 291.0], [58, 300.5], [59, 305.0], [60, 317.5], [61, 321.5], [62, 327.5], [63, 341.0], [64, 348.5], [65, 360.0], [66, 365.5], [67, 384.0], [68, 394.0], [69, 402.0], [70, 420.5], [71, 431.0], [72, 456.5], [73, 470.0], [75, 517.0], [91, 7095.5], [93, 4590.0], [95, 775.75], [96, 776.75], [97, 767.5], [98, 766.0], [100, 801.0], [101, 800.5], [102, 807.0], [103, 802.0], [104, 791.0], [105, 793.0], [106, 812.5], [107, 826.5], [108, 828.5], [109, 812.0], [110, 806.75], [111, 796.5], [112, 790.25], [113, 786.25], [114, 787.0], [117, 3747.0], [118, 3763.5], [119, 3784.0], [120, 3824.0], [121, 3867.0], [123, 2670.0], [127, 4076.5], [128, 4147.0], [130, 2205.0], [131, 2215.0], [133, 4417.5], [134, 4460.5], [135, 4552.0], [136, 4597.0], [137, 4641.0], [138, 4798.0], [139, 4869.0], [141, 2912.0], [142, 2917.0], [143, 2926.0], [145, 4466.5], [147, 2407.5], [148, 2380.5], [149, 2324.5], [150, 2311.5], [154, 1829.5], [155, 1840.0], [156, 1843.5], [157, 1854.0], [158, 1860.5], [159, 1867.5], [164, 69.75], [165, 70.75], [166, 68.25], [170, 107.5], [171, 109.25], [172, 109.75], [174, 122.5], [175, 125.0], [176, 127.0], [177, 126.0], [178, 125.0], [179, 122.75], [180, 123.25], [-175, 69.0], [-166, 80.5], [-161, 1139.0], [-160, 1147.5], [-159, 1150.5], [-158, 1157.0], [-151, 4601.0], [-150, 4654.0], [-147, 4774.5], [-146, 4808.0], [-143, 4990.0], [-140, 5150.0], [-138, 5296.0], [-137, 5348.5], [-136, 5405.5], [-135, 5513.0], [-134, 5576.0], [-129, 6132.0], [-128, 6205.0], [-123, 1917.0], [-122, 1923.0], [-98, 10241.5], [-97, 10201.5], [-96, 10179.0], [-95, 10137.5], [-94, 10118.5], [-93, 10102.0], [-92, 10072.5], [-91, 10066.0], [-90, 10043.0], [-89, 10034.5], [-88, 10034.5], [-87, 10024.0], [-84, 2633.0], [-83, 2639.5], [-82, 2644.0], [-81, 2644.5], [-64, 409.5], [-62, 386.5], [-60, 356.5], [-59, 340.5], [-58, 333.0], [-57, 318.0], [-56, 311.5], [-55, 304.5], [-54, 290.5], [-53, 286.0], [-52, 276.5], [-51, 272.0], [-50, 268.0], [-49, 258.0], [-48, 253.5], [-47, 249.0], [-46, 244.0], [-45, 236.5], [-44, 232.5], [-43, 228.5], [-42, 223.5], [-41, 219.5], [-40, 215.0], [-39, 212.5], [-38, 210.0], [-37, 206.0], [-36, 204.0], [-35, 198.5], [-34, 197.5], [-33, 193.5], [-32, 192.5], [-31, 190.0], [-30, 186.5], [-29, 185.0], [-28, 181.0], [-27, 179.5], [-26, 178.0], [-25, 177.5], [-24, 176.5], [-23, 172.5], [-22, 172.0], [-21, 171.0], [-20, 170.5], [-19, 169.5], [-18, 167.0], [-17, 165.5], [-16, 166.0], [-15, 164.5], [-14, 164.0], [-13, 163.0], [-12, 162.5], [-11, 161.0], [-10, 161.0], [-9, 161.0], [-8, 159.5], [-7, 158.0], [-6, 157.5], [-5, 157.0], [-4, 156.0], [-3, 156.5]]}