{"heading": 2.7, "target": 30.368153226305296, "gap_dist": 421.4708185205347, "gap_info": [{"width": 511.9826275985374, "center_angle": -122.63997497963904, "edge_a": [-125, 734.5], "edge_b": [-115, 227.5], "depth": 734.5, "passable": true, "chosen": false}, {"width": 290.96144953038555, "center_angle": -76.70429829899756, "edge_a": [-78, 346.0], "edge_b": [-76, 636.5], "depth": 636.5, "passable": true, "chosen": false}, {"width": 449.0890932586587, "center_angle": -44.252384578176844, "edge_a": [-52, 797.5], "edge_b": [-27, 362.5], "depth": 797.5, "passable": true, "chosen": false}, {"width": 421.4708185205347, "center_angle": 30.368153226305296, "edge_a": [19, 184.5], "edge_b": [33, 792.0], "depth": 792.0, "passable": true, "chosen": true}], "scan": [[-3, 206.5], [-2, 203.0], [-1, 201.5], [0, 199.0], [1, 197.5], [2, 193.5], [3, 192.5], [4, 189.5], [5, 188.0], [6, 184.5], [7, 184.0], [8, 182.0], [9, 180.5], [10, 178.5], [11, 176.5], [12, 176.0], [13, 173.0], [14, 172.0], [15, 169.0], [16, 171.0], [17, 174.0], [18, 181.0], [19, 184.5], [28, 881.0], [29, 850.0], [30, 845.0], [31, 830.5], [32, 811.5], [33, 792.0], [34, 795.5], [35, 767.0], [36, 772.0], [38, 726.5], [39, 710.5], [40, 701.5], [41, 690.0], [42, 681.5], [43, 664.5], [44, 658.5], [45, 653.5], [46, 644.5], [47, 631.0], [48, 626.0], [49, 622.0], [50, 619.5], [51, 606.0], [52, 598.0], [53, 594.0], [54, 585.0], [55, 581.5], [56, 575.0], [57, 571.0], [58, 565.5], [59, 562.0], [60, 557.5], [61, 554.0], [62, 551.5], [63, 548.0], [64, 538.0], [65, 532.0], [66, 526.5], [67, 522.0], [68, 521.0], [69, 522.5], [70, 519.0], [71, 514.0], [72, 511.0], [73, 503.5], [74, 504.0], [75, 501.75], [76, 502.0], [77, 500.0], [78, 500.5], [79, 499.0], [80, 499.0], [81, 495.5], [82, 495.0], [83, 495.5], [84, 493.5], [85, 496.0], [86, 496.5], [87, 497.0], [88, 497.5], [89, 498.0], [90, 499.0], [91, 499.5], [92, 500.5], [93, 503.0], [94, 502.5], [95, 504.0], [96, 505.5], [97, 507.0], [98, 507.0], [99, 508.0], [100, 515.5], [101, 516.5], [102, 520.0], [103, 521.5], [104, 525.0], [105, 532.0], [106, 533.5], [107, 539.5], [108, 540.5], [109, 548.0], [110, 549.5], [111, 554.5], [112, 558.5], [113, 566.5], [114, 571.0], [115, 580.0], [116, 586.0], [117, 596.5], [118, 604.5], [119, 607.0], [120, 606.0], [121, 612.0], [122, 615.5], [123, 626.5], [124, 633.5], [125, 645.5], [126, 651.5], [127, 664.5], [128, 671.0], [129, 693.0], [130, 699.0], [131, 721.0], [132, 729.5], [133, 750.5], [134, 761.0], [135, 778.5], [136, 789.5], [137, 810.5], [139, 5029.0], [142, 8470.5], [144, 5905.0], [151, 7802.5], [165, 14766.0], [166, 14690.0], [167, 14676.0], [168, 14623.0], [169, 14605.0], [170, 14573.0], [171, 14558.5], [177, 1278.0], [178, 1276.5], [179, 1280.5], [180, 1325.5], [-179, 1352.5], [-176, 1220.0], [-175, 1207.5], [-174, 1215.5], [-173, 1226.5], [-163, 1825.5], [-161, 1669.5], [-159, 1391.0], [-158, 1325.5], [-157, 1295.5], [-156, 1240.0], [-155, 1214.5], [-154, 1189.5], [-153, 1146.0], [-152, 1125.5], [-151, 1088.5], [-150, 1069.0], [-149, 1034.5], [-148, 1020.5], [-147, 988.0], [-146, 972.0], [-145, 944.5], [-144, 932.0], [-143, 906.5], [-142, 894.5], [-141, 875.5], [-140, 867.5], [-139, 847.0], [-138, 839.5], [-137, 822.0], [-136, 814.0], [-135, 805.0], [-134, 794.0], [-133, 788.0], [-132, 783.0], [-131, 766.0], [-130, 760.0], [-129, 758.0], [-128, 758.5], [-127, 737.0], [-126, 739.5], [-125, 734.5], [-115, 227.5], [-114, 223.0], [-113, 223.0], [-112, 223.0], [-111, 224.0], [-110, 224.5], [-109, 227.0], [-108, 228.5], [-107, 232.0], [-106, 233.0], [-105, 235.0], [-104, 237.0], [-103, 240.0], [-102, 241.0], [-101, 243.5], [-100, 245.5], [-99, 249.5], [-98, 252.0], [-97, 254.5], [-96, 258.5], [-95, 260.5], [-94, 266.5], [-93, 268.0], [-92, 272.0], [-91, 275.0], [-90, 280.0], [-89, 283.0], [-88, 289.5], [-87, 294.0], [-86, 299.5], [-85, 302.5], [-84, 312.0], [-83, 315.0], [-82, 323.0], [-81, 328.5], [-80, 332.5], [-79, 342.5], [-78, 346.0], [-76, 636.5], [-75, 642.5], [-74, 646.5], [-73, 650.5], [-72, 652.0], [-71, 660.5], [-70, 666.5], [-69, 675.5], [-68, 680.0], [-67, 694.0], [-66, 701.5], [-65, 705.0], [-64, 704.0], [-63, 700.0], [-62, 695.0], [-61, 709.5], [-60, 716.5], [-59, 725.0], [-58, 740.5], [-57, 748.0], [-56, 762.5], [-55, 769.5], [-54, 777.0], [-53, 780.5], [-52, 797.5], [-51, 807.5], [-50, 824.0], [-49, 838.0], [-48, 858.5], [-47, 872.0], [-46, 889.0], [-45, 902.5], [-44, 924.75], [-43, 936.25], [-42, 963.0], [-41, 976.0], [-40, 1008.0], [-39, 1023.0], [-38, 1040.0], [-37, 1077.0], [-36, 1094.0], [-35, 1137.0], [-34, 1156.5], [-33, 1201.5], [-32, 1227.0], [-31, 1279.5], [-30, 1307.0], [-29, 1370.0], [-27, 362.5], [-25, 336.25], [-24, 321.5], [-23, 313.5], [-22, 298.5], [-21, 292.5], [-20, 287.0], [-19, 275.5], [-18, 271.5], [-17, 263.0], [-16, 258.5], [-14, 244.5], [-13, 237.0], [-12, 236.0], [-11, 229.0], [-10, 224.5], [-9, 218.5], [-8, 215.5], [-7, 208.5], [-6, 206.0], [-5, 200.5], [-4, 199.0]]}