{"heading": 117.6, "target": -46.23756700546936, "gap_dist": 475.627899420086, "gap_info": [{"width": 614.8169132792091, "center_angle": -150.6147106427855, "edge_a": [-169.1875, 793.5], "edge_b": [-118.46875, 475.0], "depth": 793.5, "passable": true, "chosen": false}, {"width": 475.627899420086, "center_angle": -46.23756700546936, "edge_a": [-74.15625, 419.0], "edge_b": [-29.171875, 668.5], "depth": 668.5, "passable": true, "chosen": true}, {"width": 496.98420618792096, "center_angle": 130.860319777127, "edge_a": [112.859375, 712.0], "edge_b": [157.109375, 497.5], "depth": 712.0, "passable": true, "chosen": false}], "scan": [[-2.625, 288.0], [-1.921875, 285.0], [-0.515625, 275.0], [0.171875, 275.5], [0.859375, 272.5], [1.5625, 268.5], [2.25, 265.5], [2.984375, 262.0], [3.6875, 264.0], [5.09375, 257.5], [5.796875, 257.5], [6.5, 255.5], [7.203125, 249.5], [7.90625, 249.0], [8.59375, 251.0], [9.28125, 246.5], [9.984375, 241.0], [10.671875, 238.5], [11.59375, 237.0], [12.34375, 236.0], [13.09375, 235.5], [13.84375, 232.0], [14.421875, 228.5], [15.125, 229.0], [15.828125, 229.5], [16.53125, 228.5], [17.25, 226.5], [17.953125, 224.0], [18.65625, 222.5], [19.359375, 219.5], [20.078125, 217.0], [20.78125, 214.5], [21.484375, 212.5], [22.1875, 213.5], [22.921875, 211.0], [23.625, 208.5], [24.34375, 208.5], [25.046875, 207.5], [25.75, 207.5], [26.453125, 208.0], [27.15625, 207.0], [27.859375, 206.5], [28.328125, 205.5], [28.96875, 203.0], [29.609375, 202.5], [30.25, 202.5], [31.125, 202.5], [31.8125, 203.5], [32.515625, 201.5], [33.203125, 200.0], [33.921875, 202.5], [34.609375, 203.5], [35.3125, 202.5], [36.0, 202.0], [36.703125, 202.0], [37.390625, 202.5], [38.09375, 202.5], [38.78125, 201.5], [39.5, 202.0], [40.1875, 202.0], [40.890625, 201.0], [41.578125, 200.5], [42.296875, 200.5], [42.984375, 201.0], [43.6875, 200.0], [44.375, 201.0], [45.09375, 201.0], [45.78125, 199.5], [46.484375, 200.5], [47.171875, 200.5], [48.15625, 201.5], [48.921875, 203.0], [49.6875, 204.5], [50.453125, 206.0], [50.984375, 205.0], [51.6875, 205.0], [52.390625, 207.0], [53.09375, 209.0], [53.828125, 208.0], [54.53125, 208.5], [55.25, 209.5], [55.953125, 208.0], [56.640625, 209.5], [57.34375, 212.5], [58.046875, 216.0], [58.75, 215.5], [59.484375, 212.0], [60.90625, 221.0], [61.609375, 220.5], [62.3125, 221.0], [63.015625, 223.5], [63.71875, 225.5], [64.421875, 225.0], [65.03125, 227.5], [65.703125, 229.0], [66.390625, 228.5], [67.0625, 229.0], [68.546875, 237.5], [69.25, 238.5], [69.953125, 239.0], [70.65625, 241.0], [71.359375, 242.5], [72.0625, 242.0], [72.765625, 245.0], [74.171875, 255.0], [75.578125, 262.0], [76.28125, 261.5], [76.984375, 263.0], [77.6875, 268.0], [78.390625, 272.0], [79.078125, 271.0], [79.765625, 272.5], [80.46875, 276.0], [81.90625, 286.5], [82.609375, 290.0], [83.3125, 295.5], [84.015625, 298.5], [84.578125, 302.5], [85.234375, 307.5], [85.90625, 311.5], [86.5625, 316.0], [88.0625, 331.5], [88.765625, 327.0], [90.1875, 344.5], [90.890625, 349.0], [91.59375, 349.5], [92.296875, 351.5], [92.96875, 357.0], [93.65625, 361.0], [95.046875, 388.0], [95.765625, 394.0], [96.453125, 398.0], [97.15625, 399.5], [97.84375, 401.0], [98.578125, 408.0], [99.28125, 418.5], [99.984375, 429.5], [100.6875, 436.0], [101.5625, 442.0], [102.296875, 451.5], [103.046875, 462.5], [103.78125, 475.5], [105.078125, 502.5], [107.203125, 551.0], [108.609375, 604.0], [109.3125, 615.0], [110.71875, 652.0], [111.421875, 665.5], [112.859375, 712.0], [116.375, 867.5], [128.0625, 2600.5], [128.75, 2602.0], [130.859375, 2591.0], [131.546875, 2604.0], [133.65625, 2607.75], [134.34375, 2612.0], [135.046875, 2616.0], [135.734375, 2620.5], [136.4375, 2625.0], [137.125, 2634.0], [138.046875, 2605.0], [138.796875, 2580.0], [142.265625, 2160.0], [143.71875, 10502.5], [157.109375, 497.5], [157.796875, 485.0], [159.1875, 466.0], [159.875, 470.0], [160.609375, 473.0], [161.3125, 475.5], [162.015625, 478.5], [162.71875, 480.0], [163.453125, 484.0], [164.15625, 488.5], [164.875, 490.0], [165.578125, 492.5], [166.265625, 496.0], [166.96875, 498.5], [167.671875, 502.5], [168.375, 507.5], [169.078125, 511.5], [169.78125, 516.0], [170.484375, 521.0], [171.1875, 524.0], [171.859375, 527.0], [172.546875, 533.5], [173.25, 539.75], [173.9375, 544.75], [174.65625, 551.25], [175.34375, 557.25], [176.046875, 563.75], [176.734375, 570.25], [177.453125, 575.0], [178.140625, 581.0], [178.84375, 590.0], [179.53125, 598.5], [-179.71875, 603.5], [-179.015625, 612.0], [-178.3125, 621.0], [-177.609375, 626.5], [-176.921875, 635.0], [-176.234375, 643.5], [-174.109375, 712.5], [-173.40625, 709.5], [-172.703125, 713.0], [-172.0, 728.0], [-171.296875, 745.0], [-170.59375, 760.5], [-169.890625, 775.5], [-169.1875, 793.5], [-168.296875, 814.0], [-167.546875, 833.5], [-166.046875, 885.0], [-164.0625, 968.0], [-163.359375, 976.0], [-162.640625, 978.5], [-161.9375, 975.0], [-161.234375, 967.5], [-160.53125, 963.5], [-159.8125, 964.0], [-159.109375, 968.5], [-158.40625, 966.0], [-157.703125, 955.0], [-156.96875, 948.5], [-156.265625, 946.5], [-155.546875, 942.5], [-154.84375, 936.5], [-154.140625, 934.5], [-153.4375, 933.0], [-152.734375, 929.5], [-152.03125, 927.5], [-151.359375, 924.5], [-150.671875, 920.5], [-149.96875, 919.0], [-149.28125, 918.5], [-148.53125, 917.0], [-147.828125, 914.5], [-147.125, 912.0], [-146.421875, 911.5], [-145.703125, 911.0], [-145.0, 910.0], [-144.296875, 910.0], [-143.59375, 908.5], [-142.875, 907.0], [-142.171875, 906.0], [-141.46875, 903.5], [-140.765625, 904.0], [-140.046875, 904.5], [-139.34375, 903.0], [-138.640625, 904.0], [-137.9375, 901.5], [-137.21875, 898.5], [-136.515625, 899.0], [-135.8125, 900.0], [-135.109375, 900.0], [-134.390625, 899.0], [-133.6875, 900.0], [-132.984375, 902.5], [-132.28125, 902.0], [-131.75, 902.0], [-131.09375, 904.5], [-130.4375, 904.5], [-129.78125, 908.0], [-128.953125, 911.0], [-128.265625, 911.5], [-127.5625, 913.5], [-126.875, 925.5], [-126.140625, 929.5], [-125.4375, 920.0], [-124.734375, 918.5], [-124.03125, 922.0], [-123.34375, 924.0], [-122.65625, 925.0], [-121.953125, 927.5], [-121.265625, 931.5], [-120.546875, 934.5], [-118.46875, 475.0], [-117.75, 462.5], [-116.359375, 434.5], [-115.671875, 423.5], [-114.953125, 414.0], [-113.5625, 390.25], [-112.875, 382.5], [-112.140625, 376.0], [-111.4375, 371.0], [-110.734375, 362.5], [-110.03125, 353.0], [-109.34375, 345.5], [-108.65625, 339.0], [-107.953125, 332.5], [-107.265625, 327.0], [-106.546875, 319.5], [-105.859375, 312.5], [-105.15625, 307.0], [-104.46875, 302.0], [-103.75, 297.5], [-103.0625, 292.5], [-102.359375, 288.5], [-101.671875, 284.5], [-100.9375, 280.0], [-100.234375, 275.5], [-99.53125, 271.5], [-98.828125, 268.5], [-98.0625, 265.0], [-97.34375, 262.0], [-96.625, 259.5], [-95.90625, 257.0], [-95.265625, 255.0], [-94.578125, 253.5], [-93.875, 254.5], [-93.1875, 257.0], [-92.453125, 258.5], [-91.75, 260.0], [-91.046875, 263.5], [-90.34375, 267.5], [-89.640625, 271.25], [-88.9375, 275.25], [-88.234375, 278.75], [-87.53125, 283.5], [-86.828125, 288.5], [-86.125, 293.0], [-85.421875, 297.5], [-84.71875, 303.5], [-84.015625, 310.0], [-83.3125, 315.0], [-82.609375, 321.5], [-81.90625, 330.0], [-81.21875, 336.5], [-80.53125, 343.0], [-79.828125, 350.0], [-79.140625, 357.75], [-78.375, 365.25], [-76.953125, 383.5], [-76.25, 392.0], [-75.5625, 401.5], [-74.859375, 410.5], [-74.15625, 419.0], [-72.75, 1982.5], [-72.046875, 2035.5], [-71.34375, 2090.0], [-70.640625, 2147.5], [-69.9375, 2205.0], [-67.109375, 6143.0], [-65.703125, 6665.5], [-62.25, 6217.0], [-61.484375, 6195.0], [-60.0625, 6785.0], [-58.6875, 2101.5], [-58.0, 2088.0], [-57.296875, 2079.5], [-56.609375, 2075.0], [-55.828125, 2072.5], [-54.40625, 863.5], [-53.703125, 862.5], [-53.0625, 863.0], [-52.375, 864.0], [-51.6875, 863.0], [-51.0, 861.5], [-50.25, 861.0], [-49.546875, 860.5], [-48.84375, 859.5], [-48.140625, 860.0], [-47.4375, 861.0], [-46.734375, 861.5], [-46.03125, 862.5], [-45.328125, 864.0], [-44.625, 865.0], [-43.921875, 864.5], 