{"heading": 676.7, "target": -97.88126447620685, "gap_dist": 304.59950384518686, "gap_info": [{"width": 304.59950384518686, "center_angle": -97.88126447620685, "edge_a": [-180, 119.75], "edge_b": [-74, 293.0], "depth": 293.0, "passable": true, "chosen": true}, {"width": 13.320635789030922, "center_angle": -53.48219658021234, "edge_a": [-55, 229.0], "edge_b": [-52, 234.5], "depth": 234.5, "passable": false, "chosen": false}, {"width": 242.14029598275218, "center_angle": -14.68036307033692, "edge_a": [-46, 234.5], "edge_b": [9, 303.5], "depth": 303.5, "passable": false, "chosen": false}, {"width": 302.4175719861626, "center_angle": 66.29770419560961, "edge_a": [39, 255.5], "edge_b": [174, 123.0], "depth": 255.5, "passable": true, "chosen": false}], "scan": [[-4, 2379.0], [-2, 6811.0], [0, 7075.5], [1, 7085.0], [2, 7090.5], [3, 7118.0], [4, 7131.5], [5, 7152.0], [9, 303.5], [11, 278.0], [12, 271.5], [14, 252.5], [15, 247.5], [17, 231.0], [18, 222.0], [19, 218.5], [20, 210.0], [21, 207.0], [22, 201.0], [23, 197.5], [24, 196.0], [25, 191.0], [26, 191.0], [27, 194.5], [28, 197.5], [29, 199.5], [30, 204.5], [31, 211.5], [32, 214.0], [33, 216.5], [34, 223.0], [35, 227.5], [36, 236.5], [37, 241.0], [39, 255.5], [41, 2684.0], [42, 2618.0], [43, 2586.0], [44, 2534.0], [45, 2513.0], [46, 2490.5], [47, 2441.5], [48, 2424.0], [50, 930.0], [51, 919.5], [52, 932.0], [54, 895.5], [55, 904.0], [59, 2776.0], [60, 2783.5], [61, 2803.5], [63, 2902.5], [64, 2888.5], [65, 2865.5], [66, 2854.5], [67, 2834.0], [68, 2826.5], [69, 2798.0], [70, 2788.0], [71, 2797.5], [72, 2825.0], [76, 2829.5], [77, 2820.0], [78, 2808.0], [79, 2797.5], [80, 2793.0], [81, 2780.5], [82, 2777.0], [83, 2773.5], [84, 2777.0], [85, 2778.0], [86, 2788.0], [87, 2774.5], [88, 2779.5], [89, 2795.0], [90, 2811.0], [91, 2817.5], [92, 2827.0], [93, 2832.0], [94, 2843.5], [95, 2858.0], [96, 2865.5], [98, 563.5], [99, 559.5], [100, 551.5], [101, 549.0], [102, 545.0], [103, 538.0], [104, 539.5], [106, 591.0], [109, 673.5], [112, 3146.0], [113, 3195.5], [114, 3219.5], [115, 3269.0], [116, 3295.5], [117, 3321.5], [118, 3380.0], [119, 3408.5], [120, 3473.5], [123, 3654.0], [124, 3690.0], [125, 3738.5], [126, 3828.5], [127, 3875.5], [128, 3974.0], [129, 4028.0], [130, 4078.5], [132, 2534.5], [133, 2546.0], [139, 5023.0], [143, 2509.5], [145, 1559.5], [150, 6443.5], [154, 1514.5], [158, 1479.5], [159, 1471.5], [160, 1457.0], [165, 69.75], [174, 123.0], [175, 125.25], [176, 126.25], [177, 125.5], [178, 123.25], [179, 121.25], [180, 120.5], [-180, 119.75], [-173, 60.75], [-170, 73.25], [-168, 68.5], [-165, 4082.0], [-164, 4110.5], [-163, 4162.5], [-162, 4188.0], [-161, 4213.5], [-160, 4270.5], [-159, 4298.0], [-157, 3060.5], [-156, 3001.0], [-155, 2946.0], [-154, 2837.0], [-153, 2789.5], [-152, 2696.0], [-151, 2651.0], [-150, 2568.5], [-149, 2530.5], [-148, 2457.0], [-147, 2422.5], [-146, 2392.0], [-145, 2330.0], [-144, 2300.0], [-143, 2245.5], [-142, 2219.0], [-141, 2171.5], [-140, 2148.5], [-139, 2101.5], [-138, 2080.5], [-137, 2060.0], [-136, 2024.5], [-135, 2006.0], [-134, 1970.0], [-132, 561.0], [-131, 559.5], [-130, 552.0], [-129, 553.0], [-128, 560.0], [-127, 558.0], [-126, 559.5], [-125, 561.5], [-124, 564.5], [-123, 566.0], [-122, 578.5], [-121, 587.5], [-120, 607.0], [-117, 1693.5], [-116, 1688.5], [-115, 1683.0], [-114, 1673.0], [-113, 1668.0], [-112, 1658.5], [-111, 1654.5], [-110, 1649.5], [-109, 1646.25], [-108, 1639.0], [-107, 1637.25], [-106, 1635.25], [-105, 1631.75], [-104, 1630.5], [-103, 1628.5], [-101, 1291.5], [-100, 1293.5], [-99, 1295.0], [-98, 1297.0], [-97, 1299.5], [-96, 1303.5], [-95, 1308.0], [-94, 1311.5], [-93, 1319.0], [-91, 1636.0], [-90, 1641.0], [-89, 1644.0], [-88, 1651.0], [-87, 1655.5], [-86, 1665.0], [-85, 1670.0], [-84, 1682.0], [-83, 1687.0], [-82, 1699.0], [-81, 1706.5], [-80, 1715.0], [-79, 1729.0], [-78, 1738.0], [-77, 1757.0], [-74, 293.0], [-72, 259.0], [-71, 257.5], [-70, 253.0], [-69, 250.0], [-68, 247.5], [-67, 240.5], [-66, 239.0], [-65, 234.0], [-64, 233.0], [-63, 233.25], [-62, 232.75], [-61, 233.0], [-60, 232.0], [-59, 230.5], [-58, 228.25], [-57, 228.25], [-56, 227.5], [-55, 229.0], [-52, 234.5], [-50, 227.0], [-49, 228.5], [-48, 234.0], [-47, 233.0], [-46, 234.5], [-41, 4012.0], [-40, 3955.0], [-39, 3930.5], [-38, 3906.0], [-37, 3861.0], [-36, 3836.5], [-35, 3825.0], [-34, 3992.0], [-33, 4106.0], [-32, 4366.5], [-25, 6784.5], [-24, 6753.0], [-22, 7124.5], [-21, 7100.0], [-19, 2324.0], [-18, 2330.5], [-17, 2361.5], [-16, 2377.5], [-14, 2358.25], [-13, 2352.5], [-12, 2350.5], [-11, 2347.5], [-10, 2348.5], [-9, 2359.5], [-7, 6792.0], [-5, 7049.5]]}