{"heading": 16.4, "target": 35.00109427304505, "gap_dist": 369.5868035288817, "gap_info": [{"width": 55.11816132092202, "center_angle": -3.4340511128105478, "edge_a": [-4, 181.0], "edge_b": [-3, 236.0], "depth": 236.0, "passable": false, "chosen": false}, {"width": 369.5868035288817, "center_angle": 35.00109427304505, "edge_a": [-3, 236.0], "edge_b": [52, 497.0], "depth": 497.0, "passable": true, "chosen": true}], "scan": [[-3, 236.0], [6, 3553.5], [7, 3552.5], [9, 1645.5], [10, 1645.5], [11, 1645.5], [12, 1645.0], [13, 1642.5], [14, 1644.0], [15, 1646.5], [18, 3468.5], [21, 959.5], [23, 789.5], [24, 791.0], [25, 793.5], [26, 793.5], [27, 797.5], [28, 798.5], [29, 801.5], [30, 805.5], [31, 809.5], [32, 815.0], [33, 818.5], [34, 820.5], [35, 826.5], [36, 830.5], [37, 848.5], [39, 867.0], [43, 639.0], [44, 609.0], [45, 599.0], [46, 588.0], [47, 564.5], [48, 553.0], [49, 533.5], [50, 527.0], [52, 497.0], [53, 483.5], [54, 476.0], [55, 463.5], [56, 455.5], [57, 444.5], [58, 439.5], [59, 433.0], [60, 423.5], [61, 419.0], [62, 408.0], [63, 403.5], [64, 394.5], [65, 397.0], [66, 402.0], [68, 372.0], [69, 379.5], [70, 377.5], [71, 375.5], [73, 362.0], [74, 354.0], [76, 333.0], [77, 332.5], [78, 325.0], [79, 323.5], [80, 324.5], [81, 323.5], [82, 323.0], [84, 308.5], [85, 305.0], [86, 299.5], [87, 302.0], [88, 299.5], [89, 298.0], [90, 295.5], [91, 295.0], [93, 294.5], [94, 292.5], [95, 289.0], [96, 284.5], [97, 283.5], [98, 282.5], [99, 282.0], [100, 280.5], [101, 280.5], [102, 280.0], [103, 279.0], [104, 282.0], [105, 281.5], [106, 279.5], [107, 280.0], [108, 279.5], [109, 280.5], [110, 278.5], [111, 280.5], [112, 279.5], [113, 279.5], [114, 279.5], [115, 280.0], [116, 281.5], [117, 283.0], [118, 282.0], [119, 282.5], [120, 284.0], [121, 287.0], [122, 287.5], [123, 288.5], [124, 289.5], [125, 290.0], [126, 291.5], [127, 298.0], [128, 300.5], [129, 304.0], [130, 302.0], [131, 303.5], [132, 305.0], [133, 309.75], [134, 310.0], [135, 315.5], [136, 316.5], [137, 321.75], [138, 322.5], [139, 324.25], [140, 329.75], [141, 333.0], [142, 337.25], [143, 339.75], [144, 346.5], [145, 349.0], [146, 354.0], [147, 356.5], [148, 364.5], [149, 368.5], [150, 376.5], [151, 381.0], [152, 385.0], [153, 394.5], [154, 397.5], [155, 409.0], [156, 421.5], [157, 426.5], [158, 431.5], [159, 444.0], [160, 450.0], [161, 464.5], [162, 471.5], [163, 486.5], [164, 494.0], [167, 3591.5], [168, 3551.0], [169, 3529.0], [170, 3487.5], [172, 1989.0], [173, 1999.5], [174, 2002.0], [175, 2022.0], [177, 773.5], [178, 764.5], [179, 762.5], [180, 760.0], [-180, 756.5], [-179, 755.0], [-178, 754.5], [-177, 758.5], [-176, 760.0], [-175, 768.5], [-171, 3164.5], [-170, 3160.0], [-167, 760.0], [-166, 740.5], [-165, 728.5], [-164, 725.5], [-163, 722.5], [-162, 719.0], [-161, 719.5], [-160, 719.5], [-159, 721.0], [-158, 723.0], [-157, 737.5], [-155, 3138.5], [-154, 3151.0], [-153, 3166.0], [-152, 3160.0], [-151, 3133.5], [-147, 2550.5], [-146, 2560.0], [-144, 872.0], [-143, 880.0], [-142, 892.5], [-141, 895.0], [-140, 891.0], [-139, 875.75], [-138, 883.25], [-137, 887.75], [-136, 906.0], [-134, 956.0], [-133, 942.5], [-132, 947.5], [-131, 969.5], [-130, 980.5], [-129, 1000.0], [-127, 1408.0], [-126, 1383.5], [-125, 1342.0], [-124, 1323.5], [-123, 1284.0], [-122, 1265.0], [-121, 1229.5], [-120, 1214.5], [-119, 1183.5], [-118, 1168.0], [-117, 1141.5], [-116, 1126.5], [-115, 1101.5], [-114, 1090.5], [-113, 1066.5], [-112, 1056.5], [-111, 1034.5], [-110, 1024.5], [-109, 1006.0], [-108, 998.0], [-107, 980.0], [-106, 971.5], [-105, 959.5], [-104, 952.5], [-103, 940.0], [-102, 933.5], [-101, 921.0], [-100, 914.5], [-99, 901.5], [-98, 896.5], [-97, 887.0], [-96, 883.0], [-95, 874.5], [-94, 871.0], [-93, 863.5], [-92, 860.25], [-91, 856.0], [-90, 853.0], [-89, 849.0], [-88, 843.5], [-87, 839.5], [-86, 833.5], [-85, 833.0], [-84, 828.0], [-83, 826.5], [-82, 825.0], [-81, 823.0], [-80, 817.0], [-79, 815.0], [-78, 814.0], [-77, 813.0], [-76, 810.5], [-75, 811.0], [-74, 809.5], [-73, 809.5], [-72, 808.5], [-71, 810.0], [-70, 810.5], [-69, 811.0], [-68, 811.0], [-67, 812.5], [-66, 812.5], [-65, 814.5], [-64, 816.0], [-63, 819.5], [-62, 821.0], [-61, 824.0], [-60, 827.0], [-59, 830.5], [-58, 832.0], [-57, 838.0], [-56, 843.0], [-55, 848.5], [-54, 852.0], [-53, 855.0], [-52, 862.0], [-51, 865.5], [-48, 362.5], [-46, 334.0], [-45, 319.0], [-44, 312.0], [-43, 298.0], [-42, 292.5], [-41, 281.0], [-40, 274.0], [-39, 263.0], [-38, 259.5], [-37, 251.5], [-36, 248.0], [-35, 239.5], [-34, 235.5], [-33, 228.0], [-32, 224.5], [-31, 219.0], [-30, 216.0], [-29, 211.0], [-28, 207.5], [-27, 202.5], [-26, 200.5], [-25, 197.5], [-24, 195.0], [-23, 192.5], [-22, 187.5], [-21, 186.0], [-20, 182.5], [-19, 181.0], [-18, 177.5], [-17, 176.5], [-16, 175.5], [-15, 172.5], [-14, 170.0], [-13, 169.0], [-12, 166.5], [-11, 165.5], [-10, 164.0], [-9, 165.0], [-8, 165.5], [-7, 170.5], [-6, 173.0], [-5, 177.5], [-4, 181.0]]}