{"heading": -94.4, "target": -44.762687979393846, "gap_dist": 310.1303255208793, "gap_info": [{"width": 247.57007773088006, "center_angle": -164.87033560807208, "edge_a": [-173, 495.0], "edge_b": [-151, 292.0], "depth": 495.0, "passable": false, "chosen": false}, {"width": 310.1303255208793, "center_angle": -44.762687979393846, "edge_a": [-83, 205.5], "edge_b": [-28, 441.0], "depth": 441.0, "passable": true, "chosen": true}, {"width": 438.91372996255205, "center_angle": 128.7859339782154, "edge_a": [85, 224.5], "edge_b": [147, 497.0], "depth": 497.0, "passable": true, "chosen": false}], "scan": [[-2, 302.0], [-1, 299.5], [0, 295.0], [1, 292.5], [2, 289.0], [3, 288.0], [4, 286.0], [5, 282.0], [6, 281.5], [7, 279.5], [8, 277.0], [10, 251.0], [11, 248.0], [12, 246.5], [13, 237.5], [14, 236.0], [15, 231.5], [16, 228.5], [17, 225.5], [18, 221.0], [19, 219.0], [20, 216.0], [21, 215.0], [22, 212.5], [23, 209.5], [24, 208.0], [25, 205.5], [26, 205.0], [27, 204.5], [28, 203.0], [29, 201.0], [30, 200.0], [31, 199.0], [32, 196.5], [33, 195.0], [34, 194.0], [35, 193.5], [36, 192.5], [37, 192.5], [38, 191.0], [39, 190.0], [40, 190.0], [41, 188.0], [42, 188.0], [43, 187.5], [44, 187.5], [45, 186.5], [46, 185.5], [47, 184.5], [48, 182.5], [49, 181.0], [50, 181.0], [51, 180.0], [52, 181.0], [53, 182.0], [54, 181.5], [55, 183.5], [56, 183.5], [57, 184.0], [58, 186.0], [59, 186.5], [60, 186.5], [61, 187.0], [62, 186.0], [63, 190.0], [64, 189.5], [65, 191.5], [66, 191.5], [67, 193.5], [68, 194.0], [69, 194.5], [70, 196.0], [71, 197.5], [72, 200.5], [73, 201.5], [74, 202.0], [75, 203.5], [76, 205.5], [77, 207.0], [78, 208.0], [79, 209.5], [80, 211.5], [81, 213.0], [82, 217.5], [83, 220.5], [84, 224.0], [85, 224.5], [89, 1393.5], [90, 1393.5], [96, 2744.5], [98, 1493.0], [99, 1487.5], [100, 1485.5], [101, 1491.0], [102, 1488.5], [105, 982.5], [106, 964.0], [108, 885.0], [109, 867.0], [110, 833.5], [111, 819.0], [112, 804.5], [113, 777.0], [114, 764.0], [115, 745.5], [116, 735.5], [117, 728.0], [118, 708.0], [119, 700.0], [120, 684.5], [121, 678.0], [122, 671.5], [124, 634.0], [125, 626.0], [126, 617.0], [127, 604.0], [128, 597.5], [129, 585.0], [130, 579.0], [131, 574.5], [132, 565.0], [133, 558.25], [134, 551.0], [135, 547.5], [136, 544.0], [137, 536.5], [138, 532.0], [139, 528.0], [140, 525.0], [141, 521.5], [142, 514.0], [143, 512.5], [144, 509.5], [145, 505.5], [146, 502.0], [147, 497.0], [148, 496.0], [149, 491.5], [150, 490.5], [151, 487.5], [152, 485.5], [153, 489.0], [154, 482.0], [155, 479.5], [156, 478.5], [157, 476.5], [158, 478.0], [159, 475.0], [160, 474.5], [161, 471.5], [162, 471.0], [163, 468.5], [164, 468.0], [165, 470.0], [166, 470.0], [167, 471.0], [168, 468.5], [169, 467.5], [170, 471.0], [171, 470.0], [172, 474.0], [173, 475.0], [174, 480.5], [175, 478.0], [176, 473.5], [177, 474.0], [178, 473.0], [179, 475.0], [180, 477.5], [-179, 480.5], [-178, 494.5], [-177, 493.0], [-176, 492.0], [-175, 491.0], [-174, 488.5], [-173, 495.0], [-171, 523.5], [-170, 528.0], [-169, 525.0], [-168, 518.0], [-164, 543.0], [-163, 549.5], [-162, 555.0], [-161, 566.0], [-160, 572.0], [-159, 578.0], [-158, 590.0], [-157, 595.0], [-156, 610.5], [-155, 619.0], [-154, 626.0], [-153, 638.5], [-151, 292.0], [-150, 287.5], [-149, 278.5], [-148, 276.0], [-147, 269.5], [-146, 267.5], [-145, 264.5], [-144, 256.5], [-143, 254.5], [-142, 250.0], [-141, 247.5], [-140, 244.0], [-139, 240.25], [-138, 238.5], [-137, 233.0], [-136, 230.5], [-135, 228.25], [-134, 223.5], [-133, 222.25], [-132, 219.25], [-131, 216.75], [-130, 214.25], [-129, 213.25], [-128, 210.25], [-127, 208.75], [-126, 207.0], [-125, 204.0], [-124, 203.0], [-123, 203.75], [-122, 201.5], [-121, 202.0], [-120, 201.25], [-119, 200.5], [-118, 199.0], [-117, 198.0], [-116, 197.0], [-115, 196.0], [-114, 194.5], [-113, 194.5], [-112, 194.5], [-111, 193.5], [-110, 193.0], [-109, 192.5], [-108, 191.0], [-107, 189.5], [-106, 188.0], [-105, 187.5], [-104, 187.0], [-103, 188.5], [-102, 187.5], [-101, 188.0], [-100, 190.0], [-99, 191.5], [-98, 192.5], [-97, 193.0], [-96, 195.0], [-95, 196.0], [-94, 194.5], [-93, 197.0], [-92, 197.0], [-91, 197.5], [-90, 201.0], [-89, 200.5], [-88, 202.5], [-87, 202.0], [-86, 202.0], [-85, 203.0], [-84, 203.5], [-83, 205.5], [-81, 711.0], [-80, 704.0], [-79, 706.5], [-78, 713.0], [-77, 717.0], [-76, 729.5], [-75, 733.0], [-74, 737.0], [-73, 744.0], [-72, 747.5], [-71, 758.5], [-70, 764.5], [-69, 769.0], [-68, 781.5], [-67, 788.0], [-66, 798.5], [-65, 804.0], [-64, 812.0], [-63, 828.5], [-62, 840.0], [-61, 869.0], [-60, 876.5], [-59, 852.0], [-58, 837.0], [-57, 817.5], [-56, 804.0], [-55, 792.5], [-54, 779.0], [-53, 770.5], [-52, 758.0], [-51, 754.5], [-50, 747.0], [-49, 740.5], [-48, 739.0], [-47, 733.0], [-46, 733.0], [-45, 726.5], [-44, 719.0], [-43, 717.5], [-42, 707.5], [-41, 697.5], [-40, 693.0], [-39, 698.5], [-38, 692.0], [-37, 675.5], [-36, 670.5], [-35, 659.5], [-34, 654.5], [-33, 652.5], [-32, 644.5], [-31, 647.5], [-30, 631.5], [-28, 441.0], [-27, 424.5], [-26, 415.5], [-25, 402.0], [-24, 395.5], [-23, 382.0], [-22, 376.0], [-21, 371.5], [-20, 357.5], [-19, 352.5], [-18, 342.0], [-17, 337.0], [-16, 332.0], [-15, 323.5], [-14, 320.0], [-13, 313.5], [-12, 310.5], [-11, 307.0], [-10, 300.0], [-9, 296.5], [-8, 291.5], [-7, 289.0], [-6, 283.5], [-5, 281.5], [-4, 279.5], [-3, 274.0]]}