{"heading": -91.8, "target": -100.54076737962534, "gap_dist": 374.7180657005438, "gap_info": [{"width": 374.7180657005438, "center_angle": -100.54076737962534, "edge_a": [-138, 310.5], "edge_b": [-75, 438.0], "depth": 438.0, "passable": true, "chosen": true}, {"width": 221.66099220061756, "center_angle": 72.7896545107136, "edge_a": [67, 716.0], "edge_b": [85, 341.5], "depth": 716.0, "passable": false, "chosen": false}], "scan": [[-2, 186.5], [-1, 208.5], [0, 208.5], [1, 210.5], [2, 211.5], [3, 211.5], [4, 212.0], [5, 212.0], [6, 214.0], [7, 215.5], [8, 217.5], [9, 217.5], [10, 219.5], [11, 220.5], [12, 221.5], [13, 221.0], [14, 221.5], [15, 223.5], [16, 227.0], [17, 227.0], [18, 230.5], [19, 231.5], [20, 234.5], [21, 238.5], [22, 240.5], [23, 245.0], [24, 246.0], [25, 248.5], [26, 249.5], [27, 250.5], [28, 256.5], [29, 260.0], [30, 265.5], [31, 269.0], [32, 272.5], [33, 275.5], [34, 281.0], [35, 284.5], [36, 286.5], [37, 292.5], [38, 298.5], [39, 304.5], [40, 309.0], [42, 323.5], [43, 326.0], [44, 338.0], [45, 344.5], [46, 355.5], [48, 376.0], [49, 379.0], [50, 383.5], [53, 425.0], [54, 436.0], [55, 438.0], [57, 486.0], [58, 492.0], [59, 506.0], [61, 549.0], [64, 620.0], [67, 716.0], [77, 2530.0], [78, 2511.0], [79, 2507.5], [81, 15033.5], [82, 15017.5], [83, 15009.0], [85, 341.5], [86, 337.0], [87, 337.5], [88, 338.25], [89, 339.75], [90, 341.5], [91, 341.75], [92, 342.25], [93, 342.75], [94, 344.75], [95, 345.5], [96, 347.0], [97, 347.0], [98, 347.0], [99, 350.25], [100, 350.75], [101, 353.75], [102, 355.5], [103, 355.75], [104, 358.75], [105, 360.5], [106, 365.5], [107, 368.0], [108, 370.0], [109, 374.0], [110, 374.25], [111, 377.0], [112, 380.5], [113, 383.0], [114, 388.5], [115, 391.0], [116, 396.5], [117, 399.5], [118, 403.5], [119, 410.0], [120, 414.5], [121, 418.5], [122, 423.5], [123, 430.5], [124, 435.5], [125, 446.0], [126, 451.5], [128, 1272.5], [129, 1240.5], [130, 1227.0], [131, 1198.0], [132, 1186.0], [133, 1163.0], [134, 1151.0], [135, 1138.5], [136, 1119.0], [137, 1108.5], [138, 1098.0], [139, 1080.5], [140, 1070.5], [141, 1054.0], [142, 1046.5], [143, 1037.0], [144, 1021.0], [145, 1013.0], [146, 1002.0], [147, 993.5], [148, 985.0], [149, 977.0], [150, 970.0], [151, 957.0], [152, 951.0], [153, 948.0], [154, 936.0], [155, 931.0], [156, 923.5], [157, 920.75], [158, 914.25], [159, 911.5], [160, 906.75], [161, 905.5], [162, 903.5], [163, 898.5], [164, 896.5], [165, 896.0], [166, 894.5], [167, 895.0], [168, 892.0], [169, 893.0], [170, 890.0], [171, 892.0], [172, 890.0], [173, 890.5], [174, 889.0], [175, 891.0], [176, 892.0], [177, 894.5], [178, 899.0], [179, 899.0], [-180, 905.0], [-179, 907.0], [-178, 902.5], [-177, 901.0], [-176, 912.0], [-175, 931.0], [-173, 584.5], [-170, 474.5], [-169, 458.5], [-168, 450.0], [-167, 442.5], [-166, 435.5], [-165, 423.5], [-164, 417.5], [-163, 408.5], [-162, 403.0], [-161, 391.5], [-160, 387.0], [-159, 383.0], [-158, 377.0], [-157, 372.5], [-156, 366.0], [-155, 363.0], [-154, 359.5], [-153, 351.5], [-152, 348.0], [-151, 342.5], [-150, 339.0], [-149, 335.0], [-148, 331.0], [-147, 327.5], [-146, 325.5], [-145, 322.5], [-144, 316.5], [-143, 315.5], [-142, 315.0], [-141, 309.5], [-140, 307.0], [-139, 307.0], [-138, 310.5], [-129, 1708.5], [-128, 1739.5], [-127, 1780.0], [-126, 1864.5], [-125, 1907.0], [-123, 1212.5], [-122, 1208.0], [-121, 1202.0], [-120, 1191.0], [-119, 1187.0], [-117, 1241.0], [-116, 1261.5], [-114, 833.0], [-113, 833.5], [-112, 838.5], [-111, 843.5], [-110, 850.5], [-109, 854.5], [-108, 862.0], [-107, 865.0], [-106, 870.0], [-105, 879.5], [-104, 884.0], [-103, 894.5], [-102, 901.0], [-101, 909.0], [-100, 919.0], [-99, 925.5], [-98, 938.5], [-97, 947.0], [-95, 7465.0], [-90, 1297.5], [-75, 438.0], [-73, 400.0], [-72, 391.0], [-71, 383.0], [-69, 357.5], [-68, 347.0], [-67, 338.5], [-66, 332.5], [-65, 319.5], [-64, 315.5], [-63, 305.0], [-62, 301.5], [-61, 296.0], [-60, 293.0], [-59, 296.0], [-57, 282.75], [-56, 268.0], [-55, 268.0], [-54, 268.0], [-52, 268.0], [-50, 258.0], [-47, 232.0], [-46, 232.5], [-44, 224.0], [-43, 224.5], [-42, 226.5], [-41, 227.5], [-40, 228.5], [-38, 226.0], [-36, 216.5], [-34, 207.0], [-32, 198.0], [-31, 199.0], [-30, 195.5], [-29, 195.5], [-28, 194.5], [-26, 187.5], [-25, 188.5], [-24, 187.5], [-23, 187.0], [-22, 187.5], [-21, 188.5], [-20, 187.5], [-19, 187.0], [-18, 186.0], [-17, 186.5], [-16, 187.0], [-15, 187.0], [-14, 186.0], [-13, 185.5], [-12, 185.0], [-11, 185.0], [-10, 185.0], [-9, 185.5], [-8, 185.0], [-7, 185.0], [-6, 185.5], [-5, 186.0], [-4, 186.5], [-3, 186.0]]}