{"heading": -32.6, "target": 99.0001367970883, "gap_dist": 352.95516139286394, "gap_info": [{"width": 185.10403822328848, "center_angle": -23.658931829803745, "edge_a": [-56, 173.0], "edge_b": [9, 171.5], "depth": 173.0, "passable": false, "chosen": false}, {"width": 244.56386938153463, "center_angle": 42.436511116242684, "edge_a": [17, 176.0], "edge_b": [52, 455.0], "depth": 455.0, "passable": false, "chosen": false}, {"width": 352.95516139286394, "center_angle": 99.0001367970883, "edge_a": [86, 474.0], "edge_b": [172, 111.5], "depth": 474.0, "passable": true, "chosen": true}], "scan": [[-1, 1990.0], [0, 1953.0], [1, 1886.0], [3, 657.0], [4, 653.0], [9, 171.5], [10, 170.0], [11, 166.0], [12, 166.0], [13, 167.0], [14, 168.5], [15, 172.0], [16, 172.0], [17, 176.0], [19, 1071.5], [20, 1050.5], [21, 1041.5], [22, 1054.5], [23, 1064.5], [25, 838.0], [26, 820.0], [27, 814.0], [28, 799.0], [29, 792.0], [30, 781.5], [31, 768.5], [32, 763.0], [33, 757.5], [34, 749.5], [35, 744.5], [36, 739.5], [37, 750.0], [38, 767.0], [39, 786.0], [40, 826.0], [42, 902.0], [44, 980.0], [45, 982.0], [46, 985.0], [47, 981.5], [48, 976.5], [49, 974.5], [50, 973.0], [52, 455.0], [53, 445.0], [54, 427.5], [55, 418.5], [56, 404.5], [57, 397.5], [58, 385.5], [59, 379.0], [60, 372.0], [61, 359.5], [62, 353.5], [63, 346.0], [64, 340.0], [65, 334.0], [66, 324.0], [67, 319.5], [68, 313.5], [69, 314.5], [70, 312.5], [71, 316.5], [72, 320.5], [73, 328.5], [74, 334.5], [75, 341.0], [76, 351.5], [77, 359.0], [78, 374.5], [79, 382.0], [80, 389.0], [81, 403.5], [82, 411.5], [83, 430.5], [84, 440.0], [85, 460.5], [86, 474.0], [88, 516.5], [92, 945.0], [93, 966.0], [95, 1383.0], [96, 1332.0], [97, 1306.0], [98, 1296.5], [99, 1315.5], [100, 1331.0], [101, 1332.5], [102, 1360.5], [103, 1372.5], [104, 1399.5], [105, 1412.5], [106, 1429.5], [107, 1461.5], [108, 1479.5], [109, 1519.0], [110, 1539.5], [111, 1581.0], [112, 1603.0], [114, 2290.5], [116, 2181.5], [117, 2143.0], [118, 2101.0], [119, 2081.0], [120, 2077.5], [121, 2078.0], [122, 2094.5], [123, 2109.5], [124, 2129.0], [126, 2958.0], [127, 2949.0], [128, 2935.5], [129, 2927.5], [130, 2922.0], [131, 2915.5], [138, 2536.5], [139, 2464.5], [140, 2506.5], [143, 6928.5], [144, 6927.5], [145, 6911.5], [147, 9474.5], [148, 9472.0], [151, 11495.5], [154, 2543.5], [156, 3013.0], [160, 2285.0], [165, 70.75], [166, 69.75], [172, 111.5], [173, 116.75], [174, 119.25], [175, 123.25], [176, 125.0], [177, 126.75], [178, 124.0], [179, 120.5], [-175, 68.25], [-169, 70.25], [-168, 69.5], [-148, 6366.0], [-141, 6463.5], [-140, 6444.0], [-139, 6426.0], [-133, 6305.0], [-130, 6188.5], [-126, 1431.0], [-125, 1438.0], [-124, 1458.0], [-123, 1468.0], [-119, 2891.5], [-118, 2907.5], [-112, 6483.5], [-110, 1527.0], [-109, 1519.0], [-108, 1517.0], [-106, 6694.0], [-105, 6759.0], [-103, 6622.5], [-95, 194.0], [-94, 189.0], [-93, 190.0], [-91, 182.5], [-90, 183.5], [-88, 180.5], [-87, 178.5], [-86, 174.5], [-85, 171.0], [-84, 169.5], [-83, 168.0], [-82, 167.5], [-81, 167.0], [-80, 164.5], [-79, 164.0], [-78, 163.5], [-77, 162.0], [-76, 162.0], [-75, 161.5], [-74, 160.0], [-73, 160.0], [-72, 159.5], [-71, 159.25], [-70, 160.0], [-69, 159.0], [-68, 160.5], [-67, 161.75], [-66, 162.0], [-65, 162.5], [-64, 162.5], [-63, 164.5], [-62, 166.0], [-61, 169.0], [-60, 169.5], [-59, 170.5], [-58, 171.0], [-57, 170.5], [-56, 173.0], [-53, 2041.5], [-46, 3419.0], [-37, 9564.5], [-33, 7625.0], [-32, 7619.5], [-27, 761.0], [-16, 3230.5], [-13, 2897.5], [-12, 2749.5], [-10, 2420.5], [-9, 2363.5], [-8, 2260.0], [-7, 2214.5], [-6, 2125.0], [-5, 2084.0], [-4, 2045.0], [-3, 1970.5]]}