{"heading": -38.1, "target": -122.79454424548554, "gap_dist": 355.3615880061262, "gap_info": [{"width": 355.3615880061262, "center_angle": -122.79454424548554, "edge_a": [-136, 410.5], "edge_b": [-79, 135.5], "depth": 410.5, "passable": true, "chosen": true}, {"width": 108.97789863392167, "center_angle": -27.59456560161888, "edge_a": [-32, 262.25], "edge_b": [-25, 445.0], "depth": 445.0, "passable": false, "chosen": false}, {"width": 216.6415040018646, "center_angle": 113.53108246826305, "edge_a": [110, 484.0], "edge_b": [116, 692.0], "depth": 692.0, "passable": false, "chosen": false}], "scan": [[-2, 245.5], [0, 233.25], [3, 226.0], [4, 223.0], [5, 218.75], [6, 215.25], [7, 213.25], [8, 211.0], [9, 208.75], [10, 204.5], [12, 197.75], [13, 199.5], [14, 195.25], [15, 193.5], [16, 187.75], [17, 188.0], [19, 182.75], [20, 179.75], [21, 177.75], [22, 178.75], [23, 177.25], [24, 177.25], [25, 177.25], [26, 174.0], [27, 172.25], [28, 170.5], [29, 170.25], [30, 172.0], [31, 170.75], [32, 167.5], [33, 166.0], [34, 165.0], [36, 168.25], [37, 165.75], [38, 166.25], [39, 164.0], [40, 164.75], [41, 164.75], [42, 164.75], [43, 165.5], [44, 163.75], [45, 165.75], [46, 164.75], [47, 164.0], [48, 164.75], [49, 167.5], [51, 172.25], [52, 172.25], [53, 173.25], [54, 172.0], [55, 173.0], [56, 173.75], [57, 174.75], [58, 177.75], [59, 176.0], [60, 177.75], [61, 181.25], [63, 187.25], [64, 188.25], [65, 191.5], [66, 192.5], [67, 194.25], [68, 195.75], [70, 206.5], [71, 205.5], [72, 207.25], [73, 209.0], [74, 209.0], [75, 212.0], [76, 214.5], [77, 220.0], [78, 220.0], [79, 220.25], [80, 229.5], [81, 230.0], [82, 232.75], [83, 236.25], [84, 243.0], [85, 243.75], [86, 248.5], [87, 254.5], [88, 256.5], [89, 263.75], [90, 270.0], [91, 278.5], [92, 282.0], [94, 305.0], [95, 306.5], [97, 321.75], [99, 339.25], [100, 342.0], [101, 359.0], [102, 362.75], [104, 387.0], [105, 395.0], [107, 423.75], [110, 484.0], [116, 692.0], [128, 1612.0], [130, 2098.5], [133, 2104.75], [134, 2107.5], [135, 2111.25], [136, 2114.25], [137, 2117.75], [138, 2123.25], [139, 2127.75], [140, 2138.5], [145, 1411.25], [151, 10256.5], [152, 10349.25], [155, 1108.0], [156, 1097.5], [157, 1102.0], [160, 1876.5], [167, 11147.5], [169, 5723.0], [-175, 2996.25], [-170, 1043.5], [-169, 1041.0], [-168, 1030.0], [-167, 1003.75], [-166, 994.25], [-165, 987.25], [-164, 976.25], [-163, 970.25], [-162, 956.0], [-160, 489.0], [-159, 485.0], [-158, 479.25], [-157, 472.0], [-156, 467.75], [-155, 460.75], [-154, 456.75], [-153, 452.75], [-152, 446.75], [-151, 444.5], [-150, 439.25], [-149, 436.0], [-148, 430.25], [-147, 429.25], [-146, 427.0], [-145, 422.75], [-144, 420.5], [-143, 418.25], [-142, 415.0], [-141, 411.75], [-140, 410.0], [-139, 409.0], [-138, 409.25], [-137, 408.75], [-136, 410.5], [-132, 950.25], [-131, 918.0], [-130, 910.75], [-129, 911.5], [-128, 913.75], [-127, 918.75], [-126, 921.0], [-125, 929.25], [-124, 932.5], [-123, 937.25], [-122, 943.25], [-121, 947.5], [-120, 954.5], [-119, 955.75], [-118, 965.25], [-117, 969.75], [-116, 973.25], [-115, 984.75], [-114, 991.0], [-113, 996.0], [-112, 1002.0], [-111, 1020.25], [-110, 1025.5], [-109, 1025.0], [-108, 1037.5], [-107, 1046.5], [-106, 1055.0], [-105, 1063.25], [-104, 1074.75], [-103, 1094.25], [-102, 1105.0], [-101, 1119.75], [-100, 1128.75], [-99, 1150.75], [-98, 1161.75], [-97, 1173.25], [-96, 1199.0], [-95, 1212.75], [-94, 1228.25], [-93, 1256.5], [-92, 1273.0], [-79, 135.5], [-78, 132.5], [-77, 126.5], [-76, 123.75], [-75, 120.75], [-74, 119.5], [-73, 117.75], [-72, 117.5], [-71, 117.75], [-70, 118.0], [-69, 118.0], [-68, 118.75], [-67, 120.0], [-66, 121.0], [-65, 121.75], [-64, 123.5], [-63, 124.25], [-62, 125.5], [-61, 126.0], [-60, 127.25], [-59, 128.5], [-58, 130.25], [-57, 132.25], [-56, 133.75], [-55, 137.25], [-54, 138.25], [-53, 141.5], [-52, 143.5], [-51, 145.0], [-50, 147.25], [-49, 148.75], [-47, 158.75], [-46, 159.75], [-45, 166.25], [-44, 170.0], [-43, 173.75], [-42, 178.5], [-40, 192.5], [-39, 197.5], [-38, 206.75], [-36, 220.5], [-33, 254.25], [-32, 262.25], [-25, 445.0], [-22, 401.0], [-20, 378.75], [-19, 364.75], [-18, 357.75], [-17, 350.75], [-16, 343.5], [-15, 337.5], [-14, 327.0], [-13, 322.25], [-11, 300.0], [-10, 295.5], [-8, 275.75], [-6, 265.0], [-5, 255.75], [-4, 256.0]]}