{"heading": 18.6, "target": -84.61183957403797, "gap_dist": 495.73281578335286, "gap_info": [{"width": 495.73281578335286, "center_angle": -84.61183957403797, "edge_a": [-180, 121.5], "edge_b": [-70, 479.5], "depth": 479.5, "passable": true, "chosen": true}, {"width": 252.11076383691582, "center_angle": -49.70552708595877, "edge_a": [-55, 498.0], "edge_b": [-38, 226.5], "depth": 498.0, "passable": false, "chosen": false}, {"width": 275.75014673635025, "center_angle": 43.928463676176285, "edge_a": [19, 203.5], "edge_b": [171, 107.5], "depth": 203.5, "passable": false, "chosen": false}, {"width": 17.09939409538178, "center_angle": 172.60391973287406, "edge_a": [171, 107.5], "edge_b": [174, 123.5], "depth": 123.5, "passable": false, "chosen": false}], "scan": [[-4, 168.5], [-3, 197.5], [-2, 196.5], [-1, 196.5], [0, 196.0], [1, 195.5], [2, 196.5], [3, 195.5], [4, 196.0], [5, 197.0], [6, 196.0], [7, 196.5], [8, 197.5], [9, 196.5], [10, 196.0], [11, 198.0], [12, 199.0], [13, 199.5], [14, 200.0], [15, 199.5], [16, 200.5], [17, 200.0], [18, 201.0], [19, 203.5], [21, 933.0], [22, 935.5], [23, 936.5], [24, 939.5], [25, 940.0], [26, 942.0], [27, 944.5], [28, 946.0], [29, 951.0], [32, 4047.5], [33, 4010.5], [34, 3977.0], [35, 4042.0], [36, 4112.5], [37, 4187.0], [38, 4355.0], [39, 4443.0], [40, 4633.5], [41, 4735.0], [43, 2298.5], [44, 2295.5], [46, 2596.0], [51, 3301.0], [52, 3261.5], [53, 3252.5], [54, 3238.5], [55, 3218.5], [56, 3208.0], [57, 3198.5], [60, 700.5], [61, 691.5], [62, 682.0], [63, 664.0], [64, 657.5], [65, 640.0], [66, 630.5], [67, 615.25], [68, 606.5], [69, 601.0], [70, 587.0], [71, 580.5], [72, 571.0], [73, 575.5], [74, 587.0], [75, 597.5], [76, 627.0], [80, 2167.5], [81, 2215.5], [82, 2215.5], [83, 2246.0], [84, 2261.0], [86, 2229.0], [87, 2255.0], [88, 2294.0], [89, 2282.5], [90, 2336.0], [91, 2352.75], [92, 2361.25], [93, 2384.5], [94, 2317.5], [95, 2294.0], [97, 2421.5], [98, 2466.75], [99, 2480.0], [100, 2482.5], [101, 2503.0], [103, 3257.0], [104, 3231.5], [105, 3215.5], [106, 3260.5], [109, 1993.0], [110, 1940.5], [111, 1907.0], [112, 1852.0], [113, 1827.0], [114, 1803.0], [115, 1753.5], [116, 1733.0], [117, 1694.0], [118, 1674.5], [119, 1630.5], [120, 1629.0], [121, 1653.5], [122, 1679.5], [123, 1737.5], [124, 1770.5], [125, 1836.5], [126, 1868.5], [127, 1941.5], [128, 1987.5], [129, 2032.0], [130, 2076.5], [132, 2007.5], [133, 2002.5], [134, 1994.0], [135, 1988.5], [136, 1984.5], [137, 1974.5], [138, 1987.5], [140, 2126.0], [141, 2117.0], [142, 2100.0], [143, 2092.0], [144, 2082.0], [145, 2068.0], [146, 2061.5], [147, 2048.5], [148, 2044.5], [149, 2032.0], [150, 2016.0], [151, 2029.0], [152, 2043.0], [153, 2054.5], [154, 2053.5], [155, 2047.5], [156, 2047.0], [157, 2042.5], [158, 2036.5], [159, 2032.0], [160, 2032.0], [161, 2036.5], [165, 70.0], [171, 107.5], [174, 123.5], [175, 126.25], [176, 127.5], [177, 126.75], [178, 125.75], [179, 122.25], [-180, 121.5], [-175, 70.0], [-170, 75.5], [-169, 75.25], [-165, 1998.5], [-164, 2008.5], [-163, 2023.5], [-162, 2003.0], [-161, 2003.5], [-158, 2725.0], [-157, 2757.5], [-156, 2817.0], [-155, 2852.0], [-154, 2925.5], [-153, 2965.5], [-152, 3008.0], [-151, 3094.5], [-150, 3137.5], [-149, 3230.0], [-148, 3281.5], [-147, 3335.5], [-146, 3449.5], [-145, 3510.5], [-144, 3573.0], [-143, 3711.0], [-141, 1953.0], [-140, 1960.5], [-138, 4304.0], [-137, 4400.5], [-136, 4637.0], [-135, 4754.5], [-134, 4884.5], [-131, 1845.5], [-130, 1834.0], [-129, 1819.5], [-128, 1813.0], [-126, 1797.5], [-124, 1772.5], [-123, 1768.5], [-120, 1729.0], [-119, 1726.0], [-118, 1718.5], [-117, 1709.0], [-116, 1704.5], [-115, 1694.5], [-114, 1688.0], [-113, 1686.5], [-112, 1686.5], [-111, 1665.0], [-110, 1645.0], [-109, 1684.5], [-108, 1689.0], [-107, 1698.5], [-106, 1702.0], [-105, 1707.5], [-104, 1724.5], [-103, 1729.0], [-102, 1740.0], [-101, 1748.5], [-100, 1752.5], [-99, 1768.5], [-98, 1768.5], [-95, 1787.0], [-94, 1800.5], [-93, 1810.5], [-91, 3114.5], [-89, 1847.0], [-85, 1879.5], [-84, 1919.5], [-81, 1960.0], [-80, 1948.0], [-79, 1950.0], [-78, 1964.0], [-73, 550.0], [-71, 504.5], [-70, 479.5], [-69, 470.0], [-68, 460.5], [-67, 440.0], [-66, 434.5], [-65, 432.0], [-64, 437.5], [-63, 443.5], [-62, 448.0], [-61, 455.25], [-60, 462.0], [-59, 470.5], [-58, 475.0], [-57, 482.0], [-56, 494.0], [-55, 498.0], [-54, 512.25], [-53, 522.5], [-52, 529.0], [-51, 546.0], [-50, 555.0], [-49, 563.0], [-48, 585.5], [-46, 2580.5], [-45, 2568.0], [-44, 2538.0], [-43, 2525.0], [-42, 2501.0], [-41, 2487.5], [-40, 2475.0], [-38, 226.5], [-37, 224.0], [-36, 221.5], [-35, 219.0], [-34, 215.0], [-33, 212.0], [-32, 209.0], [-31, 207.0], [-30, 206.0], [-29, 200.5], [-28, 199.0], [-27, 196.0], [-26, 195.0], [-25, 194.0], [-24, 191.0], [-23, 189.5], [-22, 188.0], [-21, 186.0], [-20, 184.0], [-19, 182.5], [-18, 181.5], [-17, 181.5], [-16, 179.0], [-15, 178.0], [-14, 176.5], [-13, 176.5], [-12, 176.0], [-11, 174.0], [-10, 174.5], [-9, 174.0], [-8, 173.0], [-7, 171.5], [-6, 171.0], [-5, 170.0]]}