{"heading": -72.9, "target": -78.75851306459805, "gap_dist": 380.75386239244915, "gap_info": [{"width": 380.75386239244915, "center_angle": -78.75851306459805, "edge_a": [-101, 465.5], "edge_b": [-39, 275.5], "depth": 465.5, "passable": true, "chosen": true}, {"width": 231.15356188206994, "center_angle": 31.84075520023039, "edge_a": [29, 159.0], "edge_b": [33, 389.5], "depth": 389.5, "passable": false, "chosen": false}, {"width": 385.9449629396249, "center_angle": 82.77111920732217, "edge_a": [60, 491.0], "edge_b": [109, 430.0], "depth": 491.0, "passable": true, "chosen": false}], "scan": [[-2, 164.0], [-1, 163.0], [0, 161.0], [1, 160.0], [2, 158.5], [3, 159.0], [4, 159.5], [5, 158.5], [6, 158.0], [7, 157.5], [8, 157.0], [9, 158.0], [10, 155.5], [11, 155.5], [12, 154.5], [13, 153.0], [14, 153.0], [15, 150.5], [16, 148.5], [17, 147.5], [18, 150.5], [19, 150.0], [21, 153.0], [22, 154.5], [23, 155.0], [24, 154.5], [25, 156.0], [26, 157.5], [27, 157.0], [28, 158.5], [29, 159.0], [33, 389.5], [34, 398.5], [35, 399.0], [36, 400.0], [37, 401.0], [38, 405.5], [39, 408.5], [40, 414.5], [41, 423.5], [43, 419.0], [44, 422.0], [45, 427.5], [46, 430.5], [47, 433.0], [48, 441.5], [49, 443.0], [50, 441.5], [51, 436.5], [52, 439.5], [53, 446.5], [54, 450.5], [55, 456.0], [56, 463.5], [57, 469.0], [58, 475.5], [59, 482.0], [60, 491.0], [61, 500.0], [62, 508.5], [63, 522.0], [64, 528.5], [65, 547.5], [66, 554.0], [67, 573.5], [68, 580.5], [69, 588.5], [70, 612.5], [71, 621.0], [72, 636.5], [73, 645.5], [74, 656.5], [77, 733.0], [78, 745.5], [79, 756.0], [81, 795.0], [82, 825.5], [83, 843.5], [85, 908.5], [88, 1030.0], [90, 1126.5], [95, 3520.0], [98, 1587.0], [99, 1591.5], [100, 1605.5], [103, 2800.5], [105, 1588.5], [106, 1586.5], [109, 430.0], [110, 428.5], [111, 428.0], [112, 429.5], [113, 430.0], [114, 431.0], [115, 431.5], [116, 431.5], [117, 431.0], [118, 432.0], [119, 434.0], [120, 437.5], [121, 437.5], [122, 438.5], [123, 440.5], [124, 441.0], [125, 444.0], [126, 445.0], [127, 447.0], [128, 449.0], [129, 451.0], [130, 455.5], [131, 457.5], [132, 463.75], [133, 466.0], [134, 472.25], [135, 474.0], [136, 478.0], [137, 484.5], [138, 486.5], [139, 489.0], [140, 495.0], [141, 498.0], [142, 509.0], [143, 513.0], [144, 526.0], [146, 1221.0], [147, 1203.5], [148, 1169.0], [149, 1151.0], [150, 1120.5], [151, 1106.0], [152, 1093.0], [153, 1064.0], [154, 1053.5], [155, 1025.0], [156, 1013.0], [157, 1002.5], [158, 982.0], [159, 969.5], [160, 954.5], [161, 944.5], [162, 925.0], [163, 916.5], [164, 908.5], [165, 895.5], [166, 888.0], [167, 874.5], [168, 867.0], [169, 856.0], [170, 850.5], [171, 843.5], [172, 832.5], [173, 827.0], [174, 818.0], [175, 812.5], [176, 803.0], [177, 798.0], [178, 792.0], [179, 787.0], [180, 783.5], [-180, 782.0], [-179, 778.0], [-178, 773.5], [-177, 769.5], [-176, 765.0], [-175, 759.5], [-174, 756.5], [-173, 753.0], [-172, 750.0], [-171, 749.0], [-170, 746.0], [-169, 745.5], [-168, 745.5], [-167, 742.5], [-166, 741.0], [-165, 738.5], [-164, 740.0], [-163, 740.5], [-162, 739.5], [-161, 740.0], [-160, 739.5], [-159, 740.0], [-158, 739.5], [-157, 740.0], [-156, 739.5], [-155, 741.0], [-154, 742.0], [-153, 744.5], [-152, 745.5], [-151, 746.5], [-150, 750.0], [-149, 752.0], [-148, 752.5], [-147, 757.5], [-137, 285.0], [-136, 272.5], [-135, 268.5], [-134, 267.0], [-133, 269.75], [-132, 270.75], [-131, 275.0], [-130, 277.0], [-129, 280.0], [-128, 282.5], [-127, 288.0], [-126, 290.0], [-125, 293.0], [-124, 298.0], [-123, 300.5], [-122, 306.0], [-121, 310.5], [-120, 315.5], [-119, 318.0], [-118, 321.0], [-117, 328.0], [-116, 332.0], [-115, 341.0], [-114, 344.0], [-113, 353.0], [-112, 358.0], [-111, 362.0], [-110, 373.5], [-109, 378.5], [-108, 392.0], [-107, 399.0], [-106, 410.5], [-105, 418.0], [-104, 425.0], [-103, 440.0], [-102, 447.0], [-101, 465.5], [-99, 1030.0], [-98, 1050.5], [-97, 1072.0], [-96, 1119.5], [-95, 1145.0], [-93, 1788.0], [-92, 1833.0], [-91, 1939.0], [-80, 821.5], [-79, 819.0], [-78, 819.5], [-77, 816.5], [-76, 814.5], [-75, 812.0], [-74, 808.0], [-73, 808.0], [-72, 809.0], [-71, 808.5], [-70, 808.0], [-69, 807.5], [-68, 808.5], [-67, 808.0], [-66, 807.5], [-63, 3926.5], [-61, 2415.0], [-60, 2409.0], [-58, 2568.5], [-57, 2570.0], [-53, 1399.0], [-48, 1054.0], [-46, 964.5], [-45, 915.5], [-44, 898.5], [-41, 797.0], [-39, 275.5], [-38, 264.5], [-37, 259.0], [-36, 253.5], [-35, 244.5], [-34, 240.5], [-33, 231.5], [-32, 229.0], [-31, 221.0], [-30, 217.0], [-29, 213.5], [-28, 207.5], [-27, 204.0], [-26, 198.5], [-25, 195.0], [-24, 194.0], [-23, 188.5], [-22, 187.5], [-20, 177.0], [-19, 176.0], [-18, 172.5], [-17, 171.5], [-16, 171.0], [-15, 168.0], [-14, 163.5], [-13, 162.0], [-12, 161.0], [-11, 159.0], [-10, 158.0], [-8, 151.0], [-7, 152.0], [-6, 150.5], [-5, 149.5], [-4, 147.5]]}