{"heading": -59.7, "target": -132.1544341257043, "gap_dist": 311.18305153313247, "gap_info": [{"width": 311.18305153313247, "center_angle": -132.1544341257043, "edge_a": [-148, 494.5], "edge_b": [-97, 234.5], "depth": 494.5, "passable": true, "chosen": true}, {"width": 134.14182897841005, "center_angle": -46.13569031718908, "edge_a": [-52, 253.5], "edge_b": [-43, 473.5], "depth": 473.5, "passable": false, "chosen": false}], "scan": [[-3, 209.5], [-2, 236.0], [-1, 230.5], [0, 229.0], [1, 225.0], [2, 225.0], [3, 221.0], [5, 223.0], [6, 219.0], [7, 220.0], [9, 210.5], [10, 209.5], [11, 209.0], [12, 208.5], [13, 207.0], [14, 205.5], [15, 204.5], [16, 203.5], [17, 204.0], [18, 203.0], [19, 201.0], [20, 203.0], [21, 201.5], [22, 202.0], [23, 202.5], [24, 202.5], [25, 201.5], [26, 201.5], [27, 201.5], [28, 202.0], [29, 201.5], [30, 204.0], [31, 203.5], [32, 203.0], [33, 203.0], [34, 205.5], [35, 206.5], [36, 207.0], [37, 209.5], [38, 211.5], [39, 212.0], [40, 213.0], [41, 215.5], [43, 220.0], [44, 220.0], [45, 221.5], [46, 225.5], [47, 229.0], [48, 230.0], [49, 230.5], [50, 231.0], [51, 233.0], [52, 241.0], [53, 241.0], [54, 245.0], [55, 246.0], [56, 247.0], [57, 252.5], [58, 255.5], [59, 259.5], [60, 263.5], [61, 262.5], [62, 265.5], [63, 271.0], [65, 283.5], [66, 283.5], [67, 295.0], [68, 297.5], [70, 307.5], [71, 315.5], [72, 320.0], [74, 334.0], [75, 342.0], [77, 356.5], [78, 361.0], [79, 376.25], [81, 397.0], [82, 399.5], [83, 409.75], [84, 421.0], [87, 470.0], [88, 491.0], [89, 497.5], [93, 604.5], [99, 812.0], [112, 2069.0], [113, 2040.0], [114, 2043.5], [115, 2073.5], [116, 2074.5], [117, 2078.0], [118, 2080.5], [119, 2088.5], [120, 2091.5], [122, 1497.0], [126, 1368.0], [128, 9979.5], [130, 1831.0], [135, 1086.5], [136, 1077.5], [137, 1063.0], [138, 1063.0], [139, 1069.5], [145, 1363.0], [149, 11171.0], [153, 10057.0], [156, 9506.0], [166, 2962.0], [167, 2954.5], [168, 2949.0], [173, 1005.5], [174, 986.0], [175, 976.0], [176, 958.25], [177, 956.0], [178, 954.0], [179, 932.0], [-180, 930.0], [-179, 914.0], [-178, 912.5], [-176, 452.5], [-175, 447.0], [-174, 441.5], [-173, 438.0], [-172, 435.0], [-171, 427.5], [-170, 425.5], [-169, 422.0], [-168, 416.5], [-167, 414.5], [-166, 410.5], [-165, 409.0], [-164, 406.5], [-163, 403.5], [-162, 402.0], [-161, 399.5], [-160, 397.5], [-159, 395.5], [-158, 391.5], [-157, 389.5], [-156, 388.5], [-155, 389.5], [-154, 388.5], [-153, 386.0], [-152, 384.5], [-151, 384.5], [-148, 494.5], [-146, 889.0], [-145, 893.0], [-144, 899.5], [-143, 904.0], [-142, 907.0], [-141, 909.5], [-140, 916.5], [-139, 919.5], [-138, 927.5], [-137, 930.5], [-136, 938.0], [-135, 947.0], [-134, 948.5], [-133, 960.5], [-132, 962.0], [-131, 979.5], [-130, 988.0], [-129, 990.5], [-128, 1002.0], [-127, 1008.5], [-126, 1016.5], [-125, 1019.5], [-124, 1034.0], [-123, 1044.5], [-122, 1052.5], [-121, 1071.0], [-120, 1085.5], [-119, 1105.5], [-118, 1115.5], [-117, 1119.5], [-116, 1141.5], [-115, 1154.0], [-114, 1180.5], [-113, 1195.5], [-112, 1208.0], [-111, 1237.5], [-110, 1255.0], [-109, 1290.0], [-108, 1309.0], [-107, 1364.0], [-106, 1394.5], [-105, 1421.5], [-104, 1451.5], [-97, 234.5], [-96, 227.5], [-95, 215.0], [-93, 197.5], [-91, 187.75], [-90, 180.0], [-89, 176.5], [-88, 167.5], [-87, 163.0], [-86, 156.5], [-85, 154.5], [-84, 152.5], [-82, 145.0], [-81, 143.0], [-80, 141.0], [-79, 140.0], [-78, 139.0], [-77, 140.5], [-76, 138.5], [-75, 139.5], [-74, 139.5], [-73, 141.0], [-72, 144.5], [-71, 144.25], [-70, 146.0], [-69, 147.0], [-68, 149.5], [-67, 153.5], [-66, 157.5], [-65, 163.75], [-64, 166.5], [-63, 174.0], [-62, 177.5], [-61, 181.5], [-60, 189.5], [-59, 193.5], [-58, 202.5], [-57, 208.0], [-55, 224.5], [-53, 246.5], [-52, 253.5], [-43, 473.5], [-41, 446.5], [-39, 419.0], [-38, 410.5], [-36, 389.0], [-35, 384.5], [-33, 358.5], [-32, 349.5], [-31, 348.0], [-29, 328.0], [-27, 310.5], [-25, 296.5], [-24, 289.0], [-21, 270.5], [-20, 266.5], [-18, 252.0], [-17, 253.0], [-15, 244.0], [-14, 238.5], [-13, 238.5], [-12, 236.5], [-11, 234.0], [-10, 230.0], [-9, 227.0], [-8, 224.5], [-7, 222.0], [-6, 220.5], [-5, 219.0]]}