{"heading": -63.4, "target": -51.457598533808934, "gap_dist": 269.0789224491728, "gap_info": [{"width": 448.3665160853253, "center_angle": -100.11943732181086, "edge_a": [-111.8125, 379.5], "edge_b": [-94.578125, 796.5], "depth": 796.5, "passable": true, "chosen": false}, {"width": 269.0789224491728, "center_angle": -51.457598533808934, "edge_a": [-53.71875, 745.75], "edge_b": [-47.96875, 483.5], "depth": 745.75, "passable": true, "chosen": true}], "scan": [[-1.515625, 216.0], [-0.8125, 216.0], [-0.09375, 215.0], [0.609375, 212.0], [1.34375, 210.0], [2.046875, 209.5], [2.765625, 208.0], [3.46875, 206.5], [4.203125, 205.0], [4.90625, 204.0], [5.625, 204.5], [6.328125, 204.0], [7.0625, 202.5], [7.765625, 202.5], [8.484375, 202.5], [9.1875, 201.0], [10.0625, 200.0], [10.8125, 198.5], [11.5625, 197.5], [12.3125, 198.5], [12.9375, 198.0], [13.65625, 196.5], [14.375, 196.0], [15.09375, 196.5], [15.828125, 197.0], [16.546875, 196.5], [17.265625, 195.5], [17.984375, 194.5], [18.703125, 194.5], [19.421875, 195.0], [20.140625, 194.5], [20.859375, 194.0], [21.578125, 195.0], [22.296875, 195.5], [23.015625, 194.5], [23.734375, 194.5], [24.46875, 194.5], [25.1875, 195.0], [25.90625, 195.5], [26.625, 196.5], [27.34375, 197.5], [28.0625, 197.0], [28.78125, 196.0], [29.5, 196.5], [29.96875, 198.5], [30.625, 199.0], [31.28125, 199.0], [31.9375, 199.5], [32.828125, 200.0], [33.53125, 201.0], [34.25, 202.0], [34.953125, 202.0], [35.671875, 202.5], [36.375, 203.5], [37.09375, 204.0], [37.796875, 205.0], [38.515625, 206.0], [39.21875, 206.0], [39.9375, 206.0], [40.640625, 207.0], [41.359375, 209.0], [42.0625, 211.5], [42.78125, 213.0], [43.484375, 213.0], [44.203125, 214.5], [44.90625, 216.0], [45.625, 217.5], [46.328125, 220.0], [47.328125, 220.0], [48.109375, 221.0], [48.890625, 223.0], [49.671875, 223.0], [50.21875, 225.0], [50.9375, 228.0], [51.65625, 230.0], [52.375, 231.5], [53.09375, 233.0], [53.8125, 234.0], [54.53125, 236.5], [55.25, 240.0], [55.984375, 240.5], [56.703125, 242.0], [57.421875, 245.0], [58.140625, 247.5], [58.875, 249.0], [59.59375, 250.5], [60.3125, 252.5], [61.03125, 255.5], [61.765625, 259.0], [62.484375, 261.5], [63.203125, 264.5], [63.921875, 267.5], [64.53125, 271.5], [65.21875, 274.5], [65.90625, 277.0], [66.59375, 282.0], [67.40625, 287.0], [68.125, 292.0], [68.84375, 298.0], [69.5625, 305.0], [70.265625, 310.5], [70.96875, 315.0], [71.6875, 319.5], [72.390625, 323.5], [73.140625, 329.5], [73.859375, 334.0], [74.578125, 337.5], [75.296875, 343.5], [76.0, 350.5], [76.703125, 355.5], [77.421875, 360.5], [78.125, 367.5], [78.875, 373.5], [79.59375, 379.5], [80.3125, 387.0], [81.03125, 395.5], [81.734375, 403.5], [82.4375, 412.0], [83.15625, 418.5], [83.859375, 425.0], [85.203125, 450.5], [85.90625, 462.5], [86.59375, 474.0], [87.359375, 484.5], [88.0625, 497.5], [89.484375, 529.5], [91.671875, 805.25], [92.390625, 800.75], [93.078125, 801.5], [93.78125, 805.0], [94.5, 808.5], [95.203125, 813.0], [95.953125, 822.0], [96.671875, 833.0], [97.390625, 850.5], [100.921875, 2520.0], [101.84375, 2509.0], [102.59375, 2507.5], [103.359375, 2519.0], [104.734375, 14498.0], [106.171875, 990.0], [106.890625, 969.0], [107.59375, 952.0], [108.296875, 940.5], [109.015625, 930.0], [109.71875, 924.5], [110.46875, 925.0], [111.1875, 926.25], [111.90625, 929.25], [112.625, 935.5], [113.359375, 939.5], [114.078125, 943.0], [114.796875, 953.0], [116.234375, 2748.5], [116.953125, 2749.5], [117.671875, 2752.0], [118.390625, 2782.5], [120.890625, 3042.0], [121.765625, 3044.0], [123.1875, 1726.5], [123.890625, 1725.5], [124.609375, 1730.0], [125.3125, 1735.5], [126.03125, 1757.0], [126.734375, 1783.5], [128.15625, 3061.5], [129.578125, 1690.5], [130.296875, 1664.5], [131.0, 1660.5], [131.71875, 1681.0], [133.140625, 2405.5], [133.84375, 2335.5], [134.5625, 2267.5], [135.265625, 2205.0], [136.203125, 2173.5], [136.96875, 2179.5], [137.734375, 2183.5], [139.09375, 2060.5], [139.8125, 2011.0], [140.53125, 1965.0], [141.25, 1920.5], [141.96875, 1880.0], [142.6875, 1842.0], [143.40625, 1805.0], [144.125, 1769.5], [144.859375, 1736.5], [145.578125, 1704.5], [146.296875, 1676.0], [147.734375, 1519.5], [148.453125, 1497.5], [149.171875, 1472.0], [149.890625, 1445.5], [150.609375, 1421.5], [151.328125, 1399.5], [152.046875, 1378.0], [152.765625, 1358.0], [153.5, 1342.5], [154.21875, 1326.5], [154.9375, 1308.5], [155.65625, 1291.5], [156.3125, 1275.5], [157.015625, 1258.5], [157.71875, 1242.5], [158.421875, 1229.5], [159.1875, 1217.0], [159.90625, 1203.5], [160.625, 1190.5], [161.34375, 1177.5], [162.0625, 1165.0], [162.78125, 1154.0], [163.5, 1145.5], [164.21875, 1135.0], [164.9375, 1124.5], [165.65625, 1117.0], [166.375, 1108.0], [167.09375, 1099.0], [167.796875, 1091.5], [168.5, 1082.5], [169.21875, 1074.5], [169.921875, 1065.5], [170.671875, 1055.5], [171.390625, 1047.0], [172.109375, 1040.5], [172.828125, 1035.5], [173.546875, 1029.0], [174.265625, 1022.0], [174.984375, 1016.0], [175.703125, 1012.0], [176.40625, 1007.5], [177.109375, 1000.5], [177.828125, 994.0], [178.53125, 989.0], [179.28125, 983.5], [180.0, 977.0], [-179.28125, 971.0], [-178.5625, 966.5], [-177.859375, 961.5], [-177.15625, 958.5], [-176.4375, 955.0], [-175.734375, 949.5], [-174.984375, 945.5], [-174.265625, 942.5], [-173.546875, 939.5], [-172.828125, 938.0], [-172.125, 935.0], [-171.421875, 930.5], [-170.703125, 929.0], [-170.0, 926.0], [-169.078125, 922.0], [-168.328125, 920.0], [-167.5625, 917.5], [-166.8125, 914.5], [-166.1875, 913.0], [-165.46875, 911.0], [-164.75, 909.0], [-164.03125, 909.0], [-163.296875, 909.0], [-162.578125, 909.5], [-161.859375, 910.0], [-161.140625, 908.5], [-160.40625, 908.5], [-159.6875, 907.5], [-158.96875, 907.5], [-158.25, 910.5], [-157.515625, 911.0], [-156.796875, 909.5], [-156.078125, 910.0], [-155.359375, 912.5], [-154.625, 913.0], [-153.90625, 914.0], [-153.1875, 915.5], [-152.46875, 918.5], [-151.765625, 922.0], [-151.0625, 923.0], [-143.859375, 281.0], [-143.125, 279.5], [-142.40625, 278.0], [-141.6875, 278.5], [-140.96875, 280.5], [-140.234375, 281.0], [-139.515625, 282.0], [-138.796875, 283.5], [-138.078125, 284.5], [-137.34375, 285.5], [-136.625, 286.0], [-135.90625, 288.0], [-135.1875, 290.5], [-134.46875, 291.5], [-133.75, 294.0], [-133.03125, 296.5], [-132.3125, 298.0], [-131.78125, 300.0], [-131.109375, 301.5], [-130.4375, 303.5], [-129.765625, 306.0], [-128.9375, 308.5], [-128.234375, 311.5], [-127.515625, 312.5], [-126.8125, 314.5], [-126.0625, 317.5], [-125.34375, 319.5], [-124.625, 321.5], [-123.90625, 324.0], [-123.21875, 327.0], [-122.515625, 329.5], [-121.796875, 333.5], [-121.09375, 336.5], [-120.359375, 339.5], [-119.65625, 342.5], [-118.9375, 345.0], [-118.234375, 347.5], [-117.515625, 350.0], [-116.8125, 353.0], [-116.09375, 357.5], [-115.390625, 363.0], [-114.609375, 366.0], [-113.890625, 370.0], [-113.15625, 374.5], [-112.4375, 378.0], [-111.8125, 379.5], [-109.734375, 1401.5], [-108.9375, 1425.5], [-108.21875, 1445.5], [-107.5, 1467.0], [-106.78125, 1492.5], [-106.09375, 1516.0], [-105.390625, 1540.0], [-104.671875, 1567.0], [-103.96875, 1595.5], [-103.234375, 1624.5], [-102.53125, 1654.0], [-101.8125, 1689.5], [-100.390625, 840.5], [-99.6875, 830.5], [-98.96875, 826.0], [-98.265625, 823.5], [-97.453125, 818.0], [-96.71875, 812.0], [-95.984375, 806.5], [-95.25, 800.5], [-94.578125, 796.5], [-93.859375, 792.5], [-93.140625, 787.5], [-92.421875, 783.0], [-91.71875, 779.5], [-91.015625, 776.0], [-90.296875, 770.5], [-89.59375, 765.0], [-88.84375, 764.5], [-88.125, 763.0], [-87.40625, 757.0], [-86.6875, 754.0], [-85.984375, 752.0], [-85.28125, 750.0], [-84.5625, 748.5], [-83.859375, 744.5], [-83.109375, 742.0], [-82.390625, 741.0], [-81.671875, 739.5], [-80.953125, 736.0], [-80.25, 737.25], [-79.546875, 738.25], [-78.828125, 739.0], [-78.125, 741.0], [-77.390625, 737.5], [-76.6875, 735.5], [-75.96875, 734.0], [-75.265625, 732.0], [-74.53125, 730.5], [-73.828125, 729.0], [-73.109375, 727.5], [-72.40625, 726.0], [-71.65625, 725.0], [-70.9375, 