{"heading": 31.2, "target": 9.75928850689647, "gap_dist": 550.2235944306063, "gap_info": [{"width": 722.3881191615033, "center_angle": -149.58687933309244, "edge_a": [-160.59375, 675.5], "edge_b": [-54.40625, 129.5], "depth": 675.5, "passable": true, "chosen": false}, {"width": 550.2235944306063, "center_angle": 9.75928850689647, "edge_a": [6.90625, 239.5], "edge_b": [10.625, 789.0], "depth": 789.0, "passable": true, "chosen": true}, {"width": 141.52288904091355, "center_angle": 63.832200696485444, "edge_a": [63.265625, 742.75], "edge_b": [64.53125, 602.0], "depth": 742.75, "passable": false, "chosen": false}], "scan": [[-3.5625, 189.5], [-2.875, 192.0], [-2.171875, 195.0], [-1.484375, 196.25], [-0.078125, 204.0], [0.625, 207.0], [1.3125, 208.75], [2.03125, 211.75], [2.71875, 216.5], [3.421875, 221.0], [4.109375, 225.5], [4.828125, 230.0], [5.515625, 234.5], [6.21875, 239.0], [6.90625, 239.5], [9.015625, 1645.5], [10.625, 789.0], [11.375, 775.0], [12.125, 770.5], [12.875, 766.0], [13.4375, 759.0], [14.140625, 753.5], [14.84375, 749.0], [15.546875, 745.0], [16.265625, 741.0], [16.96875, 737.0], [17.671875, 732.0], [18.375, 727.5], [19.09375, 724.75], [19.796875, 719.25], [20.5, 714.5], [21.203125, 711.5], [21.90625, 708.5], [22.609375, 706.5], [23.3125, 702.5], [24.015625, 700.75], [24.734375, 700.25], [25.4375, 698.0], [26.140625, 696.75], [26.84375, 695.5], [27.5625, 693.25], [28.265625, 692.25], [28.96875, 691.0], [29.671875, 689.25], [30.140625, 688.25], [30.78125, 687.5], [31.421875, 688.0], [32.0625, 686.25], [32.890625, 685.0], [34.953125, 684.75], [35.671875, 681.75], [36.359375, 679.0], [37.0625, 676.0], [37.75, 673.75], [38.453125, 673.0], [39.140625, 673.75], [39.84375, 675.5], [40.53125, 677.5], [41.25, 679.5], [41.9375, 680.0], [42.640625, 681.0], [43.328125, 682.5], [44.015625, 683.0], [44.703125, 685.0], [45.390625, 687.0], [46.078125, 687.0], [47.046875, 687.75], [47.796875, 689.0], [48.5625, 690.75], [49.3125, 693.75], [49.890625, 695.75], [50.59375, 697.75], [51.3125, 701.5], [52.015625, 704.5], [52.703125, 705.5], [53.40625, 706.25], [54.109375, 709.5], [54.8125, 714.25], [55.515625, 718.5], [56.21875, 721.5], [56.921875, 725.0], [57.625, 728.0], [58.34375, 730.75], [59.046875, 734.25], [59.75, 731.0], [60.453125, 730.0], [61.15625, 740.5], [63.265625, 742.75], [64.53125, 602.0], [65.203125, 584.0], [67.375, 522.0], [68.078125, 512.0], [68.78125, 498.0], [69.484375, 486.5], [70.1875, 477.5], [70.890625, 467.5], [71.59375, 458.5], [72.28125, 452.0], [73.671875, 430.0], [74.359375, 422.5], [75.078125, 416.0], [75.765625, 410.5], [76.46875, 402.5], [77.15625, 395.0], [77.890625, 388.0], [78.59375, 381.0], [79.296875, 377.0], [80.0, 373.0], [80.671875, 368.0], [81.359375, 363.25], [82.0625, 358.75], [82.75, 355.25], [83.390625, 349.75], [84.0625, 344.25], [84.75, 341.0], [85.421875, 337.25], [86.15625, 332.5], [86.84375, 328.5], [87.53125, 325.0], [88.21875, 321.0], [88.9375, 317.5], [89.625, 316.5], [90.328125, 314.5], [91.015625, 309.5], [91.734375, 305.5], [92.421875, 302.25], [93.125, 300.75], [93.8125, 302.0], [94.515625, 300.5], [95.203125, 297.0], [95.90625, 295.0], [97.296875, 282.75], [97.984375, 278.75], [98.6875, 275.5], [99.375, 273.5], [100.25, 271.0], [100.984375, 267.75], [101.71875, 265.25], [102.453125, 264.5], [103.046875, 263.0], [103.734375, 257.25], [104.4375, 256.25], [105.125, 258.0], [105.859375, 256.75], [106.5625, 254.5], [107.265625, 253.0], [107.96875, 251.25], [108.671875, 248.5], [109.375, 248.0], [110.078125, 247.75], [110.78125, 245.75], [111.484375, 246.25], [112.1875, 247.0], [112.890625, 245.25], [113.59375, 243.75], [114.296875, 243.75], [115.0, 243.75], [115.703125, 243.5], [116.40625, 242.5], [117.109375, 240.25], [117.8125, 239.5], [118.515625, 240.0], [119.21875, 238.75], [119.671875, 237.5], [120.3125, 237.0], [120.953125, 238.0], [121.59375, 239.0], [122.453125, 238.5], [123.140625, 237.75], [123.84375, 238.25], [124.53125, 238.25], [125.234375, 239.0], [125.921875, 239.5], [126.625, 238.5], [127.3125, 237.75], [128.015625, 236.5], [128.703125, 236.5], [129.40625, 237.5], [130.09375, 238.5], [130.78125, 239.5], [131.46875, 238.75], [132.15625, 237.5], [132.84375, 236.75], [133.5625, 236.25], [134.25, 237.0], [134.953125, 238.25], [135.640625, 239.0], [136.5, 239.75], [137.234375, 240.5], [137.96875, 242.25], [138.703125, 243.0], [139.3125, 242.5], [140.015625, 243.75], [140.71875, 245.75], [141.421875, 245.25], [142.109375, 245.25], [142.796875, 246.5], [143.5, 247.5], [144.1875, 249.0], [144.90625, 250.0], [145.59375, 250.75], [146.296875, 251.25], [146.984375, 252.5], [147.703125, 254.0], [148.390625, 255.5], [149.09375, 255.75], [149.78125, 256.5], [150.515625, 257.75], [151.21875, 258.5], [151.921875, 260.5], [152.625, 262.0], [153.3125, 263.0], [154.0, 264.75], [154.703125, 267.0], [155.390625, 269.0], [156.03125, 271.75], [156.703125, 273.0], [157.390625, 274.5], [158.0625, 277.25], [158.828125, 277.75], [159.515625, 279.5], [160.21875, 283.5], [160.90625, 285.75], [161.625, 287.75], [162.3125, 290.0], [163.015625, 292.75], [163.703125, 296.0], [164.390625, 298.0], [165.078125, 300.75], [165.765625, 304.75], [166.453125, 308.5], [167.203125, 311.5], [167.90625, 314.0], [168.609375, 317.0], [169.3125, 320.5], [170.0, 323.5], [170.6875, 326.75], [171.390625, 330.5], [172.078125, 335.75], [172.734375, 341.5], [173.40625, 345.0], [174.09375, 348.5], [174.765625, 353.5], [175.5, 357.0], [176.1875, 361.0], [176.875, 367.5], [177.5625, 371.25], [178.296875, 374.75], [178.984375, 379.25], [179.6875, 385.25], [-179.625, 394.25], [-178.9375, 402.5], [-178.25, 409.0], [-177.5625, 415.5], [-176.140625, 438.0], [-175.453125, 440.5], [-174.75, 441.0], [-174.0625, 443.5], [-173.359375, 443.0], [-172.671875, 446.5], [-171.96875, 453.0], [-171.28125, 459.5], [-170.5625, 469.0], [-169.875, 478.5], [-169.171875, 487.5], [-168.484375, 498.0], [-167.609375, 509.5], [-166.140625, 538.5], [-165.40625, 552.0], [-164.8125, 563.5], [-164.125, 576.0], [-162.734375, 613.5], [-162.0, 631.5], [-160.59375, 675.5], [-158.515625, 1073.5], [-157.125, 854.5], [-156.375, 847.0], [-155.671875, 846.75], [-154.96875, 844.25], [-154.265625, 841.0], [-153.578125, 837.5], [-152.890625, 835.0], [-152.1875, 834.0], [-151.5, 833.5], [-150.828125, 834.5], [-150.140625, 841.0], [-149.453125, 855.5], [-147.34375, 14649.5], [-146.640625, 14627.0], [-145.953125, 14613.5], [-145.21875, 14596.0], [-144.515625, 14579.0], [-143.8125, 14570.5], [-143.109375, 14562.0], [-142.421875, 14555.5], [-141.734375, 14546.5], [-139.625, 1978.5], [-138.9375, 1952.5], [-138.234375, 1940.0], [-137.546875, 1942.0], [-136.828125, 1924.5], [-136.140625, 1898.0], [-135.4375, 1916.5], [-134.03125, 5009.5], [-132.640625, 1921.5], [-131.953125, 1911.25], [-131.421875, 1909.75], [-130.78125, 1916.0], [-130.125, 1931.5], [-129.484375, 1957.0], [-128.640625, 1986.5], [-123.78125, 1612.5], [-123.09375, 1586.0], [-122.40625, 1565.0], [-121.71875, 1554.0], [-121.03125, 1561.0], [-120.328125, 1582.5], [-119.640625, 1614.5], [-117.53125, 1465.0], [-116.84375, 1451.5], [-116.140625, 1448.0], [-115.453125, 1445.75], [-114.796875, 1442.75], [-114.125, 1442.75], [-113.4375, 1442.5], [-112.765625, 1446.5], [-112.03125, 1460.0], [-110.65625, 1800.5], [-109.96875, 1765.5], [-108.578125, 1580.5], [-107.890625, 1554.5], [-107.203125, 1527.5], [-106.5, 1499.5], [-105.8125, 1473.0], [-105.125, 1449.5], [-104.4375, 1427.0], [-103.734375, 1403.5], [-103.046875, 1381.0], [-102.359375, 1361.5], [-101.671875, 1344.0], [-100.953125, 1325.0], [-100.265625, 1305.5], [-99.5625, 1288.5], [-98.875, 1271.5], [-98.140625, 1254.5], [-97.4375, 1239.0], [-96.734375, 1222.5], [-96.03125, 1207.0], [-95.359375, 1193.5], [-94.671875, 1182.0], [-93.96875, 1169.5], [-93.28125, 1156.0], [-92.578125, 1144.5], [-91.890625, 1132.5], [-91.1875, 1121.0], [-90.5, 1111.0], [-89.8125, 1100.5], [-89.125, 1091.0], [-88.4375, 1081.5], [-87.75, 1070.0], [-87.03125, 1059.0], [-86.34375, 1050.5], [-85.640625, 