{"heading": 39.6, "target": 4.154383540681993, "gap_dist": 594.7516912908958, "gap_info": [{"width": 566.909613224774, "center_angle": -167.18276054861278, "edge_a": [-175.5625, 795.0], "edge_b": [-143.890625, 293.0], "depth": 795.0, "passable": true, "chosen": false}, {"width": 594.7516912908958, "center_angle": 4.154383540681993, "edge_a": [-0.734375, 794.0], "edge_b": [21.859375, 222.5], "depth": 794.0, "passable": true, "chosen": true}], "scan": [[-3.53125, 765.5], [-2.84375, 773.5], [-2.140625, 783.5], [-1.453125, 789.5], [-0.734375, 794.0], [-0.046875, 802.0], [0.65625, 807.5], [1.34375, 820.0], [2.0625, 833.5], [2.75, 841.0], [3.453125, 851.5], [4.140625, 862.0], [4.875, 872.0], [5.578125, 884.0], [6.28125, 894.0], [6.984375, 906.0], [7.65625, 917.0], [8.34375, 925.5], [9.046875, 935.0], [9.734375, 947.0], [10.59375, 959.5], [11.328125, 971.5], [12.0625, 988.5], [12.796875, 1003.5], [13.40625, 1018.5], [14.109375, 1036.0], [14.8125, 1053.5], [15.515625, 1071.0], [16.234375, 1093.0], [16.9375, 1115.0], [17.640625, 1137.5], [18.34375, 1162.5], [19.046875, 1187.5], [19.75, 1215.0], [20.453125, 1241.0], [21.859375, 222.5], [22.5625, 221.0], [23.265625, 219.0], [23.96875, 218.0], [24.671875, 215.5], [25.375, 213.5], [26.078125, 212.0], [26.78125, 211.0], [27.53125, 210.0], [28.234375, 208.5], [28.953125, 207.5], [29.65625, 206.0], [30.046875, 205.5], [30.671875, 205.0], [31.296875, 204.0], [31.921875, 203.5], [32.828125, 201.0], [33.515625, 200.0], [34.21875, 201.0], [34.90625, 200.5], [35.59375, 199.5], [36.28125, 198.5], [36.96875, 198.5], [37.65625, 198.5], [38.375, 198.0], [39.0625, 197.5], [39.765625, 196.5], [40.453125, 196.5], [41.15625, 197.0], [41.84375, 196.0], [42.546875, 194.5], [43.234375, 194.5], [43.921875, 195.5], [44.609375, 194.5], [45.296875, 192.5], [45.984375, 191.0], [46.9375, 189.0], [47.6875, 187.5], [48.4375, 188.5], [49.1875, 191.0], [49.75, 191.0], [50.453125, 192.5], [51.15625, 195.25], [51.859375, 195.75], [52.5625, 196.0], [53.265625, 195.5], [53.96875, 195.5], [54.671875, 196.5], [55.375, 197.0], [56.078125, 196.5], [56.78125, 196.5], [57.484375, 197.5], [58.1875, 198.5], [58.890625, 198.5], [59.59375, 198.0], [60.296875, 198.5], [61.015625, 199.0], [61.71875, 200.0], [62.421875, 200.0], [63.125, 199.5], [63.8125, 200.5], [64.5, 202.0], [65.203125, 203.5], [65.890625, 204.5], [66.546875, 205.5], [67.21875, 206.5], [67.90625, 207.5], [68.578125, 208.5], [69.34375, 210.5], [70.03125, 212.0], [70.734375, 213.5], [71.421875, 214.0], [72.15625, 215.0], [72.859375, 217.5], [73.5625, 220.0], [74.265625, 222.0], [74.953125, 222.0], [75.640625, 223.5], [76.34375, 225.5], [77.03125, 226.5], [77.765625, 229.0], [78.46875, 231.0], [79.171875, 231.5], [79.875, 233.0], [80.5625, 235.5], [81.25, 238.5], [81.953125, 240.0], [82.640625, 241.0], [83.21875, 243.5], [83.875, 246.5], [84.546875, 248.5], [85.203125, 251.5], [86.0, 254.75], [86.6875, 256.75], [87.390625, 259.0], [88.078125, 262.0], [88.78125, 265.0], [89.46875, 267.5], [90.171875, 271.5], [90.859375, 275.5], [91.5625, 279.0], [92.25, 283.0], [93.640625, 303.0], [94.359375, 305.0], [95.046875, 310.5], [95.75, 316.0], [96.4375, 320.5], [97.125, 326.0], [97.8125, 329.5], [98.5, 335.0], [99.1875, 341.0], [100.09375, 345.5], [100.828125, 351.0], [101.578125, 356.0], [102.3125, 361.0], [102.875, 367.5], [103.5625, 375.0], [104.265625, 382.0], [104.953125, 389.5], [105.6875, 397.0], [106.390625, 404.0], [107.09375, 412.5], [107.796875, 420.5], [108.484375, 429.5], [109.171875, 440.0], [109.875, 450.5], [110.5625, 462.0], [111.3125, 475.0], [112.015625, 489.25], [112.71875, 503.25], [113.421875, 517.5], [114.796875, 552.5], [115.5, 552.0], [116.1875, 546.0], [117.59375, 569.0], [118.296875, 564.0], [118.984375, 561.0], [119.53125, 557.0], [120.1875, 559.0], [120.84375, 563.0], [121.5, 560.5], [122.3125, 556.5], [123.0, 551.5], [123.703125, 542.5], [124.390625, 535.5], [125.078125, 534.5], [125.765625, 536.0], [126.453125, 534.0], [127.140625, 532.5], [127.875, 539.0], [128.5625, 538.0], [129.265625, 530.0], [129.953125, 525.0], [130.65625, 520.0], [131.34375, 518.5], [132.046875, 518.5], [132.734375, 518.0], [133.421875, 515.5], [134.109375, 515.0], [134.796875, 514.5], [135.484375, 514.0], [136.328125, 515.5], [137.046875, 515.5], [137.78125, 514.0], [138.5, 514.0], [139.140625, 513.0], [139.84375, 513.5], [140.546875, 515.0], [141.25, 515.5], [141.9375, 515.5], [142.625, 516.0], [143.328125, 518.5], [144.015625, 522.0], [144.71875, 522.0], [145.40625, 521.5], [146.109375, 522.5], [146.796875, 523.5], [147.546875, 526.0], [148.25, 527.5], [148.953125, 528.0], [149.65625, 528.0], [150.328125, 530.5], [151.015625, 532.0], [151.71875, 533.5], [152.40625, 536.0], [153.125, 537.5], [153.8125, 539.5], [154.515625, 541.5], [155.203125, 544.0], [155.90625, 547.5], [156.59375, 550.5], [157.296875, 553.0], [157.984375, 555.5], [158.71875, 558.0], [159.421875, 562.0], [160.125, 566.0], [160.828125, 567.5], [161.515625, 571.5], [162.203125, 577.5], [162.90625, 579.5], [163.59375, 582.0], [164.296875, 588.5], [164.984375, 591.5], [165.6875, 593.5], [166.375, 600.0], [167.09375, 605.0], [167.78125, 610.5], [168.484375, 616.0], [169.171875, 620.5], [169.90625, 626.5], [170.609375, 630.5], [171.3125, 634.5], [172.015625, 640.5], [172.609375, 645.0], [173.28125, 651.0], [173.953125, 661.0], [174.625, 671.0], [175.390625, 678.0], [176.078125, 682.0], [176.78125, 690.0], [177.46875, 697.5], [178.1875, 702.5], [178.875, 709.0], [179.578125, 716.5], [-179.03125, 760.0], [-178.34375, 769.5], [-177.640625, 772.0], [-176.953125, 773.0], [-176.25, 780.5], [-175.5625, 795.0], [-174.859375, 814.5], [-174.171875, 815.0], [-172.78125, 839.0], [-172.078125, 841.5], [-171.390625, 847.0], [-170.6875, 862.0], [-170.0, 875.0], [-169.296875, 889.0], [-168.609375, 902.5], [-167.703125, 918.5], [-166.96875, 937.0], [-166.21875, 954.0], [-165.484375, 973.5], [-164.890625, 995.5], [-164.1875, 1016.0], [-163.484375, 1038.0], [-162.78125, 1062.5], [-159.96875, 1194.0], [-159.265625, 1217.5], [-158.5625, 1251.5], [-157.859375, 1276.5], [-157.15625, 1302.0], [-156.453125, 1338.5], [-155.75, 1376.0], [-155.046875, 1415.0], [-154.34375, 1458.5], [-153.640625, 1503.0], [-148.078125, 6534.5], [-146.671875, 2713.5], [-145.96875, 2722.5], [-143.890625, 293.0], [-143.203125, 290.0], [-142.484375, 289.5], [-141.796875, 288.5], [-141.09375, 287.5], [-140.40625, 286.5], [-139.671875, 286.5], [-138.96875, 286.5], [-138.265625, 285.5], [-137.5625, 284.5], [-136.859375, 283.0], [-136.15625, 281.0], [-135.453125, 281.5], [-134.75, 281.5], [-134.078125, 281.0], [-133.390625, 280.5], [-132.6875, 278.5], [-132.0, 279.5], [-131.4375, 282.0], [-130.78125, 283.5], [-130.125, 284.5], [-129.46875, 284.5], [-128.65625, 285.0], [-127.96875, 286.0], [-127.265625, 286.5], [-126.578125, 287.0], [-125.875, 286.5], [-125.1875, 286.5], [-124.484375, 288.5], [-123.796875, 289.5], [-123.078125, 289.5], [-122.390625, 291.0], [-121.6875, 293.0], [-121.0, 294.0], [-120.296875, 293.0], [-119.609375, 294.0], [-118.90625, 296.0], [-118.21875, 298.0], [-117.53125, 300.0], [-116.84375, 300.5], [-116.15625, 301.5], [-115.46875, 302.5], [-114.78125, 303.5], [-114.09375, 305.5], [-113.40625, 307.5], [-112.71875, 308.5], [-112.0, 310.0], [-111.3125, 312.0], [-110.609375, 314.5], [-109.921875, 316.5], [-109.234375, 318.0], [-108.546875, 319.5], [-107.859375, 322.0], [-107.171875, 324.0], [-106.453125, 326.0], [-105.765625, 329.5], [-105.0625, 332.5], [-104.375, 334.5], [-103.65625, 337.5], [-102.96875, 340.5], [-102.265625, 342.0], [-101.578125, 345.0], [-100.90625, 349.0], [-100.21875, 351.0], [-99.53125, 354.0], [-98.84375, 358.5], [-98.015625, 360.5], [-97.296875, 364.5], [-96.578125, 368.0], [-95.859375, 371.5], [-95.25, 376.5], [-94.5625, 382.0], [-93.875, 391.5], [-93.1875, 399.5], [-92.453125, 405.0], [-91.765625, 410.0], [-91.0625, 414.0], [-90.375, 419.5], [-89.671875, 425.5], [-88.984375, 430.5], [-88.28125, 434.5], [-87.59375, 440.0], [-86.890625, 