{"heading": -102.3, "target": -112.09372199339201, "gap_dist": 382.26303121243933, "gap_info": [{"width": 382.26303121243933, "center_angle": -112.09372199339201, "edge_a": [-141, 394.0], "edge_b": [-86, 433.0], "depth": 433.0, "passable": true, "chosen": true}, {"width": 89.67935664572938, "center_angle": -83.76517279880245, "edge_a": [-86, 433.0], "edge_b": [-81, 350.0], "depth": 433.0, "passable": false, "chosen": false}, {"width": 223.45972479963575, "center_angle": 64.75724627696566, "edge_a": [59, 714.5], "edge_b": [77, 338.0], "depth": 714.5, "passable": false, "chosen": false}, {"width": 534.7126667745201, "center_angle": 152.9048619487567, "edge_a": [118, 447.0], "edge_b": [179, 581.5], "depth": 581.5, "passable": true, "chosen": false}], "scan": [[-3, 212.0], [-2, 212.5], [-1, 213.5], [0, 215.0], [1, 216.5], [2, 219.0], [3, 220.5], [4, 221.0], [5, 223.0], [6, 223.0], [7, 226.5], [8, 227.5], [9, 227.0], [10, 231.0], [11, 232.5], [12, 235.0], [13, 238.5], [14, 240.0], [15, 244.5], [16, 245.0], [17, 249.5], [18, 250.0], [19, 250.5], [20, 257.5], [21, 259.5], [22, 265.5], [23, 267.0], [24, 268.5], [25, 274.0], [26, 277.25], [27, 283.0], [28, 287.5], [29, 291.0], [30, 297.0], [31, 304.5], [32, 308.0], [33, 316.0], [34, 321.0], [35, 326.0], [36, 335.5], [37, 343.0], [40, 377.0], [41, 384.0], [42, 388.0], [43, 404.5], [45, 430.5], [46, 440.5], [47, 446.0], [51, 521.0], [52, 533.5], [53, 545.5], [54, 572.0], [56, 635.5], [59, 714.5], [62, 843.5], [71, 15081.0], [72, 15044.5], [73, 15030.0], [74, 15017.0], [75, 15009.5], [77, 338.0], [78, 335.5], [79, 334.0], [80, 335.5], [81, 337.5], [82, 339.0], [83, 339.0], [84, 339.5], [85, 340.5], [86, 342.5], [87, 343.0], [88, 343.5], [89, 345.0], [90, 347.0], [91, 348.5], [92, 348.5], [93, 350.5], [94, 353.0], [95, 354.5], [96, 356.0], [97, 359.5], [98, 362.0], [99, 365.0], [100, 367.5], [101, 371.5], [102, 371.5], [103, 375.5], [104, 379.0], [105, 383.5], [106, 386.5], [107, 391.5], [108, 394.0], [109, 399.5], [110, 403.5], [111, 407.5], [112, 413.5], [113, 417.0], [114, 424.5], [115, 428.5], [116, 433.0], [117, 440.5], [118, 447.0], [120, 1254.0], [121, 1241.5], [122, 1207.5], [123, 1195.0], [124, 1184.5], [125, 1157.5], [126, 1145.5], [127, 1124.0], [128, 1113.5], [129, 1093.5], [130, 1082.5], [131, 1072.5], [132, 1057.0], [133, 1049.0], [134, 1035.0], [135, 1027.5], [136, 1020.5], [137, 1006.5], [138, 999.0], [139, 992.5], [140, 978.5], [141, 971.0], [142, 959.0], [143, 954.0], [144, 949.5], [145, 942.5], [146, 936.0], [147, 927.5], [148, 921.5], [149, 915.0], [150, 913.5], [151, 908.5], [152, 902.5], [153, 900.0], [154, 893.5], [155, 890.0], [156, 890.0], [157, 888.0], [158, 887.5], [159, 885.5], [160, 886.5], [161, 886.0], [162, 881.5], [163, 882.0], [164, 882.0], [165, 884.5], [166, 885.0], [167, 886.5], [168, 888.5], [169, 890.0], [170, 894.0], [171, 896.0], [172, 898.5], [173, 902.5], [174, 898.5], [175, 903.5], [179, 581.5], [-178, 471.0], [-177, 456.5], [-176, 448.0], [-175, 441.0], [-174, 429.0], [-173, 423.5], [-172, 412.5], [-171, 408.5], [-170, 399.0], [-169, 394.0], [-168, 386.5], [-167, 383.0], [-166, 376.0], [-165, 373.0], [-164, 367.0], [-163, 361.0], [-162, 358.0], [-161, 351.5], [-160, 347.0], [-159, 342.5], [-158, 338.5], [-157, 335.0], [-156, 329.0], [-155, 327.0], [-154, 323.0], [-153, 319.0], [-152, 316.0], [-151, 315.5], [-150, 314.0], [-149, 310.5], [-148, 307.0], [-147, 305.5], [-146, 311.0], [-145, 314.5], [-141, 394.0], [-136, 996.0], [-135, 989.5], [-134, 973.5], [-133, 960.5], [-132, 952.0], [-131, 945.0], [-130, 931.5], [-129, 925.5], [-128, 915.0], [-127, 915.0], [-122, 1112.0], [-121, 1109.0], [-120, 1121.5], [-118, 993.0], [-117, 1006.5], [-116, 1014.5], [-115, 1032.0], [-114, 1040.5], [-113, 1058.5], [-112, 1066.5], [-111, 1077.5], [-110, 1098.0], [-109, 1109.0], [-108, 1132.5], [-107, 1144.0], [-104, 7471.5], [-102, 2172.0], [-98, 1316.5], [-86, 433.0], [-81, 350.0], [-79, 325.0], [-78, 318.0], [-77, 303.0], [-76, 296.0], [-75, 291.0], [-74, 288.0], [-73, 283.5], [-72, 287.0], [-71, 289.0], [-70, 292.5], [-69, 298.5], [-68, 301.5], [-67, 302.5], [-66, 298.0], [-65, 287.0], [-64, 281.0], [-61, 285.0], [-59, 272.5], [-58, 262.5], [-55, 239.0], [-54, 237.0], [-53, 233.0], [-52, 230.5], [-51, 231.0], [-50, 234.0], [-49, 230.5], [-48, 228.0], [-47, 227.5], [-46, 220.5], [-45, 220.0], [-43, 212.5], [-42, 208.5], [-41, 204.0], [-40, 202.5], [-39, 200.5], [-38, 201.5], [-37, 197.5], [-36, 196.0], [-35, 195.0], [-34, 194.5], [-33, 193.5], [-32, 192.0], [-31, 194.5], [-30, 194.0], [-29, 193.5], [-28, 192.5], [-27, 192.0], [-26, 192.5], [-25, 191.5], [-24, 191.0], [-23, 191.5], [-22, 191.0], [-21, 190.5], [-20, 189.5], [-19, 190.0], [-18, 191.0], [-17, 191.0], [-16, 191.5], [-15, 191.5], [-14, 191.5], [-13, 191.5], [-12, 191.5], [-11, 192.0], [-10, 193.0], [-9, 194.0], [-8, 194.5], [-7, 195.5], [-6, 195.5], [-5, 196.5]]}