{"heading": -19.8, "target": 55.94107829455276, "gap_dist": 291.34531429497014, "gap_info": [{"width": 29.16876446901239, "center_angle": -143.54891836638677, "edge_a": [-145, 360.25], "edge_b": [-142, 337.5], "depth": 360.25, "passable": false, "chosen": false}, {"width": 144.66014211609186, "center_angle": -35.42645052246522, "edge_a": [-36, 472.5], "edge_b": [-34, 190.0], "depth": 472.5, "passable": false, "chosen": false}, {"width": 291.34531429497014, "center_angle": 55.94107829455276, "edge_a": [33, 336.0], "edge_b": [96, 203.5], "depth": 336.0, "passable": true, "chosen": true}], "scan": [[-3, 196.0], [-2, 214.5], [-1, 215.0], [0, 218.5], [1, 218.5], [2, 220.0], [3, 221.5], [4, 224.0], [5, 226.5], [6, 227.5], [7, 226.5], [8, 229.0], [9, 233.0], [10, 236.5], [11, 238.0], [12, 240.5], [13, 242.5], [14, 245.5], [15, 251.0], [16, 252.0], [17, 256.0], [18, 258.0], [19, 263.5], [20, 266.5], [21, 268.0], [22, 272.0], [23, 276.5], [24, 282.0], [25, 286.0], [26, 292.5], [27, 296.5], [28, 301.0], [29, 309.5], [30, 319.0], [31, 323.5], [32, 329.0], [33, 336.0], [35, 10208.0], [39, 1219.5], [40, 1192.5], [41, 1166.5], [42, 1154.0], [43, 1134.0], [44, 1113.5], [45, 1090.0], [46, 1080.0], [47, 1070.0], [48, 1054.0], [49, 1045.5], [50, 1036.0], [51, 1021.0], [52, 1013.5], [53, 1001.0], [54, 995.0], [55, 982.5], [56, 977.0], [57, 973.0], [58, 963.25], [59, 960.5], [60, 961.0], [61, 954.5], [62, 934.5], [63, 928.0], [64, 915.0], [65, 909.5], [66, 901.5], [67, 898.0], [68, 893.5], [69, 886.5], [70, 881.0], [71, 874.5], [72, 871.5], [73, 869.5], [74, 865.5], [75, 862.5], [76, 855.0], [77, 852.5], [78, 851.0], [79, 850.0], [80, 848.5], [81, 846.5], [82, 843.0], [83, 840.0], [84, 839.0], [85, 839.5], [86, 840.0], [87, 838.0], [88, 840.0], [89, 842.0], [90, 841.0], [91, 840.0], [92, 840.5], [96, 203.5], [97, 202.5], [98, 201.5], [99, 200.5], [100, 199.5], [101, 198.0], [102, 197.5], [103, 197.5], [104, 196.0], [105, 196.0], [106, 195.5], [107, 194.5], [108, 193.5], [109, 192.0], [110, 190.5], [111, 189.0], [112, 190.0], [113, 188.5], [114, 190.0], [115, 192.5], [116, 196.0], [117, 196.0], [118, 195.5], [119, 197.5], [120, 198.0], [121, 198.5], [122, 200.0], [123, 200.5], [124, 201.0], [125, 201.0], [126, 201.5], [127, 202.5], [128, 204.0], [129, 205.0], [130, 207.0], [131, 208.5], [132, 209.0], [133, 209.0], [134, 212.0], [135, 214.0], [136, 216.0], [137, 217.5], [138, 219.0], [139, 221.5], [140, 224.0], [141, 227.0], [142, 228.0], [143, 230.5], [144, 234.5], [145, 237.5], [146, 242.0], [147, 244.5], [148, 249.0], [149, 252.5], [150, 251.0], [152, 2072.0], [155, 1295.5], [156, 1292.0], [157, 1280.5], [158, 1275.0], [159, 1267.0], [160, 1262.0], [161, 1252.5], [162, 1249.0], [163, 1246.0], [164, 1240.0], [167, 702.5], [169, 619.0], [170, 621.0], [171, 629.5], [172, 631.0], [173, 633.5], [174, 640.5], [175, 642.5], [176, 648.0], [177, 650.5], [178, 657.0], [179, 663.0], [180, 669.0], [-180, 674.0], [-179, 678.5], [-178, 679.0], [-177, 691.5], [-176, 696.0], [-175, 705.0], [-174, 710.5], [-173, 726.0], [-172, 731.0], [-171, 738.0], [-170, 751.5], [-169, 759.0], [-167, 780.5], [-166, 781.5], [-165, 778.0], [-164, 786.0], [-161, 603.0], [-158, 513.5], [-156, 471.0], [-155, 466.5], [-154, 446.0], [-153, 438.0], [-152, 417.0], [-151, 409.5], [-150, 405.5], [-149, 395.0], [-147, 373.0], [-146, 367.5], [-145, 360.25], [-142, 337.5], [-140, 327.0], [-139, 319.75], [-138, 317.25], [-137, 312.5], [-136, 308.5], [-135, 299.5], [-134, 299.25], [-133, 294.0], [-132, 292.5], [-130, 278.0], [-129, 273.0], [-128, 271.0], [-127, 267.0], [-126, 266.5], [-125, 267.5], [-123, 258.0], [-121, 250.5], [-120, 247.0], [-119, 244.5], [-118, 246.25], [-116, 236.5], [-115, 235.5], [-114, 237.0], [-113, 231.0], [-112, 230.0], [-111, 229.75], [-110, 227.25], [-109, 227.0], [-108, 224.25], [-107, 223.5], [-106, 223.75], [-105, 223.0], [-104, 223.0], [-103, 222.75], [-102, 221.25], [-101, 221.5], [-100, 221.25], [-99, 219.75], [-98, 221.0], [-97, 221.75], [-96, 221.75], [-95, 220.25], [-94, 220.5], [-93, 221.25], [-92, 222.25], [-91, 222.75], [-90, 221.5], [-89, 222.0], [-88, 222.0], [-87, 223.0], [-86, 225.0], [-85, 226.0], [-84, 226.0], [-83, 225.0], [-82, 229.5], [-81, 231.5], [-80, 233.5], [-79, 237.5], [-78, 238.0], [-77, 237.0], [-76, 238.25], [-75, 240.0], [-73, 247.75], [-72, 250.5], [-71, 254.5], [-70, 258.5], [-69, 261.0], [-68, 264.0], [-67, 265.5], [-66, 265.0], [-65, 270.5], [-63, 283.5], [-62, 287.5], [-61, 293.5], [-60, 299.0], [-59, 297.0], [-57, 310.0], [-56, 315.0], [-55, 314.5], [-54, 324.5], [-53, 326.5], [-52, 328.0], [-51, 342.5], [-50, 345.75], [-49, 350.75], [-48, 355.25], [-47, 367.5], [-46, 372.0], [-45, 379.0], [-44, 384.5], [-43, 389.5], [-42, 408.0], [-41, 419.5], [-40, 434.0], [-39, 441.0], [-38, 444.5], [-37, 464.0], [-36, 472.5], [-34, 190.0], [-33, 189.5], [-32, 190.0], [-31, 188.5], [-30, 187.5], [-29, 186.5], [-28, 185.5], [-27, 184.0], [-26, 183.0], [-25, 181.0], [-24, 179.5], [-23, 180.0], [-22, 179.5], [-21, 183.0], [-20, 183.5], [-19, 185.0], [-18, 185.0], [-17, 185.0], [-16, 185.0], [-15, 185.5], [-14, 186.0], [-13, 186.5], [-12, 187.5], [-11, 188.0], [-10, 189.5], [-9, 189.0], [-8, 189.5], [-7, 192.5], [-6, 193.0], [-5, 193.5], [-4, 194.0]]}