{"heading": -52.6, "target": -61.37966521900411, "gap_dist": 375.8062858869348, "gap_info": [{"width": 375.8062858869348, "center_angle": -61.37966521900411, "edge_a": [-89.609375, 396.0], "edge_b": [-35.0625, 422.5], "depth": 422.5, "passable": true, "chosen": true}, {"width": 170.6346792212732, "center_angle": 107.13975589856005, "edge_a": [105.53125, 527.0], "edge_b": [108.359375, 695.0], "depth": 695.0, "passable": false, "chosen": false}], "scan": [[-2.625, 173.5], [-1.921875, 171.5], [-1.21875, 170.0], [-0.515625, 170.5], [0.203125, 170.0], [0.90625, 168.0], [1.609375, 166.5], [2.3125, 166.0], [3.015625, 165.5], [3.71875, 165.0], [4.421875, 164.0], [5.125, 161.5], [5.84375, 160.0], [6.546875, 160.5], [7.25, 160.5], [7.953125, 158.5], [8.671875, 158.5], [9.375, 159.0], [10.078125, 157.0], [10.78125, 156.5], [11.65625, 156.5], [12.390625, 155.0], [13.140625, 155.0], [13.875, 156.0], [14.5, 156.0], [15.921875, 151.25], [16.625, 151.25], [17.34375, 150.5], [18.046875, 150.75], [18.765625, 151.5], [19.46875, 151.75], [20.1875, 151.5], [20.890625, 150.75], [21.609375, 149.75], [22.3125, 150.5], [23.046875, 150.25], [23.75, 149.75], [24.46875, 151.0], [25.171875, 150.5], [25.890625, 150.0], [26.59375, 150.25], [27.3125, 150.0], [28.015625, 149.0], [28.46875, 149.5], [29.109375, 150.75], [29.75, 150.0], [30.390625, 149.25], [31.265625, 150.0], [31.953125, 150.5], [32.65625, 150.5], [33.34375, 151.0], [34.078125, 151.5], [34.78125, 151.0], [35.484375, 151.5], [36.1875, 151.75], [36.890625, 152.0], [37.59375, 151.75], [38.296875, 152.25], [39.0, 153.5], [39.6875, 154.0], [40.375, 154.5], [41.078125, 156.0], [41.765625, 157.75], [42.5, 156.75], [43.203125, 157.5], [43.90625, 159.75], [44.609375, 158.75], [45.3125, 158.25], [46.015625, 159.0], [46.71875, 160.5], [47.421875, 162.5], [48.375, 163.0], [49.140625, 161.5], [49.90625, 161.5], [50.671875, 162.0], [51.21875, 161.0], [51.921875, 163.0], [52.640625, 167.0], [53.34375, 169.0], [54.0625, 169.5], [54.765625, 170.5], [55.484375, 172.5], [56.1875, 173.5], [56.90625, 174.0], [57.609375, 176.0], [58.328125, 178.0], [59.03125, 177.75], [59.75, 178.0], [60.453125, 179.5], [61.171875, 181.0], [61.875, 182.5], [62.578125, 184.0], [63.28125, 185.5], [63.984375, 186.5], [64.6875, 189.0], [65.3125, 190.5], [65.984375, 191.0], [66.671875, 192.5], [67.34375, 195.0], [68.125, 198.0], [68.828125, 199.5], [69.53125, 202.0], [70.234375, 205.0], [70.953125, 208.5], [71.65625, 210.0], [72.359375, 211.0], [73.0625, 215.5], [73.78125, 218.5], [74.484375, 217.5], [75.890625, 227.5], [76.609375, 233.0], [77.3125, 236.5], [78.015625, 239.0], [78.71875, 242.0], [79.4375, 245.5], [80.140625, 250.5], [80.84375, 255.5], [81.546875, 261.5], [82.203125, 268.0], [82.890625, 274.5], [83.578125, 279.0], [84.265625, 279.5], [84.953125, 280.5], [85.640625, 279.5], [86.328125, 277.0], [87.015625, 279.5], [87.765625, 283.0], [88.46875, 285.5], [89.171875, 290.5], [89.875, 296.0], [90.578125, 302.0], [91.28125, 309.0], [91.984375, 315.5], [92.6875, 321.0], [93.375, 327.5], [94.0625, 335.0], [94.765625, 341.0], [95.453125, 349.0], [96.203125, 357.5], [96.90625, 366.0], [97.609375, 374.5], [98.3125, 384.0], [99.0, 395.0], [99.6875, 402.0], [100.390625, 409.5], [102.0, 438.5], [102.75, 452.0], [105.53125, 527.0], [108.359375, 695.0], [109.0625, 681.5], [109.765625, 675.0], [110.484375, 668.5], [111.1875, 665.0], [111.890625, 663.5], [112.59375, 661.5], [113.34375, 659.5], [114.046875, 659.0], [114.765625, 659.5], [115.46875, 667.5], [116.15625, 673.5], [116.859375, 673.5], [117.5625, 681.5], [118.265625, 685.5], [118.765625, 692.5], [119.40625, 697.5], [120.0625, 699.0], [120.703125, 704.0], [123.640625, 10870.0], [125.078125, 1805.5], [125.78125, 1802.5], [126.484375, 1812.5], [127.171875, 1834.5], [130.6875, 3050.0], [131.390625, 3047.5], [132.09375, 3052.5], [132.78125, 3061.0], [134.171875, 1879.0], [134.859375, 1855.0], [135.578125, 1858.5], [137.65625, 3108.5], [141.4375, 1519.5], [142.140625, 1503.0], [142.84375, 1484.0], [143.546875, 1472.0], [144.25, 1468.5], [144.953125, 1473.0], [145.65625, 1490.0], [146.359375, 1517.0], [147.78125, 2180.5], [148.484375, 2147.0], [149.90625, 1355.0], [150.609375, 1348.5], [151.3125, 1348.5], [152.015625, 1350.0], [152.734375, 1353.0], [153.4375, 1356.0], [154.140625, 1365.0], [154.84375, 1378.5], [156.265625, 1707.0], [156.96875, 1682.0], [158.390625, 1533.5], [159.09375, 1510.5], [159.796875, 1485.5], [160.5, 1461.5], [161.21875, 1440.5], [161.921875, 1417.0], [162.625, 1395.5], [163.328125, 1378.5], [164.03125, 1362.0], [164.734375, 1345.5], [165.4375, 1329.5], [166.140625, 1314.0], [166.875, 1298.5], [167.578125, 1281.5], [168.296875, 1266.5], [169.0, 1255.0], [169.6875, 1241.0], [170.390625, 1228.5], [171.09375, 1217.5], [171.796875, 1203.5], [172.5, 1192.5], [173.203125, 1182.0], [173.90625, 1170.0], [174.609375, 1159.0], [175.3125, 1150.0], [176.015625, 1143.5], [176.71875, 1134.0], [177.421875, 1124.0], [178.140625, 1116.0], [178.84375, 1108.0], [179.546875, 1100.5], [-179.75, 1093.5], [-179.046875, 1086.0], [-178.34375, 1079.0], [-177.640625, 1072.5], [-176.9375, 1063.5], [-176.21875, 1056.0], [-175.515625, 1053.0], [-174.8125, 1047.5], [-174.109375, 1039.0], [-173.390625, 1032.0], [-172.6875, 1026.0], [-171.984375, 1021.5], [-171.28125, 1017.0], [-170.5625, 1011.0], [-169.859375, 1006.5], [-169.15625, 1003.0], [-168.453125, 997.0], [-167.53125, 991.0], [-166.78125, 986.5], [-166.015625, 983.0], [-165.265625, 978.5], [-164.6875, 975.0], [-163.984375, 973.5], [-163.265625, 970.0], [-162.5625, 966.0], [-161.828125, 962.0], [-161.125, 959.0], [-160.40625, 958.0], [-159.703125, 956.0], [-158.984375, 950.5], [-158.28125, 948.0], [-157.5625, 949.5], [-156.859375, 948.25], [-156.125, 946.0], [-155.421875, 944.75], [-154.703125, 945.0], [-154.0, 945.5], [-153.265625, 944.5], [-152.5625, 944.5], [-151.84375, 943.5], [-151.140625, 945.0], [-150.421875, 946.0], [-149.71875, 943.0], [-149.0, 942.5], [-148.296875, 943.0], [-147.578125, 942.5], [-146.875, 941.5], [-146.15625, 943.5], [-145.453125, 947.0], [-144.734375, 947.5], [-144.03125, 946.5], [-143.3125, 946.0], [-142.609375, 946.5], [-141.890625, 946.5], [-141.1875, 948.0], [-140.46875, 952.5], [-139.765625, 955.5], [-139.03125, 956.0], [-138.328125, 958.0], [-137.609375, 962.0], [-136.90625, 964.5], [-136.1875, 966.0], [-135.484375, 968.5], [-134.765625, 972.5], [-134.0625, 974.5], [-133.484375, 982.0], [-127.84375, 378.0], [-125.734375, 341.5], [-125.015625, 332.5], [-124.3125, 324.5], [-123.609375, 317.0], [-122.90625, 309.5], [-121.5, 292.0], [-120.796875, 286.0], [-120.09375, 280.5], [-118.65625, 265.0], [-117.9375, 262.0], [-117.234375, 262.0], [-116.53125, 262.5], [-115.828125, 263.0], [-115.125, 263.5], [-114.421875, 265.0], [-113.703125, 268.0], [-113.0, 269.0], [-112.296875, 270.5], [-111.59375, 273.5], [-110.875, 276.5], [-110.171875, 279.5], [-109.46875, 282.0], [-108.765625, 285.0], [-108.046875, 288.5], [-107.34375, 291.5], [-106.640625, 294.5], [-105.9375, 297.0], [-105.234375, 299.0], [-104.53125, 302.5], [-103.828125, 306.5], [-103.125, 309.5], [-102.390625, 313.5], [-101.6875, 317.5], [-100.96875, 321.5], [-100.265625, 325.0], [-99.5625, 329.0], [-98.859375, 333.5], [-98.15625, 337.5], [-97.453125, 342.0], [-96.671875, 346.0], [-95.953125, 350.5], [-95.234375, 356.0], [-94.515625, 361.0], [-93.828125, 365.5], [-93.125, 371.5], [-92.40625, 378.0], [-91.703125, 383.5], [-91.015625, 389.0], [-90.3125, 393.0], [-89.609375, 396.0], [-88.15625, 1824.0], [-86.734375, 937.0], [-86.03125, 926.5], [-85.3125, 919.5], [-84.609375, 913.0], [-83.890625, 907.0], [-83.1875, 900.5], [-82.484375, 893.5], [-81.78125, 889.5], [-81.078125, 887.0], [-80.375, 882.0], [-79.671875, 876.5], [-78.96875, 873.5], [-78.265625, 869.5], [-77.5625, 864.5], [-76.84375, 862.0], [-76.140625, 859.0], [-75.4375, 855.0], [-74.734375, 851.5], [-74.015625, 848.0], [-73.3125, 845.0], [-72.609375, 840.75], [-71.90625, 837.75], [-71.171875, 837.0], [-70.46875, 835.5], 