{"heading": 21.9, "target": 25.64031752767232, "gap_dist": 533.0428198184545, "gap_info": [{"width": 179.79802675942622, "center_angle": -71.71022324799354, "edge_a": [-73, 220.0], "edge_b": [-71, 399.5], "depth": 399.5, "passable": false, "chosen": false}, {"width": 398.1948124399928, "center_angle": 4.441109323603991, "edge_a": [-10, 790.0], "edge_b": [20, 734.5], "depth": 790.0, "passable": true, "chosen": false}, {"width": 533.0428198184545, "center_angle": 25.64031752767232, "edge_a": [25, 735.0], "edge_b": [28, 199.5], "depth": 735.0, "passable": true, "chosen": true}, {"width": 440.49662551123885, "center_angle": 112.2238110842267, "edge_a": [110, 236.0], "edge_b": [113, 676.0], "depth": 676.0, "passable": true, "chosen": false}], "scan": [[-3, 963.0], [-1, 1051.0], [0, 1079.0], [1, 1137.5], [3, 1249.5], [14, 1401.5], [15, 1405.0], [16, 1405.5], [17, 1406.5], [18, 1406.0], [20, 734.5], [21, 733.0], [22, 732.5], [23, 731.5], [24, 733.0], [25, 735.0], [28, 199.5], [29, 195.5], [30, 194.0], [31, 192.0], [32, 190.0], [33, 188.5], [34, 185.0], [35, 183.0], [36, 181.5], [37, 179.0], [38, 177.0], [39, 175.0], [40, 175.5], [41, 174.0], [42, 173.0], [43, 171.5], [44, 169.5], [45, 169.5], [46, 168.5], [47, 165.0], [48, 165.0], [49, 166.0], [50, 165.5], [51, 164.5], [52, 162.0], [53, 162.5], [54, 162.0], [55, 162.0], [56, 162.0], [57, 161.0], [58, 160.5], [59, 160.0], [60, 160.0], [61, 159.5], [62, 159.0], [63, 159.0], [64, 159.0], [65, 159.0], [66, 159.0], [67, 159.5], [68, 160.5], [69, 161.0], [70, 162.0], [71, 161.0], [72, 161.0], [73, 161.0], [74, 161.5], [75, 162.5], [76, 164.0], [77, 164.0], [78, 164.5], [79, 164.5], [80, 167.0], [81, 167.0], [82, 169.0], [83, 169.5], [84, 171.5], [85, 171.5], [86, 173.0], [87, 175.0], [88, 175.5], [89, 178.0], [90, 178.5], [91, 179.5], [92, 181.5], [93, 183.0], [94, 186.0], [95, 187.5], [96, 191.5], [97, 194.5], [98, 194.0], [99, 197.5], [100, 200.5], [101, 202.5], [102, 206.5], [103, 208.0], [104, 212.0], [105, 216.0], [106, 220.5], [107, 225.5], [108, 229.0], [109, 234.0], [110, 236.0], [113, 676.0], [114, 679.0], [115, 681.0], [116, 685.5], [117, 688.0], [118, 684.5], [119, 686.0], [120, 688.5], [121, 695.5], [122, 700.0], [123, 697.0], [124, 694.0], [125, 699.0], [126, 712.5], [127, 701.0], [128, 703.0], [129, 705.5], [130, 711.5], [131, 713.5], [132, 717.5], [133, 724.5], [134, 727.5], [135, 736.5], [136, 741.5], [137, 746.5], [138, 754.0], [139, 760.5], [140, 767.0], [141, 775.0], [142, 780.5], [143, 788.5], [144, 794.5], [145, 806.0], [146, 809.5], [147, 814.0], [148, 825.0], [149, 832.5], [150, 842.0], [151, 843.5], [152, 845.5], [153, 859.5], [154, 867.0], [155, 881.5], [156, 890.5], [157, 901.0], [158, 917.0], [159, 927.0], [160, 948.5], [161, 960.5], [162, 988.0], [163, 1000.0], [165, 1125.0], [166, 1140.5], [167, 1163.0], [170, 8741.0], [175, 8285.0], [-178, 8012.0], [-173, 1110.0], [-172, 1092.0], [-171, 1093.0], [-170, 1103.5], [-168, 1195.5], [-165, 14855.5], [-163, 1751.5], [-161, 14729.0], [-160, 14715.0], [-156, 966.5], [-155, 963.0], [-154, 965.0], [-153, 987.5], [-151, 1709.5], [-145, 2277.0], [-144, 2272.0], [-135, 144.5], [-134, 146.0], [-133, 146.0], [-132, 147.0], [-131, 146.0], [-130, 145.0], [-129, 146.0], [-128, 143.5], [-127, 143.5], [-126, 143.5], [-125, 140.5], [-124, 140.5], [-123, 140.5], [-122, 141.0], [-121, 141.5], [-120, 141.0], [-119, 140.5], [-118, 141.5], [-117, 143.0], [-116, 143.5], [-115, 145.5], [-114, 145.5], [-113, 148.0], [-112, 147.5], [-111, 147.5], [-110, 148.5], [-109, 148.0], [-108, 149.0], [-107, 149.5], [-106, 150.0], [-105, 150.5], [-104, 151.5], [-103, 153.0], [-102, 153.5], [-101, 156.0], [-100, 157.0], [-99, 157.0], [-98, 158.0], [-97, 158.5], [-96, 159.5], [-95, 160.5], [-94, 162.0], [-93, 164.0], [-92, 165.5], [-91, 167.5], [-90, 169.0], [-89, 171.0], [-88, 173.0], [-87, 175.0], [-86, 178.0], [-85, 179.5], [-84, 181.5], [-83, 186.5], [-82, 187.0], [-81, 191.5], [-80, 193.0], [-79, 195.0], [-78, 200.5], [-77, 202.5], [-76, 209.0], [-75, 213.0], [-74, 219.0], [-73, 220.0], [-71, 399.5], [-70, 404.5], [-69, 410.0], [-68, 409.5], [-67, 409.5], [-66, 411.0], [-65, 408.5], [-64, 406.5], [-63, 408.5], [-62, 411.0], [-61, 410.0], [-60, 410.0], [-59, 413.5], [-58, 414.0], [-57, 418.5], [-56, 420.0], [-55, 422.5], [-54, 421.5], [-53, 424.0], [-52, 429.5], [-51, 433.5], [-50, 435.0], [-49, 441.0], [-48, 439.0], [-47, 447.0], [-46, 447.0], [-45, 452.25], [-44, 454.5], [-43, 458.0], [-42, 462.0], [-41, 467.5], [-40, 477.5], [-39, 482.0], [-38, 480.5], [-37, 485.0], [-36, 491.0], [-35, 504.0], [-34, 503.5], [-33, 507.0], [-32, 512.5], [-31, 520.5], [-30, 543.0], [-29, 545.5], [-28, 541.5], [-27, 560.0], [-26, 562.0], [-25, 580.0], [-24, 587.0], [-23, 605.0], [-22, 608.5], [-21, 617.5], [-20, 637.5], [-19, 645.0], [-18, 663.5], [-17, 677.5], [-16, 688.5], [-15, 709.0], [-14, 723.0], [-13, 747.5], [-12, 760.5], [-11, 775.5], [-10, 790.0], [-8, 840.5], [-7, 852.0], [-6, 881.0], [-5, 895.5], [-4, 918.0]]}