{"heading": 32.7, "target": -23.091170262475266, "gap_dist": 528.9363263183456, "gap_info": [{"width": 110.87423730195637, "center_angle": -171.98611917406973, "edge_a": [-176, 791.0], "edge_b": [-168, 796.5], "depth": 796.5, "passable": false, "chosen": false}, {"width": 518.1045286058037, "center_angle": -145.02965719211477, "edge_a": [-151, 733.5], "edge_b": [-127, 246.5], "depth": 733.5, "passable": true, "chosen": false}, {"width": 528.9363263183456, "center_angle": -23.091170262475266, "edge_a": [-27, 796.5], "edge_b": [-12, 282.25], "depth": 796.5, "passable": true, "chosen": true}], "scan": [[-3, 242.5], [-2, 246.0], [-1, 242.5], [0, 242.0], [1, 239.0], [2, 236.5], [3, 233.0], [4, 231.0], [5, 228.0], [6, 227.0], [7, 221.5], [8, 222.0], [9, 222.5], [10, 221.5], [11, 220.0], [12, 216.5], [13, 212.5], [14, 212.0], [15, 210.5], [16, 208.5], [17, 207.0], [18, 206.0], [19, 204.5], [20, 204.0], [21, 204.0], [22, 203.0], [23, 202.5], [24, 202.0], [25, 201.5], [26, 201.5], [27, 200.5], [28, 199.5], [29, 196.0], [30, 195.0], [31, 195.5], [32, 195.0], [33, 195.5], [34, 196.5], [35, 197.5], [36, 197.5], [37, 198.5], [38, 200.5], [39, 199.5], [40, 200.5], [41, 200.0], [42, 201.0], [43, 202.5], [44, 204.0], [45, 204.0], [46, 204.0], [47, 205.0], [48, 207.0], [49, 208.5], [50, 208.0], [51, 213.0], [52, 214.5], [53, 208.5], [54, 206.5], [55, 205.5], [56, 208.0], [57, 209.5], [58, 209.5], [59, 212.0], [60, 213.0], [61, 216.0], [62, 218.5], [63, 220.5], [64, 223.0], [65, 225.5], [66, 227.5], [67, 230.0], [68, 235.0], [69, 237.0], [70, 239.0], [71, 241.5], [72, 243.5], [73, 249.5], [74, 253.0], [75, 257.0], [76, 263.0], [77, 265.0], [78, 270.5], [79, 274.5], [80, 277.5], [81, 285.0], [82, 290.0], [83, 299.5], [84, 303.5], [85, 311.5], [86, 318.5], [87, 323.5], [88, 334.0], [89, 338.5], [90, 345.0], [91, 357.0], [92, 363.5], [93, 380.0], [94, 386.5], [95, 403.5], [96, 413.0], [99, 426.0], [100, 432.0], [101, 430.0], [102, 429.0], [103, 420.5], [104, 419.5], [105, 410.5], [106, 405.5], [107, 400.5], [108, 400.5], [109, 398.5], [110, 398.5], [111, 394.5], [112, 392.0], [113, 389.5], [114, 391.0], [115, 390.5], [116, 390.5], [117, 391.0], [118, 389.5], [119, 391.5], [121, 366.5], [122, 364.0], [123, 364.0], [124, 362.0], [125, 363.0], [126, 363.0], [127, 363.5], [128, 363.5], [129, 362.0], [130, 364.0], [131, 364.0], [132, 365.0], [133, 366.0], [134, 367.0], [135, 368.5], [136, 367.5], [137, 370.0], [138, 371.0], [139, 372.0], [140, 373.5], [141, 376.0], [142, 375.0], [143, 379.5], [144, 381.5], [145, 385.5], [146, 389.5], [147, 394.0], [148, 396.0], [149, 392.0], [150, 397.0], [151, 400.5], [152, 405.0], [153, 409.0], [154, 412.0], [155, 416.5], [156, 420.0], [157, 423.5], [158, 431.5], [159, 434.5], [160, 441.5], [161, 446.5], [162, 451.0], [163, 459.5], [164, 464.5], [165, 474.0], [166, 478.0], [167, 482.5], [168, 493.5], [169, 501.0], [170, 509.5], [171, 519.0], [172, 527.0], [173, 543.5], [174, 555.0], [175, 573.0], [176, 579.0], [177, 590.0], [-180, 724.5], [-176, 791.0], [-174, 829.5], [-173, 825.0], [-172, 830.0], [-171, 819.5], [-170, 812.5], [-169, 807.0], [-168, 796.5], [-167, 791.0], [-166, 786.0], [-165, 774.0], [-164, 770.0], [-163, 767.5], [-162, 761.0], [-161, 759.0], [-160, 751.0], [-159, 748.0], [-158, 746.0], [-157, 740.0], [-156, 737.5], [-155, 733.0], [-154, 731.5], [-153, 730.0], [-152, 730.0], [-151, 733.5], [-145, 2140.0], [-144, 2145.0], [-134, 2008.0], [-127, 246.5], [-125, 224.5], [-124, 222.5], [-123, 218.25], [-122, 219.0], [-121, 222.0], [-120, 222.5], [-119, 225.5], [-118, 229.0], [-117, 230.25], [-116, 230.75], [-115, 232.0], [-114, 235.25], [-113, 237.5], [-112, 241.0], [-111, 242.0], [-110, 247.5], [-109, 250.5], [-108, 252.5], [-107, 258.5], [-106, 261.5], [-105, 266.5], [-104, 268.0], [-103, 271.0], [-102, 277.5], [-101, 280.0], [-100, 288.5], [-99, 292.0], [-98, 295.5], [-97, 303.25], [-96, 308.0], [-95, 311.0], [-94, 320.5], [-93, 326.75], [-92, 338.25], [-91, 343.75], [-90, 347.75], [-89, 361.0], [-88, 366.75], [-87, 382.0], [-86, 387.5], [-85, 401.5], [-84, 410.5], [-83, 421.5], [-82, 433.5], [-81, 438.0], [-79, 473.0], [-78, 484.0], [-77, 513.0], [-75, 574.0], [-74, 581.0], [-72, 691.5], [-70, 730.0], [-68, 751.5], [-67, 749.0], [-66, 740.5], [-65, 736.5], [-64, 729.75], [-63, 718.5], [-62, 716.0], [-61, 710.5], [-60, 711.0], [-59, 713.0], [-58, 711.0], [-57, 711.5], [-56, 714.0], [-55, 715.0], [-54, 716.5], [-53, 709.0], [-52, 708.0], [-51, 710.0], [-50, 723.0], [-49, 728.0], [-48, 730.0], [-47, 731.5], [-46, 734.0], [-45, 743.5], [-44, 745.0], [-43, 747.0], [-42, 751.0], [-41, 750.5], [-40, 758.0], [-39, 760.5], [-38, 759.5], [-37, 762.5], [-36, 767.0], [-35, 773.0], [-34, 775.5], [-33, 777.5], [-32, 781.0], [-31, 781.5], [-30, 783.5], [-29, 787.0], [-28, 789.5], [-27, 796.5], [-26, 803.0], [-25, 809.0], [-24, 814.0], [-23, 823.5], [-22, 834.0], [-21, 839.5], [-20, 850.5], [-19, 856.5], [-18, 865.5], [-17, 876.5], [-16, 883.5], [-15, 901.5], [-14, 910.0], [-12, 282.25], [-11, 277.0], [-10, 268.0], [-9, 264.0], [-8, 259.0], [-7, 256.0], [-6, 249.5], [-5, 247.0], [-4, 245.0]]}