{"heading": 51.9, "target": 70.68391005144309, "gap_dist": 471.02357083279776, "gap_info": [{"width": 99.6309382827111, "center_angle": 53.735948319279245, "edge_a": [51, 434.5], "edge_b": [56, 525.0], "depth": 525.0, "passable": false, "chosen": false}, {"width": 164.97038798826648, "center_angle": 58.824487607569324, "edge_a": [56, 525.0], "edge_b": [61, 681.5], "depth": 681.5, "passable": false, "chosen": false}, {"width": 471.02357083279776, "center_angle": 70.68391005144309, "edge_a": [64, 790.5], "edge_b": [91, 265.0], "depth": 790.5, "passable": true, "chosen": true}], "scan": [[-3, 179.5], [-2, 192.0], [-1, 192.0], [0, 194.0], [1, 194.0], [2, 194.0], [3, 197.0], [4, 197.5], [5, 201.5], [6, 204.5], [7, 204.5], [8, 207.5], [9, 209.0], [10, 211.0], [11, 212.5], [12, 213.5], [15, 225.0], [16, 226.0], [17, 223.5], [18, 224.5], [19, 227.5], [20, 233.5], [21, 237.5], [22, 236.5], [23, 243.0], [24, 244.0], [25, 245.0], [27, 256.5], [28, 260.5], [29, 265.5], [30, 268.0], [31, 272.5], [32, 275.0], [35, 293.5], [36, 300.5], [37, 308.0], [39, 322.5], [40, 325.5], [41, 335.5], [42, 343.5], [43, 357.0], [44, 362.5], [45, 365.5], [46, 379.25], [47, 385.25], [50, 418.0], [51, 434.5], [56, 525.0], [61, 681.5], [64, 790.5], [78, 2725.0], [80, 1444.5], [81, 1438.5], [82, 1454.0], [91, 265.0], [92, 262.0], [93, 264.0], [94, 267.5], [95, 269.5], [96, 270.25], [97, 272.0], [98, 273.0], [99, 273.5], [100, 273.5], [101, 277.5], [102, 278.0], [103, 279.0], [104, 281.5], [105, 282.0], [106, 286.75], [107, 290.5], [108, 291.5], [109, 294.0], [110, 296.5], [111, 302.0], [112, 303.5], [113, 305.5], [114, 309.0], [115, 311.5], [116, 317.0], [117, 320.0], [118, 326.0], [119, 329.5], [120, 334.0], [121, 336.5], [122, 347.5], [123, 352.5], [124, 359.5], [125, 365.5], [126, 370.0], [127, 379.0], [128, 384.0], [129, 392.0], [130, 398.5], [131, 410.5], [132, 416.5], [133, 425.0], [135, 1034.0], [136, 1026.5], [137, 1021.0], [138, 1006.5], [139, 1000.0], [140, 987.0], [141, 980.5], [142, 974.5], [143, 964.0], [144, 958.0], [145, 949.0], [146, 946.0], [147, 938.5], [148, 928.0], [149, 925.0], [150, 914.5], [151, 912.0], [152, 902.0], [153, 899.5], [154, 893.5], [155, 892.75], [156, 889.5], [157, 887.25], [158, 879.25], [159, 867.5], [160, 861.5], [161, 859.0], [162, 860.0], [163, 861.0], [164, 859.5], [165, 858.0], [166, 857.5], [167, 858.5], [168, 854.0], [169, 856.0], [170, 860.5], [171, 861.0], [172, 864.5], [173, 864.0], [174, 865.5], [175, 865.5], [176, 870.0], [177, 873.5], [178, 874.5], [179, 881.0], [180, 881.5], [-180, 883.5], [-179, 886.5], [-178, 888.5], [-177, 894.0], [-176, 898.5], [-175, 903.0], [-174, 910.0], [-172, 433.5], [-171, 423.5], [-170, 419.5], [-169, 414.0], [-168, 403.5], [-167, 399.0], [-166, 394.5], [-165, 386.5], [-164, 382.0], [-163, 373.5], [-162, 370.5], [-161, 362.5], [-160, 359.0], [-159, 356.5], [-158, 346.5], [-157, 343.5], [-156, 341.5], [-155, 341.0], [-154, 337.5], [-153, 330.0], [-152, 328.5], [-151, 326.0], [-150, 323.5], [-149, 317.5], [-148, 316.0], [-147, 315.0], [-146, 312.0], [-145, 310.0], [-144, 308.0], [-143, 306.0], [-142, 304.5], [-141, 304.5], [-140, 303.5], [-139, 300.5], [-138, 300.0], [-137, 299.0], [-136, 299.5], [-135, 296.5], [-134, 296.5], [-132, 278.25], [-131, 273.75], [-130, 271.75], [-129, 271.5], [-128, 268.5], [-127, 267.5], [-126, 263.0], [-125, 261.5], [-124, 259.0], [-123, 258.5], [-122, 255.5], [-121, 254.5], [-120, 253.5], [-119, 252.25], [-118, 250.75], [-117, 248.0], [-116, 246.5], [-115, 245.5], [-114, 244.25], [-113, 243.5], [-112, 243.25], [-111, 243.0], [-110, 241.75], [-109, 242.5], [-108, 238.0], [-107, 236.75], [-106, 238.25], [-105, 237.5], [-104, 236.25], [-103, 235.25], [-102, 239.5], [-101, 242.0], [-100, 242.5], [-99, 242.75], [-98, 244.5], [-97, 245.5], [-96, 245.0], [-95, 245.0], [-94, 246.0], [-93, 246.5], [-92, 247.0], [-91, 250.0], [-90, 252.0], [-89, 252.5], [-88, 254.5], [-87, 255.5], [-86, 258.5], [-85, 259.5], [-84, 261.5], [-83, 264.0], [-82, 266.0], [-81, 269.0], [-80, 269.5], [-79, 273.5], [-78, 274.5], [-77, 279.0], [-76, 281.0], [-75, 284.0], [-74, 288.5], [-73, 290.5], [-71, 318.5], [-70, 323.0], [-69, 320.5], [-68, 310.5], [-67, 304.5], [-65, 285.5], [-64, 283.75], [-62, 265.0], [-61, 260.5], [-59, 253.5], [-58, 248.25], [-56, 233.5], [-55, 233.0], [-53, 229.5], [-51, 228.0], [-50, 219.0], [-49, 217.5], [-48, 215.0], [-47, 214.0], [-46, 207.0], [-45, 205.5], [-44, 208.0], [-43, 203.0], [-42, 200.5], [-41, 194.5], [-40, 195.0], [-39, 196.0], [-37, 189.5], [-36, 186.0], [-35, 185.5], [-34, 185.5], [-32, 178.0], [-31, 179.5], [-30, 180.0], [-29, 177.0], [-28, 176.5], [-27, 173.5], [-26, 174.0], [-25, 173.0], [-24, 173.5], [-23, 175.0], [-22, 173.5], [-21, 175.0], [-20, 173.0], [-19, 174.5], [-18, 175.5], [-17, 175.0], [-16, 175.0], [-15, 174.0], [-14, 173.5], [-13, 173.0], [-12, 174.0], [-11, 173.5], [-10, 174.0], [-9, 175.5], [-8, 177.0], [-7, 175.0], [-6, 176.0], [-5, 178.0]]}