{"heading": 158.8, "target": -36.89662850565668, "gap_dist": 645.722902347754, "gap_info": [{"width": 645.722902347754, "center_angle": -36.89662850565668, "edge_a": [-37.34375, 798.5], "edge_b": [-34.5625, 153.0], "depth": 798.5, "passable": true, "chosen": true}, {"width": 491.61571445201304, "center_angle": 55.189868260155805, "edge_a": [54.140625, 253.5], "edge_b": [55.546875, 745.0], "depth": 745.0, "passable": true, "chosen": false}, {"width": 523.4811251885963, "center_angle": 130.56186322921036, "edge_a": [122.171875, 797.0], "edge_b": [150.5625, 340.0], "depth": 797.0, "passable": true, "chosen": false}], "scan": [[-2.375, 130.0], [-1.671875, 130.5], [-0.96875, 131.0], [-0.265625, 131.5], [0.4375, 132.5], [1.140625, 133.0], [1.84375, 135.0], [2.546875, 135.5], [3.234375, 135.0], [3.921875, 136.0], [4.625, 136.0], [5.3125, 136.0], [6.046875, 137.0], [6.75, 137.5], [7.453125, 137.5], [8.15625, 138.0], [8.859375, 138.0], [9.5625, 138.5], [10.265625, 138.5], [10.96875, 138.5], [11.84375, 140.0], [12.578125, 140.5], [13.328125, 140.0], [14.0625, 140.0], [14.6875, 140.5], [15.390625, 142.0], [16.109375, 142.5], [16.8125, 142.0], [17.5625, 143.0], [18.28125, 143.5], [19.0, 144.0], [19.71875, 144.5], [20.359375, 144.5], [21.046875, 145.0], [21.75, 145.5], [22.4375, 147.0], [23.203125, 148.5], [23.90625, 149.0], [24.625, 150.0], [25.328125, 150.5], [26.03125, 151.0], [26.734375, 152.5], [27.4375, 153.5], [28.140625, 154.0], [28.609375, 154.0], [29.25, 156.0], [29.890625, 158.0], [30.53125, 159.0], [31.40625, 161.5], [32.09375, 164.0], [32.796875, 166.0], [33.484375, 167.5], [34.203125, 170.0], [34.890625, 172.5], [35.59375, 173.5], [36.28125, 175.0], [37.015625, 176.5], [37.71875, 178.0], [38.421875, 180.5], [39.125, 182.0], [39.796875, 183.5], [40.484375, 186.0], [41.1875, 188.5], [41.875, 191.5], [42.59375, 193.0], [43.28125, 195.0], [44.671875, 205.5], [45.40625, 207.0], [46.109375, 209.5], [46.8125, 213.0], [47.515625, 216.5], [48.46875, 221.0], [49.234375, 224.0], [50.0, 228.0], [50.765625, 232.5], [51.3125, 237.5], [52.015625, 241.5], [52.734375, 244.5], [53.4375, 249.0], [54.140625, 253.5], [55.546875, 745.0], [56.25, 738.5], [57.0, 733.5], [57.703125, 727.5], [58.421875, 723.5], [59.125, 720.0], [59.8125, 716.0], [60.515625, 715.0], [61.21875, 712.5], [61.921875, 705.5], [62.640625, 696.0], [63.34375, 689.5], [64.046875, 684.5], [64.75, 683.0], [65.328125, 680.5], [66.0, 673.5], [66.671875, 670.0], [67.34375, 668.5], [68.15625, 664.0], [68.859375, 657.0], [69.5625, 653.5], [70.265625, 650.0], [70.96875, 645.0], [71.671875, 643.0], [72.375, 642.0], [73.078125, 639.5], [73.78125, 638.5], [74.484375, 637.0], [75.1875, 634.0], [75.890625, 634.0], [76.578125, 631.5], [77.265625, 627.5], [77.96875, 625.75], [78.65625, 625.25], [79.390625, 623.25], [80.09375, 621.5], [80.796875, 621.5], [81.5, 622.0], [82.140625, 622.0], [82.828125, 622.0], [83.515625, 620.5], [84.203125, 619.5], [84.921875, 619.5], [85.609375, 619.5], [86.3125, 621.5], [87.0, 622.5], [87.765625, 622.0], [88.46875, 621.0], [89.1875, 622.0], [89.890625, 624.5], [90.515625, 623.5], [91.203125, 622.0], [91.890625, 622.5], [92.578125, 624.5], [93.3125, 626.0], [94.0, 626.5], [94.703125, 628.0], [95.390625, 629.0], [96.140625, 631.0], [96.84375, 635.0], [97.546875, 636.5], [98.25, 637.5], [98.921875, 640.0], [99.609375, 642.5], [100.3125, 645.0], [101.0, 648.0], [101.90625, 650.5], [102.640625, 654.0], [103.390625, 658.5], [104.125, 660.5], [104.734375, 661.5], [105.4375, 668.0], [106.140625, 674.5], [106.84375, 677.0], [107.578125, 679.5], [108.28125, 683.5], [109.0, 686.0], [109.703125, 690.5], [110.390625, 698.5], [111.09375, 705.0], [111.796875, 710.5], [112.5, 714.5], [113.203125, 718.0], [113.90625, 722.5], [114.609375, 730.0], [115.3125, 734.0], [116.046875, 738.0], [116.75, 746.5], [117.46875, 753.0], [118.171875, 758.0], [118.6875, 765.0], [119.34375, 772.0], [120.0, 776.0], [120.65625, 781.0], [121.484375, 790.0], [122.171875, 797.0], [122.875, 801.0], [123.5625, 805.0], [124.28125, 814.0], [124.96875, 824.5], [125.671875, 829.5], [126.359375, 836.0], [127.078125, 845.5], [127.765625, 852.0], [128.46875, 862.5], [129.15625, 875.0], [129.875, 881.0], [130.5625, 890.5], [131.265625, 901.5], [131.953125, 910.5], [132.671875, 927.0], [133.359375, 941.5], [134.0625, 950.0], [134.75, 964.0], [135.46875, 978.0], [136.15625, 989.5], [136.859375, 1003.0], [137.546875, 1019.0], [138.515625, 1034.5], [139.265625, 1048.0], [140.03125, 1064.5], [140.78125, 1080.5], [141.359375, 1097.0], [142.0625, 1119.0], [142.78125, 1139.5], [143.484375, 1157.5], [144.1875, 1177.5], [144.890625, 1200.5], [145.59375, 1229.0], [146.296875, 1244.0], [147.015625, 1237.5], [147.71875, 1226.5], [148.421875, 1215.5], [149.125, 1205.5], [150.5625, 340.0], [151.28125, 341.0], [151.984375, 339.0], [152.671875, 337.0], [153.375, 335.0], [154.078125, 333.5], [154.78125, 332.5], [155.46875, 330.5], [156.15625, 329.0], [156.859375, 328.0], [157.546875, 327.0], [158.28125, 325.5], [158.984375, 323.5], [159.6875, 322.5], [160.390625, 321.5], [161.125, 320.0], [161.828125, 318.5], [162.546875, 317.5], [163.25, 316.5], [163.9375, 316.0], [164.640625, 315.5], [165.34375, 314.0], [166.046875, 313.5], [166.78125, 314.5], [167.484375, 312.5], [168.203125, 311.5], [168.90625, 311.75], [169.609375, 310.5], [170.3125, 310.5], [171.015625, 310.5], [171.71875, 310.5], [172.390625, 309.5], [173.078125, 307.0], [173.78125, 306.0], [174.46875, 305.0], [175.21875, 305.0], [175.921875, 306.25], [176.625, 307.25], [177.328125, 307.0], [178.03125, 306.75], [178.734375, 307.25], [179.4375, 308.25], [-179.859375, 309.75], [-179.125, 310.25], [-178.421875, 310.5], [-177.703125, 310.25], [-177.0, 311.25], [-176.328125, 312.0], [-175.640625, 313.0], [-174.9375, 314.5], [-174.25, 313.5], [-173.5, 314.5], [-172.796875, 316.0], [-172.09375, 316.5], [-171.390625, 317.5], [-170.671875, 317.5], [-169.96875, 318.0], [-169.265625, 318.5], [-168.5625, 319.5], [-167.6875, 321.0], [-166.953125, 323.0], [-166.203125, 324.0], [-165.46875, 325.0], [-164.859375, 326.5], [-164.15625, 327.5], [-163.453125, 329.5], [-162.75, 332.0], [-162.0, 333.0], [-161.296875, 334.0], [-160.578125, 336.0], [-159.875, 338.0], [-159.15625, 339.5], [-158.453125, 341.5], [-157.734375, 343.5], [-157.03125, 348.5], [-156.328125, 352.0], [-155.625, 353.0], [-154.921875, 355.0], [-154.21875, 354.5], [-153.46875, 355.0], [-152.765625, 356.0], [-152.046875, 358.5], [-151.34375, 362.5], [-150.71875, 365.0], [-150.03125, 367.5], [-149.34375, 370.0], [-148.65625, 372.0], [-147.875, 375.0], [-147.171875, 378.5], [-146.453125, 382.0], [-145.75, 386.0], [-145.03125, 389.5], [-144.328125, 394.0], [-143.609375, 398.0], [-142.90625, 402.0], [-142.203125, 407.0], [-141.5, 411.0], [-140.796875, 414.5], [-140.09375, 419.0], [-139.359375, 424.0], [-138.65625, 429.0], [-137.9375, 435.5], [-137.234375, 440.5], [-136.546875, 446.0], [-135.84375, 452.5], [-135.140625, 459.0], [-134.4375, 467.0], [-133.875, 472.5], [-133.21875, 478.5], [-132.546875, 485.5], [-131.890625, 493.0], [-131.078125, 503.0], [-130.390625, 511.0], [-129.6875, 520.0], [-129.0, 531.5], [-128.28125, 545.0], [-127.59375, 558.0], [-126.890625, 570.5], [-126.203125, 572.5], [-125.46875, 569.0], [-124.765625, 568.5], [-124.0625, 563.5], [-123.359375, 562.5], [-122.671875, 567.0], [-121.984375, 570.0], [-121.28125, 562.5], [-120.59375, 554.0], [-119.859375, 546.5], [-118.453125, 514.5], [-117.75, 512.5], [-117.046875, 509.5], [-116.34375, 504.5], [-115.640625, 507.5], [-114.9375, 510.0], [-114.28125, 506.5], [-113.59375, 498.0], [-112.90625, 494.0], [-112.21875, 489.5], [-111.484375, 488.0], [-110.796875, 492.0], [-110.09375, 492.5], [-109.40625, 488.0], [-108.703125, 479.5], [-108.015625, 479.0], [-107.3125, 480.25], [-106.625, 477.25], [-105.890625, 476.5], [-105.1875, 475.0], [-104.484375, 473.75], [-103.78125, 472.5], [-103.109375, 470.75], [-102.421875, 470.0], [-101.71875, 469.5], [-101.03125, 468.75], [-100.296875, 467.75], 