{"heading": -11.8, "target": -95.43478962685532, "gap_dist": 373.0843552287714, "gap_info": [{"width": 373.0843552287714, "center_angle": -95.43478962685532, "edge_a": [-123, 354.0], "edge_b": [-45, 212.5], "depth": 354.0, "passable": true, "chosen": true}, {"width": 151.87839651269, "center_angle": 27.25870071842909, "edge_a": [26, 259.0], "edge_b": [28, 439.75], "depth": 439.75, "passable": false, "chosen": false}, {"width": 205.35997250708888, "center_angle": 135.0554973725293, "edge_a": [123, 491.5], "edge_b": [147, 496.0], "depth": 496.0, "passable": false, "chosen": false}], "scan": [[-2, 203.0], [-1, 203.0], [0, 203.5], [1, 205.5], [2, 206.5], [3, 208.5], [4, 209.0], [5, 210.5], [6, 212.5], [7, 214.0], [8, 217.0], [9, 217.5], [10, 219.0], [11, 222.0], [12, 222.5], [13, 224.5], [14, 226.0], [15, 227.5], [16, 230.5], [17, 232.5], [18, 237.0], [19, 239.0], [20, 241.0], [21, 245.0], [22, 248.5], [23, 254.0], [24, 256.0], [25, 258.0], [26, 259.0], [28, 439.75], [29, 433.0], [30, 428.5], [31, 421.0], [32, 420.5], [33, 416.5], [34, 415.0], [35, 416.5], [36, 416.5], [37, 409.5], [38, 396.5], [39, 393.0], [41, 398.5], [42, 396.0], [43, 391.5], [44, 387.5], [46, 366.75], [47, 362.75], [48, 362.5], [49, 361.5], [50, 364.0], [51, 358.5], [52, 354.5], [53, 350.0], [54, 349.5], [55, 345.0], [56, 342.5], [57, 341.0], [58, 340.0], [59, 337.5], [60, 338.0], [61, 337.0], [62, 335.5], [63, 332.5], [64, 333.5], [65, 333.0], [66, 331.5], [67, 331.0], [68, 331.0], [69, 330.5], [70, 329.5], [71, 332.0], [72, 331.0], [73, 330.5], [74, 331.0], [75, 330.5], [76, 330.5], [77, 331.5], [78, 332.0], [79, 333.5], [80, 333.5], [81, 335.0], [82, 335.5], [83, 338.0], [84, 339.5], [85, 341.5], [86, 342.5], [87, 343.0], [88, 345.0], [89, 346.5], [90, 350.5], [91, 352.5], [92, 354.5], [93, 358.0], [94, 358.5], [95, 362.5], [96, 364.0], [97, 368.5], [98, 370.5], [99, 375.0], [100, 377.5], [101, 380.0], [102, 384.0], [103, 389.5], [104, 392.5], [105, 396.0], [106, 400.5], [107, 408.5], [108, 410.0], [109, 413.0], [110, 421.5], [111, 429.5], [112, 433.75], [113, 436.25], [114, 428.0], [115, 426.0], [116, 427.5], [117, 435.5], [119, 469.5], [120, 475.0], [121, 482.5], [122, 477.0], [123, 491.5], [130, 589.0], [131, 604.5], [132, 620.0], [133, 652.5], [135, 708.5], [136, 718.0], [137, 728.5], [142, 593.5], [145, 527.0], [147, 496.0], [148, 495.5], [149, 496.5], [150, 501.5], [151, 507.0], [152, 513.0], [153, 520.0], [154, 526.0], [155, 537.5], [156, 542.0], [157, 553.0], [158, 560.5], [159, 566.0], [160, 579.0], [161, 587.0], [163, 611.5], [164, 619.5], [165, 634.5], [166, 645.0], [167, 664.5], [168, 673.0], [169, 689.0], [170, 705.0], [172, 3587.0], [174, 1216.5], [175, 1204.0], [176, 1193.0], [177, 1187.0], [-179, 2685.5], [-178, 2656.0], [-174, 2241.5], [-172, 1906.5], [-171, 1851.0], [-170, 1751.5], [-169, 1708.5], [-168, 1667.5], [-167, 1592.0], [-166, 1557.0], [-165, 1493.0], [-164, 1464.5], [-163, 1437.5], [-162, 1381.5], [-161, 1357.5], [-160, 1315.0], [-159, 1294.5], [-158, 1254.5], [-157, 1236.0], [-156, 1218.0], [-155, 1185.0], [-154, 1168.5], [-153, 1139.0], [-152, 1123.5], [-151, 1106.5], [-149, 451.5], [-148, 442.5], [-147, 438.0], [-146, 431.0], [-145, 426.0], [-144, 422.0], [-143, 416.5], [-142, 413.0], [-141, 407.5], [-140, 404.0], [-139, 400.0], [-138, 395.0], [-137, 391.5], [-136, 386.0], [-135, 382.5], [-134, 379.5], [-133, 374.5], [-132, 372.0], [-131, 369.5], [-130, 367.5], [-129, 363.5], [-128, 360.5], [-127, 358.0], [-126, 356.0], [-125, 354.0], [-124, 353.5], [-123, 354.0], [-117, 795.5], [-116, 786.5], [-115, 771.5], [-114, 771.0], [-113, 768.0], [-112, 766.0], [-111, 762.0], [-110, 760.0], [-109, 760.5], [-108, 763.0], [-107, 762.0], [-106, 761.5], [-105, 763.0], [-104, 763.5], [-103, 763.5], [-102, 764.5], [-101, 764.0], [-100, 767.0], [-99, 769.5], [-98, 771.0], [-97, 778.0], [-96, 779.5], [-95, 780.5], [-94, 779.5], [-93, 782.5], [-92, 787.0], [-91, 790.0], [-90, 800.5], [-89, 802.5], [-88, 810.0], [-87, 813.5], [-86, 816.5], [-85, 824.0], [-84, 828.0], [-83, 835.0], [-82, 837.0], [-81, 841.5], [-80, 853.0], [-79, 856.0], [-78, 867.5], [-77, 873.0], [-76, 878.5], [-75, 888.5], [-74, 894.5], [-73, 906.5], [-72, 912.0], [-71, 926.5], [-70, 934.0], [-69, 942.5], [-68, 960.0], [-67, 967.5], [-66, 986.5], [-65, 998.0], [-64, 1009.0], [-63, 1033.5], [-62, 1044.0], [-61, 1067.0], [-60, 1079.0], [-59, 1107.5], [-58, 1122.0], [-56, 943.0], [-55, 929.75], [-54, 922.25], [-53, 914.0], [-52, 902.0], [-51, 895.5], [-50, 880.5], [-49, 876.5], [-48, 863.5], [-47, 860.0], [-45, 212.5], [-44, 209.5], [-43, 207.5], [-42, 205.5], [-41, 203.0], [-40, 201.5], [-39, 200.0], [-38, 196.5], [-37, 194.5], [-36, 193.0], [-35, 193.5], [-34, 191.5], [-33, 190.0], [-32, 188.5], [-31, 187.0], [-30, 187.0], [-29, 185.5], [-28, 183.0], [-27, 183.0], [-26, 182.5], [-25, 180.5], [-24, 180.5], [-23, 180.0], [-22, 179.5], [-21, 178.5], [-20, 178.5], [-19, 175.5], [-18, 175.5], [-17, 175.0], [-16, 175.5], [-15, 173.0], [-14, 172.0], [-13, 170.5], [-12, 169.5], [-11, 172.0], [-10, 173.5], [-9, 174.5], [-8, 175.0], [-7, 175.5], [-6, 177.0], [-5, 175.5], [-4, 176.0]]}