{"heading": -10.6, "target": 85.80337619011128, "gap_dist": 453.29474913178734, "gap_info": [{"width": 242.41505139219512, "center_angle": -58.99252669890948, "edge_a": [-64, 495.0], "edge_b": [-49, 249.0], "depth": 495.0, "passable": false, "chosen": false}, {"width": 137.39524458172772, "center_angle": -14.747342906127946, "edge_a": [-16, 353.0], "edge_b": [-12, 161.0], "depth": 353.0, "passable": false, "chosen": false}, {"width": 453.29474913178734, "center_angle": 85.80337619011128, "edge_a": [49, 358.5], "edge_b": [112, 486.5], "depth": 486.5, "passable": true, "chosen": true}], "scan": [[-4, 160.5], [-3, 177.5], [-2, 176.0], [-1, 175.5], [0, 178.5], [1, 182.0], [2, 182.5], [3, 184.5], [4, 185.0], [5, 186.5], [6, 188.5], [7, 188.0], [8, 190.0], [9, 190.0], [10, 192.0], [11, 193.0], [12, 193.5], [13, 196.5], [14, 196.5], [15, 197.0], [16, 200.0], [17, 202.0], [18, 203.0], [19, 204.5], [20, 208.5], [21, 210.5], [22, 212.0], [23, 213.0], [24, 215.5], [25, 222.0], [26, 224.0], [27, 227.0], [28, 232.0], [29, 234.5], [30, 239.0], [31, 244.0], [32, 245.5], [33, 250.0], [34, 256.5], [35, 258.5], [36, 263.5], [37, 268.0], [38, 271.5], [39, 279.0], [40, 283.5], [41, 294.0], [42, 299.0], [43, 310.0], [44, 315.0], [45, 327.0], [46, 332.0], [47, 338.5], [49, 358.5], [51, 820.0], [52, 811.5], [53, 799.0], [54, 789.5], [55, 775.5], [56, 773.5], [57, 766.5], [58, 750.0], [59, 746.0], [60, 745.5], [61, 746.0], [62, 743.5], [63, 740.0], [64, 736.0], [65, 727.5], [66, 727.0], [67, 717.5], [68, 715.5], [69, 708.0], [70, 705.0], [71, 704.5], [72, 699.0], [73, 696.0], [74, 695.5], [75, 695.5], [76, 693.0], [77, 695.0], [78, 692.5], [79, 682.0], [80, 685.5], [81, 685.0], [82, 686.5], [83, 681.5], [84, 685.0], [85, 688.5], [86, 686.0], [87, 694.75], [88, 692.5], [89, 693.0], [90, 695.5], [91, 703.25], [92, 701.25], [93, 702.25], [94, 710.5], [95, 710.0], [96, 712.5], [97, 719.0], [98, 723.0], [99, 725.0], [100, 730.5], [101, 727.0], [102, 732.5], [103, 739.5], [104, 744.5], [105, 743.5], [106, 746.5], [107, 748.0], [109, 526.5], [110, 508.0], [111, 501.0], [112, 486.5], [113, 479.0], [114, 473.5], [115, 460.0], [116, 453.5], [117, 442.5], [118, 438.5], [119, 432.5], [120, 423.0], [121, 413.5], [122, 410.0], [123, 406.5], [124, 400.5], [125, 397.0], [126, 390.5], [127, 388.0], [128, 384.0], [129, 379.5], [130, 376.0], [131, 373.5], [132, 370.5], [133, 366.0], [134, 362.5], [135, 360.5], [136, 358.5], [137, 358.0], [138, 358.0], [139, 362.0], [140, 368.5], [148, 1644.0], [154, 1486.0], [159, 2569.5], [160, 2567.5], [161, 2565.0], [162, 2557.0], [163, 2553.0], [164, 2551.5], [165, 2552.0], [166, 2552.5], [167, 2541.5], [172, 6674.0], [173, 6616.0], [174, 6584.0], [175, 6673.0], [176, 6675.5], [178, 10214.5], [179, 10230.0], [180, 10267.5], [-179, 10309.0], [-175, 9799.0], [-170, 4312.0], [-167, 1015.0], [-163, 853.0], [-162, 836.5], [-161, 803.0], [-160, 791.0], [-159, 766.0], [-158, 753.5], [-157, 741.5], [-156, 720.5], [-155, 708.0], [-154, 687.5], [-153, 679.5], [-152, 664.5], [-151, 654.0], [-150, 646.5], [-149, 633.5], [-148, 623.0], [-147, 592.0], [-146, 583.0], [-145, 575.5], [-144, 558.5], [-143, 551.0], [-142, 537.5], [-141, 532.5], [-140, 520.0], [-139, 514.0], [-138, 507.5], [-137, 499.5], [-136, 496.0], [-135, 489.0], [-134, 485.5], [-133, 477.0], [-132, 473.5], [-131, 468.0], [-130, 467.0], [-129, 463.0], [-128, 457.0], [-127, 452.5], [-126, 449.5], [-125, 446.0], [-124, 441.0], [-123, 440.0], [-122, 438.5], [-121, 432.5], [-120, 431.0], [-119, 428.5], [-118, 426.0], [-117, 423.0], [-116, 423.5], [-115, 421.5], [-114, 417.25], [-113, 413.0], [-112, 409.5], [-111, 412.0], [-110, 408.25], [-109, 408.75], [-108, 408.5], [-107, 408.0], [-106, 406.25], [-105, 405.0], [-104, 404.75], [-103, 402.75], [-102, 403.5], [-101, 403.5], [-100, 402.0], [-99, 401.75], [-98, 403.0], [-97, 405.25], [-96, 405.5], [-95, 408.0], [-94, 411.0], [-93, 409.5], [-92, 408.0], [-91, 409.0], [-90, 408.0], [-89, 408.0], [-88, 408.0], [-87, 409.5], [-86, 410.0], [-85, 412.0], [-84, 416.0], [-83, 419.0], [-82, 423.5], [-81, 421.0], [-80, 423.0], [-79, 425.0], [-78, 428.0], [-77, 438.5], [-76, 449.0], [-75, 450.5], [-74, 449.0], [-73, 448.0], [-72, 453.0], [-71, 464.5], [-70, 476.5], [-69, 468.5], [-68, 472.0], [-67, 475.5], [-66, 480.5], [-65, 490.5], [-64, 495.0], [-63, 503.5], [-62, 509.0], [-61, 524.5], [-60, 532.0], [-59, 540.0], [-58, 555.5], [-57, 560.0], [-55, 538.0], [-54, 524.5], [-53, 516.5], [-49, 249.0], [-48, 247.5], [-47, 246.5], [-46, 248.0], [-45, 248.0], [-44, 251.5], [-43, 253.5], [-42, 255.0], [-41, 257.5], [-40, 259.0], [-39, 262.5], [-38, 264.0], [-37, 266.5], [-36, 268.5], [-35, 270.5], [-34, 273.5], [-33, 275.0], [-32, 278.0], [-31, 280.0], [-30, 282.75], [-29, 287.5], [-28, 290.5], [-27, 296.5], [-26, 299.5], [-25, 305.5], [-24, 310.5], [-23, 313.5], [-22, 318.0], [-21, 323.0], [-20, 332.5], [-19, 336.0], [-18, 340.5], [-17, 350.0], [-16, 353.0], [-12, 161.0], [-11, 160.0], [-9, 156.5], [-8, 159.5], [-7, 157.5], [-6, 161.0], [-5, 160.5]]}