{"heading": -82.2, "target": -95.86793701648122, "gap_dist": 486.38628863532017, "gap_info": [{"width": 486.38628863532017, "center_angle": -95.86793701648122, "edge_a": [-128, 440.0], "edge_b": [-71, 556.5], "depth": 556.5, "passable": true, "chosen": true}, {"width": 39.871893984815316, "center_angle": 67.5409138115214, "edge_a": [65, 421.0], "edge_b": [70, 435.0], "depth": 435.0, "passable": false, "chosen": false}], "scan": [[-4, 157.0], [-3, 155.5], [-2, 156.0], [0, 185.0], [1, 183.5], [2, 180.5], [3, 180.0], [4, 180.0], [5, 180.5], [6, 179.5], [7, 180.0], [8, 179.5], [9, 179.5], [10, 181.5], [11, 180.5], [12, 179.0], [13, 179.5], [15, 180.0], [16, 181.0], [19, 182.5], [21, 189.0], [22, 188.0], [23, 189.0], [24, 191.5], [26, 189.5], [27, 197.0], [28, 199.0], [30, 202.0], [32, 219.5], [34, 232.5], [35, 232.0], [36, 231.5], [37, 231.5], [38, 236.0], [40, 228.0], [42, 243.0], [43, 253.0], [44, 257.0], [47, 258.5], [48, 262.0], [49, 270.0], [50, 273.5], [51, 282.0], [52, 286.5], [53, 293.5], [54, 300.5], [55, 309.5], [56, 316.0], [57, 321.5], [58, 332.5], [59, 339.5], [61, 363.5], [62, 371.0], [63, 389.0], [64, 400.0], [65, 421.0], [70, 435.0], [71, 429.0], [72, 425.5], [73, 422.5], [74, 421.5], [75, 420.5], [76, 417.0], [77, 416.0], [78, 413.0], [79, 411.5], [80, 409.0], [81, 408.5], [82, 408.0], [83, 404.5], [84, 404.0], [85, 401.5], [86, 401.5], [87, 400.75], [88, 400.5], [89, 399.5], [90, 398.5], [91, 397.0], [92, 394.5], [93, 394.0], [94, 395.25], [95, 396.0], [96, 398.0], [97, 399.5], [98, 400.0], [99, 400.5], [100, 402.5], [101, 404.0], [102, 403.5], [103, 405.5], [104, 407.0], [105, 408.0], [106, 409.0], [107, 410.0], [108, 413.0], [109, 414.5], [110, 423.0], [111, 427.5], [112, 430.5], [113, 434.5], [114, 437.5], [115, 441.0], [116, 443.0], [117, 447.0], [118, 449.5], [119, 454.0], [120, 459.5], [121, 465.0], [122, 468.0], [123, 471.5], [124, 478.0], [125, 481.0], [126, 489.0], [127, 494.0], [128, 504.5], [129, 509.0], [130, 514.0], [131, 525.0], [132, 529.0], [133, 542.5], [134, 549.5], [135, 564.5], [136, 571.0], [137, 577.5], [138, 587.0], [139, 602.0], [141, 827.0], [143, 964.0], [144, 972.5], [145, 980.0], [146, 988.5], [148, 1115.5], [149, 1100.0], [150, 1090.0], [151, 1080.5], [152, 1064.0], [153, 1057.0], [154, 1040.5], [155, 1034.5], [156, 1022.0], [157, 1016.0], [158, 1011.0], [159, 999.0], [160, 992.5], [161, 982.0], [162, 979.5], [163, 973.0], [164, 964.0], [165, 961.5], [166, 950.5], [167, 949.5], [168, 944.0], [169, 941.5], [170, 939.5], [171, 935.5], [172, 932.5], [173, 931.5], [174, 930.5], [175, 927.5], [176, 926.5], [177, 926.0], [178, 924.0], [179, 924.0], [180, 924.0], [-180, 923.0], [-179, 921.0], [-178, 921.5], [-177, 922.5], [-176, 922.5], [-175, 924.0], [-174, 925.5], [-173, 926.0], [-172, 927.5], [-171, 929.0], [-170, 927.5], [-169, 929.0], [-168, 934.0], [-166, 964.0], [-161, 436.5], [-158, 370.5], [-157, 360.0], [-155, 330.0], [-154, 321.5], [-153, 309.5], [-152, 307.5], [-151, 309.5], [-150, 314.5], [-149, 316.0], [-148, 319.0], [-147, 324.0], [-146, 327.5], [-145, 331.5], [-144, 335.5], [-143, 339.5], [-142, 346.0], [-141, 349.5], [-140, 356.0], [-139, 359.5], [-138, 368.5], [-137, 373.0], [-136, 376.0], [-135, 384.0], [-134, 389.0], [-133, 399.5], [-132, 404.0], [-131, 412.5], [-130, 418.5], [-129, 432.5], [-128, 440.0], [-126, 1501.0], [-125, 1527.0], [-124, 1580.5], [-123, 1607.5], [-122, 1637.0], [-121, 1699.5], [-120, 1734.0], [-119, 1805.5], [-118, 1846.5], [-117, 1929.5], [-116, 1976.0], [-114, 936.0], [-113, 926.0], [-112, 921.0], [-111, 912.0], [-110, 909.5], [-109, 907.5], [-108, 900.0], [-107, 895.0], [-106, 892.5], [-105, 889.0], [-104, 882.0], [-103, 880.5], [-102, 880.0], [-101, 877.0], [-100, 873.0], [-99, 867.5], [-98, 867.0], [-97, 867.0], [-96, 865.25], [-95, 864.75], [-94, 862.75], [-93, 861.75], [-92, 862.0], [-91, 861.0], [-90, 861.0], [-89, 863.75], [-88, 866.5], [-87, 867.5], [-86, 870.5], [-85, 871.5], [-84, 873.5], [-83, 874.5], [-82, 876.5], [-81, 880.0], [-80, 882.5], [-79, 886.5], [-78, 889.0], [-77, 890.5], [-76, 887.0], [-74, 923.0], [-71, 556.5], [-68, 470.5], [-66, 420.0], [-63, 364.5], [-62, 350.5], [-61, 341.0], [-60, 333.0], [-59, 321.0], [-58, 315.5], [-57, 302.5], [-56, 296.5], [-55, 291.5], [-54, 278.5], [-53, 273.5], [-52, 267.0], [-51, 264.0], [-50, 256.0], [-49, 253.5], [-48, 250.0], [-47, 243.5], [-46, 237.5], [-45, 234.0], [-44, 231.0], [-43, 225.0], [-42, 223.0], [-41, 221.0], [-40, 216.5], [-39, 213.5], [-38, 209.5], [-37, 206.0], [-36, 202.0], [-35, 200.0], [-34, 197.5], [-33, 196.0], [-32, 194.5], [-31, 191.0], [-30, 189.0], [-29, 186.5], [-28, 186.5], [-27, 185.0], [-26, 181.5], [-25, 180.5], [-24, 181.0], [-23, 179.5], [-22, 178.5], [-21, 178.5], [-20, 177.0], [-19, 175.5], [-18, 175.5], [-17, 173.5], [-16, 173.5], [-15, 173.0], [-14, 172.0], [-13, 172.0], [-12, 172.0], [-9, 174.0], [-6, 160.5], [-5, 159.0]]}