{"heading": -17.1, "target": 79.01264726169502, "gap_dist": 394.1390463092948, "gap_info": [{"width": 36.051816613851344, "center_angle": -152.548398142959, "edge_a": [-154, 448.0], "edge_b": [-151, 420.0], "depth": 448.0, "passable": false, "chosen": false}, {"width": 49.260026559385224, "center_angle": -147.59129306107502, "edge_a": [-149, 431.5], "edge_b": [-146, 382.0], "depth": 431.5, "passable": false, "chosen": false}, {"width": 122.14617811158305, "center_angle": -49.93159729616903, "edge_a": [-51, 399.5], "edge_b": [-48, 221.0], "depth": 399.5, "passable": false, "chosen": false}, {"width": 394.1390463092948, "center_angle": 79.01264726169502, "edge_a": [38, 249.5], "edge_b": [99, 479.0], "depth": 479.0, "passable": true, "chosen": true}], "scan": [[-3, 170.5], [-2, 178.5], [-1, 180.5], [0, 181.5], [1, 182.5], [2, 183.5], [3, 184.0], [4, 185.0], [5, 185.0], [6, 184.5], [7, 183.5], [8, 184.5], [9, 187.5], [10, 187.0], [11, 188.0], [12, 190.5], [13, 192.0], [14, 193.0], [15, 195.0], [16, 195.5], [17, 197.5], [18, 197.5], [19, 197.5], [20, 200.5], [21, 201.5], [22, 203.0], [23, 204.5], [24, 206.0], [25, 210.0], [26, 211.0], [27, 212.0], [28, 215.5], [29, 217.5], [30, 221.0], [31, 223.5], [32, 226.5], [33, 228.5], [34, 231.5], [35, 237.0], [36, 240.0], [37, 245.0], [38, 249.5], [40, 1167.5], [41, 1158.0], [42, 1130.0], [43, 1117.5], [44, 1086.5], [45, 1079.5], [46, 1070.0], [47, 1060.0], [48, 1038.5], [49, 1026.0], [50, 1009.5], [51, 1000.0], [52, 978.5], [53, 971.5], [54, 966.0], [55, 954.5], [56, 949.0], [57, 942.5], [58, 935.5], [59, 928.5], [60, 916.0], [61, 909.0], [62, 903.5], [63, 897.0], [64, 892.0], [65, 886.0], [66, 875.5], [67, 872.5], [68, 863.5], [69, 861.5], [70, 855.0], [71, 850.5], [72, 848.5], [73, 846.0], [74, 845.5], [75, 844.5], [76, 840.5], [77, 839.5], [78, 838.0], [79, 839.5], [80, 836.0], [81, 836.0], [82, 836.5], [83, 835.0], [84, 836.0], [85, 838.5], [86, 838.0], [87, 839.5], [88, 842.0], [89, 848.0], [90, 851.0], [91, 853.5], [92, 845.5], [96, 562.0], [99, 479.0], [100, 465.0], [102, 433.5], [103, 434.5], [104, 437.5], [105, 439.0], [106, 441.0], [107, 448.5], [108, 451.0], [109, 454.0], [110, 460.5], [111, 465.0], [112, 473.0], [113, 477.0], [114, 480.5], [115, 491.0], [116, 496.0], [117, 505.5], [118, 510.5], [119, 517.0], [120, 529.5], [121, 537.5], [122, 552.0], [124, 1129.0], [125, 1143.5], [126, 1158.5], [127, 1186.0], [128, 1201.5], [129, 1234.0], [130, 1249.5], [131, 1266.5], [132, 1306.5], [133, 1326.0], [134, 1369.0], [135, 1391.0], [136, 1415.5], [137, 1464.0], [138, 1490.5], [139, 1521.0], [140, 1582.0], [141, 1616.5], [142, 1690.0], [143, 1730.0], [144, 1769.0], [145, 1855.5], [146, 1907.0], [147, 2009.0], [148, 2067.0], [150, 736.0], [151, 728.0], [152, 719.0], [153, 713.0], [154, 705.0], [155, 702.0], [156, 699.0], [157, 694.5], [158, 691.0], [159, 685.5], [160, 682.5], [161, 679.75], [162, 676.0], [163, 674.25], [164, 671.25], [165, 668.75], [166, 666.75], [167, 663.75], [168, 661.75], [169, 662.5], [170, 661.0], [171, 660.5], [172, 660.0], [173, 658.5], [178, 3066.0], [179, 3061.5], [-172, 846.5], [-167, 652.0], [-166, 633.5], [-165, 603.0], [-164, 587.5], [-163, 574.5], [-162, 550.0], [-161, 540.5], [-160, 516.0], [-159, 505.0], [-158, 495.0], [-157, 479.5], [-156, 472.0], [-155, 455.0], [-154, 448.0], [-151, 420.0], [-150, 422.5], [-149, 431.5], [-146, 382.0], [-145, 374.5], [-144, 376.5], [-143, 382.5], [-142, 375.5], [-141, 373.0], [-140, 368.0], [-138, 339.5], [-137, 335.5], [-136, 332.0], [-135, 329.5], [-134, 329.0], [-133, 327.5], [-132, 321.5], [-131, 316.5], [-130, 309.0], [-129, 306.0], [-128, 302.0], [-127, 301.5], [-126, 306.5], [-125, 303.0], [-124, 299.0], [-123, 294.5], [-122, 290.5], [-121, 285.0], [-119, 271.5], [-118, 274.5], [-117, 276.0], [-116, 273.0], [-115, 270.0], [-114, 270.0], [-113, 267.0], [-112, 267.5], [-111, 267.0], [-110, 265.5], [-109, 264.0], [-108, 263.0], [-107, 262.5], [-106, 263.0], [-105, 263.5], [-104, 262.0], [-103, 261.5], [-102, 261.5], [-101, 261.5], [-100, 261.0], [-99, 260.5], [-98, 259.5], [-97, 259.5], [-96, 259.0], [-95, 260.5], [-94, 260.5], [-93, 261.0], [-92, 261.75], [-91, 263.5], [-90, 262.75], [-89, 262.75], [-88, 264.25], [-87, 266.0], [-86, 267.75], [-85, 268.5], [-84, 269.25], [-83, 269.25], [-82, 271.25], [-81, 274.0], [-80, 276.5], [-79, 278.5], [-78, 279.5], [-77, 284.0], [-76, 286.5], [-75, 288.0], [-74, 291.5], [-73, 293.5], [-72, 294.5], [-71, 298.0], [-70, 300.0], [-69, 303.0], [-68, 306.5], [-67, 310.5], [-66, 313.0], [-65, 315.0], [-64, 320.5], [-63, 323.5], [-62, 331.5], [-61, 334.0], [-60, 336.5], [-59, 344.0], [-58, 349.5], [-57, 358.0], [-56, 362.5], [-55, 368.5], [-54, 379.0], [-53, 383.0], [-52, 387.0], [-51, 399.5], [-48, 221.0], [-47, 214.5], [-46, 212.0], [-45, 208.0], [-44, 207.5], [-43, 204.0], [-42, 204.0], [-41, 202.0], [-40, 198.0], [-39, 196.0], [-38, 193.5], [-37, 192.5], [-36, 191.0], [-35, 188.5], [-34, 187.0], [-33, 184.5], [-32, 183.5], [-31, 182.5], [-30, 181.5], [-29, 180.5], [-28, 177.5], [-27, 177.0], [-26, 176.5], [-25, 175.5], [-24, 173.0], [-23, 172.5], [-22, 173.5], [-21, 172.5], [-20, 172.0], [-19, 171.5], [-18, 170.5], [-17, 170.0], [-16, 170.0], [-15, 168.5], [-14, 167.5], [-13, 164.5], [-12, 164.5], [-11, 164.0], [-10, 165.0], [-9, 168.0], [-8, 169.5], [-7, 168.5], [-6, 168.5], [-5, 169.5], [-4, 169.0]]}