{"heading": -26.5, "target": 4.643262160300531, "gap_dist": 606.1436993329327, "gap_info": [{"width": 248.79652890682917, "center_angle": -139.5636788787707, "edge_a": [-140.484375, 365.5], "edge_b": [-139.015625, 614.0], "depth": 614.0, "passable": false, "chosen": false}, {"width": 462.15578740387184, "center_angle": -83.46722800781859, "edge_a": [-83.875, 757.5], "edge_b": [-82.421875, 295.5], "depth": 757.5, "passable": true, "chosen": false}, {"width": 606.1436993329327, "center_angle": 4.643262160300531, "edge_a": [-13.03125, 205.0], "edge_b": [9.15625, 791.0], "depth": 791.0, "passable": true, "chosen": true}, {"width": 392.78744379548743, "center_angle": 151.20650742239667, "edge_a": [123.515625, 422.0], "edge_b": [177.609375, 441.0], "depth": 441.0, "passable": true, "chosen": false}], "scan": [[-3.15625, 1025.5], [-2.4375, 1033.5], [-1.703125, 1051.0], [-0.984375, 1067.0], [1.921875, 958.5], [4.078125, 884.0], [4.796875, 883.5], [6.265625, 856.0], [7.71875, 819.0], [8.4375, 802.5], [9.15625, 791.0], [9.875, 779.5], [10.59375, 768.0], [11.546875, 754.5], [12.3125, 744.0], [13.09375, 735.0], [13.859375, 725.5], [14.453125, 714.5], [15.171875, 703.5], [15.90625, 695.5], [16.625, 685.5], [17.375, 675.0], [18.09375, 667.0], [18.828125, 658.5], [19.546875, 653.0], [20.296875, 645.5], [21.015625, 635.0], [21.75, 628.0], [22.46875, 623.0], [23.234375, 619.0], [23.96875, 612.5], [24.703125, 607.0], [25.4375, 604.5], [26.15625, 600.0], [26.875, 596.5], [27.609375, 591.0], [28.328125, 589.5], [28.828125, 588.5], [29.484375, 579.5], [30.15625, 572.5], [30.8125, 566.0], [32.4375, 585.5], [33.15625, 573.5], [33.875, 569.0], [35.3125, 546.0], [36.03125, 539.0], [36.75, 537.0], [37.5, 535.0], [38.21875, 535.5], [38.953125, 536.5], [39.671875, 533.5], [40.375, 532.0], [41.09375, 524.0], [41.8125, 519.0], [42.53125, 515.5], [43.265625, 515.0], [43.984375, 516.5], [44.703125, 513.5], [45.421875, 509.5], [46.40625, 507.0], [47.1875, 507.5], [47.96875, 505.5], [48.75, 504.0], [49.34375, 503.0], [50.078125, 501.0], [50.8125, 499.5], [51.546875, 499.0], [52.265625, 499.0], [52.984375, 498.0], [53.71875, 497.5], [54.4375, 497.0], [55.203125, 496.5], [55.9375, 496.0], [56.671875, 496.0], [57.40625, 496.0], [58.125, 495.5], [58.84375, 496.0], [59.578125, 495.0], [60.296875, 495.5], [61.0625, 497.5], [61.796875, 497.0], [62.53125, 496.5], [63.265625, 497.5], [63.953125, 498.0], [64.671875, 498.0], [65.390625, 499.5], [66.109375, 501.5], [66.859375, 502.0], [67.578125, 502.0], [68.3125, 503.5], [69.03125, 505.0], [69.78125, 505.0], [70.5, 507.5], [71.234375, 510.5], [71.953125, 511.5], [72.703125, 514.5], [73.421875, 518.0], [74.15625, 519.0], [74.875, 515.5], [77.078125, 438.5], [78.546875, 415.5], [79.265625, 407.5], [80.0, 399.5], [80.71875, 390.5], [81.453125, 383.0], [82.171875, 374.5], [82.90625, 366.0], [83.625, 358.5], [84.234375, 352.5], [86.3125, 329.0], [87.140625, 326.5], [87.859375, 322.0], [88.59375, 318.0], [89.3125, 313.0], [90.015625, 307.5], [90.734375, 302.5], [91.453125, 298.5], [92.171875, 295.5], [92.921875, 292.0], [93.640625, 288.5], [94.375, 285.5], [95.09375, 283.0], [95.828125, 279.5], [96.546875, 275.5], [97.28125, 272.0], [98.0, 268.5], [98.734375, 265.0], [99.453125, 261.5], [100.1875, 259.5], [100.90625, 258.0], [101.8125, 255.0], [102.578125, 252.0], [103.34375, 250.5], [104.109375, 247.5], [104.734375, 244.0], [105.453125, 242.0], [106.1875, 240.0], [106.90625, 238.0], [107.65625, 235.5], [108.375, 235.0], [109.109375, 237.5], [109.828125, 239.5], [110.578125, 240.5], [111.296875, 244.0], [112.03125, 248.0], [113.5, 261.0], [114.21875, 268.25], [114.953125, 275.0], [117.140625, 301.75], [118.59375, 320.5], [119.890625, 341.0], [123.515625, 422.0], [130.078125, 5277.0], [138.3125, 6994.0], [139.671875, 1931.0], [140.390625, 1925.5], [141.109375, 1913.0], [141.828125, 1895.0], [142.59375, 1884.0], [143.3125, 1889.5], [145.515625, 1923.0], [146.234375, 1906.5], [146.96875, 1894.5], [147.6875, 1888.0], [148.4375, 1889.5], [149.890625, 9949.0], [150.609375, 9987.0], [152.078125, 5357.5], [153.53125, 3511.5], [154.328125, 3529.0], [162.359375, 2557.0], [163.109375, 2560.0], [171.875, 1453.5], [173.328125, 1368.5], [174.046875, 1332.0], [174.703125, 1297.0], [175.40625, 1266.5], [176.109375, 1234.0], [177.609375, 441.0], [178.328125, 441.0], [179.0625, 436.5], [179.78125, 431.5], [-179.5, 428.0], [-178.78125, 424.0], [-178.0625, 420.5], [-177.34375, 418.0], [-176.53125, 415.5], [-175.796875, 412.5], [-175.046875, 409.5], [-174.3125, 407.5], [-173.671875, 405.0], [-172.96875, 402.0], [-172.25, 399.0], [-171.546875, 397.0], [-170.75, 395.5], [-170.03125, 392.0], [-169.296875, 389.0], [-168.578125, 388.0], [-167.609375, 387.0], [-166.828125, 386.0], [-166.046875, 384.0], [-165.265625, 382.0], [-164.671875, 379.0], [-163.9375, 377.0], [-163.203125, 376.0], [-162.46875, 374.5], [-161.734375, 374.0], [-161.0, 373.0], [-160.265625, 370.5], [-159.53125, 368.5], [-158.765625, 367.5], [-158.03125, 367.5], [-157.28125, 367.5], [-156.546875, 366.0], [-155.84375, 365.0], [-155.125, 364.0], [-154.390625, 364.0], [-153.671875, 363.5], [-152.90625, 363.0], [-152.171875, 363.5], [-151.4375, 362.5], [-150.703125, 362.5], [-150.03125, 361.5], [-149.3125, 359.0], [-148.59375, 358.0], [-147.875, 359.0], [-147.078125, 360.0], [-146.34375, 360.0], [-145.609375, 361.5], [-144.875, 362.5], [-144.171875, 362.0], [-143.453125, 363.0], [-142.71875, 364.0], [-142.0, 364.5], [-141.21875, 363.0], [-140.484375, 365.5], [-139.015625, 614.0], [-138.28125, 616.0], [-137.546875, 614.5], [-136.8125, 604.5], [-136.078125, 600.0], [-135.359375, 598.5], [-134.640625, 595.0], [-133.90625, 590.0], [-133.1875, 591.0], [-132.625, 588.5], [-131.953125, 587.0], [-131.265625, 588.5], [-130.59375, 582.0], [-129.703125, 580.5], [-128.984375, 580.5], [-128.25, 579.5], [-127.53125, 578.0], [-126.796875, 579.0], [-126.078125, 578.5], [-125.34375, 577.5], [-124.625, 577.0], [-123.90625, 575.0], [-123.1875, 576.5], [-122.46875, 576.0], [-121.75, 575.5], [-120.96875, 575.5], [-120.234375, 571.5], [-119.5, 571.5], [-118.765625, 577.5], [-118.09375, 579.5], [-117.375, 576.0], [-116.65625, 575.5], [-115.9375, 577.5], [-115.171875, 580.0], [-114.453125, 581.5], [-113.71875, 581.5], [-113.0, 583.0], [-112.265625, 583.0], [-111.546875, 585.5], [-110.8125, 589.0], [-110.09375, 591.5], [-109.375, 594.0], [-108.65625, 594.5], [-107.9375, 597.5], [-107.21875, 605.5], [-106.453125, 607.5], [-105.734375, 605.5], [-105.0, 610.0], [-104.28125, 616.0], [-103.5625, 617.5], [-102.84375, 622.5], [-102.125, 630.5], [-101.40625, 634.5], [-100.65625, 639.0], [-99.9375, 641.5], [-99.203125, 645.0], [-98.484375, 654.5], [-97.703125, 657.5], [-96.96875, 660.5], [-96.234375, 666.0], [-95.5, 664.5], [-94.78125, 671.5], [-94.0625, 679.5], [-93.328125, 681.5], [-92.609375, 683.0], [-91.875, 691.0], [-91.15625, 704.0], [-90.421875, 704.0], [-89.703125, 709.0], [-88.96875, 717.5], [-88.25, 721.0], [-87.515625, 726.5], [-86.796875, 735.5], [-86.046875, 744.5], [-85.328125, 746.0], [-84.59375, 748.0], [-83.875, 757.5], [-82.421875, 295.5], [-81.6875, 294.0], [-80.96875, 290.0], [-80.140625, 286.5], [-79.390625, 283.0], [-78.640625, 279.0], [-77.890625, 275.5], [-77.265625, 272.0], [-76.546875, 268.5], [-75.828125, 264.5], [-75.109375, 260.0], [-74.34375, 258.0], [-73.625, 256.0], [-72.890625, 252.0], [-72.171875, 250.0], [-71.421875, 247.0], [-70.703125, 243.0], [-69.96875, 240.5], [-69.25, 238.5], [-68.5, 236.5], [-67.78125, 233.0], [-67.046875, 230.5], [-66.328125, 228.5], [-65.578125, 225.5], [-64.859375, 224.0], [-64.125, 223.5], [-63.40625, 221.0], [-62.65625, 217.0], [-61.9375, 214.5], [-61.203125, 213.5], [-60.484375, 213.5], [-59.75, 213.0], [-59.03125, 211.5], [-58.296875, 209.5], [-57.578125, 208.5], [-56.84375, 208.5], [-56.125, 206.0], [-55.390625, 204.0], [-54.671875, 203.0], [-53.921875, 202.0], [-53.203125, 202.5], [-52.46875, 202.5], [-51.75, 201.5], [-51.0, 200.0], [-50.28125, 198.5], [-49.546875, 197.0], 