{"heading": 6.5, "target": 16.895890877906012, "gap_dist": 343.9418512683515, "gap_info": [{"width": 343.9418512683515, "center_angle": 16.895890877906012, "edge_a": [-13, 316.5], "edge_b": [36, 482.0], "depth": 482.0, "passable": true, "chosen": true}, {"width": 13.421183482273063, "center_angle": 66.49558289660764, "edge_a": [65, 255.5], "edge_b": [68, 254.0], "depth": 255.5, "passable": false, "chosen": false}], "scan": [[-1, 838.5], [0, 839.0], [1, 833.5], [2, 832.5], [3, 830.0], [4, 829.5], [5, 828.0], [6, 828.0], [7, 828.0], [8, 829.5], [9, 831.0], [10, 831.0], [11, 830.5], [12, 831.0], [13, 831.0], [14, 831.0], [15, 834.0], [16, 833.5], [17, 834.5], [18, 836.5], [23, 796.5], [24, 797.5], [25, 796.5], [27, 726.0], [29, 669.0], [35, 503.0], [36, 482.0], [37, 472.0], [38, 451.0], [39, 444.0], [40, 437.5], [41, 419.5], [42, 412.0], [43, 402.5], [44, 397.5], [45, 386.0], [46, 379.0], [47, 373.5], [48, 365.0], [49, 361.0], [50, 351.0], [51, 347.0], [53, 315.0], [54, 310.0], [55, 300.5], [56, 297.5], [58, 305.0], [59, 305.5], [61, 291.0], [63, 272.5], [65, 255.5], [68, 254.0], [69, 255.5], [70, 257.0], [71, 252.5], [72, 252.0], [73, 248.5], [74, 243.0], [75, 242.5], [76, 240.5], [77, 235.5], [78, 237.0], [79, 235.0], [80, 230.0], [81, 229.0], [82, 227.0], [83, 226.5], [84, 225.5], [85, 223.5], [86, 225.0], [87, 225.0], [88, 224.5], [89, 224.0], [90, 224.0], [91, 223.5], [92, 223.0], [93, 221.75], [94, 222.25], [95, 221.5], [96, 221.5], [97, 222.5], [98, 223.0], [99, 222.5], [100, 222.0], [101, 222.5], [102, 222.0], [103, 224.0], [104, 223.0], [105, 223.5], [106, 225.0], [107, 226.0], [108, 225.5], [109, 227.0], [110, 229.5], [111, 230.25], [112, 230.5], [113, 232.5], [114, 232.5], [115, 235.0], [116, 237.0], [117, 238.5], [118, 240.0], [119, 242.5], [120, 244.0], [121, 247.5], [122, 248.5], [123, 252.25], [124, 254.0], [125, 255.5], [126, 258.0], [127, 260.5], [128, 262.5], [129, 264.5], [130, 269.5], [131, 271.5], [132, 276.5], [133, 279.0], [134, 280.5], [135, 284.0], [136, 290.0], [137, 293.5], [138, 300.0], [139, 303.5], [140, 307.25], [141, 311.25], [142, 318.0], [143, 320.75], [144, 330.5], [145, 334.0], [146, 344.0], [147, 348.5], [148, 361.5], [149, 368.5], [150, 371.0], [151, 376.0], [152, 378.5], [153, 388.5], [154, 393.0], [155, 406.5], [156, 411.5], [157, 425.5], [158, 434.0], [159, 443.0], [160, 460.0], [161, 470.5], [162, 487.0], [163, 497.5], [164, 523.5], [165, 537.0], [170, 1598.5], [171, 1613.0], [172, 1617.5], [173, 1647.5], [178, 1641.0], [179, 1620.0], [-180, 1626.5], [-179, 1641.5], [-177, 5182.5], [-175, 14511.5], [-174, 14487.5], [-173, 14481.5], [-172, 14471.0], [-169, 7327.5], [-168, 7350.0], [-167, 7351.0], [-166, 7358.0], [-162, 1476.5], [-161, 1474.0], [-160, 1474.0], [-159, 1481.5], [-158, 1488.0], [-157, 1498.0], [-155, 1944.5], [-153, 1464.5], [-152, 1465.5], [-151, 1466.0], [-150, 1468.0], [-149, 1483.5], [-148, 1504.0], [-147, 1517.5], [-145, 2130.5], [-144, 2025.0], [-143, 1991.5], [-140, 946.5], [-139, 928.5], [-138, 925.0], [-137, 912.5], [-136, 913.5], [-135, 919.0], [-134, 927.5], [-133, 953.0], [-131, 1325.5], [-130, 1309.5], [-129, 1293.5], [-128, 1257.5], [-127, 1241.5], [-126, 1212.0], [-125, 1197.5], [-124, 1170.5], [-123, 1157.5], [-122, 1146.0], [-121, 1123.0], [-120, 1112.5], [-119, 1090.5], [-118, 1079.5], [-117, 1061.0], [-116, 1052.5], [-115, 1043.5], [-114, 1028.5], [-113, 1020.0], [-112, 1006.0], [-111, 998.0], [-110, 985.5], [-109, 978.5], [-108, 965.5], [-107, 959.0], [-106, 953.5], [-105, 943.0], [-104, 937.5], [-103, 929.0], [-102, 925.0], [-101, 917.5], [-100, 915.0], [-99, 905.0], [-98, 900.5], [-97, 895.5], [-96, 890.5], [-95, 887.5], [-94, 878.5], [-93, 876.5], [-92, 874.5], [-91, 873.5], [-90, 871.5], [-89, 868.0], [-88, 866.0], [-87, 867.5], [-86, 864.5], [-85, 862.0], [-84, 861.5], [-83, 862.0], [-82, 862.0], [-81, 862.5], [-80, 860.5], [-79, 861.0], [-78, 859.0], [-77, 860.0], [-76, 862.5], [-75, 863.0], [-74, 862.0], [-73, 859.5], [-72, 862.0], [-71, 864.0], [-70, 868.5], [-69, 871.0], [-68, 873.0], [-58, 265.5], [-56, 242.0], [-54, 223.0], [-52, 205.5], [-50, 191.5], [-49, 187.5], [-48, 181.0], [-46, 167.0], [-45, 163.5], [-44, 160.5], [-43, 163.0], [-42, 162.0], [-41, 162.0], [-40, 163.5], [-39, 165.0], [-38, 168.5], [-37, 170.0], [-36, 172.0], [-35, 175.5], [-34, 180.5], [-33, 182.5], [-32, 184.0], [-31, 190.0], [-30, 194.0], [-29, 199.5], [-28, 203.0], [-27, 209.0], [-26, 213.5], [-25, 216.5], [-24, 226.0], [-23, 229.5], [-22, 240.0], [-21, 244.0], [-20, 253.5], [-19, 259.0], [-18, 265.5], [-17, 276.5], [-16, 281.5], [-15, 294.0], [-13, 316.5], [-10, 1539.5]]}