{"heading": 41.5, "target": 0.8268147932178218, "gap_dist": 586.099020324282, "gap_info": [{"width": 548.7746506874369, "center_angle": -167.67310434963665, "edge_a": [-177.265625, 760.0], "edge_b": [-141.921875, 291.5], "depth": 760.0, "passable": true, "chosen": false}, {"width": 586.099020324282, "center_angle": 0.8268147932178218, "edge_a": [-3.671875, 791.5], "edge_b": [16.84375, 225.0], "depth": 791.5, "passable": true, "chosen": true}], "scan": [[-3.671875, 791.5], [-2.984375, 801.5], [-2.28125, 809.0], [-1.59375, 810.5], [-0.875, 817.0], [-0.1875, 829.5], [0.515625, 843.5], [1.203125, 852.5], [1.9375, 862.5], [2.640625, 874.0], [3.34375, 883.0], [4.046875, 894.5], [4.71875, 903.0], [5.40625, 913.5], [6.109375, 929.0], [6.796875, 945.0], [7.515625, 957.0], [8.203125, 967.0], [8.90625, 981.0], [9.59375, 996.5], [10.5, 1009.5], [11.234375, 1025.5], [11.984375, 1042.0], [12.71875, 1057.0], [13.328125, 1074.0], [14.03125, 1092.5], [14.734375, 1115.5], [16.84375, 225.0], [17.546875, 222.0], [18.25, 220.0], [18.953125, 218.5], [19.65625, 217.5], [20.359375, 215.5], [21.0625, 212.5], [21.78125, 211.0], [22.484375, 209.0], [23.1875, 207.5], [23.890625, 206.5], [24.609375, 205.0], [25.3125, 204.0], [26.015625, 203.5], [26.71875, 202.0], [27.421875, 200.5], [28.125, 199.5], [28.828125, 198.0], [29.53125, 197.0], [29.984375, 197.5], [30.625, 198.0], [31.265625, 196.5], [31.90625, 195.5], [32.765625, 195.5], [33.453125, 195.0], [34.15625, 194.5], [34.84375, 194.0], [35.546875, 194.0], [36.234375, 193.5], [36.9375, 193.0], [37.625, 193.0], [38.328125, 193.0], [39.015625, 191.5], [39.71875, 191.5], [40.40625, 192.5], [41.125, 191.5], [41.8125, 189.5], [42.515625, 188.0], [43.203125, 187.0], [43.90625, 185.0], [44.59375, 183.0], [45.296875, 181.5], [45.984375, 183.0], [46.921875, 185.5], [47.671875, 186.0], [48.421875, 186.0], [49.171875, 187.0], [49.734375, 189.0], [50.4375, 190.5], [51.140625, 191.0], [51.84375, 191.0], [52.5625, 192.0], [53.265625, 192.5], [53.96875, 192.5], [54.671875, 192.5], [55.375, 192.5], [56.078125, 193.0], [56.78125, 193.0], [57.484375, 192.5], [58.203125, 193.0], [58.90625, 194.5], [59.609375, 195.0], [60.3125, 195.5], [61.015625, 196.5], [61.71875, 196.5], [62.421875, 196.5], [63.125, 197.5], [63.84375, 198.5], [64.546875, 198.5], [65.25, 198.5], [65.953125, 200.0], [66.609375, 201.5], [67.296875, 203.0], [67.984375, 204.0], [68.671875, 204.5], [69.390625, 206.5], [70.078125, 209.0], [70.78125, 211.0], [71.46875, 212.0], [72.203125, 213.0], [72.90625, 214.0], [73.609375, 215.0], [74.3125, 217.5], [75.0625, 220.5], [75.765625, 222.0], [76.484375, 223.0], [77.1875, 225.0], [77.828125, 227.5], [78.515625, 228.5], [79.203125, 230.0], [79.890625, 233.5], [80.640625, 235.0], [81.34375, 236.5], [82.046875, 239.0], [82.75, 241.0], [83.296875, 243.0], [83.953125, 245.75], [84.625, 248.5], [85.28125, 251.25], [86.078125, 255.5], [86.765625, 259.0], [87.46875, 261.25], [88.15625, 263.25], [88.875, 266.0], [90.953125, 290.0], [91.671875, 293.25], [92.359375, 297.5], [93.0625, 301.0], [93.75, 305.25], [94.4375, 310.25], [95.125, 314.75], [95.8125, 319.5], [96.5, 325.0], [97.234375, 330.25], [97.921875, 335.25], [98.625, 340.5], [99.3125, 345.5], [100.203125, 350.5], [100.9375, 356.0], [101.6875, 362.5], [102.421875, 369.0], [103.0, 376.0], [103.6875, 383.0], [104.390625, 389.0], [105.078125, 397.5], [105.828125, 407.0], [106.53125, 415.5], [107.234375, 425.0], [107.9375, 435.0], [108.625, 445.5], [109.3125, 457.5], [110.015625, 470.5], [110.703125, 483.0], [111.4375, 496.5], [112.140625, 512.0], [113.546875, 538.0], [114.265625, 534.75], [115.671875, 555.5], [116.375, 550.5], [117.078125, 539.5], [117.78125, 537.5], [118.484375, 534.0], [119.1875, 533.75], [119.703125, 537.75], [120.359375, 536.0], [121.015625, 531.0], [121.671875, 525.0], [122.484375, 522.25], [123.171875, 518.0], [123.875, 515.25], [124.5625, 516.5], [125.265625, 514.5], [125.953125, 515.0], [126.65625, 521.0], [127.34375, 518.5], [128.0625, 511.5], [128.75, 507.0], [129.453125, 502.5], [130.140625, 499.5], [130.84375, 499.0], [131.53125, 500.0], [132.234375, 498.5], [132.921875, 496.0], [133.625, 495.5], [134.3125, 496.5], [135.015625, 497.0], [135.703125, 497.0], [136.546875, 497.5], [137.265625, 497.5], [138.0, 496.0], [138.71875, 495.5], [139.34375, 495.0], [140.03125, 497.5], [140.734375, 501.0], [141.421875, 502.0], [142.140625, 501.5], [142.828125, 501.5], [143.53125, 504.0], [144.21875, 505.0], [144.953125, 503.5], [145.65625, 504.5], [146.359375, 508.5], [147.0625, 509.5], [147.75, 508.0], [148.4375, 510.0], [149.140625, 513.5], [149.828125, 515.0], [150.546875, 518.5], [151.234375, 519.0], [151.9375, 520.5], [152.625, 525.0], [153.375, 526.5], [154.078125, 527.5], [154.78125, 531.0], [155.484375, 535.0], [156.203125, 538.0], [156.90625, 540.5], [157.609375, 541.5], [158.3125, 544.5], [159.015625, 549.0], [159.71875, 552.5], [160.421875, 555.0], [161.125, 559.5], [161.8125, 565.5], [162.5, 569.0], [163.203125, 572.0], [163.890625, 576.0], [164.640625, 581.5], [165.34375, 586.5], [166.046875, 590.0], [166.75, 595.0], [167.453125, 601.5], [168.15625, 604.5], [168.859375, 608.5], [169.5625, 614.5], [170.25, 620.0], [170.9375, 627.0], [171.640625, 632.0], [172.328125, 634.5], [172.953125, 641.5], [173.625, 650.5], [174.296875, 659.5], [174.96875, 667.0], [175.734375, 675.5], [176.421875, 684.5], [177.125, 688.5], [177.8125, 694.0], [178.546875, 705.0], [179.25, 718.5], [-179.34375, 764.5], [-178.65625, 771.0], [-177.96875, 763.0], [-177.265625, 760.0], [-175.859375, 802.5], [-175.171875, 801.0], [-173.78125, 834.5], [-173.078125, 836.0], [-172.390625, 836.5], [-171.6875, 848.0], [-171.0, 862.5], [-170.0625, 877.5], [-169.3125, 893.0], [-168.5625, 910.0], [-167.8125, 926.0], [-167.25, 943.5], [-166.546875, 963.0], [-165.84375, 984.5], [-165.140625, 1007.5], [-164.4375, 1031.5], [-163.734375, 1055.0], [-160.90625, 1188.5], [-159.5, 1253.5], [-158.78125, 1281.0], [-158.078125, 1306.5], [-157.375, 1342.0], [-156.671875, 1381.5], [-155.953125, 1424.5], [-149.6875, 6525.5], [-147.546875, 2720.5], [-141.921875, 291.5], [-141.21875, 291.5], [-140.515625, 290.0], [-139.8125, 289.5], [-139.109375, 290.0], [-138.40625, 288.0], [-137.703125, 287.0], [-137.0, 286.5], [-136.28125, 285.0], [-135.578125, 284.5], [-134.875, 283.0], [-134.171875, 283.0], [-133.625, 284.5], [-132.96875, 286.0], [-132.296875, 287.5], [-131.640625, 288.0], [-130.828125, 288.0], [-130.140625, 288.5], [-129.4375, 289.5], [-128.75, 290.0], [-128.03125, 290.5], [-127.34375, 291.0], [-126.640625, 292.0], [-125.953125, 293.0], [-125.21875, 293.0], [-124.515625, 294.0], [-123.8125, 295.0], [-123.109375, 295.5], [-122.4375, 297.0], [-121.75, 299.0], [-121.046875, 300.0], [-120.359375, 301.0], [-119.640625, 302.5], [-118.953125, 303.0], [-118.25, 303.5], [-117.5625, 306.0], [-116.84375, 308.0], [-116.15625, 308.5], [-115.453125, 310.0], [-114.765625, 312.0], [-114.0625, 314.0], [-113.375, 315.0], [-112.671875, 317.0], [-111.984375, 319.5], [-111.28125, 321.0], [-110.59375, 322.5], [-109.890625, 325.0], [-109.203125, 328.5], [-108.484375, 330.0], [-107.796875, 333.0], [-107.09375, 336.0], [-106.40625, 337.0], [-105.703125, 340.0], [-105.015625, 342.0], [-104.3125, 343.5], [-103.625, 347.5], [-102.90625, 351.0], [-102.21875, 354.5], [-101.515625, 357.5], [-100.828125, 360.0], [-100.09375, 363.5], [-99.390625, 367.5], [-98.6875, 371.5], [-97.984375, 375.0], [-97.234375, 379.0], [-96.53125, 383.0], [-95.8125, 386.5], [-95.109375, 391.5], [-93.765625, 413.0], [-93.0625, 418.0], [-92.375, 423.5], [-91.65625, 428.5], [-90.96875, 433.5], [-90.265625, 440.5], [-89.578125, 446.5], [-88.84375, 453.0], [-88.140625, 460.0], [-87.4375, 466.5], [-86.734375, 473.5], [-86.046875, 480.0], [-85.359375, 486.5], [-84.65625, 493.5], [-83.96875, 498.0], [-83.234375, 503.5], [-82.53125, 516.0], [-81.828125, 529.5], [-81.125, 541.0], [-80.4375, 552.0], [-79.75, 562.0], [-79.046875, 573.5], [-78.359375, 589.0], [-77.609375, 603.5], 