{"heading": -72.2, "target": -16.25650749381935, "gap_dist": 617.6106608730735, "gap_info": [{"width": 617.6106608730735, "center_angle": -16.25650749381935, "edge_a": [-18.0625, 132.5], "edge_b": [-15.9375, 750.0], "depth": 750.0, "passable": true, "chosen": true}, {"width": 539.7284888020739, "center_angle": 123.25871087000782, "edge_a": [97.453125, 435.5], "edge_b": [136.984375, 799.0], "depth": 799.0, "passable": true, "chosen": false}], "scan": [[-3.78125, 691.75], [-3.078125, 690.0], [-2.375, 687.5], [-1.671875, 684.75], [-0.9375, 683.75], [-0.234375, 683.75], [0.484375, 678.0], [1.1875, 674.0], [1.875, 674.25], [2.578125, 676.0], [3.28125, 679.0], [3.984375, 679.5], [4.703125, 680.0], [5.40625, 680.5], [6.109375, 672.5], [6.8125, 663.75], [7.515625, 663.5], [8.21875, 665.0], [8.921875, 667.75], [9.625, 668.0], [10.53125, 666.0], [11.28125, 664.75], [12.03125, 663.0], [12.78125, 663.75], [13.375, 666.0], [14.078125, 665.5], [14.796875, 666.0], [15.5, 665.0], [16.21875, 661.5], [16.921875, 660.25], [17.640625, 660.75], [18.34375, 662.0], [19.0625, 662.75], [19.765625, 663.75], [20.484375, 664.0], [21.1875, 664.0], [21.9375, 665.0], [22.65625, 666.5], [23.375, 667.75], [24.09375, 670.25], [24.78125, 672.5], [25.484375, 674.5], [26.203125, 679.0], [26.90625, 684.0], [27.625, 686.0], [28.328125, 689.25], [29.046875, 692.5], [29.75, 695.0], [30.203125, 700.0], [30.84375, 703.0], [31.484375, 706.5], [32.125, 711.0], [33.015625, 713.5], [33.71875, 716.75], [34.421875, 722.5], [35.125, 728.0], [35.828125, 733.5], [36.53125, 736.0], [37.234375, 740.25], [37.9375, 747.5], [38.640625, 754.0], [39.34375, 758.75], [40.046875, 756.25], [40.75, 749.25], [41.453125, 743.25], [42.859375, 706.75], [44.25, 669.0], [44.9375, 653.5], [45.640625, 638.5], [46.328125, 626.0], [47.359375, 613.25], [48.125, 600.75], [48.90625, 590.5], [49.671875, 577.5], [50.203125, 567.0], [50.90625, 560.0], [51.625, 550.0], [52.328125, 540.25], [53.046875, 534.25], [53.75, 527.0], [54.46875, 519.5], [55.171875, 511.25], [55.890625, 503.75], [56.59375, 498.5], [57.3125, 492.0], [58.015625, 482.75], [58.765625, 475.0], [59.484375, 470.0], [60.203125, 464.75], [60.921875, 460.0], [61.609375, 454.5], [62.3125, 449.75], [63.03125, 445.75], [63.734375, 441.75], [64.328125, 437.25], [65.0, 432.0], [65.6875, 428.5], [66.359375, 426.5], [67.171875, 423.0], [67.875, 418.0], [68.59375, 415.0], [69.296875, 413.0], [70.0, 408.5], [70.703125, 406.25], [71.40625, 403.75], [72.109375, 400.0], [72.84375, 398.0], [73.546875, 395.0], [74.265625, 391.0], [74.96875, 388.25], [75.65625, 387.0], [76.359375, 385.0], [77.0625, 383.5], [77.765625, 382.0], [78.5, 379.0], [79.203125, 377.0], [79.921875, 375.0], [80.625, 373.0], [81.34375, 370.75], [82.046875, 368.75], [82.765625, 367.75], [83.46875, 367.25], [84.046875, 365.75], [84.71875, 363.5], [85.390625, 361.5], [86.0625, 360.0], [86.875, 358.0], [87.578125, 357.25], [88.28125, 357.25], [88.984375, 356.25], [89.6875, 355.5], [90.390625, 354.5], [91.09375, 354.0], [91.796875, 352.0], [92.515625, 351.25], [93.21875, 351.5], [93.921875, 350.75], [94.625, 350.75], [95.34375, 353.0], [96.046875, 353.25], [97.453125, 435.5], [100.21875, 1467.5], [101.15625, 1438.0], [101.90625, 1419.5], [102.65625, 1405.0], [103.40625, 1412.5], [104.6875, 3100.0], [111.8125, 2705.0], [112.53125, 2677.25], [113.234375, 2688.75], [121.5, 1301.0], [122.890625, 1222.0], [123.625, 1188.5], [125.03125, 1122.5], [125.734375, 1093.5], [126.4375, 1065.0], [127.140625, 1036.0], [127.84375, 1009.5], [128.546875, 989.0], [129.25, 966.0], [129.953125, 939.0], [130.65625, 918.5], [131.359375, 903.5], [132.0625, 886.0], [132.765625, 871.0], [133.46875, 857.5], [134.171875, 848.0], [134.875, 836.5], [135.578125, 821.5], [136.28125, 811.5], [136.984375, 799.0], [137.90625, 790.0], [138.65625, 782.0], [139.421875, 769.5], [140.171875, 752.5], [140.75, 735.25], [141.453125, 723.75], [142.171875, 721.5], [142.875, 725.0], [144.3125, 675.0], [145.03125, 664.0], [145.734375, 658.5], [146.4375, 651.5], [147.140625, 651.0], [147.84375, 645.5], [148.546875, 626.5], [149.28125, 613.5], [149.984375, 613.5], [150.703125, 611.5], [151.40625, 598.75], [152.140625, 589.25], [152.84375, 580.5], [153.5625, 583.0], [154.90625, 562.0], [155.59375, 563.0], [156.96875, 541.0], [157.734375, 540.5], [158.4375, 536.0], [159.140625, 528.5], [159.84375, 529.5], [161.296875, 513.5], [162.015625, 513.0], [162.71875, 507.0], [163.40625, 501.5], [164.109375, 497.5], [164.8125, 491.75], [165.515625, 488.25], [166.234375, 486.5], [166.9375, 481.5], [167.640625, 482.5], [168.34375, 481.5], [169.078125, 477.0], [169.78125, 475.5], [170.5, 471.5], [171.203125, 470.0], [171.875, 470.0], [172.5625, 465.5], [173.265625, 463.25], [173.953125, 463.25], [174.71875, 459.75], [175.421875, 455.5], [176.140625, 451.25], [176.84375, 450.5], [177.53125, 450.5], [178.234375, 448.75], [178.9375, 447.5], [179.640625, 447.5], [-179.625, 446.25], [-178.921875, 443.5], [-178.203125, 444.0], [-177.5, 442.75], [-176.8125, 438.25], [-176.109375, 436.25], [-175.40625, 435.75], [-174.703125, 434.5], [-173.96875, 434.75], [-173.265625, 434.25], [-172.546875, 433.0], [-171.84375, 432.75], [-171.15625, 432.5], [-170.453125, 433.25], [-169.75, 433.5], [-169.046875, 433.25], [-168.140625, 432.75], [-167.390625, 431.75], [-166.640625, 432.25], [-165.890625, 432.25], [-165.296875, 433.25], [-164.59375, 435.5], [-163.875, 435.0], [-163.171875, 434.5], [-162.453125, 437.25], [-161.75, 435.75], [-161.03125, 434.25], [-160.328125, 435.25], [-159.59375, 435.25], [-158.890625, 439.75], [-158.171875, 442.75], [-157.46875, 443.0], [-156.703125, 443.0], [-155.984375, 444.75], [-155.265625, 448.25], [-154.546875, 450.25], [-153.890625, 452.25], [-153.1875, 453.5], [-152.484375, 454.75], [-151.78125, 456.5], [-151.09375, 458.0], [-150.40625, 461.25], [-149.703125, 464.25], [-149.015625, 466.75], [-148.25, 470.25], [-147.546875, 473.75], [-146.828125, 476.0], [-146.125, 477.0], [-145.40625, 480.0], [-144.703125, 482.5], [-143.984375, 486.75], [-143.28125, 491.25], [-142.578125, 496.5], [-141.875, 499.0], [-141.171875, 502.5], [-140.46875, 504.0], [-139.71875, 505.5], [-139.015625, 514.0], [-138.296875, 520.0], [-137.59375, 524.75], [-136.875, 526.25], [-136.171875, 531.0], [-134.75, 507.5], [-134.15625, 501.5], [-133.484375, 489.5], [-132.796875, 475.0], [-132.125, 462.0], [-131.359375, 450.5], [-130.671875, 440.0], [-129.96875, 431.0], [-129.28125, 423.0], [-128.546875, 414.5], [-127.84375, 406.0], [-127.140625, 399.5], [-126.4375, 392.0], [-125.71875, 386.5], [-125.015625, 381.0], [-124.3125, 374.0], [-123.609375, 368.5], [-122.921875, 362.5], [-122.234375, 356.5], [-121.53125, 350.0], [-120.84375, 345.0], [-120.078125, 340.75], [-119.375, 336.5], [-118.65625, 331.5], [-117.953125, 326.5], [-117.265625, 323.0], [-116.5625, 319.0], [-115.859375, 314.5], [-115.15625, 311.0], [-114.46875, 308.0], [-113.78125, 304.5], [-113.078125, 300.5], [-112.390625, 296.25], [-111.671875, 292.75], [-110.984375, 291.0], [-110.28125, 288.0], [-109.59375, 284.75], [-108.859375, 282.5], [-108.15625, 279.75], [-107.453125, 275.25], [-106.75, 269.0], [-106.046875, 261.0], [-104.640625, 245.0], [-103.9375, 240.5], [-103.234375, 235.5], [-102.53125, 229.5], [-101.828125, 224.5], [-101.125, 221.0], [-100.4375, 218.0], [-99.75, 215.0], [-98.359375, 204.25], [-97.5625, 202.0], [-96.84375, 198.5], [-96.125, 195.0], [-95.40625, 192.25], [-94.75, 188.75], [-94.046875, 186.0], [-93.34375, 182.5], [-92.640625, 179.75], [-91.921875, 177.75], [-91.21875, 175.0], [-90.515625, 173.25], [-89.8125, 171.0], [-89.109375, 168.75], [-88.40625, 166.75], [-87.703125, 164.5], [-87.0, 163.25], [-86.28125, 161.5], [-85.578125, 160.0], [-84.875, 159.0], [-83.46875, 153.5], [-82.765625, 153.5], [-82.0625, 153.0], [-81.359375, 152.0], [-80.65625, 149.5], [-79.953125, 146.75], [-79.25, 146.0], [-78.546875, 145.25], [-77.84375, 144.0], [-77.140625, 142.75], [-76.4375, 141.25], [-75.734375, 140.25], [-75.03125, 140.25],