{"heading": -56.0, "target": -83.84683390268337, "gap_dist": 361.29734372000866, "gap_info": [{"width": 361.29734372000866, "center_angle": -83.84683390268337, "edge_a": [-114, 388.5], "edge_b": [-37, 267.5], "depth": 388.5, "passable": true, "chosen": true}, {"width": 91.87572821736697, "center_angle": 14.194133075767866, "edge_a": [12, 402.5], "edge_b": [16, 489.0], "depth": 489.0, "passable": false, "chosen": false}, {"width": 26.143713353693254, "center_angle": 25.4984966505128, "edge_a": [24, 499.5], "edge_b": [27, 498.5], "depth": 499.5, "passable": false, "chosen": false}, {"width": 436.18747165022955, "center_angle": 65.49338518719455, "edge_a": [42, 499.0], "edge_b": [101, 342.5], "depth": 499.0, "passable": true, "chosen": false}], "scan": [[-4, 252.0], [-3, 254.0], [-2, 263.5], [-1, 268.5], [0, 273.5], [1, 282.0], [2, 289.0], [3, 299.5], [4, 306.0], [5, 320.0], [6, 327.5], [7, 335.0], [8, 351.5], [9, 360.5], [11, 391.5], [12, 402.5], [16, 489.0], [17, 487.0], [18, 484.5], [19, 482.0], [20, 477.0], [21, 476.5], [22, 475.0], [24, 499.5], [25, 502.5], [26, 502.5], [27, 498.5], [28, 497.0], [29, 495.0], [30, 495.5], [31, 493.5], [32, 494.0], [33, 493.5], [34, 492.0], [35, 493.5], [36, 493.0], [37, 495.5], [38, 496.0], [39, 495.0], [40, 495.0], [41, 497.0], [42, 499.0], [43, 502.5], [44, 501.0], [45, 504.0], [46, 508.0], [47, 511.0], [48, 512.5], [49, 514.0], [50, 517.0], [51, 518.5], [52, 522.5], [53, 524.5], [54, 526.0], [55, 531.5], [56, 534.0], [57, 541.0], [58, 545.5], [59, 551.5], [60, 557.0], [61, 560.0], [62, 567.5], [63, 572.5], [64, 577.0], [65, 588.75], [66, 593.25], [67, 605.5], [68, 611.0], [69, 619.5], [70, 625.0], [71, 640.0], [72, 647.5], [73, 657.5], [74, 667.0], [75, 663.5], [76, 665.5], [77, 678.5], [79, 728.0], [80, 733.0], [81, 728.0], [83, 780.5], [85, 810.0], [86, 809.0], [87, 816.0], [88, 844.0], [89, 862.5], [90, 893.0], [91, 908.0], [92, 923.0], [93, 957.0], [94, 977.5], [95, 1025.5], [96, 1052.5], [97, 1075.5], [98, 1112.0], [99, 1134.0], [101, 342.5], [102, 340.0], [103, 339.75], [104, 334.5], [105, 332.75], [106, 331.5], [107, 328.5], [108, 327.25], [109, 324.5], [110, 323.25], [111, 322.0], [112, 318.25], [113, 317.5], [114, 316.5], [115, 316.5], [116, 316.5], [117, 315.5], [118, 314.5], [119, 313.5], [120, 313.0], [121, 306.75], [122, 306.5], [123, 306.75], [124, 305.25], [125, 305.5], [126, 307.0], [127, 307.0], [128, 309.0], [129, 313.0], [130, 313.0], [131, 314.5], [132, 315.0], [133, 315.0], [134, 317.0], [135, 318.0], [136, 319.0], [137, 320.5], [138, 321.0], [139, 322.5], [140, 324.5], [141, 326.0], [142, 328.0], [143, 329.5], [144, 331.5], [145, 333.5], [146, 335.0], [147, 338.5], [148, 342.0], [149, 345.5], [150, 347.5], [151, 350.5], [152, 354.0], [154, 1170.5], [155, 1146.5], [156, 1103.5], [157, 1081.5], [158, 1041.0], [159, 1023.0], [160, 984.5], [161, 969.0], [162, 953.5], [163, 921.0], [164, 907.0], [165, 884.0], [166, 872.0], [167, 856.5], [168, 837.0], [169, 824.0], [170, 807.5], [171, 800.0], [172, 795.0], [173, 777.5], [174, 768.5], [175, 752.0], [176, 743.5], [177, 739.0], [178, 731.5], [179, 729.0], [180, 730.0], [-180, 734.0], [-179, 729.0], [-178, 715.5], [-177, 718.0], [-176, 714.0], [-175, 696.0], [-174, 687.0], [-173, 681.0], [-172, 673.5], [-171, 672.5], [-170, 663.5], [-169, 659.0], [-168, 657.0], [-167, 646.0], [-166, 642.25], [-165, 639.25], [-164, 633.0], [-159, 395.0], [-158, 383.5], [-157, 363.5], [-155, 345.0], [-154, 329.5], [-153, 322.0], [-152, 308.0], [-151, 301.0], [-150, 289.5], [-149, 284.5], [-148, 279.0], [-147, 269.0], [-146, 263.5], [-145, 256.5], [-144, 252.0], [-143, 248.5], [-142, 240.0], [-141, 236.5], [-140, 230.0], [-139, 226.5], [-138, 224.0], [-137, 218.0], [-136, 215.0], [-135, 213.0], [-134, 215.5], [-133, 216.5], [-132, 223.0], [-131, 226.0], [-130, 230.0], [-129, 238.5], [-128, 243.0], [-127, 251.0], [-126, 256.5], [-125, 261.5], [-124, 272.5], [-123, 277.5], [-122, 291.5], [-121, 299.5], [-120, 305.5], [-119, 319.0], [-118, 327.5], [-117, 346.0], [-116, 354.0], [-114, 388.5], [-112, 742.0], [-111, 748.0], [-110, 763.0], [-109, 764.0], [-108, 771.5], [-107, 788.5], [-106, 795.0], [-105, 811.0], [-104, 823.5], [-103, 832.5], [-102, 854.0], [-101, 862.5], [-100, 883.5], [-99, 897.5], [-98, 910.5], [-97, 934.5], [-96, 949.0], [-95, 966.5], [-94, 1003.5], [-93, 1001.0], [-92, 989.0], [-91, 971.5], [-90, 963.0], [-89, 954.0], [-88, 936.0], [-87, 930.5], [-86, 921.0], [-85, 913.5], [-84, 906.5], [-83, 895.5], [-82, 890.5], [-81, 881.5], [-80, 877.0], [-79, 873.0], [-78, 863.5], [-77, 863.0], [-76, 874.0], [-64, 3230.0], [-63, 3227.5], [-59, 3230.5], [-53, 3080.5], [-51, 950.0], [-50, 944.0], [-49, 937.5], [-48, 926.0], [-47, 922.0], [-46, 911.5], [-45, 902.0], [-37, 267.5], [-36, 253.5], [-35, 246.5], [-33, 225.5], [-32, 219.5], [-30, 200.5], [-29, 196.5], [-28, 188.0], [-27, 184.5], [-26, 180.0], [-25, 179.5], [-24, 179.5], [-23, 180.5], [-22, 182.5], [-21, 183.5], [-20, 187.5], [-19, 190.5], [-18, 192.5], [-17, 196.0], [-16, 198.0], [-15, 203.0], [-14, 205.5], [-13, 208.0], [-12, 214.0], [-11, 217.0], [-10, 223.5], [-9, 227.5], [-8, 232.0], [-7, 239.0], [-6, 243.5], [-5, 251.0]]}