{"heading": -86.6, "target": -99.44465166453789, "gap_dist": 363.6472582466044, "gap_info": [{"width": 363.6472582466044, "center_angle": -99.44465166453789, "edge_a": [-124.71875, 424.5], "edge_b": [-75.75, 451.0], "depth": 451.0, "passable": true, "chosen": true}, {"width": 164.67207743376827, "center_angle": 72.43522544969683, "edge_a": [70.46875, 499.0], "edge_b": [73.921875, 660.0], "depth": 660.0, "passable": false, "chosen": false}], "scan": [[-2.15625, 170.0], [-1.46875, 169.0], [-0.78125, 168.0], [-0.09375, 169.0], [0.59375, 170.0], [1.28125, 170.5], [1.96875, 170.0], [2.65625, 169.5], [3.34375, 171.5], [4.03125, 172.5], [4.71875, 172.5], [5.40625, 173.0], [6.09375, 173.0], [6.78125, 173.5], [7.46875, 173.5], [8.15625, 173.5], [8.84375, 173.5], [9.53125, 172.5], [10.21875, 172.0], [10.90625, 172.5], [11.78125, 175.0], [12.515625, 177.0], [13.25, 177.5], [13.984375, 178.0], [14.5625, 178.5], [15.25, 179.0], [15.953125, 180.0], [16.640625, 181.5], [17.34375, 182.0], [18.03125, 182.5], [18.734375, 183.5], [19.421875, 183.5], [20.125, 184.5], [20.8125, 186.5], [21.515625, 187.5], [22.203125, 188.0], [22.890625, 190.0], [23.578125, 192.5], [24.265625, 192.5], [24.953125, 192.5], [25.671875, 194.0], [26.359375, 195.5], [27.0625, 198.5], [27.75, 200.0], [28.21875, 201.5], [28.84375, 203.5], [29.484375, 204.0], [30.109375, 206.5], [30.953125, 209.0], [31.625, 212.0], [32.3125, 213.0], [32.984375, 215.0], [33.703125, 218.0], [34.390625, 217.5], [35.078125, 220.0], [35.765625, 224.0], [36.4375, 225.5], [37.109375, 227.5], [37.796875, 231.5], [38.46875, 236.75], [39.1875, 240.75], [39.875, 242.0], [40.5625, 243.5], [41.25, 246.5], [41.921875, 251.0], [42.59375, 256.5], [43.28125, 261.5], [44.671875, 271.75], [45.359375, 267.25], [46.046875, 266.0], [46.734375, 266.5], [47.6875, 264.5], [48.4375, 264.5], [49.1875, 267.0], [49.9375, 269.0], [50.46875, 273.0], [51.15625, 278.0], [51.859375, 282.0], [52.546875, 286.0], [53.25, 290.0], [53.9375, 295.5], [54.640625, 301.5], [55.328125, 307.0], [56.046875, 313.0], [56.734375, 319.0], [57.4375, 324.5], [58.125, 329.5], [58.8125, 335.5], [59.5, 341.0], [60.1875, 347.0], [60.875, 354.5], [61.59375, 362.0], [62.984375, 377.75], [63.671875, 380.75], [64.25, 389.5], [64.90625, 400.0], [65.578125, 410.5], [66.234375, 422.5], [67.0, 435.0], [67.6875, 446.0], [69.0625, 473.5], [70.46875, 499.0], [71.859375, 922.5], [73.921875, 660.0], [74.609375, 650.0], [75.296875, 643.5], [75.984375, 638.0], [76.671875, 634.0], [77.359375, 632.0], [78.0625, 630.5], [78.75, 630.0], [79.4375, 628.5], [80.125, 626.5], [80.828125, 628.0], [81.515625, 631.5], [82.203125, 634.5], [82.890625, 642.0], [83.421875, 644.25], [84.0625, 648.0], [84.71875, 659.25], [85.359375, 664.0], [86.203125, 669.25], [86.890625, 670.75], [88.921875, 705.5], [90.953125, 1782.0], [91.640625, 1775.0], [92.3125, 1780.0], [93.0, 1793.5], [97.125, 3022.0], [97.796875, 3022.5], [98.484375, 3029.0], [99.15625, 3041.0], [100.8125, 1840.5], [101.546875, 1830.5], [102.28125, 1840.5], [104.21875, 3055.0], [107.015625, 1506.0], [107.703125, 1487.0], [108.390625, 1478.0], [109.078125, 1473.5], [109.765625, 1459.0], [110.453125, 1455.0], [111.15625, 1476.0], [111.84375, 1500.0], [112.53125, 1533.0], [113.921875, 2151.5], [115.296875, 1346.0], [115.984375, 1327.0], [116.6875, 1320.5], [117.375, 1318.0], [118.0625, 1318.5], [118.75, 1324.0], [119.203125, 1331.5], [119.828125, 1340.5], [121.078125, 1707.5], [121.9375, 1681.5], [122.609375, 1655.5], [123.96875, 1499.5], [124.671875, 1480.5], [125.34375, 1459.5], [126.03125, 1434.5], [126.703125, 1410.0], [127.40625, 1391.0], [128.078125, 1373.5], [128.765625, 1356.0], [129.4375, 1339.0], [130.140625, 1319.5], [130.8125, 1301.0], [131.5, 1285.5], [132.171875, 1271.0], [132.875, 1258.0], [133.546875, 1245.0], [134.234375, 1230.0], [134.90625, 1215.0], [135.609375, 1202.5], [136.28125, 1192.5], [136.96875, 1182.0], [137.640625, 1169.5], [138.578125, 1156.5], [139.3125, 1147.0], [140.0625, 1139.5], [140.796875, 1130.5], [141.328125, 1121.0], [142.015625, 1113.5], [142.703125, 1104.0], [143.390625, 1094.5], [144.078125, 1089.5], [144.765625, 1080.5], [145.453125, 1070.5], [146.140625, 1064.0], [146.84375, 1056.5], [147.53125, 1049.0], [148.21875, 1042.5], [148.90625, 1038.0], [149.609375, 1031.5], [150.296875, 1024.5], [150.984375, 1019.0], [151.671875, 1011.5], [152.375, 1006.0], [153.0625, 1002.0], [153.75, 995.0], [154.4375, 988.5], [155.109375, 987.5], [155.78125, 983.0], [156.46875, 976.5], [157.140625, 974.0], [157.875, 970.5], [158.5625, 966.0], [159.25, 959.5], [159.9375, 956.5], [160.625, 955.5], [161.3125, 949.5], [162.0, 945.5], [162.6875, 943.0], [163.390625, 940.5], [164.078125, 939.25], [164.765625, 938.25], [165.453125, 935.5], [166.15625, 932.75], [166.84375, 929.5], [167.53125, 924.75], [168.21875, 923.75], [168.90625, 924.0], [169.59375, 924.0], [170.28125, 924.5], [170.96875, 923.5], [171.671875, 922.0], [172.359375, 920.5], [173.046875, 920.5], [173.734375, 921.5], [174.375, 920.0], [175.046875, 919.0], [175.71875, 920.5], [176.390625, 921.5], [177.125, 923.5], [177.8125, 925.0], [178.5, 924.5], [179.1875, 925.5], [179.875, 927.0], [-179.4375, 927.0], [-178.75, 927.0], [-178.0625, 929.0], [-177.375, 932.5], [-176.6875, 934.0], [-176.0, 936.0], [-175.3125, 938.5], [-174.625, 941.5], [-173.9375, 944.0], [-173.25, 946.0], [-172.5625, 950.0], [-171.875, 952.5], [-171.1875, 955.5], [-170.5, 958.5], [-169.8125, 961.0], [-168.921875, 965.0], [-168.1875, 968.5], [-167.453125, 971.5], [-163.375, 453.0], [-161.296875, 411.0], [-160.59375, 399.5], [-159.90625, 389.0], [-159.203125, 378.5], [-158.515625, 369.5], [-157.828125, 361.5], [-157.140625, 352.5], [-156.453125, 345.0], [-155.765625, 337.5], [-155.03125, 330.5], [-154.34375, 324.0], [-153.640625, 317.5], [-152.953125, 310.5], [-152.265625, 304.5], [-151.578125, 300.0], [-150.890625, 293.5], [-150.203125, 288.5], [-149.515625, 284.0], [-148.828125, 279.0], [-148.140625, 275.5], [-147.453125, 273.5], [-146.734375, 274.0], [-146.046875, 275.5], [-145.34375, 277.25], [-144.65625, 279.75], [-143.953125, 283.0], [-143.265625, 286.0], [-142.5625, 289.0], [-141.875, 292.0], [-141.203125, 294.5], [-140.515625, 299.0], [-139.828125, 304.0], [-139.140625, 306.5], [-138.421875, 309.0], [-137.734375, 313.5], [-137.03125, 318.0], [-136.34375, 322.0], [-135.65625, 326.5], [-134.96875, 332.5], [-134.28125, 338.0], [-133.59375, 342.0], [-132.984375, 347.0], [-132.328125, 351.5], [-131.65625, 358.0], [-131.0, 364.5], [-130.234375, 369.0], [-129.546875, 374.5], [-128.859375, 380.5], [-128.171875, 387.5], [-127.484375, 395.0], [-126.796875, 403.0], [-126.109375, 410.5], [-125.421875, 417.5], [-124.71875, 424.5], [-123.34375, 954.0], [-122.65625, 949.0], [-121.96875, 943.5], [-121.28125, 938.5], [-120.59375, 934.0], [-119.90625, 928.0], [-119.203125, 923.0], [-118.515625, 917.5], [-117.828125, 911.0], [-117.140625, 906.0], [-116.453125, 901.5], [-115.765625, 898.0], [-115.078125, 895.0], [-114.390625, 892.0], [-113.734375, 888.0], [-113.0625, 884.5], [-112.375, 882.5], [-111.703125, 880.0], [-110.984375, 878.5], [-110.296875, 875.5], [-109.609375, 870.5], [-108.921875, 868.0], [-108.234375, 867.5], [-107.546875, 865.0], [-106.859375, 862.5], [-106.171875, 867.5], [-105.46875, 867.5], [-104.78125, 858.0], [-104.09375, 853.0], [-103.40625, 853.0], [-102.71875, 853.0], [-102.03125, 851.0], [-101.34375, 850.5], [-100.65625, 852.0], [-99.96875, 853.0], [-99.28125, 851.5], [-98.59375, 850.5], [-97.90625, 852.0], [-97.140625, 853.0], [-96.4375, 852.5], [-95.734375, 853.0], [-95.03125, 854.0], [-94.390625, 854.0], [-93.703125, 855.0], [-93.015625, 856.5], [-92.328125, 856.0], [-91.625, 856.5], [-90.9375, 859.0], [-90.25, 860.5], [-89.5625, 863.0], [-88.859375, 866.5], [-88.171875, 869.5], [-87.484375, 871.0], [-86.796875, 873.0], [-86.109375, 878.0], [-85.421875, 876.0], [-84.734375, 878.0], [-84.046875, 893.0], [-83.34375, 902.5], [-75.75, 451.0], [-75.046875, 439.0], [-73.671875, 411.5], 