{"heading": -47.1, "target": -10.956371979591355, "gap_dist": 601.8956974604031, "gap_info": [{"width": 135.57068270037445, "center_angle": -126.27073540388324, "edge_a": [-128.375, 506.5], "edge_b": [-123.4375, 376.25], "depth": 506.5, "passable": false, "chosen": false}, {"width": 601.8956974604031, "center_angle": -10.956371979591355, "edge_a": [-12.65625, 172.25], "edge_b": [-10.578125, 774.0], "depth": 774.0, "passable": true, "chosen": true}, {"width": 460.928435325018, "center_angle": 151.48448780709344, "edge_a": [131.015625, 524.5], "edge_b": [164.875, 792.0], "depth": 792.0, "passable": true, "chosen": false}], "scan": [[-3.78125, 705.75], [-3.09375, 700.25], [-2.390625, 696.25], [-1.703125, 690.75], [-0.984375, 683.75], [-0.296875, 678.5], [0.40625, 672.25], [1.09375, 664.5], [1.8125, 667.0], [2.5, 680.0], [3.203125, 678.5], [4.640625, 646.5], [5.34375, 649.75], [6.046875, 658.75], [6.75, 652.75], [7.4375, 642.25], [8.828125, 617.0], [9.515625, 613.0], [10.390625, 610.0], [11.125, 617.5], [11.859375, 624.0], [12.59375, 617.25], [13.203125, 609.25], [13.90625, 597.0], [14.609375, 588.75], [15.3125, 586.0], [16.03125, 584.25], [16.734375, 583.75], [17.4375, 581.5], [18.140625, 583.0], [18.875, 585.25], [19.578125, 587.0], [20.296875, 586.25], [21.0, 579.5], [21.6875, 576.25], [22.390625, 573.75], [23.09375, 571.25], [23.796875, 571.25], [24.515625, 571.5], [25.21875, 572.0], [25.921875, 571.0], [26.625, 571.25], [27.34375, 572.25], [28.046875, 569.0], [28.75, 567.0], [29.453125, 567.0], [29.90625, 569.5], [30.546875, 570.5], [31.1875, 568.75], [31.828125, 570.0], [32.6875, 569.25], [33.375, 566.75], [34.078125, 567.5], [34.765625, 568.0], [35.46875, 566.5], [36.15625, 566.5], [36.859375, 567.25], [37.546875, 569.25], [38.265625, 570.0], [38.953125, 570.25], [39.65625, 570.25], [40.34375, 571.75], [41.046875, 574.25], [41.734375, 574.75], [42.4375, 575.5], [43.125, 576.75], [43.84375, 577.75], [44.53125, 579.0], [45.234375, 580.75], [45.921875, 582.5], [46.90625, 584.0], [47.671875, 585.5], [48.4375, 585.75], [49.203125, 587.25], [49.734375, 591.0], [50.4375, 594.75], [51.140625, 598.0], [51.84375, 598.5], [52.5625, 601.75], [53.265625, 604.0], [53.96875, 605.0], [54.671875, 611.0], [55.40625, 617.75], [56.109375, 617.25], [56.828125, 619.25], [57.53125, 625.25], [58.21875, 627.0], [58.921875, 629.5], [59.625, 632.5], [60.328125, 637.75], [61.046875, 643.25], [61.75, 646.5], [62.453125, 649.0], [63.15625, 654.25], [63.875, 660.75], [64.578125, 665.5], [65.28125, 671.25], [65.984375, 678.75], [66.609375, 687.0], [67.28125, 695.75], [67.96875, 697.25], [68.640625, 692.0], [69.421875, 691.5], [70.125, 697.75], [70.828125, 703.5], [72.234375, 737.0], [72.9375, 746.5], [73.640625, 745.5], [74.34375, 742.5], [75.046875, 759.5], [75.75, 780.0], [76.453125, 790.25], [77.859375, 758.0], [78.5625, 748.75], [79.265625, 738.5], [79.96875, 729.5], [80.671875, 720.0], [81.375, 711.25], [82.078125, 703.5], [82.78125, 696.0], [83.390625, 689.0], [84.0625, 682.75], [84.75, 676.0], [85.421875, 669.75], [86.171875, 665.0], [86.859375, 659.0], [87.5625, 653.0], [88.25, 646.25], [88.96875, 640.5], [89.65625, 635.25], [90.359375, 629.5], [91.046875, 625.25], [91.765625, 620.25], [92.453125, 614.5], [93.15625, 610.0], [93.84375, 606.5], [94.5625, 602.25], [95.25, 597.75], [95.953125, 593.75], [96.640625, 590.5], [97.359375, 587.5], [98.046875, 584.75], [99.4375, 561.75], [100.34375, 557.25], [101.078125, 554.75], [101.828125, 552.5], [102.5625, 550.25], [103.15625, 546.75], [103.859375, 543.5], [104.5625, 542.25], [105.265625, 540.75], [105.984375, 538.5], [106.6875, 535.75], [107.390625, 534.5], [108.09375, 534.0], [108.796875, 531.25], [109.5, 527.5], [110.203125, 525.5], [110.90625, 524.25], [111.640625, 523.5], [112.34375, 522.5], [113.0625, 522.25], [113.765625, 520.75], [114.46875, 518.0], [115.171875, 518.5], [115.875, 520.75], [116.578125, 519.25], [117.28125, 517.25], [117.984375, 516.5], [118.6875, 516.0], [119.390625, 515.75], [119.84375, 515.0], [120.484375, 515.0], [121.125, 514.25], [121.765625, 513.75], [122.640625, 513.0], [123.328125, 512.5], [124.03125, 514.75], [124.71875, 516.0], [125.421875, 516.0], [126.109375, 516.75], [126.8125, 517.75], [127.5, 518.75], [128.203125, 519.75], [128.890625, 521.0], [129.59375, 522.25], [130.28125, 524.0], [131.015625, 524.5], [133.8125, 3356.25], [134.5, 3369.75], [145.25, 1447.5], [146.65625, 1359.0], [147.359375, 1319.0], [148.0625, 1280.5], [148.765625, 1245.0], [149.46875, 1215.0], [150.171875, 1187.75], [150.890625, 1157.25], [151.59375, 1130.0], [152.296875, 1103.25], [153.0, 1078.75], [153.703125, 1056.0], [155.109375, 1002.0], [155.8125, 985.5], [156.453125, 967.5], [157.140625, 949.0], [157.828125, 930.0], [158.515625, 912.5], [159.265625, 899.0], [159.96875, 884.5], [160.671875, 867.0], [161.375, 853.0], [162.078125, 838.0], [162.78125, 822.5], [163.484375, 812.5], [164.1875, 802.5], [164.875, 792.0], [165.5625, 779.5], [166.265625, 768.0], [166.953125, 763.0], [167.6875, 753.5], [168.390625, 741.5], [169.09375, 738.5], [169.796875, 732.0], [170.5, 717.5], [171.203125, 709.0], [171.90625, 703.5], [172.609375, 697.5], [173.265625, 694.0], [173.953125, 687.5], [174.640625, 685.0], [175.328125, 682.75], [176.046875, 672.25], [176.734375, 658.75], [177.4375, 649.5], [178.125, 649.5], [178.875, 649.0], [179.578125, 647.0], [-179.71875, 643.0], [-179.015625, 637.0], [-178.328125, 639.0], [-176.9375, 618.0], [-176.25, 616.0], [-175.53125, 611.5], [-174.84375, 606.25], [-174.140625, 601.5], [-173.453125, 595.25], [-172.734375, 594.5], [-172.046875, 589.5], [-171.34375, 582.75], [-170.65625, 579.75], [-169.75, 578.0], [-169.015625, 580.5], [-168.265625, 572.5], [-167.53125, 565.0], [-166.921875, 561.5], [-166.21875, 557.0], [-165.515625, 557.0], [-164.8125, 555.5], [-164.109375, 551.5], [-163.40625, 547.0], [-162.703125, 544.75], [-162.0, 540.75], [-161.28125, 536.75], [-160.578125, 535.0], [-159.875, 533.75], [-159.171875, 535.0], [-158.4375, 532.0], [-157.734375, 525.0], [-157.015625, 524.5], [-156.3125, 524.25], [-155.609375, 520.0], [-154.90625, 520.25], [-154.203125, 518.75], [-153.5, 515.75], [-152.78125, 517.25], [-152.078125, 515.5], [-151.375, 513.75], [-150.671875, 515.75], [-150.015625, 512.75], [-149.328125, 511.75], [-148.640625, 511.0], [-147.953125, 510.25], [-147.1875, 512.0], [-146.484375, 509.75], [-145.78125, 507.25], [-145.078125, 509.0], [-144.359375, 513.25], [-143.65625, 513.25], [-142.953125, 510.5], [-142.25, 511.0], [-141.546875, 514.0], [-140.84375, 514.25], [-140.140625, 512.0], [-139.4375, 512.5], [-138.71875, 514.5], [-138.015625, 515.25], [-137.3125, 517.75], [-136.609375, 520.0], [-135.90625, 520.25], [-135.203125, 520.5], [-134.5, 521.0], [-133.796875, 523.75], [-133.234375, 528.75], [-132.578125, 534.0], [-131.90625, 534.5], [-131.25, 535.5], [-130.453125, 539.25], [-129.765625, 536.75], [-128.375, 506.5], [-123.4375, 376.25], [-122.0625, 357.5], [-120.671875, 336.25], [-119.265625, 316.5], [-118.578125, 309.0], [-117.875, 301.25], [-117.1875, 294.5], [-115.796875, 279.25], [-115.09375, 273.75], [-114.40625, 267.5], [-113.703125, 261.0], [-113.015625, 255.25], [-110.21875, 221.0], [-109.515625, 215.75], [-108.828125, 213.25], [-107.421875, 205.0], [-106.71875, 202.25], [-106.03125, 200.5], [-105.3125, 198.0], [-104.625, 194.75], [-103.921875, 193.0], [-103.234375, 191.0], [-102.53125, 188.75], [-101.84375, 186.5], [-101.140625, 184.25], [-100.453125, 181.75], [-99.734375, 180.25], [-99.046875, 178.0], [-98.34375, 175.75], [-97.65625, 174.25], [-96.875, 172.25], [-96.171875, 171.0], [-95.453125, 169.75], [-94.75, 168.0], [-94.078125, 166.25], [-93.390625, 165.25], [-92.6875, 163.25], [-92.0, 160.75], [-91.28125, 160.25], [-90.59375, 159.5], [-89.890625, 157.75], [-89.203125, 156.25], [-88.484375, 155.5], [-87.796875, 154.5], [-87.09375, 153.25], [-86.40625, 152.75], [-85.671875, 152.25], [-84.96875, 151.0], [-84.265625, 149.75], [-83.5625, 148.5], [-82.875, 148.5], 