{"heading": 5.8, "target": 54.86861848535422, "gap_dist": 553.4915908701014, "gap_info": [{"width": 553.4915908701014, "center_angle": 54.86861848535422, "edge_a": [45, 254.5], "edge_b": [58, 798.5], "depth": 798.5, "passable": true, "chosen": true}, {"width": 291.5720044688182, "center_angle": 109.0630665352006, "edge_a": [108, 644.0], "edge_b": [111, 353.5], "depth": 644.0, "passable": true, "chosen": false}], "scan": [[-2, 194.0], [-1, 193.0], [0, 192.5], [1, 192.5], [2, 190.5], [3, 190.0], [4, 188.0], [5, 187.5], [6, 187.5], [7, 186.5], [8, 188.0], [9, 189.5], [10, 191.0], [11, 191.0], [12, 193.5], [13, 194.0], [14, 195.0], [15, 195.0], [16, 195.0], [17, 195.0], [18, 196.0], [19, 197.5], [20, 199.0], [21, 198.5], [22, 198.0], [23, 200.5], [24, 200.5], [25, 202.5], [26, 203.0], [27, 206.5], [28, 207.0], [29, 209.5], [30, 210.5], [31, 213.5], [32, 215.5], [33, 217.0], [34, 221.0], [35, 221.5], [36, 226.0], [37, 226.5], [38, 230.0], [39, 232.5], [40, 235.0], [41, 238.0], [42, 242.5], [43, 246.5], [44, 250.5], [45, 254.5], [49, 976.0], [51, 898.0], [52, 892.0], [53, 880.5], [55, 837.0], [56, 842.5], [58, 798.5], [60, 776.5], [61, 770.5], [62, 760.0], [63, 754.5], [64, 740.5], [65, 736.5], [66, 726.0], [67, 724.5], [68, 720.5], [69, 706.0], [70, 703.0], [71, 695.5], [72, 692.0], [73, 687.5], [74, 681.0], [75, 676.0], [76, 672.5], [77, 669.5], [78, 657.5], [79, 657.0], [80, 655.0], [81, 651.0], [82, 649.5], [83, 647.5], [84, 654.75], [85, 661.5], [86, 663.0], [87, 658.5], [88, 663.0], [89, 666.5], [90, 663.5], [91, 657.5], [92, 653.75], [93, 653.5], [94, 654.0], [95, 659.5], [96, 660.0], [97, 657.5], [98, 654.0], [99, 656.5], [100, 665.0], [101, 658.25], [102, 659.25], [103, 662.0], [104, 664.5], [106, 642.75], [107, 643.0], [108, 644.0], [111, 353.5], [112, 354.5], [113, 354.5], [114, 356.0], [115, 357.5], [116, 359.0], [117, 360.5], [118, 362.5], [119, 364.5], [120, 368.0], [121, 371.0], [122, 373.0], [123, 375.0], [124, 379.5], [125, 383.0], [126, 389.5], [127, 393.0], [128, 398.5], [129, 399.5], [130, 401.5], [131, 408.5], [132, 411.5], [133, 417.0], [134, 421.0], [135, 431.0], [136, 435.0], [137, 439.5], [139, 945.0], [140, 936.5], [141, 960.5], [142, 970.0], [143, 996.0], [144, 1010.0], [145, 1035.5], [146, 1049.5], [147, 1064.5], [148, 1101.5], [149, 1121.5], [150, 1158.5], [151, 1173.0], [152, 1192.5], [153, 1239.5], [154, 1264.5], [155, 1317.0], [156, 1347.5], [158, 1782.5], [159, 1801.5], [160, 1887.0], [162, 1682.5], [163, 1665.0], [164, 1688.0], [169, 1905.5], [173, 1527.0], [174, 1523.5], [175, 1533.5], [179, 15188.5], [180, 15171.5], [-180, 15157.0], [-179, 15143.0], [-177, 7973.5], [-176, 8004.5], [-172, 1431.0], [-171, 1423.5], [-170, 1451.5], [-165, 2711.0], [-154, 1218.5], [-153, 1148.0], [-152, 1117.0], [-151, 1063.0], [-150, 1037.5], [-149, 988.0], [-148, 964.5], [-147, 944.5], [-146, 907.0], [-145, 889.0], [-144, 868.5], [-143, 853.5], [-142, 831.5], [-140, 795.0], [-139, 771.5], [-138, 765.0], [-137, 752.0], [-135, 718.5], [-133, 680.0], [-132, 672.0], [-131, 659.0], [-130, 639.5], [-129, 629.5], [-128, 620.0], [-127, 612.5], [-126, 596.5], [-125, 581.5], [-124, 578.5], [-123, 576.5], [-122, 564.5], [-121, 554.5], [-120, 548.0], [-119, 536.0], [-118, 530.0], [-117, 527.5], [-116, 509.0], [-115, 503.5], [-114, 503.5], [-113, 500.5], [-112, 489.5], [-111, 490.0], [-110, 481.5], [-109, 480.5], [-108, 472.5], [-107, 472.5], [-106, 469.5], [-105, 466.5], [-104, 463.5], [-103, 458.5], [-102, 457.0], [-101, 453.0], [-100, 450.5], [-99, 450.0], [-98, 449.5], [-97, 447.25], [-96, 446.25], [-95, 440.5], [-94, 442.5], [-93, 443.0], [-92, 444.0], [-91, 436.5], [-90, 438.75], [-89, 442.25], [-88, 441.25], [-87, 440.0], [-86, 439.5], [-85, 440.0], [-84, 441.75], [-83, 445.5], [-82, 440.75], [-81, 444.75], [-80, 444.5], [-79, 446.0], [-78, 449.5], [-77, 451.0], [-76, 452.0], [-75, 452.5], [-74, 457.0], [-73, 459.0], [-72, 463.0], [-71, 466.5], [-70, 471.0], [-69, 472.5], [-68, 474.5], [-67, 479.0], [-66, 466.0], [-65, 454.0], [-63, 415.5], [-62, 404.0], [-60, 377.0], [-59, 360.5], [-58, 353.0], [-57, 346.5], [-56, 336.0], [-55, 328.0], [-54, 315.0], [-53, 309.0], [-52, 299.0], [-51, 294.5], [-50, 289.5], [-49, 279.5], [-48, 275.5], [-47, 269.0], [-46, 264.5], [-45, 258.0], [-44, 254.0], [-43, 249.5], [-42, 245.0], [-41, 241.5], [-40, 238.0], [-39, 235.0], [-38, 230.5], [-37, 228.5], [-36, 223.0], [-35, 220.0], [-34, 214.0], [-33, 210.5], [-32, 207.5], [-31, 203.5], [-30, 202.0], [-29, 197.0], [-28, 196.0], [-27, 194.5], [-26, 193.0], [-25, 191.5], [-24, 190.0], [-23, 187.5], [-22, 185.5], [-21, 185.5], [-20, 182.5], [-19, 181.5], [-18, 179.0], [-17, 177.5], [-16, 177.0], [-15, 177.0], [-14, 176.5], [-13, 173.5], [-12, 174.0], [-11, 172.5], [-10, 171.0], [-9, 171.5], [-8, 170.0], [-7, 169.5], [-6, 167.5], [-5, 166.5], [-4, 167.5]]}