{"heading": 11.2, "target": -53.66105258872636, "gap_dist": 422.6419555037796, "gap_info": [{"width": 422.6419555037796, "center_angle": -53.66105258872636, "edge_a": [-56, 736.0], "edge_b": [-48, 304.5], "depth": 736.0, "passable": true, "chosen": true}, {"width": 203.47161056862453, "center_angle": 41.80251887560816, "edge_a": [38, 458.5], "edge_b": [44, 793.0], "depth": 793.0, "passable": false, "chosen": false}, {"width": 141.35171350482332, "center_angle": 161.66379243466233, "edge_a": [160, 561.0], "edge_b": [163, 698.5], "depth": 698.5, "passable": false, "chosen": false}], "scan": [[-2, 379.5], [-1, 372.5], [0, 371.0], [1, 365.5], [2, 349.0], [4, 321.0], [5, 314.5], [6, 302.0], [7, 296.5], [9, 271.5], [10, 268.0], [11, 266.5], [12, 271.0], [13, 272.5], [14, 274.5], [15, 278.0], [16, 281.5], [17, 288.0], [18, 291.0], [19, 297.0], [20, 300.0], [21, 304.0], [22, 310.5], [23, 314.0], [24, 323.5], [25, 328.0], [26, 339.5], [27, 342.5], [28, 348.0], [29, 360.5], [30, 373.0], [31, 378.0], [32, 384.5], [33, 398.5], [34, 405.5], [35, 421.0], [36, 429.5], [37, 448.5], [38, 458.5], [42, 848.0], [43, 807.5], [44, 793.0], [45, 763.5], [46, 751.0], [47, 722.5], [48, 706.5], [49, 696.0], [50, 690.0], [51, 687.5], [53, 637.5], [54, 625.5], [55, 602.5], [56, 591.5], [57, 580.5], [58, 560.5], [59, 549.5], [60, 539.0], [61, 532.0], [62, 516.0], [63, 508.0], [64, 501.5], [65, 492.5], [66, 487.0], [67, 475.5], [68, 471.5], [69, 461.0], [70, 458.5], [71, 447.5], [72, 442.5], [73, 439.0], [74, 437.0], [75, 447.5], [78, 412.5], [79, 426.0], [80, 414.0], [81, 412.5], [82, 411.5], [83, 404.0], [85, 385.5], [86, 383.5], [87, 381.5], [88, 381.25], [89, 379.0], [90, 378.0], [91, 373.0], [92, 368.5], [93, 367.0], [94, 362.25], [95, 362.5], [96, 362.25], [97, 361.5], [98, 361.0], [100, 350.0], [101, 347.0], [102, 346.0], [103, 345.0], [104, 343.0], [105, 343.0], [106, 342.5], [107, 343.0], [108, 342.5], [109, 342.5], [110, 342.0], [111, 341.5], [112, 341.0], [113, 343.0], [114, 343.0], [115, 343.0], [116, 344.0], [117, 344.0], [118, 345.5], [119, 346.0], [120, 348.5], [121, 350.0], [122, 352.0], [123, 354.5], [124, 357.0], [125, 357.0], [126, 360.5], [127, 364.0], [128, 365.5], [129, 367.5], [130, 368.0], [131, 373.0], [132, 375.5], [133, 379.5], [134, 381.5], [135, 383.5], [136, 388.5], [137, 392.0], [138, 395.0], [139, 398.0], [140, 400.5], [141, 407.5], [142, 410.0], [143, 417.0], [144, 421.0], [145, 423.5], [146, 429.0], [147, 433.5], [148, 444.0], [149, 448.5], [150, 458.0], [151, 463.5], [152, 474.5], [153, 482.0], [154, 490.5], [155, 501.0], [156, 507.0], [157, 524.0], [158, 531.5], [159, 549.5], [160, 561.0], [163, 698.5], [164, 696.0], [168, 783.75], [169, 798.25], [170, 815.5], [171, 858.0], [172, 882.5], [173, 933.0], [177, 1158.0], [-171, 1059.0], [-170, 1057.0], [-169, 1054.5], [-168, 1052.5], [-167, 1051.5], [-166, 1050.0], [-165, 1050.0], [-164, 1050.5], [-163, 1049.5], [-162, 1049.5], [-161, 1050.5], [-159, 424.0], [-158, 403.0], [-157, 393.5], [-156, 376.5], [-155, 368.5], [-154, 358.5], [-153, 342.5], [-152, 335.0], [-151, 321.0], [-150, 315.0], [-149, 303.5], [-148, 298.0], [-147, 293.5], [-146, 285.0], [-145, 283.5], [-144, 281.5], [-143, 282.5], [-142, 285.5], [-141, 290.0], [-140, 293.5], [-139, 299.0], [-138, 302.0], [-137, 306.0], [-136, 314.0], [-135, 318.0], [-134, 327.5], [-133, 332.5], [-132, 341.0], [-131, 346.0], [-130, 358.0], [-129, 365.0], [-128, 372.5], [-127, 385.5], [-126, 385.0], [-124, 413.0], [-123, 429.0], [-122, 438.5], [-121, 457.5], [-120, 469.0], [-118, 513.5], [-117, 518.0], [-116, 522.5], [-115, 525.0], [-114, 538.5], [-113, 544.0], [-112, 559.5], [-111, 567.0], [-110, 577.0], [-109, 596.5], [-108, 607.5], [-107, 630.0], [-106, 639.5], [-105, 661.5], [-104, 675.0], [-103, 706.5], [-102, 721.0], [-101, 752.0], [-100, 771.5], [-99, 789.5], [-98, 794.5], [-97, 790.0], [-96, 785.5], [-95, 775.5], [-94, 768.0], [-93, 764.0], [-92, 761.0], [-91, 758.0], [-90, 753.0], [-89, 754.5], [-88, 753.0], [-87, 747.0], [-86, 742.5], [-85, 749.0], [-84, 745.5], [-83, 737.5], [-82, 735.0], [-81, 735.5], [-80, 735.0], [-79, 730.0], [-78, 726.0], [-77, 724.5], [-76, 727.0], [-75, 724.5], [-74, 726.0], [-73, 720.5], [-72, 714.0], [-71, 717.25], [-70, 713.0], [-69, 715.0], [-68, 718.0], [-67, 719.75], [-66, 720.25], [-65, 715.5], [-64, 712.5], [-63, 709.5], [-62, 712.5], [-61, 713.75], [-60, 715.75], [-59, 724.0], [-58, 727.5], [-57, 731.5], [-56, 736.0], [-48, 304.5], [-47, 293.5], [-44, 264.0], [-43, 258.0], [-42, 245.5], [-41, 240.5], [-39, 224.5], [-37, 210.0], [-36, 201.0], [-35, 198.0], [-34, 195.0], [-33, 190.0], [-32, 187.5], [-31, 186.5], [-30, 186.0], [-29, 187.5], [-28, 190.5], [-27, 191.5], [-26, 197.5], [-25, 199.5], [-24, 202.0], [-23, 207.0], [-22, 210.5], [-21, 217.5], [-20, 221.0], [-19, 229.0], [-18, 233.5], [-17, 237.5], [-16, 243.5], [-15, 249.5], [-14, 258.5], [-13, 262.5], [-12, 274.0], [-11, 281.0], [-10, 293.0], [-9, 299.5], [-7, 325.0], [-6, 335.0], [-5, 349.5], [-4, 347.0]]}