{"heading": 9.8, "target": -16.685512750656113, "gap_dist": 521.0619782900494, "gap_info": [{"width": 521.0619782900494, "center_angle": -16.685512750656113, "edge_a": [-22.046875, 235.0], "edge_b": [-15.015625, 753.5], "depth": 753.5, "passable": true, "chosen": true}], "scan": [[-1.4375, 688.0], [-0.734375, 685.25], [-0.03125, 682.0], [0.671875, 679.5], [1.390625, 677.75], [2.09375, 675.25], [2.796875, 673.25], [3.5, 672.75], [4.203125, 670.75], [4.90625, 668.25], [5.609375, 666.25], [6.3125, 665.75], [7.03125, 664.5], [7.734375, 659.5], [8.4375, 658.0], [9.140625, 670.0], [10.0, 671.0], [10.734375, 658.5], [11.484375, 654.0], [12.21875, 652.0], [12.875, 650.0], [13.59375, 647.0], [14.3125, 646.0], [15.03125, 647.0], [15.703125, 647.0], [16.40625, 645.75], [17.109375, 646.25], [17.8125, 648.5], [18.546875, 649.0], [19.25, 649.5], [19.96875, 650.25], [20.671875, 651.25], [21.390625, 651.5], [22.09375, 650.75], [22.8125, 651.75], [23.515625, 653.75], [24.25, 657.0], [24.953125, 659.25], [25.671875, 661.0], [26.375, 663.0], [27.09375, 665.25], [27.796875, 667.5], [28.515625, 671.75], [29.21875, 675.5], [29.65625, 677.0], [30.296875, 679.5], [30.9375, 682.5], [31.578125, 684.5], [32.46875, 688.25], [33.171875, 692.5], [33.875, 694.75], [34.578125, 700.0], [35.296875, 707.5], [36.0, 703.0], [36.703125, 695.75], [38.78125, 692.5], [40.90625, 587.5], [43.015625, 510.5], [43.703125, 496.5], [44.390625, 484.0], [45.09375, 473.5], [45.78125, 464.0], [46.765625, 454.0], [47.53125, 443.5], [48.296875, 435.0], [49.0625, 426.0], [49.609375, 419.0], [50.3125, 412.0], [51.03125, 401.5], [51.734375, 393.0], [52.453125, 388.0], [53.15625, 381.0], [53.875, 374.5], [54.578125, 370.0], [55.28125, 365.0], [55.984375, 360.0], [56.6875, 354.0], [57.390625, 349.0], [58.140625, 344.0], [58.84375, 339.5], [59.5625, 336.5], [60.265625, 332.0], [60.96875, 328.0], [61.671875, 324.5], [62.375, 320.0], [63.078125, 316.5], [63.828125, 313.5], [64.53125, 309.5], [65.25, 307.0], [65.953125, 306.75], [66.546875, 302.25], [67.21875, 296.0], [67.90625, 292.5], [68.578125, 291.0], [69.359375, 289.0], [70.0625, 285.5], [70.765625, 283.75], [71.46875, 281.5], [72.1875, 277.0], [72.890625, 274.5], [73.59375, 276.0], [74.296875, 276.5], [75.03125, 272.5], [75.734375, 270.5], [77.15625, 261.5], [77.859375, 257.5], [78.5625, 253.0], [79.265625, 251.5], [79.96875, 251.25], [80.65625, 249.5], [81.34375, 245.75], [82.046875, 243.25], [82.734375, 243.5], [83.40625, 243.0], [84.09375, 239.0], [84.78125, 234.0], [85.46875, 234.25], [86.21875, 234.75], [86.921875, 231.0], [87.625, 230.25], [88.328125, 230.25], [89.0, 227.5], [89.6875, 226.5], [90.390625, 226.5], [91.078125, 225.0], [91.828125, 225.0], [92.53125, 226.5], [93.234375, 226.5], [93.9375, 226.75], [94.640625, 226.75], [95.34375, 225.0], [96.046875, 225.0], [96.75, 226.5], [97.453125, 226.75], [98.15625, 226.0], [98.859375, 224.0], [99.5625, 223.5], [100.421875, 225.0], [101.15625, 224.5], [101.90625, 223.75], [102.640625, 224.25], [103.234375, 224.5], [103.9375, 223.5], [104.640625, 222.5], [105.34375, 223.0], [106.078125, 224.5], [106.78125, 225.0], [107.5, 225.25], [108.203125, 224.5], [108.921875, 224.25], [109.625, 224.5], [110.34375, 224.0], [111.046875, 224.25], [111.75, 224.25], [112.453125, 224.5], [113.15625, 224.0], [113.859375, 224.5], [114.578125, 226.25], [115.28125, 225.75], [115.984375, 225.25], [116.6875, 225.75], [117.421875, 225.25], [118.125, 226.5], [118.84375, 227.0], [119.546875, 227.75], [120.015625, 231.25], [120.65625, 232.75], [121.3125, 232.75], [121.953125, 233.75], [122.828125, 235.5], [123.53125, 236.0], [124.234375, 236.5], [124.9375, 238.25], [125.625, 240.75], [126.3125, 243.5], [127.015625, 243.75], [127.703125, 244.25], [128.421875, 246.0], [129.109375, 246.5], [129.8125, 248.5], [130.5, 250.25], [131.234375, 251.75], [131.9375, 254.25], [132.640625, 255.75], [133.34375, 258.25], [134.03125, 259.75], [134.71875, 260.25], [135.421875, 261.75], [136.109375, 264.0], [137.015625, 266.5], [137.75, 268.75], [138.5, 271.5], [139.234375, 274.25], [139.859375, 277.75], [140.5625, 279.75], [141.28125, 278.5], [141.984375, 281.5], [142.671875, 286.75], [143.375, 289.0], [144.078125, 291.0], [144.78125, 293.25], [145.5, 298.5], [146.203125, 304.0], [146.90625, 306.75], [147.609375, 309.25], [148.34375, 312.75], [149.046875, 317.5], [149.765625, 320.75], [150.46875, 322.75], [151.15625, 327.0], [151.859375, 332.5], [152.5625, 336.75], [153.265625, 341.75], [153.9375, 347.0], [154.625, 351.0], [155.328125, 355.0], [156.015625, 360.0], [156.75, 365.0], [157.453125, 370.5], [158.15625, 377.0], [158.859375, 383.0], [159.578125, 390.0], [160.28125, 397.0], [160.984375, 404.25], [161.6875, 411.75], [162.390625, 420.0], [163.09375, 431.5], [163.796875, 445.0], [164.5, 454.5], [165.203125, 456.75], [165.90625, 457.5], [166.609375, 458.0], [167.3125, 459.25], [168.046875, 467.75], [168.75, 479.0], [169.46875, 489.5], [170.171875, 500.0], [170.84375, 510.0], [172.234375, 539.5], [173.59375, 574.0], [174.28125, 583.5], [175.65625, 623.5], [177.109375, 663.5], [179.9375, 900.0], [-179.359375, 897.0], [-178.65625, 896.75], [-177.96875, 896.25], [-177.28125, 895.25], [-176.578125, 899.25], [-175.890625, 916.0], [-174.453125, 5120.0], [-173.046875, 14765.5], [-171.625, 1002.0], [-170.921875, 986.5], [-170.21875, 983.5], [-168.578125, 935.5], [-167.828125, 935.0], [-167.078125, 934.75], [-166.53125, 934.0], [-165.84375, 932.25], [-165.140625, 929.75], [-164.453125, 935.5], [-163.703125, 953.0], [-163.0, 969.5], [-162.296875, 979.5], [-160.875, 1966.0], [-160.171875, 1969.0], [-159.46875, 1951.5], [-155.90625, 1967.5], [-155.203125, 1967.5], [-154.5, 1989.0], [-152.359375, 2018.0], [-151.65625, 2012.0], [-150.9375, 2017.5], [-148.1875, 3236.0], [-146.75, 1643.0], [-146.046875, 1616.0], [-145.34375, 1592.5], [-144.640625, 1581.0], [-143.9375, 1585.5], [-143.234375, 1603.5], [-142.53125, 1634.5], [-141.109375, 2294.0], [-139.703125, 1469.0], [-139.0, 1465.5], [-138.28125, 1465.0], [-137.578125, 1462.25], [-136.875, 1462.25], [-136.171875, 1466.0], [-135.46875, 1472.5], [-134.765625, 1488.0], [-133.359375, 1822.0], [-132.796875, 1786.0], [-131.46875, 1601.0], [-130.8125, 1570.0], [-130.0, 1541.0], [-129.3125, 1514.5], [-128.609375, 1487.5], [-127.921875, 1462.5], [-127.203125, 1439.5], [-126.515625, 1418.0], [-125.8125, 1397.0], [-125.125, 1375.5], [-124.40625, 1355.0], [-123.71875, 1336.0], [-123.015625, 1316.5], [-122.328125, 1299.0], [-121.59375, 1284.0], [-120.890625, 1267.5], [-120.1875, 1250.5], [-119.484375, 1236.0], [-118.796875, 1222.0], [-118.109375, 1208.0], [-117.40625, 1194.0], [-116.71875, 1180.5], [-116.015625, 1166.5], [-115.328125, 1153.0], [-114.625, 1142.5], [-113.9375, 1132.5], [-113.21875, 1121.5], [-112.53125, 1110.0], [-111.828125, 1099.0], [-111.140625, 1088.5], [-110.4375, 1080.0], [-109.75, 1071.5], [-109.046875, 1062.0], [-108.359375, 1053.5], [-107.640625, 1045.0], [-106.953125, 1038.0], [-106.25, 1030.5], [-105.5625, 1020.5], [-104.84375, 1012.0], [-104.15625, 1007.0], [-103.453125, 1001.5], [-102.765625, 995.5], [-102.03125, 990.0], [-101.328125, 984.5], [-100.625, 978.5], [-99.921875, 972.0], [-99.25, 967.5], [-98.5625, 962.5], [-97.859375, 956.0], [-97.171875, 949.5], [-96.375, 943.5], [-95.65625, 939.5], [-94.9375, 936.5], [-94.21875, 932.0], [-93.578125, 926.5], [-92.890625, 923.0], [-92.1875, 919.0], [-91.5, 916.0], [-90.765625, 914.0], [-90.0625, 910.0], [-89.359375, 907.5], [-88.65625, 905.5], [-87.96875, 903.0], [-87.28125, 900.5], [-86.578125, 901.5], [-85.171875, 145.5], [-84.484375, 148.5], [-83.78125, 150.0], [-83.09375, 148.5], [-82.375, 147.0], [-81.6875, 146.75], [-80.984375, 146.25], [-80.296875, 146.0], [-79.578125, 145.75], [-78.890625, 145.0], [-78.1875, 145.0], [-77.5, 145.25], [-76.765625, 144.75], [-76.0625, 143.75], [-75.359375, 142.5], [-74.65625, 143.0], [-73.96875, 142.5], [-73.28125, 141.5], [-72.578125, 142.25], [-71.890625, 142.75], [-71.15625, 143.75], [-70.453125, 143.5], 