{"heading": 47.5, "target": 77.93709770505572, "gap_dist": 587.4416280393559, "gap_info": [{"width": 129.5734494031696, "center_angle": 56.209624246310774, "edge_a": [54, 525.5], "edge_b": [58, 648.5], "depth": 648.5, "passable": false, "chosen": false}, {"width": 587.4416280393559, "center_angle": 77.93709770505572, "edge_a": [61, 738.5], "edge_b": [113, 374.5], "depth": 738.5, "passable": true, "chosen": true}, {"width": 84.50494209414661, "center_angle": 141.6686725714528, "edge_a": [139, 491.0], "edge_b": [144, 562.0], "depth": 562.0, "passable": false, "chosen": false}], "scan": [[-4, 171.5], [-3, 172.0], [-2, 195.5], [-1, 195.5], [0, 196.0], [1, 197.5], [2, 199.0], [3, 203.5], [4, 205.5], [5, 206.5], [6, 208.5], [7, 209.0], [8, 210.0], [9, 214.0], [10, 216.0], [11, 216.5], [13, 222.5], [14, 225.0], [15, 225.5], [16, 227.5], [17, 228.0], [18, 231.0], [19, 233.5], [21, 242.5], [22, 243.5], [23, 251.0], [24, 252.0], [26, 263.0], [27, 263.0], [28, 267.5], [30, 283.0], [31, 285.5], [32, 288.5], [34, 299.0], [35, 306.5], [36, 312.0], [37, 315.0], [38, 324.0], [39, 330.5], [40, 342.5], [41, 345.0], [42, 359.5], [43, 366.5], [44, 373.5], [45, 393.5], [46, 401.0], [47, 416.0], [48, 425.5], [49, 431.5], [51, 466.0], [54, 525.5], [58, 648.5], [59, 658.0], [61, 738.5], [75, 2459.0], [76, 2460.0], [79, 1393.0], [81, 2472.75], [82, 2477.25], [83, 2484.0], [84, 2486.0], [89, 1900.5], [93, 1475.5], [96, 7915.0], [107, 2725.0], [113, 374.5], [114, 368.5], [115, 361.5], [116, 351.5], [117, 346.0], [118, 336.0], [119, 331.0], [120, 324.0], [121, 319.5], [122, 315.5], [123, 316.5], [124, 321.5], [125, 327.5], [126, 337.5], [127, 343.5], [128, 349.5], [129, 362.5], [130, 370.0], [131, 383.5], [132, 390.5], [133, 397.5], [134, 413.5], [135, 423.5], [136, 445.5], [137, 456.0], [139, 491.0], [144, 562.0], [149, 969.0], [150, 967.0], [151, 954.5], [152, 941.0], [153, 936.5], [154, 933.5], [155, 931.25], [156, 927.25], [157, 926.75], [158, 923.5], [159, 922.5], [160, 920.0], [161, 914.0], [162, 914.5], [163, 913.0], [164, 910.5], [165, 910.0], [166, 912.5], [167, 911.0], [168, 909.5], [169, 910.0], [170, 913.0], [171, 916.5], [172, 920.5], [173, 919.0], [174, 912.0], [175, 914.0], [176, 913.0], [177, 918.0], [178, 920.5], [179, 929.0], [180, 930.0], [-179, 931.0], [-178, 937.0], [-177, 939.5], [-176, 950.0], [-175, 955.5], [-174, 959.5], [-173, 968.0], [-172, 973.0], [-171, 983.5], [-170, 988.5], [-169, 995.5], [-168, 1008.0], [-167, 1015.5], [-166, 1020.0], [-165, 1034.0], [-164, 1044.0], [-163, 1053.5], [-161, 521.5], [-160, 511.0], [-159, 500.5], [-158, 483.5], [-157, 476.5], [-156, 462.5], [-155, 455.0], [-154, 448.0], [-153, 437.0], [-152, 431.5], [-151, 419.5], [-150, 415.0], [-149, 410.0], [-148, 403.0], [-147, 399.0], [-146, 390.0], [-145, 388.0], [-144, 384.5], [-143, 377.0], [-142, 372.5], [-141, 367.0], [-140, 364.0], [-139, 361.5], [-138, 355.5], [-137, 352.0], [-136, 349.5], [-135, 345.5], [-134, 344.0], [-133, 340.0], [-132, 342.0], [-130, 323.5], [-129, 317.5], [-128, 314.0], [-127, 313.0], [-126, 309.5], [-125, 308.0], [-124, 307.5], [-123, 305.0], [-122, 303.5], [-121, 302.0], [-120, 301.0], [-119, 299.5], [-118, 298.0], [-117, 296.0], [-116, 295.0], [-115, 295.0], [-114, 294.75], [-113, 293.5], [-112, 292.25], [-111, 290.5], [-110, 289.5], [-109, 289.0], [-108, 289.25], [-107, 288.0], [-106, 287.25], [-105, 286.5], [-104, 287.25], [-103, 288.0], [-102, 290.5], [-101, 293.0], [-100, 293.5], [-99, 294.5], [-98, 294.5], [-97, 294.75], [-96, 295.25], [-95, 298.0], [-94, 299.5], [-93, 299.0], [-92, 302.0], [-91, 302.5], [-90, 304.5], [-89, 306.5], [-88, 306.5], [-87, 309.0], [-86, 311.5], [-85, 315.0], [-84, 316.5], [-83, 318.0], [-82, 321.0], [-81, 323.5], [-80, 329.0], [-79, 332.0], [-78, 336.0], [-76, 369.5], [-75, 370.0], [-74, 366.5], [-71, 329.0], [-70, 323.0], [-68, 296.0], [-67, 294.5], [-65, 280.0], [-64, 278.0], [-63, 269.0], [-62, 268.0], [-61, 266.5], [-60, 253.0], [-59, 248.5], [-57, 234.5], [-56, 233.0], [-55, 234.5], [-54, 231.5], [-53, 226.0], [-52, 226.0], [-51, 223.0], [-50, 217.0], [-49, 214.5], [-48, 209.0], [-47, 208.5], [-46, 209.5], [-45, 208.5], [-44, 207.5], [-42, 200.0], [-41, 199.5], [-40, 195.0], [-39, 193.5], [-37, 187.5], [-36, 184.0], [-34, 179.5], [-33, 179.0], [-31, 176.5], [-30, 173.0], [-29, 174.0], [-28, 173.0], [-27, 171.5], [-26, 171.0], [-25, 170.5], [-24, 171.0], [-23, 170.5], [-22, 169.0], [-21, 169.0], [-20, 168.5], [-19, 171.5], [-18, 170.0], [-17, 169.5], [-16, 168.5], [-15, 169.5], [-14, 170.0], [-13, 170.0], [-12, 170.5], [-11, 168.5], [-10, 170.0], [-9, 171.0], [-8, 171.0], [-7, 170.5], [-6, 171.5]]}