{"heading": 32.1, "target": 2.4021472913441957, "gap_dist": 604.2216238964165, "gap_info": [{"width": 604.2216238964165, "center_angle": 2.4021472913441957, "edge_a": [-2.734375, 780.5], "edge_b": [22.640625, 202.0], "depth": 780.5, "passable": true, "chosen": true}], "scan": [[-1.53125, 831.0], [-0.828125, 841.5], [-0.125, 850.5], [0.578125, 858.5], [1.296875, 870.0], [2.0, 884.0], [2.703125, 898.0], [3.40625, 911.5], [4.09375, 926.5], [4.78125, 942.0], [5.484375, 955.5], [6.171875, 972.0], [6.90625, 989.0], [7.609375, 1004.5], [8.3125, 1022.0], [9.015625, 1039.5], [9.890625, 1056.0], [10.625, 1072.5], [11.375, 1095.0], [12.109375, 1119.0], [12.71875, 1138.5], [13.421875, 1160.0], [14.125, 1188.0], [14.828125, 1219.0], [15.546875, 1249.0], [16.25, 1280.5], [16.953125, 1315.5], [17.65625, 1352.0], [18.375, 1391.0], [19.078125, 1433.0], [19.78125, 1475.0], [22.640625, 202.0], [23.34375, 199.0], [24.0625, 198.0], [24.765625, 197.5], [25.484375, 196.5], [26.1875, 196.0], [26.859375, 195.5], [27.546875, 193.5], [28.25, 192.0], [28.9375, 192.5], [29.484375, 192.5], [30.140625, 192.0], [30.796875, 191.5], [31.453125, 191.0], [32.296875, 191.5], [33.0, 191.0], [33.703125, 189.0], [34.40625, 189.0], [35.09375, 190.0], [35.78125, 190.0], [36.484375, 188.5], [37.171875, 186.5], [37.890625, 184.5], [38.578125, 183.0], [39.28125, 181.5], [39.96875, 180.5], [40.703125, 181.0], [41.40625, 182.5], [42.109375, 184.5], [42.8125, 185.5], [43.5, 185.5], [44.1875, 185.5], [44.890625, 186.0], [45.578125, 186.5], [46.53125, 187.5], [47.28125, 189.5], [48.046875, 189.5], [48.796875, 189.0], [49.375, 190.0], [50.078125, 190.0], [50.796875, 190.5], [51.5, 191.0], [52.21875, 191.5], [52.921875, 191.5], [53.640625, 192.0], [54.34375, 193.5], [55.046875, 193.0], [55.75, 192.0], [56.453125, 193.0], [57.15625, 194.5], [57.890625, 195.5], [58.59375, 195.5], [59.3125, 196.0], [60.015625, 197.5], [60.71875, 198.0], [61.421875, 198.0], [62.125, 198.0], [62.828125, 199.5], [63.5625, 201.0], [64.265625, 202.0], [64.984375, 202.5], [65.6875, 201.5], [66.25, 203.0], [66.921875, 207.0], [67.59375, 209.5], [68.265625, 210.0], [69.0625, 211.0], [69.765625, 212.5], [70.46875, 215.0], [71.171875, 217.5], [71.875, 219.0], [72.578125, 221.5], [73.28125, 224.0], [73.984375, 226.0], [74.703125, 227.0], [75.40625, 227.5], [76.109375, 230.0], [76.8125, 231.25], [77.515625, 233.75], [78.21875, 237.5], [78.921875, 239.0], [79.625, 240.5], [80.328125, 243.0], [81.03125, 246.0], [81.734375, 248.5], [82.4375, 252.0], [83.09375, 256.0], [83.78125, 258.5], [84.46875, 260.5], [85.15625, 263.5], [85.890625, 265.5], [86.578125, 268.0], [87.28125, 273.0], [87.96875, 278.0], [88.703125, 281.0], [89.40625, 283.5], [90.109375, 289.0], [90.8125, 295.0], [91.515625, 299.5], [92.921875, 320.0], [93.625, 327.5], [94.3125, 333.5], [95.0, 338.5], [95.703125, 344.0], [96.390625, 349.5], [97.125, 355.0], [97.828125, 361.5], [98.53125, 368.0], [99.234375, 374.5], [100.015625, 381.0], [100.734375, 388.0], [101.453125, 396.5], [102.171875, 406.0], [102.84375, 415.0], [103.546875, 424.5], [104.25, 434.5], [104.953125, 445.0], [105.65625, 457.0], [106.359375, 470.5], [107.0625, 483.5], [108.484375, 512.5], [109.890625, 551.5], [111.296875, 589.0], [112.703125, 580.0], [114.125, 602.0], [114.828125, 590.5], [115.53125, 587.5], [116.234375, 587.0], [116.9375, 591.5], [117.640625, 590.5], [118.34375, 587.0], [119.046875, 588.0], [119.578125, 580.5], [120.234375, 573.5], [120.890625, 571.5], [121.546875, 571.0], [122.375, 570.5], [123.0625, 569.5], [123.765625, 574.0], [124.453125, 573.0], [125.15625, 565.5], [125.84375, 559.0], [126.546875, 555.0], [127.234375, 555.5], [127.9375, 554.5], [128.625, 554.0], [129.328125, 552.5], [130.015625, 552.0], [130.75, 553.0], [131.453125, 554.0], [132.15625, 554.0], [132.859375, 552.5], [133.546875, 554.0], [134.234375, 553.5], [134.9375, 552.5], [135.625, 553.5], [136.515625, 554.0], [137.25, 556.0], [138.0, 558.5], [138.734375, 561.0], [139.34375, 560.0], [140.046875, 557.5], [140.75, 558.0], [141.453125, 561.5], [142.15625, 566.5], [142.859375, 568.5], [143.5625, 569.5], [144.265625, 570.5], [144.96875, 569.5], [145.671875, 570.5], [146.375, 573.0], [147.078125, 574.0], [147.78125, 575.5], [148.484375, 578.0], [149.1875, 581.0], [149.890625, 584.0], [150.625, 586.0], [151.328125, 589.0], [152.046875, 591.0], [152.75, 595.5], [153.4375, 598.5], [154.140625, 598.0], [154.84375, 603.5], [155.546875, 608.0], [156.171875, 611.0], [156.84375, 615.5], [157.53125, 619.5], [158.203125, 624.5], [158.96875, 628.0], [159.65625, 631.5], [160.359375, 636.5], [161.046875, 644.5], [161.78125, 649.5], [162.484375, 650.5], [163.1875, 654.5], [163.890625, 661.5], [164.609375, 670.5], [165.3125, 675.5], [166.015625, 680.5], [166.71875, 687.0], [167.40625, 692.0], [168.09375, 697.0], [168.796875, 703.5], [169.484375, 713.5], [170.203125, 724.0], [170.890625, 730.0], [171.59375, 734.0], [172.28125, 737.0], [173.0, 743.0], [174.390625, 779.25], [175.078125, 782.5], [175.796875, 789.0], [176.484375, 789.25], [177.1875, 786.25], [178.59375, 829.0], [179.28125, 830.5], [-179.328125, 871.0], [-178.609375, 873.5], [-177.921875, 871.0], [-177.21875, 883.5], [-176.53125, 895.5], [-175.796875, 911.0], [-175.09375, 926.5], [-174.390625, 940.0], [-173.6875, 958.0], [-173.0, 978.0], [-172.3125, 997.0], [-171.609375, 1015.0], [-170.921875, 1032.5], [-170.03125, 1052.5], [-169.296875, 1075.0], [-168.546875, 1098.0], [-166.515625, 1208.5], [-165.8125, 1219.5], [-163.6875, 1308.5], [-162.984375, 1327.5], [-162.28125, 1363.0], [-161.5625, 1398.0], [-160.859375, 1437.5], [-160.15625, 1481.0], [-159.453125, 1526.5], [-156.625, 1739.0], [-154.5, 310.5], [-153.796875, 305.5], [-153.09375, 304.5], [-152.390625, 303.0], [-151.6875, 301.5], [-150.984375, 301.0], [-150.28125, 301.0], [-149.578125, 300.5], [-148.875, 299.5], [-148.171875, 298.5], [-147.484375, 296.5], [-146.796875, 294.5], [-146.09375, 294.0], [-145.40625, 295.0], [-144.65625, 294.5], [-143.953125, 292.5], [-143.25, 292.0], [-142.546875, 292.5], [-141.828125, 292.0], [-141.125, 292.0], [-140.421875, 292.0], [-139.71875, 289.0], [-139.0, 288.0], [-138.296875, 287.5], [-137.59375, 288.5], [-136.890625, 290.5], [-136.203125, 290.5], [-135.515625, 291.5], [-134.8125, 293.0], [-134.125, 294.0], [-133.546875, 294.5], [-132.890625, 295.0], [-132.21875, 295.0], [-131.5625, 295.5], [-130.75, 297.0], [-130.0625, 298.0], [-129.359375, 298.5], [-128.671875, 299.0], [-127.96875, 300.0], [-127.28125, 301.0], [-126.578125, 301.5], [-125.890625, 303.0], [-125.15625, 303.5], [-124.453125, 305.0], [-123.75, 306.0], [-123.046875, 306.0], [-122.359375, 307.5], [-121.671875, 308.5], [-120.96875, 310.0], [-120.28125, 312.0], [-119.5625, 314.0], [-118.875, 315.5], [-118.171875, 316.5], [-117.484375, 318.0], [-116.734375, 320.5], [-116.03125, 322.5], [-115.328125, 322.5], [-114.625, 324.5], [-113.984375, 328.5], [-113.296875, 331.0], [-112.609375, 332.0], [-111.921875, 334.0], [-111.203125, 336.5], [-110.515625, 337.5], [-109.8125, 340.5], [-109.125, 343.5], [-108.40625, 346.0], [-107.71875, 349.5], [-107.015625, 351.5], [-106.328125, 354.5], [-105.625, 357.5], [-104.9375, 359.0], [-104.234375, 363.0], [-103.546875, 370.0], [-102.828125, 378.5], [-102.140625, 385.0], [-101.4375, 389.5], [-100.75, 394.0], [-100.015625, 397.0], [-99.3125, 400.0], [-98.609375, 404.0], [-97.90625, 408.5], [-97.15625, 413.5], [-96.453125, 417.0], [-95.734375, 421.5], [-95.03125, 427.0], [-94.359375, 432.0], [-93.671875, 436.5], [-92.96875, 442.0], [-92.28125, 448.5], [-91.546875, 455.0], [-90.84375, 462.0], [-90.140625, 464.0], [-89.4375, 468.0], [-88.75, 478.0], [-88.0625, 486.0], [-87.359375, 494.0], [-86.671875, 501.5], [-85.9375, 510.5], [-85.234375, 521.0], [-84.53125, 530.0], [-83.828125, 540.5], [-83.140625, 550.5], [-82.453125, 562.5], [-81.75, 575.5], [-81.0625, 587.5], [-80.34375, 601.5], [-79.65625, 611.0], [-78.953125, 609.5], [-78.265625, 612.5], [-77.578125, 622.5], [-76.890625, 626.5], 