{"heading": -62.4, "target": -100.08758004479039, "gap_dist": 688.359520179631, "gap_info": [{"width": 343.0796689158619, "center_angle": -126.71276149955993, "edge_a": [-128, 425.0], "edge_b": [-126, 767.5], "depth": 767.5, "passable": true, "chosen": false}, {"width": 688.359520179631, "center_angle": -100.08758004479039, "edge_a": [-117, 799.5], "edge_b": [-58, 347.0], "depth": 799.5, "passable": true, "chosen": true}, {"width": 173.9724455710743, "center_angle": -14.4057766808157, "edge_a": [-20, 259.0], "edge_b": [-11, 425.0], "depth": 425.0, "passable": false, "chosen": false}, {"width": 297.11297922389673, "center_angle": 97.73816508097646, "edge_a": [97, 714.5], "edge_b": [99, 418.0], "depth": 714.5, "passable": true, "chosen": false}], "scan": [[-2, 484.5], [-1, 491.0], [0, 488.0], [1, 482.5], [2, 473.5], [3, 469.0], [4, 461.5], [5, 458.0], [6, 451.5], [7, 449.5], [8, 447.0], [9, 442.0], [10, 439.5], [11, 434.0], [12, 432.0], [13, 429.5], [14, 429.5], [15, 424.5], [16, 424.0], [17, 425.0], [18, 427.5], [19, 430.5], [20, 422.0], [21, 418.5], [22, 413.0], [23, 410.5], [24, 408.0], [25, 407.0], [26, 406.5], [27, 402.5], [28, 402.0], [29, 400.0], [30, 399.5], [31, 397.5], [32, 397.0], [33, 395.5], [34, 395.5], [35, 395.5], [36, 394.5], [37, 394.5], [38, 395.0], [39, 392.5], [40, 391.0], [41, 392.5], [42, 393.0], [43, 394.0], [44, 395.0], [45, 395.0], [46, 395.0], [47, 396.5], [48, 397.0], [49, 398.0], [50, 401.0], [51, 401.0], [52, 404.0], [53, 404.0], [54, 404.0], [55, 406.0], [56, 407.0], [57, 411.0], [58, 411.0], [59, 412.5], [60, 417.5], [61, 418.0], [62, 419.5], [63, 428.0], [64, 431.5], [65, 444.5], [67, 438.0], [68, 442.5], [69, 459.0], [70, 464.0], [71, 465.5], [72, 468.5], [73, 467.5], [74, 470.0], [75, 472.5], [78, 501.25], [79, 500.5], [80, 506.0], [81, 512.0], [82, 527.5], [83, 532.0], [84, 539.0], [85, 544.5], [87, 591.5], [88, 595.0], [89, 598.0], [90, 605.5], [91, 634.5], [92, 649.0], [93, 656.0], [95, 692.5], [96, 699.5], [97, 714.5], [99, 418.0], [100, 410.0], [101, 398.0], [102, 393.0], [103, 380.5], [104, 375.5], [105, 368.5], [106, 360.0], [107, 355.5], [108, 346.75], [109, 342.75], [110, 339.0], [111, 329.0], [112, 326.0], [113, 317.75], [114, 314.75], [115, 311.25], [116, 306.0], [117, 303.0], [118, 298.0], [119, 295.5], [120, 290.5], [121, 291.5], [122, 296.0], [123, 305.0], [124, 311.0], [125, 318.5], [126, 336.0], [127, 342.0], [128, 358.5], [129, 366.5], [130, 376.0], [132, 408.5], [146, 1024.5], [147, 1018.5], [148, 1017.0], [149, 1015.5], [150, 1013.0], [151, 1011.5], [152, 1010.5], [153, 1008.5], [154, 1007.5], [155, 1004.5], [156, 1005.0], [157, 1006.0], [158, 1007.5], [159, 1007.5], [160, 1008.0], [161, 1011.5], [162, 1012.0], [164, 1218.0], [165, 1179.0], [166, 1158.0], [167, 1123.0], [168, 1106.5], [169, 1090.5], [170, 1059.5], [171, 1044.0], [172, 1018.0], [173, 1004.0], [174, 980.5], [175, 967.0], [176, 955.5], [177, 936.5], [178, 924.5], [179, 910.0], [-180, 900.0], [-179, 891.0], [-178, 873.5], [-177, 865.5], [-176, 855.5], [-175, 848.5], [-174, 844.0], [-171, 281.5], [-170, 278.5], [-169, 280.5], [-168, 283.0], [-167, 285.5], [-166, 286.5], [-165, 287.5], [-164, 288.0], [-163, 288.5], [-162, 290.5], [-161, 292.0], [-160, 293.5], [-159, 295.5], [-158, 297.0], [-157, 301.0], [-156, 302.0], [-155, 302.5], [-154, 307.0], [-153, 308.5], [-152, 312.0], [-151, 314.0], [-150, 316.0], [-149, 320.0], [-148, 321.5], [-147, 328.0], [-146, 329.0], [-145, 331.5], [-144, 335.0], [-143, 337.5], [-142, 345.5], [-141, 349.5], [-140, 352.5], [-139, 358.0], [-138, 362.0], [-137, 368.5], [-136, 373.0], [-135, 376.5], [-134, 384.5], [-133, 389.5], [-132, 400.5], [-131, 404.0], [-130, 414.0], [-129, 418.5], [-128, 425.0], [-126, 767.5], [-125, 768.5], [-124, 771.5], [-123, 774.0], [-122, 785.0], [-121, 784.0], [-120, 794.5], [-119, 801.0], [-118, 800.5], [-117, 799.5], [-116, 804.5], [-115, 810.0], [-114, 817.5], [-113, 828.0], [-112, 832.5], [-111, 838.5], [-110, 850.0], [-109, 857.0], [-108, 874.0], [-107, 881.5], [-106, 891.0], [-105, 908.0], [-104, 916.5], [-103, 937.5], [-102, 950.0], [-101, 961.0], [-100, 982.5], [-99, 999.0], [-98, 1023.5], [-97, 1036.5], [-96, 1050.5], [-95, 1080.5], [-94, 1099.0], [-93, 1131.5], [-92, 1150.0], [-91, 1167.5], [-90, 1201.0], [-89, 1221.0], [-88, 1262.0], [-87, 1283.0], [-86, 1306.0], [-85, 1358.5], [-84, 1385.5], [-83, 1444.0], [-81, 1267.5], [-79, 1631.5], [-78, 1720.5], [-76, 1677.0], [-68, 2272.5], [-67, 2261.5], [-66, 2258.0], [-65, 2254.0], [-62, 2233.5], [-61, 2240.0], [-60, 2238.0], [-58, 347.0], [-57, 334.0], [-55, 318.5], [-54, 306.0], [-53, 300.0], [-52, 287.5], [-51, 281.5], [-50, 276.0], [-49, 266.5], [-48, 262.5], [-47, 254.0], [-46, 251.0], [-45, 246.5], [-44, 238.5], [-43, 235.0], [-42, 227.5], [-41, 224.0], [-40, 221.0], [-39, 214.5], [-38, 212.0], [-36, 200.5], [-35, 198.5], [-34, 194.0], [-33, 191.5], [-32, 189.0], [-31, 191.0], [-30, 192.0], [-29, 195.0], [-28, 198.0], [-27, 203.0], [-26, 211.0], [-24, 223.5], [-23, 234.0], [-22, 239.5], [-21, 251.5], [-20, 259.0], [-11, 425.0], [-9, 465.0], [-8, 464.5], [-7, 469.5], [-6, 468.0], [-5, 457.0], [-4, 450.5]]}