{"heading": 2.0, "target": -3.3054119943917284, "gap_dist": 279.6601986929385, "gap_info": [{"width": 129.3681144447325, "center_angle": -63.68983674304898, "edge_a": [-71, 499.0], "edge_b": [-56, 474.5], "depth": 499.0, "passable": false, "chosen": false}, {"width": 279.6601986929385, "center_angle": -3.3054119943917284, "edge_a": [-17, 430.75], "edge_b": [41, 146.0], "depth": 430.75, "passable": true, "chosen": true}], "scan": [[-2, 1599.5], [1, 3986.0], [2, 3983.5], [4, 2751.0], [5, 2733.0], [6, 2731.0], [8, 908.0], [9, 910.0], [10, 909.0], [11, 910.5], [12, 913.5], [13, 914.0], [14, 915.0], [15, 919.0], [16, 919.5], [17, 923.5], [18, 925.0], [19, 930.5], [20, 935.0], [21, 939.5], [22, 943.0], [23, 951.5], [24, 954.5], [25, 971.5], [27, 1406.0], [29, 1290.5], [30, 1234.0], [31, 1209.5], [32, 1163.0], [33, 1137.5], [34, 1095.0], [35, 1075.5], [36, 1051.5], [37, 1052.5], [41, 146.0], [42, 144.5], [43, 145.5], [44, 146.5], [45, 147.5], [46, 147.5], [47, 148.5], [48, 147.5], [49, 147.5], [50, 148.5], [51, 150.0], [52, 151.0], [53, 151.0], [54, 151.0], [55, 151.5], [56, 154.0], [57, 155.5], [58, 155.0], [59, 156.5], [60, 157.0], [61, 158.0], [62, 159.5], [63, 161.5], [64, 163.0], [65, 165.0], [66, 166.0], [67, 169.0], [68, 170.5], [69, 172.0], [70, 173.0], [71, 176.0], [72, 177.5], [73, 179.0], [74, 183.0], [75, 185.0], [76, 188.5], [77, 191.25], [78, 195.25], [79, 196.75], [80, 201.25], [81, 203.75], [82, 208.75], [83, 211.75], [84, 217.5], [85, 220.25], [86, 225.5], [87, 229.0], [88, 237.5], [89, 240.5], [90, 251.0], [91, 255.5], [92, 260.0], [93, 266.5], [94, 272.0], [95, 284.0], [96, 289.0], [97, 302.5], [98, 309.5], [99, 324.5], [100, 331.5], [103, 604.5], [104, 608.0], [105, 609.0], [106, 611.5], [107, 612.5], [108, 617.0], [109, 619.5], [110, 621.5], [111, 626.0], [112, 626.0], [113, 625.5], [114, 626.0], [115, 633.5], [116, 638.5], [117, 645.0], [118, 647.0], [119, 654.0], [120, 658.0], [121, 665.5], [122, 668.0], [123, 674.5], [124, 678.0], [125, 685.5], [126, 692.0], [127, 703.0], [128, 708.0], [129, 720.0], [130, 726.5], [131, 736.5], [132, 743.5], [133, 758.0], [134, 761.5], [136, 4325.5], [137, 4286.5], [139, 2573.5], [141, 4159.0], [143, 4334.0], [146, 1324.0], [147, 1330.0], [148, 1334.0], [149, 1334.5], [150, 1370.5], [158, 1340.5], [159, 1314.5], [160, 1311.0], [161, 1321.5], [165, 5413.5], [174, 14620.5], [177, 891.0], [178, 877.0], [179, 864.0], [-180, 860.5], [-179, 859.0], [-178, 871.5], [-177, 884.5], [-176, 897.0], [-175, 900.0], [-166, 913.0], [-165, 891.0], [-164, 870.5], [-163, 857.0], [-162, 857.0], [-161, 860.0], [-160, 866.0], [-159, 872.5], [-158, 878.0], [-157, 893.0], [-153, 1288.5], [-151, 1185.0], [-150, 1152.5], [-149, 1099.0], [-148, 1074.5], [-147, 1025.5], [-146, 1006.0], [-145, 961.0], [-144, 943.5], [-143, 926.5], [-142, 891.5], [-141, 873.5], [-140, 844.5], [-139, 831.0], [-138, 810.0], [-137, 799.0], [-136, 772.0], [-135, 764.5], [-134, 751.0], [-133, 743.5], [-132, 725.0], [-131, 716.5], [-130, 706.5], [-129, 709.0], [-128, 698.0], [-127, 691.0], [-126, 682.0], [-125, 666.5], [-124, 659.5], [-122, 632.5], [-121, 623.75], [-120, 623.5], [-119, 603.0], [-118, 603.0], [-116, 584.0], [-115, 581.0], [-114, 565.5], [-113, 562.0], [-112, 560.0], [-111, 555.5], [-110, 546.5], [-109, 544.5], [-108, 543.0], [-107, 537.5], [-106, 530.0], [-105, 525.5], [-104, 521.0], [-103, 513.0], [-102, 512.5], [-101, 507.25], [-100, 509.75], [-98, 501.5], [-97, 496.0], [-96, 493.75], [-95, 493.25], [-94, 488.5], [-93, 486.5], [-92, 485.5], [-91, 484.5], [-90, 485.0], [-89, 487.0], [-88, 485.25], [-87, 484.75], [-86, 484.25], [-85, 484.75], [-84, 484.75], [-83, 484.25], [-82, 484.5], [-81, 485.0], [-80, 487.0], [-79, 485.5], [-78, 487.5], [-77, 486.0], [-76, 489.0], [-75, 490.0], [-74, 491.5], [-73, 492.5], [-72, 496.0], [-71, 499.0], [-70, 504.5], [-69, 506.0], [-68, 508.5], [-67, 517.0], [-66, 520.0], [-65, 521.5], [-64, 523.0], [-63, 535.5], [-62, 539.5], [-61, 541.0], [-60, 547.5], [-58, 513.0], [-56, 474.5], [-55, 452.0], [-54, 443.0], [-53, 425.5], [-52, 415.5], [-51, 407.5], [-50, 397.0], [-49, 390.5], [-48, 376.5], [-47, 371.0], [-46, 360.0], [-45, 353.0], [-44, 343.0], [-43, 338.0], [-42, 333.0], [-41, 326.5], [-40, 321.5], [-39, 312.5], [-38, 309.5], [-37, 303.0], [-36, 299.5], [-35, 295.0], [-34, 292.0], [-33, 288.5], [-32, 285.0], [-31, 290.5], [-30, 295.0], [-29, 301.5], [-28, 306.5], [-27, 318.0], [-26, 323.0], [-25, 334.5], [-24, 342.5], [-23, 357.0], [-22, 365.0], [-21, 373.5], [-20, 390.0], [-19, 399.0], [-18, 418.0], [-17, 430.75], [-11, 1601.5], [-10, 1558.5], [-9, 1541.0], [-8, 1514.0], [-7, 1502.0], [-6, 1481.0], [-5, 1471.5], [-4, 1455.0], [-3, 1445.5]]}