{"heading": 12.3, "target": 82.82608928361371, "gap_dist": 548.5917225869229, "gap_info": [{"width": 548.5917225869229, "center_angle": 82.82608928361371, "edge_a": [76, 255.0], "edge_b": [85, 799.0], "depth": 799.0, "passable": true, "chosen": true}, {"width": 411.8740683165634, "center_angle": 119.66318499386365, "edge_a": [116, 795.5], "edge_b": [127, 398.0], "depth": 795.5, "passable": true, "chosen": false}], "scan": [[-2, 266.5], [-1, 264.0], [0, 257.5], [3, 234.0], [4, 232.5], [5, 228.0], [6, 226.0], [7, 224.5], [8, 221.0], [9, 219.5], [10, 213.5], [11, 211.5], [12, 211.0], [13, 210.0], [14, 208.5], [15, 206.0], [16, 205.5], [17, 204.5], [18, 202.0], [19, 201.5], [20, 200.5], [21, 199.0], [22, 197.5], [23, 196.0], [24, 195.5], [25, 194.5], [26, 194.5], [27, 194.0], [28, 193.0], [29, 193.0], [30, 192.5], [31, 192.5], [32, 191.0], [33, 190.0], [34, 187.5], [35, 186.5], [36, 187.0], [37, 187.5], [38, 189.0], [39, 189.0], [40, 190.5], [41, 192.0], [42, 192.0], [43, 192.5], [44, 192.5], [45, 193.5], [46, 194.5], [47, 194.5], [48, 195.0], [49, 196.0], [50, 196.0], [51, 197.0], [52, 199.0], [53, 198.0], [54, 200.0], [55, 201.5], [56, 203.5], [57, 207.0], [58, 207.5], [59, 207.5], [60, 210.5], [61, 211.0], [62, 214.5], [63, 215.5], [64, 217.5], [65, 220.5], [66, 221.5], [67, 225.0], [68, 228.0], [69, 230.0], [70, 232.5], [71, 235.5], [72, 240.0], [73, 240.5], [74, 247.0], [75, 249.5], [76, 255.0], [78, 832.75], [79, 828.5], [80, 821.5], [81, 817.5], [82, 810.0], [83, 808.0], [84, 806.5], [85, 799.0], [86, 796.5], [87, 792.0], [88, 797.0], [89, 798.0], [90, 793.25], [91, 785.5], [92, 786.0], [93, 793.5], [94, 781.25], [95, 774.75], [96, 771.75], [97, 776.25], [98, 773.5], [99, 769.5], [100, 768.5], [101, 768.0], [102, 768.5], [103, 768.5], [104, 768.0], [105, 767.5], [106, 768.0], [107, 768.5], [108, 772.0], [109, 771.0], [110, 777.0], [111, 777.0], [112, 778.0], [113, 782.5], [114, 786.5], [115, 792.0], [116, 795.5], [117, 801.0], [118, 806.0], [119, 809.0], [120, 815.5], [121, 826.0], [122, 825.5], [123, 822.0], [124, 824.0], [125, 820.0], [127, 398.0], [128, 396.0], [129, 395.5], [130, 397.0], [131, 398.5], [132, 399.0], [133, 401.5], [134, 402.0], [135, 402.0], [136, 404.5], [137, 406.0], [138, 407.5], [139, 408.5], [140, 409.5], [141, 413.0], [142, 414.0], [143, 415.5], [144, 420.5], [145, 422.0], [146, 427.5], [147, 430.5], [148, 436.5], [149, 438.5], [150, 440.5], [151, 446.0], [152, 450.0], [153, 458.0], [154, 461.5], [156, 1227.0], [157, 1250.0], [158, 1299.0], [165, 4163.0], [175, 2188.0], [177, 1919.0], [178, 1886.5], [179, 1886.5], [180, 1887.0], [-175, 2465.5], [-174, 2498.0], [-173, 2527.5], [-169, 2300.0], [-168, 2305.5], [-158, 2557.0], [-148, 1055.0], [-146, 956.0], [-144, 875.5], [-143, 858.0], [-141, 798.0], [-139, 752.0], [-137, 693.5], [-134, 624.5], [-133, 604.0], [-132, 601.5], [-129, 548.5], [-128, 526.5], [-127, 525.5], [-125, 492.0], [-124, 479.5], [-123, 477.5], [-122, 472.0], [-121, 457.5], [-120, 452.0], [-119, 448.5], [-118, 442.0], [-117, 435.0], [-116, 430.0], [-115, 423.5], [-114, 417.5], [-113, 412.5], [-112, 399.5], [-111, 398.0], [-110, 396.0], [-109, 390.0], [-108, 388.0], [-107, 382.5], [-106, 381.0], [-105, 373.0], [-104, 372.5], [-103, 370.0], [-102, 363.5], [-101, 360.0], [-100, 357.0], [-99, 353.0], [-98, 350.0], [-97, 349.0], [-96, 346.0], [-95, 341.5], [-94, 342.5], [-93, 341.5], [-92, 337.0], [-91, 338.0], [-90, 338.0], [-89, 337.0], [-88, 331.5], [-87, 329.5], [-86, 330.5], [-85, 330.5], [-84, 328.0], [-83, 328.0], [-82, 330.0], [-81, 328.0], [-80, 326.5], [-79, 327.5], [-78, 326.5], [-77, 328.5], [-76, 327.5], [-75, 327.5], [-74, 329.0], [-73, 330.0], [-72, 330.5], [-71, 331.25], [-70, 333.0], [-69, 331.5], [-68, 330.5], [-67, 334.0], [-66, 334.75], [-65, 336.0], [-64, 337.5], [-63, 337.5], [-62, 340.0], [-61, 344.0], [-60, 347.5], [-59, 349.5], [-58, 354.0], [-57, 356.0], [-56, 359.25], [-55, 362.25], [-54, 365.75], [-53, 369.0], [-51, 378.0], [-50, 380.0], [-49, 384.5], [-48, 384.25], [-47, 387.75], [-46, 395.5], [-45, 403.5], [-44, 408.5], [-43, 409.5], [-42, 413.5], [-41, 425.5], [-40, 434.0], [-39, 447.25], [-38, 451.25], [-37, 460.5], [-36, 460.25], [-35, 466.5], [-34, 476.25], [-33, 481.5], [-32, 472.75], [-31, 463.75], [-30, 443.0], [-28, 407.0], [-27, 398.5], [-26, 390.5], [-25, 372.0], [-24, 364.0], [-23, 350.0], [-22, 346.5], [-20, 326.5], [-19, 321.5], [-18, 311.5], [-17, 306.0], [-16, 296.5], [-15, 291.0], [-14, 285.5], [-13, 278.0], [-12, 275.5], [-11, 269.0], [-10, 266.0], [-9, 258.5], [-8, 255.5], [-7, 253.5], [-6, 248.0], [-5, 245.5], [-4, 243.5]]}