{"heading": -64.2, "target": -82.54615474725456, "gap_dist": 985.1685785859661, "gap_info": [{"width": 985.1685785859661, "center_angle": -82.54615474725456, "edge_a": [-138.875, 569.0], "edge_b": [-43.640625, 754.0], "depth": 754.0, "passable": true, "chosen": true}, {"width": 354.26640267347113, "center_angle": -35.3995252210114, "edge_a": [-35.890625, 764.0], "edge_b": [-34.484375, 410.0], "depth": 764.0, "passable": true, "chosen": false}], "scan": [[-2.046875, 220.0], [-1.34375, 217.0], [-0.640625, 214.5], [0.0625, 212.5], [0.78125, 209.5], [1.484375, 208.5], [2.1875, 209.0], [2.890625, 208.5], [3.609375, 208.0], [4.3125, 207.5], [5.015625, 206.0], [5.71875, 204.5], [6.4375, 203.0], [7.140625, 201.5], [7.84375, 201.0], [8.546875, 201.0], [9.265625, 200.5], [9.96875, 199.0], [10.671875, 197.0], [11.375, 196.5], [12.25, 196.0], [12.984375, 194.0], [13.734375, 193.0], [14.46875, 193.0], [15.09375, 192.5], [15.796875, 193.0], [16.515625, 193.0], [17.21875, 191.0], [17.9375, 191.0], [18.640625, 191.5], [19.359375, 191.0], [20.0625, 190.0], [20.78125, 188.5], [21.484375, 188.0], [22.203125, 188.0], [22.90625, 188.5], [23.625, 188.0], [24.328125, 188.5], [25.046875, 188.5], [25.75, 188.0], [26.46875, 190.0], [27.171875, 189.0], [27.890625, 188.0], [28.59375, 189.5], [29.0625, 189.0], [29.703125, 188.5], [30.359375, 189.0], [31.0, 189.0], [31.875, 189.0], [32.578125, 189.0], [33.28125, 189.0], [33.984375, 189.5], [34.6875, 190.0], [35.390625, 190.5], [36.09375, 192.0], [36.796875, 192.0], [37.5, 192.0], [38.203125, 192.0], [38.90625, 192.0], [39.609375, 193.5], [40.3125, 194.5], [41.015625, 195.0], [41.71875, 196.0], [42.421875, 197.0], [43.125, 196.5], [43.828125, 198.0], [44.53125, 200.5], [45.234375, 200.0], [46.171875, 200.0], [46.921875, 202.0], [47.6875, 203.5], [48.4375, 205.5], [49.015625, 206.5], [49.71875, 206.5], [50.4375, 207.5], [51.140625, 208.5], [51.859375, 210.0], [53.28125, 221.5], [53.984375, 227.0], [55.40625, 243.5], [56.125, 240.0], [56.828125, 237.0], [57.546875, 236.0], [58.25, 236.5], [58.96875, 237.5], [59.671875, 239.0], [60.40625, 240.0], [61.109375, 241.0], [61.828125, 243.0], [62.53125, 245.5], [63.25, 248.0], [63.953125, 250.0], [64.671875, 252.0], [65.375, 254.5], [65.984375, 256.5], [66.65625, 258.5], [67.34375, 261.5], [68.015625, 263.5], [68.8125, 266.0], [69.515625, 269.5], [70.21875, 271.5], [70.921875, 274.0], [71.625, 277.0], [72.328125, 280.0], [73.03125, 283.0], [73.734375, 285.0], [74.453125, 289.0], [75.15625, 294.0], [75.859375, 296.5], [76.5625, 300.5], [77.28125, 305.5], [77.984375, 309.5], [78.6875, 314.0], [79.390625, 320.0], [80.125, 326.0], [80.828125, 330.5], [81.546875, 336.5], [82.25, 342.0], [82.890625, 347.0], [83.578125, 354.5], [84.265625, 363.0], [84.953125, 369.0], [85.703125, 374.5], [86.40625, 382.0], [87.8125, 403.5], [88.53125, 410.0], [89.234375, 418.5], [89.9375, 431.0], [90.640625, 441.5], [91.328125, 452.0], [96.265625, 335.0], [96.96875, 332.0], [97.671875, 330.5], [98.375, 329.5], [99.078125, 327.5], [99.9375, 326.0], [100.671875, 324.5], [101.421875, 323.0], [102.15625, 321.0], [102.765625, 320.0], [103.46875, 319.0], [104.171875, 318.0], [104.875, 318.0], [105.625, 317.5], [106.328125, 315.5], [107.046875, 314.5], [107.75, 315.0], [108.4375, 314.0], [109.140625, 313.0], [109.84375, 312.0], [110.546875, 310.5], [111.28125, 309.5], [111.984375, 308.5], [112.703125, 308.0], [113.40625, 307.5], [114.140625, 307.0], [114.84375, 306.0], [115.5625, 305.0], [116.265625, 305.0], [116.953125, 304.0], [117.65625, 302.5], [118.359375, 302.0], [119.0625, 302.5], [119.625, 303.0], [120.28125, 302.5], [120.953125, 304.0], [121.609375, 306.0], [122.4375, 306.0], [123.140625, 307.5], [123.84375, 308.5], [124.546875, 308.5], [125.265625, 309.0], [125.96875, 309.5], [126.671875, 311.0], [127.375, 312.0], [128.0625, 312.5], [128.75, 313.5], [129.453125, 314.5], [130.140625, 315.5], [130.890625, 316.0], [131.59375, 316.5], [132.296875, 317.5], [133.0, 319.0], [133.703125, 320.5], [134.40625, 321.5], [135.109375, 322.0], [135.8125, 322.5], [136.671875, 324.5], [137.40625, 326.0], [138.15625, 327.5], [138.890625, 329.5], [139.515625, 330.5], [140.21875, 332.0], [140.9375, 334.0], [141.640625, 336.0], [142.328125, 337.5], [143.03125, 339.0], [143.734375, 342.5], [144.4375, 345.5], [145.1875, 347.5], [145.890625, 349.5], [146.609375, 351.5], [147.3125, 356.0], [149.421875, 936.0], [150.125, 950.0], [150.859375, 965.5], [151.5625, 981.5], [152.28125, 999.0], [152.984375, 1018.5], [153.703125, 1036.0], [154.40625, 1051.5], [155.125, 1069.0], [155.828125, 1090.5], [156.5, 1112.5], [157.1875, 1136.0], [158.578125, 1377.5], [159.34375, 1359.5], [160.046875, 1340.5], [160.765625, 1319.5], [161.46875, 1301.5], [162.171875, 1284.0], [162.875, 1266.0], [163.578125, 1251.0], [164.28125, 1235.5], [165.0, 1219.5], [165.703125, 1206.0], [166.40625, 1195.0], [167.109375, 1183.5], [167.828125, 1172.5], [168.53125, 1158.0], [169.234375, 1142.5], [169.9375, 1131.0], [170.671875, 1120.5], [171.375, 1108.5], [172.09375, 1097.5], [172.796875, 1088.5], [173.453125, 1077.0], [174.140625, 1067.0], [174.84375, 1059.0], [175.53125, 1049.5], [176.265625, 1040.0], [176.96875, 1032.5], [177.671875, 1026.0], [178.375, 1019.0], [179.078125, 1009.5], [179.78125, 1000.0], [-179.515625, 992.0], [-178.8125, 986.0], [-178.109375, 980.0], [-177.40625, 971.5], [-176.703125, 966.5], [-176.0, 962.0], [-175.28125, 955.0], [-174.578125, 950.5], [-173.875, 945.0], [-173.171875, 938.0], [-172.453125, 934.0], [-171.75, 931.0], [-171.046875, 924.5], [-170.34375, 920.0], [-169.4375, 917.0], [-168.6875, 910.0], [-167.9375, 905.0], [-167.1875, 902.0], [-166.59375, 899.0], [-165.890625, 895.0], [-165.171875, 889.5], [-164.46875, 886.5], [-163.734375, 884.5], [-163.03125, 884.0], [-162.3125, 882.5], [-160.890625, 550.5], [-160.1875, 548.5], [-159.46875, 547.0], [-158.765625, 547.0], [-158.015625, 547.0], [-157.296875, 546.5], [-156.578125, 547.0], [-155.859375, 546.0], [-155.171875, 546.0], [-154.46875, 546.0], [-153.75, 545.5], [-153.046875, 545.0], [-152.328125, 545.0], [-151.625, 545.5], [-150.90625, 545.0], [-150.203125, 544.5], [-149.53125, 545.5], [-148.84375, 546.5], [-148.140625, 547.0], [-147.453125, 548.0], [-146.703125, 549.0], [-146.0, 550.5], [-145.296875, 550.5], [-144.59375, 551.5], [-143.84375, 554.5], [-143.140625, 557.0], [-142.421875, 557.5], [-141.71875, 557.0], [-141.0, 559.0], [-140.296875, 560.0], [-139.578125, 562.0], [-138.875, 569.0], [-137.453125, 884.0], [-136.734375, 887.0], [-136.03125, 891.5], [-135.328125, 895.0], [-134.625, 898.0], [-133.921875, 899.0], [-133.21875, 899.5], [-132.65625, 906.0], [-132.0, 911.5], [-131.328125, 915.5], [-130.671875, 920.5], [-129.8125, 923.0], [-129.109375, 927.0], [-128.390625, 931.5], [-127.6875, 934.5], [-127.0, 938.5], [-126.296875, 946.0], [-125.59375, 953.5], [-124.890625, 959.0], [-124.1875, 964.0], [-123.484375, 968.0], [-122.78125, 974.5], [-122.078125, 983.5], [-121.359375, 991.0], [-120.65625, 997.5], [-119.953125, 1004.0], [-119.25, 1012.5], [-118.546875, 1022.0], [-117.84375, 1028.5], [-117.140625, 1036.5], [-116.4375, 1046.5], [-115.6875, 1055.5], [-114.984375, 1066.0], [-114.265625, 1075.5], [-113.5625, 1085.0], [-112.90625, 1095.5], [-112.21875, 1106.5], [-111.515625, 1117.5], [-110.828125, 1128.5], [-110.09375, 1140.5], [-109.390625, 1153.5], [-108.6875, 1165.5], [-107.984375, 1175.0], [-107.28125, 1187.5], [-106.578125, 1199.5], [-105.875, 1212.5], [-105.171875, 1226.5], [-104.46875, 1241.0], [-103.765625, 1258.0], [-103.0625, 1275.0], [-102.359375, 1291.5], [-101.640625, 1309.5], [-100.9375, 1330.0], [-100.234375, 1350.0], [-98.828125, 1281.5], [-98.125, 1260.0], [-97.421875, 1238.25], [-96.71875, 1236.75], [-95.96875, 1251.5], [-95.265625, 1255.5], [-94.546875, 1262.5], [-93.84375, 1275.0], [-93.140625, 1285.0], [-91.734375, 1639.5], [-90.328125, 1536.0], [-88.921875, 1781.0], [-88.21875, 1822.5], [-87.5, 1866.0], [-86.796875, 1910.0], [-86.09375, 1959.5], [-85.390625, 