{"heading": 7.2, "target": -5.520008743289143, "gap_dist": 285.42314692744424, "gap_info": [{"width": 285.42314692744424, "center_angle": -5.520008743289143, "edge_a": [-17, 487.0], "edge_b": [23, 203.0], "depth": 487.0, "passable": true, "chosen": true}], "scan": [[-3, 1559.0], [-2, 1547.0], [-1, 1541.0], [0, 1581.0], [1, 1619.5], [2, 1700.5], [4, 4071.5], [5, 4071.0], [9, 992.0], [10, 987.0], [11, 988.5], [12, 988.5], [13, 989.0], [14, 988.5], [15, 989.5], [16, 990.0], [17, 996.0], [18, 1000.0], [19, 1001.5], [20, 1003.0], [21, 1006.0], [23, 203.0], [24, 201.0], [25, 199.0], [26, 198.5], [27, 197.5], [28, 196.0], [29, 196.5], [30, 195.0], [31, 196.0], [32, 195.0], [33, 193.5], [34, 193.0], [35, 192.0], [36, 191.0], [37, 190.0], [38, 187.5], [39, 185.5], [40, 186.0], [41, 187.5], [42, 189.5], [43, 190.0], [44, 192.5], [45, 193.5], [46, 193.5], [47, 193.0], [48, 193.5], [49, 194.5], [50, 195.0], [51, 195.5], [52, 196.5], [53, 197.0], [54, 196.5], [55, 197.5], [56, 198.0], [57, 200.0], [58, 201.5], [59, 202.5], [60, 203.0], [61, 204.0], [62, 206.5], [63, 208.0], [64, 209.5], [65, 212.0], [66, 212.5], [67, 216.5], [68, 218.5], [69, 219.0], [70, 223.0], [71, 223.5], [72, 226.5], [73, 227.5], [74, 231.0], [75, 233.5], [76, 238.0], [77, 240.0], [78, 244.0], [79, 246.0], [80, 252.5], [81, 254.5], [82, 260.0], [83, 263.5], [84, 268.5], [85, 271.5], [86, 278.5], [87, 281.5], [88, 291.0], [89, 295.0], [90, 302.5], [91, 306.5], [93, 564.0], [94, 564.0], [95, 563.5], [96, 563.5], [97, 563.5], [98, 562.5], [99, 560.5], [100, 560.5], [101, 561.5], [102, 562.5], [103, 562.5], [104, 564.5], [105, 562.5], [106, 565.0], [107, 566.5], [108, 567.0], [109, 567.5], [110, 568.0], [111, 567.0], [112, 568.0], [113, 570.0], [114, 572.5], [115, 574.0], [116, 577.5], [117, 579.5], [118, 585.0], [119, 590.5], [120, 592.75], [121, 598.5], [122, 601.5], [123, 604.5], [124, 608.5], [125, 613.0], [126, 621.75], [127, 626.0], [128, 635.0], [129, 638.5], [130, 648.0], [131, 652.0], [132, 665.0], [133, 671.5], [134, 681.0], [136, 733.0], [137, 735.5], [138, 724.5], [139, 729.5], [140, 727.0], [141, 739.0], [142, 736.5], [143, 743.5], [144, 737.5], [145, 735.5], [152, 5101.0], [164, 1552.5], [165, 1499.5], [166, 1480.5], [167, 1469.5], [168, 1468.5], [169, 1472.5], [174, 1517.5], [175, 1513.5], [176, 1520.0], [-179, 14394.0], [-174, 1663.0], [-173, 1668.5], [-171, 1167.0], [-170, 1155.0], [-169, 1156.0], [-168, 1162.5], [-166, 962.0], [-165, 948.0], [-164, 939.5], [-163, 930.5], [-162, 928.0], [-161, 927.0], [-160, 933.5], [-159, 940.0], [-158, 959.5], [-155, 1930.0], [-154, 1942.0], [-150, 1583.0], [-149, 1538.0], [-148, 1457.0], [-147, 1429.0], [-145, 1185.75], [-144, 1132.0], [-143, 1106.75], [-142, 1061.75], [-141, 1039.5], [-140, 998.5], [-139, 979.0], [-138, 948.0], [-137, 930.25], [-136, 901.75], [-135, 888.0], [-134, 860.0], [-133, 846.0], [-132, 821.75], [-131, 812.25], [-130, 797.75], [-129, 790.25], [-128, 771.0], [-127, 765.0], [-126, 749.5], [-125, 741.0], [-124, 725.5], [-123, 721.5], [-122, 710.5], [-121, 703.5], [-120, 698.5], [-119, 684.5], [-118, 677.0], [-117, 662.0], [-116, 654.5], [-115, 650.0], [-114, 635.75], [-113, 635.75], [-112, 626.5], [-111, 616.0], [-110, 617.5], [-109, 610.75], [-108, 603.75], [-107, 592.5], [-106, 591.25], [-105, 583.0], [-104, 580.5], [-103, 577.0], [-102, 570.5], [-101, 565.5], [-100, 565.5], [-99, 562.5], [-98, 558.25], [-97, 549.5], [-96, 548.5], [-95, 547.0], [-94, 545.0], [-93, 537.5], [-92, 536.0], [-91, 537.25], [-90, 532.5], [-89, 530.5], [-88, 530.0], [-87, 525.0], [-86, 528.0], [-85, 523.5], [-84, 523.5], [-83, 524.0], [-82, 523.0], [-81, 522.5], [-80, 524.5], [-79, 525.0], [-78, 525.0], [-77, 525.5], [-76, 527.5], [-75, 531.5], [-74, 531.5], [-73, 534.5], [-72, 534.5], [-71, 534.5], [-70, 536.5], [-69, 542.0], [-68, 544.5], [-67, 548.0], [-66, 554.5], [-65, 556.5], [-64, 557.5], [-63, 560.0], [-62, 563.0], [-61, 571.5], [-60, 573.0], [-59, 586.5], [-58, 587.75], [-57, 600.25], [-56, 607.0], [-55, 611.75], [-53, 631.5], [-52, 636.25], [-50, 589.5], [-49, 563.5], [-48, 553.5], [-47, 534.5], [-46, 524.0], [-45, 503.0], [-44, 495.5], [-43, 480.0], [-42, 473.5], [-41, 460.5], [-40, 455.0], [-39, 443.5], [-38, 437.5], [-37, 427.5], [-36, 421.5], [-35, 414.0], [-34, 409.5], [-33, 401.5], [-32, 397.0], [-31, 393.0], [-30, 385.5], [-29, 382.0], [-28, 375.0], [-27, 373.0], [-26, 374.0], [-25, 383.5], [-24, 390.5], [-23, 405.5], [-22, 410.0], [-21, 426.5], [-20, 436.0], [-19, 455.0], [-18, 466.5], [-17, 487.0], [-16, 501.5], [-13, 1474.0], [-10, 1681.0], [-9, 1668.5], [-8, 1627.5], [-7, 1613.5], [-6, 1588.0], [-5, 1575.5], [-4, 1565.0]]}