{"heading": -105.2, "target": -112.40871842101414, "gap_dist": 496.8800621885187, "gap_info": [{"width": 496.8800621885187, "center_angle": -112.40871842101414, "edge_a": [-137.734375, 465.5], "edge_b": [-96.90625, 745.0], "depth": 745.0, "passable": true, "chosen": true}, {"width": 159.28426252069613, "center_angle": -95.28124525362827, "edge_a": [-96.90625, 745.0], "edge_b": [-93.234375, 591.5], "depth": 745.0, "passable": false, "chosen": false}], "scan": [[-2.21875, 220.5], [-1.53125, 221.0], [-0.828125, 224.0], [-0.140625, 226.0], [0.625, 226.5], [1.328125, 229.5], [2.046875, 232.5], [2.75, 232.5], [3.453125, 232.5], [4.15625, 234.5], [4.859375, 236.5], [5.5625, 238.0], [6.296875, 239.5], [7.0, 240.5], [7.71875, 241.5], [8.421875, 242.5], [9.125, 243.5], [9.828125, 245.5], [10.53125, 248.5], [11.234375, 249.5], [12.140625, 251.0], [12.890625, 253.5], [13.640625, 255.5], [14.390625, 258.0], [15.0, 259.5], [15.703125, 260.5], [16.421875, 261.5], [17.125, 263.5], [17.875, 266.0], [18.59375, 268.5], [19.3125, 271.5], [20.03125, 274.5], [20.734375, 277.5], [21.4375, 279.5], [22.15625, 283.0], [22.859375, 286.5], [23.59375, 288.5], [24.296875, 292.5], [25.015625, 296.5], [25.71875, 300.0], [26.4375, 303.0], [27.140625, 307.0], [27.859375, 310.5], [28.5625, 311.5], [29.03125, 315.5], [29.671875, 322.5], [30.328125, 329.5], [30.96875, 335.5], [31.828125, 339.5], [32.515625, 343.75], [33.21875, 349.75], [33.90625, 354.5], [34.65625, 359.5], [35.359375, 365.5], [36.0625, 371.0], [36.765625, 378.0], [37.453125, 385.0], [38.140625, 391.5], [38.84375, 398.0], [39.53125, 405.5], [40.28125, 414.5], [40.984375, 422.5], [43.8125, 4194.5], [44.515625, 4169.5], [45.21875, 4160.5], [47.796875, 5723.5], [51.953125, 2747.0], [52.671875, 2722.5], [53.390625, 2714.0], [54.109375, 2714.5], [54.8125, 2736.5], [56.234375, 2597.0], [56.9375, 2588.0], [57.671875, 2597.0], [58.375, 2599.5], [59.09375, 2584.5], [59.796875, 2589.5], [61.234375, 14461.5], [61.953125, 14421.5], [62.65625, 14389.5], [63.40625, 14372.5], [64.125, 14349.5], [64.84375, 14333.0], [65.5625, 14322.0], [66.0625, 14305.0], [66.71875, 14291.5], [67.390625, 14284.0], [68.046875, 14278.5], [68.890625, 14276.0], [69.59375, 14275.0], [71.0, 15058.5], [72.4375, 10808.5], [73.15625, 10729.0], [73.859375, 10769.5], [74.53125, 10789.5], [77.390625, 4733.0], [81.625, 2898.0], [82.328125, 2908.0], [82.984375, 2937.0], [87.171875, 2979.0], [92.140625, 2349.0], [92.84375, 2282.5], [93.546875, 2217.0], [94.265625, 2155.0], [94.96875, 2097.0], [95.671875, 2047.0], [96.375, 2032.0], [97.078125, 2048.5], [97.78125, 2044.5], [99.1875, 1923.5], [100.09375, 1881.5], [100.84375, 1843.0], [101.59375, 1804.5], [102.34375, 1768.5], [102.953125, 1735.0], [103.65625, 1701.5], [104.375, 1669.5], [105.078125, 1640.0], [105.796875, 1613.0], [106.5, 1586.5], [107.21875, 1560.5], [107.921875, 1537.0], [109.34375, 1394.0], [110.0625, 1375.5], [110.765625, 1356.5], [111.5, 1338.0], [112.203125, 1318.5], [112.921875, 1297.5], [113.625, 1280.5], [114.359375, 1264.0], [115.0625, 1248.0], [115.78125, 1233.5], [116.484375, 1216.5], [117.203125, 1201.5], [117.90625, 1190.0], [118.625, 1178.0], [119.328125, 1165.5], [119.765625, 1154.5], [120.40625, 1143.5], [121.046875, 1131.0], [121.6875, 1121.5], [122.578125, 1112.0], [123.28125, 1102.0], [123.984375, 1092.5], [124.6875, 1082.5], [125.390625, 1075.0], [126.09375, 1067.5], [126.796875, 1059.0], [127.5, 1051.0], [128.203125, 1043.0], [128.90625, 1035.5], [129.609375, 1029.0], [130.3125, 1022.0], [131.015625, 1017.0], [131.71875, 1010.0], [132.421875, 1001.5], [133.125, 998.5], [133.828125, 994.0], [134.53125, 989.0], [135.234375, 983.5], [135.9375, 979.0], [136.921875, 978.0], [137.6875, 973.5], [138.46875, 966.5], [139.234375, 962.5], [139.765625, 958.5], [140.46875, 953.0], [141.1875, 950.0], [141.890625, 948.0], [142.625, 944.0], [143.328125, 938.5], [144.046875, 934.5], [144.75, 932.25], [145.46875, 926.5], [146.171875, 921.5], [146.890625, 918.0], [147.59375, 914.75], [148.375, 911.0], [149.09375, 905.0], [149.828125, 904.0], [150.546875, 904.0], [151.1875, 901.5], [151.890625, 901.0], [152.59375, 900.0], [153.296875, 897.0], [153.90625, 895.0], [154.578125, 894.5], [155.265625, 894.0], [155.9375, 893.0], [156.734375, 891.5], [157.4375, 892.0], [158.140625, 893.5], [158.84375, 892.0], [159.578125, 891.0], [160.28125, 892.0], [161.0, 892.0], [161.703125, 892.0], [162.40625, 893.0], [163.109375, 894.0], [163.8125, 895.0], [164.515625, 896.5], [165.234375, 898.0], [165.9375, 899.0], [166.640625, 899.5], [167.34375, 900.0], [168.078125, 902.0], [168.78125, 905.0], [169.5, 909.5], [170.203125, 912.5], [170.90625, 914.0], [171.609375, 915.0], [172.3125, 916.5], [173.015625, 919.5], [173.765625, 924.5], [174.46875, 928.0], [175.1875, 931.0], [175.890625, 937.0], [176.59375, 943.0], [177.296875, 948.0], [178.0, 953.5], [178.703125, 957.0], [179.421875, 961.5], [-179.875, 968.5], [-179.171875, 971.5], [-177.734375, 558.0], [-176.3125, 517.5], [-174.90625, 488.0], [-174.203125, 474.5], [-173.5, 462.0], [-172.796875, 449.5], [-172.078125, 437.5], [-171.375, 426.5], [-170.671875, 417.5], [-169.96875, 410.0], [-169.09375, 400.5], [-168.359375, 391.5], [-167.609375, 384.5], [-166.875, 377.5], [-166.25, 369.5], [-165.546875, 362.0], [-164.828125, 357.0], [-164.125, 351.0], [-163.390625, 344.0], [-162.6875, 339.5], [-161.96875, 334.0], [-161.265625, 327.5], [-160.515625, 322.5], [-159.796875, 318.0], [-159.078125, 313.5], [-158.359375, 308.5], [-157.6875, 305.0], [-156.984375, 302.5], [-156.28125, 303.0], [-155.578125, 306.0], [-154.828125, 309.0], [-154.125, 313.0], [-153.40625, 317.5], [-152.703125, 322.0], [-151.984375, 326.0], [-151.28125, 331.5], [-150.5625, 336.0], [-149.859375, 340.0], [-149.140625, 345.5], [-148.4375, 351.5], [-147.71875, 357.0], [-147.015625, 361.0], [-146.296875, 367.0], [-145.59375, 374.0], [-144.875, 380.5], [-144.171875, 386.5], [-143.453125, 392.0], [-142.75, 399.5], [-142.03125, 408.0], [-141.328125, 416.5], [-140.59375, 424.0], [-139.890625, 432.5], [-139.171875, 443.5], [-138.46875, 454.5], [-137.734375, 465.5], [-136.3125, 1005.5], [-135.609375, 992.5], [-134.890625, 988.0], [-134.1875, 982.5], [-133.46875, 976.5], [-132.765625, 971.0], [-132.1875, 968.0], [-131.515625, 964.5], [-130.84375, 962.5], [-130.171875, 960.0], [-129.359375, 956.5], [-128.65625, 966.0], [-125.125, 1647.5], [-124.421875, 1644.5], [-123.703125, 1639.5], [-123.0, 1635.5], [-122.296875, 1633.5], [-121.59375, 1632.0], [-120.875, 1629.0], [-120.171875, 1625.5], [-119.46875, 1623.5], [-118.765625, 1621.5], [-118.046875, 1619.5], [-117.34375, 1620.5], [-116.640625, 1625.5], [-115.9375, 1627.0], [-115.234375, 1624.0], [-114.53125, 1626.5], [-113.828125, 1629.5], [-113.125, 1629.5], [-112.421875, 1630.0], [-111.71875, 1630.0], [-111.015625, 1630.5], [-110.3125, 1630.5], [-109.609375, 1629.5], [-108.90625, 1628.0], [-108.203125, 1627.5], [-107.5, 1629.0], [-106.78125, 1632.5], [-106.078125, 1636.0], [-105.375, 1644.5], [-101.140625, 996.5], [-96.90625, 745.0], [-93.234375, 591.5], [-89.75, 495.5], [-89.046875, 488.0], [-88.34375, 483.5], [-86.890625, 467.5], [-86.1875, 470.5], [-83.375, 403.5], [-82.671875, 394.5], [-80.53125, 398.0], [-79.8125, 396.0], [-78.4375, 347.5], [-77.75, 350.5], [-77.046875, 355.0], [-74.90625, 321.0], [-74.203125, 315.5], [-73.5, 312.0], [-72.796875, 307.0], [-72.09375, 301.0], [-71.390625, 295.5], [-70.6875, 292.0], [-69.953125, 289.5], [-69.25, 285.0], [-68.53125, 281.0], [-67.828125, 277.0], [-67.109375, 272.5], [-66.40625, 270.0], [-65.6875, 268.0], [-64.984375, 263.5], [-64.296875, 259.0], [-63.59375, 257.5], [-62.890625, 256.0], [-62.1875, 253.0], [-61.40625, 250.5], [-60.6875, 248.0], [-59.96875, 246.0], [-59.25, 245.0], [-58.578125, 242.0], [-57.875, 238.5], [-57.171875, 235.0], [-56.46875, 232.5], [-55.734375, 231.5], [-55.03125, 230.0], [-54.3125, 227.5], [-53.609375, 225.5], [-52.90625, 224.0], [-52.203125, 221.0], [-51.5, 219.5], [-50.796875, 220.0], [-50.0625, 