{"heading": 513.4, "target": -93.55141892770719, "gap_dist": 296.065029208921, "gap_info": [{"width": 296.065029208921, "center_angle": -93.55141892770719, "edge_a": [-180, 117.5], "edge_b": [-70, 293.5], "depth": 293.5, "passable": true, "chosen": true}, {"width": 286.8396718663842, "center_angle": -51.52473892390738, "edge_a": [-31, 190.5], "edge_b": [170, 100.75], "depth": 190.5, "passable": false, "chosen": false}], "scan": [[-3, 940.0], [-2, 921.5], [-1, 913.0], [0, 896.0], [1, 888.0], [2, 890.0], [3, 901.0], [4, 933.0], [6, 2234.5], [8, 3523.0], [15, 2355.5], [16, 2328.5], [17, 2326.0], [19, 5035.0], [20, 5071.5], [21, 5144.5], [22, 5181.0], [23, 5217.5], [24, 5294.5], [25, 5339.5], [27, 4022.5], [28, 3888.0], [29, 3762.0], [30, 3701.5], [31, 3644.5], [32, 3538.0], [33, 3488.0], [34, 3393.0], [35, 3350.0], [37, 748.0], [38, 741.0], [39, 727.5], [40, 721.0], [41, 706.5], [42, 700.5], [43, 696.0], [44, 683.5], [45, 679.0], [46, 670.0], [47, 665.5], [48, 663.0], [49, 659.5], [50, 657.0], [51, 681.0], [54, 2608.5], [55, 2592.0], [56, 2575.5], [57, 2548.5], [58, 2536.5], [59, 2521.5], [60, 2494.5], [62, 2115.5], [63, 2110.5], [64, 2098.0], [65, 2094.5], [66, 2089.0], [68, 2400.0], [69, 2381.0], [70, 2375.5], [71, 2364.5], [72, 2359.0], [73, 2354.0], [74, 2347.0], [75, 2341.5], [76, 2339.0], [77, 2335.5], [78, 2335.0], [79, 2334.5], [80, 2336.5], [81, 2334.0], [82, 2336.25], [83, 2334.5], [84, 2335.5], [85, 2337.75], [86, 2338.5], [87, 2341.5], [88, 2344.0], [89, 2353.5], [90, 2360.0], [91, 2368.0], [92, 2373.5], [93, 2379.5], [94, 2396.0], [95, 2403.5], [96, 2419.0], [97, 2426.0], [98, 2434.5], [99, 2456.0], [100, 2466.5], [101, 2487.5], [102, 2501.5], [104, 2257.5], [105, 2231.5], [106, 2227.0], [107, 2254.5], [110, 2081.0], [112, 2727.0], [114, 1494.5], [115, 1499.0], [116, 1505.5], [117, 1524.0], [118, 1543.0], [119, 1520.0], [121, 4230.5], [122, 4116.0], [124, 1499.5], [125, 1501.5], [126, 1503.0], [128, 3726.5], [129, 3649.0], [130, 3615.0], [131, 3620.5], [132, 3728.5], [133, 3789.0], [134, 3851.5], [135, 3989.5], [136, 4051.0], [138, 1908.0], [139, 1903.5], [143, 1901.0], [145, 2465.5], [149, 1799.5], [151, 2851.5], [152, 2827.5], [153, 2817.5], [154, 2795.5], [155, 2788.0], [156, 2767.5], [157, 2764.0], [159, 1701.5], [160, 1698.0], [165, 70.0], [170, 100.75], [172, 111.5], [174, 122.5], [175, 124.75], [176, 126.75], [177, 126.0], [178, 124.0], [179, 121.25], [180, 118.75], [-180, 117.5], [-175, 67.5], [-171, 80.5], [-168, 69.25], [-163, 1989.5], [-162, 2006.0], [-161, 2027.0], [-159, 1938.0], [-157, 2094.5], [-156, 2128.5], [-155, 2147.5], [-154, 2160.5], [-153, 2175.5], [-151, 2893.0], [-150, 2921.5], [-149, 2951.0], [-148, 2987.5], [-146, 2463.0], [-145, 2447.0], [-144, 2504.5], [-142, 1674.0], [-141, 1656.5], [-140, 1623.5], [-139, 1606.0], [-138, 1572.0], [-137, 1554.5], [-136, 1540.5], [-135, 1515.5], [-134, 1501.5], [-133, 1479.5], [-132, 1466.5], [-131, 1447.0], [-130, 1440.0], [-129, 1432.0], [-128, 1404.5], [-127, 1404.5], [-125, 1512.5], [-124, 1557.0], [-122, 1710.5], [-120, 1908.5], [-119, 1920.0], [-118, 1954.0], [-117, 1964.0], [-115, 1874.5], [-114, 1875.5], [-113, 1881.5], [-112, 1898.0], [-111, 1929.0], [-109, 2037.5], [-108, 2032.5], [-107, 2027.5], [-106, 2025.0], [-105, 2021.0], [-104, 2019.5], [-103, 2018.5], [-102, 2019.5], [-101, 2019.0], [-100, 2003.5], [-99, 2004.5], [-98, 2018.0], [-97, 2065.0], [-96, 2083.0], [-94, 12514.0], [-93, 12541.5], [-92, 12590.5], [-80, 5294.5], [-79, 5155.0], [-77, 2256.0], [-75, 4370.0], [-74, 4256.5], [-73, 4062.0], [-72, 3973.5], [-70, 293.5], [-69, 287.0], [-68, 282.5], [-67, 278.0], [-66, 272.5], [-65, 268.0], [-64, 261.5], [-63, 259.5], [-62, 253.5], [-61, 251.0], [-60, 248.0], [-59, 241.5], [-58, 239.0], [-57, 234.0], [-56, 232.0], [-55, 230.0], [-54, 226.0], [-53, 224.0], [-52, 222.0], [-51, 219.0], [-50, 216.0], [-49, 214.5], [-48, 212.0], [-47, 211.0], [-46, 209.5], [-45, 206.5], [-44, 205.0], [-43, 204.0], [-42, 201.0], [-41, 200.5], [-40, 199.0], [-39, 197.5], [-38, 194.5], [-37, 194.0], [-36, 193.5], [-35, 192.5], [-34, 192.5], [-33, 191.5], [-32, 191.0], [-31, 190.5], [-25, 1083.5], [-24, 1075.0], [-23, 1060.5], [-22, 1052.0], [-21, 1036.0], [-20, 1030.5], [-19, 1022.5], [-18, 1006.0], [-17, 999.0], [-16, 986.0], [-15, 990.5], [-11, 972.5], [-10, 961.5], [-9, 940.0], [-8, 930.0], [-7, 910.0], [-6, 901.5], [-5, 893.0], [-4, 885.0]]}