{"heading": 9.1, "target": -33.035938737180466, "gap_dist": 723.8726312690608, "gap_info": [{"width": 522.7700261877758, "center_angle": -128.63764346553995, "edge_a": [-129, 779.5], "edge_b": [-127, 172.5], "depth": 779.5, "passable": true, "chosen": false}, {"width": 449.31118193434367, "center_angle": -56.575579032796284, "edge_a": [-58, 304.5], "edge_b": [-56, 753.5], "depth": 753.5, "passable": true, "chosen": false}, {"width": 723.8726312690608, "center_angle": -33.035938737180466, "edge_a": [-44, 794.0], "edge_b": [20, 189.0], "depth": 794.0, "passable": true, "chosen": true}, {"width": 188.40680258474512, "center_angle": 93.74086115792325, "edge_a": [91, 167.5], "edge_b": [95, 364.5], "depth": 364.5, "passable": false, "chosen": false}], "scan": [[13, 15099.0], [14, 15001.5], [15, 14961.5], [16, 14913.0], [17, 14889.0], [18, 14859.5], [20, 189.0], [21, 189.0], [22, 185.5], [23, 183.5], [24, 178.0], [25, 176.5], [26, 175.0], [27, 172.5], [28, 171.0], [29, 168.0], [30, 166.5], [31, 165.5], [32, 164.0], [33, 162.5], [34, 161.5], [35, 159.5], [36, 159.0], [37, 157.0], [38, 156.5], [39, 155.0], [40, 153.0], [41, 153.0], [42, 151.5], [43, 151.0], [44, 151.0], [45, 151.5], [46, 150.5], [47, 150.0], [48, 150.0], [49, 149.0], [50, 149.0], [51, 149.5], [52, 149.5], [53, 148.0], [54, 147.0], [55, 146.5], [56, 146.0], [57, 145.5], [58, 144.0], [59, 143.0], [60, 143.5], [61, 144.0], [62, 144.5], [63, 144.5], [64, 144.5], [65, 146.0], [66, 147.0], [67, 147.0], [68, 146.5], [69, 149.5], [70, 149.0], [71, 148.5], [72, 150.0], [73, 149.5], [74, 149.5], [75, 151.5], [76, 151.5], [77, 151.5], [78, 152.0], [79, 152.0], [80, 151.5], [82, 153.0], [83, 155.5], [84, 157.0], [85, 158.0], [86, 159.0], [87, 161.5], [88, 162.0], [89, 163.5], [90, 166.0], [91, 167.5], [95, 364.5], [96, 366.5], [97, 364.0], [98, 362.0], [99, 357.5], [100, 358.0], [101, 358.5], [102, 355.0], [103, 349.0], [104, 350.0], [105, 349.0], [106, 347.0], [107, 346.0], [108, 346.5], [109, 345.5], [110, 344.0], [111, 343.5], [112, 344.0], [113, 344.75], [114, 344.5], [115, 344.0], [116, 344.5], [117, 343.5], [118, 342.25], [119, 343.25], [120, 346.0], [121, 345.5], [122, 349.0], [123, 350.0], [124, 349.5], [125, 351.0], [126, 350.5], [127, 351.5], [128, 354.0], [129, 356.5], [130, 358.5], [131, 360.0], [132, 365.5], [133, 370.0], [134, 375.0], [135, 379.0], [136, 379.5], [137, 378.0], [138, 382.5], [139, 385.0], [140, 394.5], [141, 396.0], [142, 396.5], [143, 405.5], [144, 409.0], [145, 411.5], [146, 417.0], [147, 420.0], [148, 422.5], [149, 426.5], [150, 433.0], [151, 442.0], [152, 448.0], [153, 451.0], [154, 462.0], [155, 467.0], [156, 471.0], [157, 478.0], [158, 482.0], [159, 495.5], [160, 510.0], [161, 520.5], [162, 524.5], [163, 534.5], [164, 554.0], [166, 574.0], [167, 592.0], [168, 600.5], [169, 627.0], [170, 636.0], [172, 675.0], [174, 703.0], [176, 740.5], [178, 775.0], [180, 836.0], [-179, 855.25], [-178, 904.0], [-175, 1028.5], [-161, 1340.0], [-160, 1341.0], [-159, 1343.0], [-158, 1350.0], [-157, 1352.0], [-156, 1358.0], [-155, 1359.0], [-152, 674.0], [-151, 676.5], [-150, 682.5], [-149, 685.0], [-148, 688.0], [-147, 689.5], [-146, 692.5], [-145, 694.0], [-144, 696.0], [-143, 700.0], [-142, 700.5], [-141, 701.0], [-140, 711.0], [-139, 715.0], [-138, 717.5], [-137, 724.5], [-136, 730.0], [-135, 733.5], [-134, 740.0], [-133, 744.5], [-132, 753.0], [-131, 758.0], [-130, 768.0], [-129, 779.5], [-127, 172.5], [-126, 170.0], [-125, 169.0], [-124, 169.5], [-123, 168.5], [-122, 169.0], [-121, 167.5], [-120, 166.5], [-119, 166.5], [-118, 164.5], [-117, 164.0], [-116, 162.5], [-115, 160.5], [-114, 161.5], [-113, 161.5], [-112, 162.5], [-111, 165.5], [-110, 165.0], [-109, 166.5], [-108, 167.5], [-107, 166.5], [-106, 167.0], [-105, 168.0], [-104, 169.5], [-103, 170.5], [-102, 170.5], [-101, 171.5], [-100, 172.5], [-99, 173.5], [-98, 173.5], [-97, 173.5], [-96, 176.0], [-95, 176.5], [-94, 178.0], [-93, 180.0], [-92, 181.0], [-91, 182.0], [-90, 185.0], [-89, 185.5], [-88, 187.5], [-87, 189.0], [-86, 190.5], [-85, 194.0], [-84, 196.0], [-83, 195.25], [-82, 199.5], [-81, 199.75], [-80, 201.75], [-79, 206.5], [-78, 209.5], [-77, 212.5], [-76, 216.5], [-75, 219.0], [-74, 222.5], [-73, 225.0], [-72, 229.5], [-70, 238.5], [-69, 242.5], [-68, 246.5], [-67, 252.0], [-66, 256.0], [-65, 260.0], [-64, 267.0], [-63, 270.0], [-62, 275.0], [-61, 284.0], [-60, 290.0], [-59, 296.0], [-58, 304.5], [-56, 753.5], [-55, 753.5], [-54, 755.0], [-53, 759.5], [-52, 761.0], [-51, 763.0], [-50, 770.5], [-49, 773.5], [-48, 776.0], [-47, 778.0], [-46, 783.0], [-45, 791.0], [-44, 794.0], [-43, 801.0], [-42, 805.0], [-41, 809.0], [-40, 818.0], [-39, 823.0], [-38, 825.5], [-37, 832.0], [-36, 838.0], [-35, 847.0], [-34, 853.5], [-33, 859.5], [-32, 868.5], [-31, 876.0], [-30, 883.5], [-29, 900.5], [-28, 909.5], [-27, 913.5], [-26, 917.5], [-25, 924.5], [-24, 940.5], [-23, 949.5], [-22, 958.0], [-21, 980.0], [-20, 989.0], [-19, 1011.0], [-18, 1021.5], [-17, 1034.5], [-16, 1060.0], [-15, 1072.0], [-13, 1202.0], [-10, 1659.5], [-6, 1270.0]]}