{"heading": -18.6, "target": -86.44889593375609, "gap_dist": 387.71859600604, "gap_info": [{"width": 138.12223554516828, "center_angle": -113.16117705086721, "edge_a": [-115, 235.25], "edge_b": [-112, 372.5], "depth": 372.5, "passable": false, "chosen": false}, {"width": 387.71859600604, "center_angle": -86.44889593375609, "edge_a": [-112, 372.5], "edge_b": [-33, 200.0], "depth": 372.5, "passable": true, "chosen": true}, {"width": 24.076196531774663, "center_angle": -3.4221776836728584, "edge_a": [-5, 196.5], "edge_b": [-2, 218.0], "depth": 218.0, "passable": false, "chosen": false}, {"width": 367.7570529575197, "center_angle": 62.777025201422894, "edge_a": [29, 319.5], "edge_b": [89, 402.0], "depth": 402.0, "passable": true, "chosen": false}], "scan": [[-2, 218.0], [-1, 219.0], [0, 216.5], [1, 218.0], [2, 220.5], [3, 223.0], [4, 226.0], [5, 228.0], [6, 231.0], [7, 233.0], [8, 236.5], [9, 238.0], [10, 238.5], [11, 243.0], [12, 246.0], [13, 247.5], [14, 252.5], [15, 253.5], [16, 258.5], [17, 261.5], [18, 265.0], [19, 269.5], [20, 273.0], [21, 279.5], [22, 282.0], [23, 285.0], [24, 290.5], [25, 294.5], [26, 302.5], [27, 305.5], [28, 309.0], [29, 319.5], [33, 661.0], [34, 633.5], [35, 629.0], [36, 624.5], [37, 613.5], [38, 606.5], [39, 600.0], [40, 595.5], [41, 592.0], [42, 584.0], [43, 580.0], [44, 573.5], [45, 569.5], [46, 565.0], [47, 563.0], [48, 560.0], [49, 557.5], [50, 554.0], [51, 551.0], [52, 549.0], [53, 546.5], [54, 544.5], [55, 542.5], [56, 541.0], [57, 538.0], [58, 536.5], [59, 535.5], [60, 533.5], [61, 532.5], [62, 532.5], [63, 532.5], [64, 532.0], [65, 534.0], [66, 538.75], [67, 533.5], [68, 533.5], [69, 532.5], [70, 532.0], [71, 530.0], [72, 531.0], [73, 532.5], [74, 536.0], [75, 533.0], [76, 533.0], [77, 536.5], [78, 538.5], [79, 540.5], [80, 545.0], [81, 545.5], [82, 547.5], [83, 553.0], [84, 561.0], [85, 561.0], [86, 559.5], [87, 561.0], [89, 402.0], [90, 398.0], [91, 394.5], [92, 391.5], [93, 387.0], [94, 385.0], [95, 379.5], [96, 376.5], [97, 375.5], [98, 372.0], [99, 369.5], [100, 366.5], [101, 364.5], [102, 364.0], [103, 360.5], [104, 359.0], [105, 357.5], [106, 357.0], [107, 356.0], [108, 353.5], [109, 351.5], [110, 349.5], [111, 351.0], [112, 350.5], [113, 349.5], [114, 349.0], [115, 345.0], [116, 344.0], [117, 343.5], [118, 342.0], [119, 340.5], [120, 338.75], [121, 345.0], [122, 347.5], [123, 348.5], [124, 349.0], [125, 350.0], [126, 352.0], [127, 353.0], [128, 354.5], [129, 355.5], [130, 357.5], [131, 357.5], [132, 358.0], [133, 363.0], [134, 364.5], [136, 1286.5], [137, 1348.5], [138, 1385.0], [140, 2785.0], [144, 2807.5], [145, 2748.0], [146, 2757.5], [155, 1556.0], [156, 1549.5], [157, 1581.0], [158, 1622.5], [160, 1435.5], [161, 1440.5], [162, 1442.25], [163, 1448.5], [164, 1461.0], [165, 1473.0], [172, 2824.0], [-178, 1473.5], [-177, 1393.0], [-176, 1357.0], [-175, 1321.5], [-174, 1259.5], [-173, 1227.5], [-172, 1178.0], [-171, 1151.0], [-170, 1125.0], [-169, 1077.0], [-168, 1057.0], [-167, 1039.0], [-166, 997.5], [-165, 979.5], [-164, 948.5], [-163, 931.5], [-162, 916.5], [-161, 889.0], [-160, 875.5], [-159, 850.0], [-158, 836.5], [-157, 824.5], [-156, 804.0], [-155, 797.0], [-153, 333.0], [-152, 329.0], [-151, 320.5], [-150, 316.0], [-149, 311.0], [-148, 307.5], [-147, 301.0], [-146, 297.0], [-145, 293.5], [-144, 289.0], [-143, 286.0], [-142, 282.5], [-141, 280.5], [-140, 279.0], [-139, 274.0], [-138, 271.0], [-137, 267.0], [-136, 265.0], [-135, 264.0], [-134, 259.0], [-133, 257.5], [-132, 254.5], [-131, 254.0], [-130, 251.0], [-129, 249.5], [-128, 247.25], [-127, 245.75], [-126, 247.0], [-125, 245.0], [-124, 243.0], [-123, 240.0], [-122, 242.0], [-121, 242.0], [-120, 238.25], [-119, 237.0], [-118, 236.25], [-117, 235.5], [-116, 233.25], [-115, 235.25], [-112, 372.5], [-110, 539.75], [-108, 565.0], [-107, 571.0], [-106, 572.0], [-105, 574.25], [-104, 575.5], [-103, 574.0], [-102, 576.0], [-101, 577.0], [-100, 585.0], [-99, 584.5], [-98, 591.75], [-97, 593.0], [-96, 595.0], [-95, 602.5], [-94, 606.0], [-93, 610.5], [-92, 612.5], [-90, 627.5], [-89, 629.5], [-88, 638.25], [-87, 639.5], [-86, 642.0], [-85, 652.5], [-84, 653.5], [-83, 662.5], [-82, 675.0], [-81, 679.0], [-80, 685.5], [-79, 689.0], [-78, 700.0], [-77, 704.5], [-76, 712.0], [-75, 721.0], [-74, 728.5], [-73, 739.0], [-72, 741.5], [-71, 748.0], [-70, 758.0], [-69, 762.0], [-68, 773.5], [-67, 778.5], [-66, 793.5], [-65, 802.5], [-64, 814.0], [-63, 841.5], [-62, 853.0], [-61, 868.0], [-60, 870.5], [-58, 652.5], [-57, 654.0], [-56, 656.0], [-55, 658.5], [-54, 660.5], [-53, 664.0], [-52, 664.0], [-51, 669.5], [-50, 673.0], [-49, 679.0], [-48, 681.0], [-47, 682.5], [-46, 692.5], [-45, 695.5], [-44, 702.5], [-43, 706.0], [-42, 709.0], [-41, 717.0], [-40, 724.0], [-39, 733.0], [-38, 736.5], [-37, 739.5], [-36, 749.5], [-35, 746.5], [-33, 200.0], [-32, 199.0], [-31, 198.5], [-30, 197.5], [-29, 196.5], [-28, 194.5], [-27, 194.0], [-26, 194.5], [-25, 192.5], [-24, 193.0], [-23, 189.5], [-22, 189.5], [-21, 190.0], [-20, 187.0], [-19, 186.5], [-18, 188.0], [-17, 190.0], [-16, 189.5], [-15, 190.0], [-14, 190.0], [-13, 191.0], [-12, 192.5], [-11, 192.5], [-10, 193.5], [-9, 194.0], [-8, 193.5], [-7, 193.5], [-6, 195.0], [-5, 196.5]]}