{"heading": 5.3, "target": 23.960978367405072, "gap_dist": 509.4330668017128, "gap_info": [{"width": 408.1226186242827, "center_angle": -151.5970612905912, "edge_a": [-161, 711.5], "edge_b": [-134, 384.5], "depth": 711.5, "passable": true, "chosen": false}, {"width": 358.9215672934792, "center_angle": -74.81527699151393, "edge_a": [-97, 399.0], "edge_b": [-34, 230.5], "depth": 399.0, "passable": true, "chosen": false}, {"width": 509.4330668017128, "center_angle": 23.960978367405072, "edge_a": [20, 181.0], "edge_b": [25, 689.5], "depth": 689.5, "passable": true, "chosen": true}, {"width": 165.0787386028061, "center_angle": 167.23817272832824, "edge_a": [165, 586.5], "edge_b": [169, 745.0], "depth": 745.0, "passable": false, "chosen": false}], "scan": [[-4, 157.5], [-3, 186.0], [-2, 185.0], [-1, 183.5], [0, 183.0], [1, 181.5], [2, 182.0], [3, 180.0], [4, 179.0], [5, 179.0], [6, 179.5], [7, 178.0], [8, 176.5], [9, 175.5], [10, 175.0], [11, 173.5], [12, 171.5], [13, 173.0], [14, 172.5], [15, 173.5], [16, 175.5], [17, 175.5], [18, 178.5], [19, 179.0], [20, 181.0], [25, 689.5], [26, 651.0], [27, 634.0], [29, 584.5], [31, 537.0], [32, 509.5], [33, 496.5], [34, 476.5], [35, 469.0], [36, 468.5], [38, 427.0], [40, 426.5], [43, 370.5], [44, 367.0], [46, 374.5], [47, 369.5], [49, 330.0], [50, 325.0], [51, 318.5], [52, 315.5], [53, 309.5], [54, 305.5], [55, 300.0], [57, 280.0], [58, 273.5], [59, 273.0], [61, 278.5], [62, 275.5], [63, 270.5], [64, 264.5], [65, 261.0], [67, 245.5], [68, 243.5], [70, 239.5], [73, 236.5], [74, 234.0], [75, 230.0], [76, 229.5], [77, 229.0], [78, 222.0], [79, 222.0], [80, 222.0], [81, 220.0], [82, 215.5], [83, 217.5], [84, 216.0], [85, 214.0], [86, 212.5], [87, 212.5], [88, 211.5], [89, 210.0], [90, 210.0], [91, 210.5], [92, 212.0], [93, 211.5], [94, 211.5], [95, 211.5], [96, 212.5], [97, 211.5], [98, 211.5], [99, 212.5], [100, 213.0], [101, 212.5], [102, 212.0], [103, 212.0], [104, 213.5], [105, 213.5], [106, 213.25], [107, 212.25], [108, 215.0], [109, 217.0], [110, 218.0], [111, 218.0], [112, 218.5], [113, 221.5], [114, 222.0], [115, 224.0], [116, 225.0], [117, 226.5], [118, 227.0], [119, 229.5], [120, 231.5], [121, 232.5], [122, 234.5], [123, 238.0], [124, 239.5], [125, 241.0], [126, 243.5], [127, 247.0], [128, 250.5], [129, 252.0], [130, 256.0], [131, 258.5], [132, 262.5], [133, 264.5], [134, 269.0], [135, 272.5], [136, 279.0], [137, 281.0], [138, 284.5], [139, 288.0], [140, 292.0], [141, 295.0], [142, 304.0], [143, 307.5], [144, 316.0], [145, 319.0], [146, 328.0], [147, 332.5], [148, 336.5], [149, 347.5], [150, 353.0], [151, 365.5], [153, 389.5], [154, 393.5], [155, 400.5], [156, 407.0], [158, 444.0], [160, 466.0], [162, 528.5], [165, 586.5], [169, 745.0], [170, 755.5], [171, 750.0], [172, 733.5], [173, 722.0], [174, 700.0], [175, 689.5], [176, 678.0], [177, 656.5], [178, 650.5], [179, 632.5], [180, 628.0], [-179, 616.0], [-178, 608.5], [-177, 595.5], [-176, 590.0], [-175, 584.5], [-174, 570.0], [-173, 565.0], [-172, 557.5], [-171, 553.0], [-170, 550.5], [-169, 554.5], [-168, 562.0], [-167, 575.5], [-165, 621.5], [-164, 642.5], [-163, 660.25], [-162, 694.25], [-161, 711.5], [-155, 3226.5], [-148, 2149.0], [-146, 1148.5], [-145, 1135.5], [-144, 1109.5], [-143, 1097.5], [-142, 1074.5], [-141, 1064.5], [-140, 1044.0], [-139, 1033.5], [-138, 1014.0], [-137, 1006.5], [-136, 997.5], [-134, 384.5], [-133, 380.5], [-132, 366.5], [-131, 360.0], [-130, 356.0], [-129, 345.5], [-128, 340.5], [-127, 330.0], [-126, 325.5], [-125, 318.0], [-124, 315.5], [-123, 310.75], [-122, 307.75], [-121, 305.0], [-120, 298.0], [-119, 296.0], [-118, 289.5], [-117, 287.25], [-116, 282.5], [-115, 280.0], [-114, 274.0], [-113, 270.5], [-112, 270.5], [-111, 266.5], [-110, 264.0], [-109, 262.0], [-108, 262.0], [-107, 264.5], [-106, 271.5], [-103, 306.0], [-101, 332.5], [-97, 399.0], [-92, 844.0], [-91, 832.5], [-90, 832.0], [-89, 830.0], [-88, 828.0], [-87, 826.0], [-86, 824.5], [-85, 823.5], [-84, 825.5], [-83, 822.5], [-82, 822.0], [-81, 822.5], [-80, 821.5], [-79, 822.0], [-78, 821.5], [-77, 822.5], [-76, 822.5], [-75, 825.0], [-74, 822.5], [-73, 822.0], [-72, 822.5], [-71, 824.5], [-70, 828.0], [-69, 830.5], [-68, 832.0], [-67, 831.0], [-66, 837.0], [-65, 840.0], [-64, 842.5], [-63, 849.0], [-62, 854.0], [-61, 863.0], [-60, 866.5], [-59, 877.0], [-58, 879.5], [-57, 890.0], [-56, 895.5], [-55, 907.0], [-54, 913.5], [-53, 921.5], [-52, 932.0], [-51, 939.0], [-50, 954.0], [-49, 962.0], [-48, 975.0], [-47, 987.0], [-46, 1005.5], [-45, 994.0], [-44, 948.5], [-43, 932.5], [-42, 905.5], [-41, 892.5], [-40, 864.5], [-39, 852.0], [-38, 828.0], [-37, 818.5], [-36, 808.5], [-34, 230.5], [-33, 223.5], [-32, 221.0], [-31, 214.5], [-30, 212.5], [-29, 207.5], [-28, 205.0], [-27, 203.0], [-26, 197.5], [-25, 195.5], [-24, 192.0], [-23, 191.0], [-22, 187.0], [-21, 184.5], [-20, 182.0], [-19, 180.0], [-18, 178.0], [-17, 176.0], [-16, 175.0], [-15, 172.0], [-14, 171.0], [-13, 168.5], [-12, 167.5], [-11, 166.5], [-10, 165.5], [-9, 162.0], [-8, 162.0], [-7, 161.5], [-6, 160.5], [-5, 158.5]]}