{"heading": -38.1, "target": 68.48606299417987, "gap_dist": 482.7678884657612, "gap_info": [{"width": 31.395619727057856, "center_angle": -5.759493419671994, "edge_a": [-10, 160.5], "edge_b": [-2, 181.0], "depth": 181.0, "passable": false, "chosen": false}, {"width": 482.7678884657612, "center_angle": 68.48606299417987, "edge_a": [-1, 180.5], "edge_b": [91, 441.5], "depth": 441.5, "passable": true, "chosen": true}, {"width": 112.94041750842659, "center_angle": 93.59256049918146, "edge_a": [91, 441.5], "edge_b": [97, 336.0], "depth": 441.5, "passable": false, "chosen": false}], "scan": [[-2, 181.0], [-1, 180.5], [4, 1571.5], [7, 2528.5], [20, 1418.5], [22, 1336.5], [23, 1303.5], [24, 1274.0], [25, 1242.5], [26, 1225.5], [27, 1214.0], [28, 1184.0], [30, 686.0], [31, 679.5], [32, 662.0], [33, 655.0], [34, 644.0], [35, 637.5], [36, 631.0], [37, 615.5], [38, 612.0], [39, 599.5], [40, 594.5], [41, 583.0], [42, 578.0], [43, 575.0], [44, 572.0], [45, 581.0], [46, 594.0], [47, 610.0], [48, 628.0], [49, 660.5], [50, 678.5], [52, 742.0], [53, 784.0], [55, 850.5], [56, 852.0], [57, 846.0], [58, 839.5], [59, 835.5], [60, 827.0], [61, 827.5], [62, 824.0], [63, 823.0], [64, 826.5], [65, 826.0], [66, 812.5], [67, 811.0], [68, 808.5], [69, 803.5], [70, 807.0], [71, 805.5], [72, 806.0], [73, 805.0], [74, 803.0], [75, 806.5], [76, 806.0], [77, 808.5], [78, 810.0], [79, 814.0], [80, 815.0], [81, 816.5], [82, 821.5], [83, 823.0], [84, 825.0], [85, 827.25], [86, 829.5], [91, 441.5], [97, 336.0], [98, 329.5], [99, 329.5], [100, 330.0], [101, 335.0], [102, 337.0], [103, 339.5], [104, 343.0], [105, 347.0], [106, 352.5], [107, 355.5], [108, 359.0], [109, 367.0], [110, 370.0], [111, 375.5], [112, 380.0], [113, 383.0], [114, 391.0], [115, 396.5], [116, 405.5], [117, 409.0], [118, 411.0], [119, 420.0], [120, 427.0], [121, 437.0], [122, 443.5], [123, 457.5], [125, 1413.0], [126, 1427.5], [127, 1449.0], [128, 1496.5], [129, 1522.5], [131, 1251.5], [132, 1223.0], [133, 1197.0], [134, 1146.0], [135, 1121.5], [136, 1101.5], [137, 1075.0], [138, 1081.5], [139, 1089.5], [140, 1108.0], [141, 1117.5], [142, 1127.5], [143, 1150.5], [144, 1161.0], [145, 1186.5], [153, 2148.5], [154, 2132.0], [155, 2149.0], [156, 2159.5], [158, 804.0], [159, 804.5], [160, 804.0], [161, 804.5], [162, 805.5], [163, 805.5], [164, 803.5], [165, 804.5], [166, 806.0], [167, 808.0], [168, 810.0], [169, 812.5], [170, 813.5], [171, 814.5], [172, 817.5], [173, 820.0], [174, 823.0], [175, 825.5], [176, 829.5], [177, 833.5], [178, 839.0], [179, 846.0], [180, 858.0], [-179, 844.0], [-176, 678.0], [-175, 648.5], [-173, 610.0], [-171, 554.0], [-168, 499.0], [-167, 481.0], [-166, 469.0], [-165, 459.0], [-164, 443.0], [-162, 422.5], [-161, 418.5], [-160, 411.0], [-159, 399.0], [-158, 394.5], [-157, 383.0], [-156, 381.5], [-155, 377.0], [-154, 365.0], [-153, 360.5], [-152, 353.0], [-151, 352.5], [-149, 334.5], [-148, 333.0], [-147, 325.0], [-146, 319.0], [-144, 304.0], [-143, 304.0], [-142, 304.5], [-141, 305.5], [-140, 296.5], [-139, 295.5], [-138, 292.0], [-137, 286.0], [-136, 284.75], [-135, 284.5], [-134, 280.5], [-133, 274.5], [-132, 272.0], [-131, 269.75], [-130, 267.0], [-129, 265.5], [-128, 262.75], [-127, 261.75], [-126, 258.0], [-125, 254.75], [-124, 252.5], [-123, 251.0], [-122, 252.0], [-121, 250.25], [-120, 251.0], [-119, 250.5], [-118, 249.0], [-117, 250.0], [-116, 248.5], [-115, 248.5], [-114, 248.5], [-113, 250.5], [-112, 250.5], [-111, 250.0], [-110, 249.5], [-109, 248.5], [-108, 249.5], [-107, 250.5], [-106, 252.0], [-105, 251.5], [-104, 250.5], [-103, 251.0], [-102, 250.5], [-101, 252.5], [-100, 251.5], [-99, 254.0], [-98, 253.0], [-97, 256.5], [-96, 259.0], [-95, 260.5], [-94, 261.5], [-93, 265.0], [-92, 266.5], [-91, 270.5], [-90, 272.5], [-89, 277.0], [-88, 283.0], [-87, 284.0], [-86, 288.5], [-85, 291.0], [-84, 294.5], [-83, 296.5], [-82, 300.5], [-81, 302.0], [-80, 306.0], [-79, 310.5], [-78, 310.5], [-76, 323.5], [-75, 325.0], [-74, 330.0], [-73, 333.5], [-72, 336.5], [-71, 347.5], [-70, 350.0], [-69, 356.5], [-68, 360.5], [-67, 367.0], [-66, 371.0], [-64, 345.5], [-63, 328.0], [-62, 320.0], [-61, 313.0], [-60, 299.5], [-59, 294.0], [-57, 277.5], [-56, 267.0], [-55, 262.0], [-54, 258.0], [-53, 249.5], [-52, 246.0], [-51, 237.5], [-50, 234.5], [-49, 231.0], [-48, 223.5], [-47, 220.5], [-46, 218.0], [-45, 214.0], [-44, 211.0], [-43, 206.5], [-42, 204.0], [-41, 198.5], [-40, 197.5], [-39, 196.5], [-38, 193.0], [-37, 190.5], [-36, 188.0], [-35, 186.0], [-34, 186.0], [-33, 181.5], [-32, 180.0], [-31, 179.0], [-30, 178.0], [-29, 175.5], [-28, 173.0], [-27, 172.5], [-26, 171.5], [-25, 170.0], [-24, 169.0], [-23, 169.0], [-22, 167.0], [-21, 166.5], [-20, 166.0], [-19, 165.0], [-18, 164.5], [-17, 163.5], [-16, 162.5], [-15, 161.0], [-14, 161.5], [-13, 162.0], [-12, 159.5], [-11, 160.5], [-10, 160.5], [-4, 1521.5], [-3, 1541.5]]}