{"heading": 8.8, "target": -66.42315705381318, "gap_dist": 353.0604180594286, "gap_info": [{"width": 453.4754528628342, "center_angle": -133.7324143434795, "edge_a": [-143.59375, 788.0], "edge_b": [-115.59375, 433.5], "depth": 788.0, "passable": true, "chosen": false}, {"width": 353.0604180594286, "center_angle": -66.42315705381318, "edge_a": [-86.828125, 401.5], "edge_b": [-25.453125, 213.5], "depth": 401.5, "passable": true, "chosen": true}, {"width": 134.18859511819923, "center_angle": 55.75078199580709, "edge_a": [53.578125, 229.0], "edge_b": [57.125, 362.0], "depth": 362.0, "passable": false, "chosen": false}], "scan": [[-2.21875, 196.5], [-1.515625, 195.0], [-0.8125, 193.5], [-0.109375, 193.0], [0.59375, 192.0], [1.296875, 191.0], [2.0, 190.5], [2.703125, 189.5], [3.390625, 188.5], [4.078125, 188.5], [4.78125, 188.0], [5.46875, 187.5], [6.203125, 186.5], [6.90625, 186.0], [7.609375, 186.0], [8.3125, 186.0], [9.015625, 185.5], [9.71875, 185.0], [10.421875, 185.0], [11.125, 184.0], [11.984375, 182.5], [12.71875, 181.5], [13.46875, 180.0], [14.203125, 178.5], [14.828125, 178.0], [15.53125, 177.0], [16.25, 176.0], [16.953125, 178.0], [17.65625, 180.5], [18.359375, 181.0], [19.0625, 182.0], [19.765625, 183.0], [20.484375, 183.0], [21.1875, 182.5], [21.890625, 182.5], [22.59375, 183.0], [23.3125, 183.5], [24.015625, 183.5], [24.71875, 182.75], [25.421875, 183.75], [26.15625, 185.0], [26.859375, 185.5], [27.578125, 186.5], [28.28125, 186.5], [28.734375, 186.0], [29.375, 187.5], [30.015625, 189.5], [30.65625, 190.5], [31.515625, 191.5], [32.203125, 190.5], [32.90625, 190.0], [33.59375, 192.5], [34.296875, 193.5], [34.984375, 193.5], [35.6875, 194.5], [36.375, 196.0], [37.09375, 197.0], [37.78125, 197.0], [38.484375, 198.5], [39.171875, 199.5], [39.890625, 200.0], [40.578125, 201.5], [41.28125, 202.5], [41.96875, 203.5], [42.6875, 204.5], [43.375, 206.0], [44.078125, 207.5], [44.765625, 208.0], [45.46875, 208.0], [46.15625, 208.5], [46.859375, 211.75], [47.546875, 213.75], [48.59375, 216.0], [49.375, 218.0], [50.15625, 219.0], [50.9375, 221.5], [51.453125, 223.5], [52.15625, 226.0], [52.875, 229.5], [53.578125, 229.0], [57.125, 362.0], [58.546875, 321.5], [59.25, 325.0], [59.96875, 330.0], [60.671875, 333.0], [61.390625, 334.0], [62.09375, 329.5], [62.796875, 321.5], [63.5, 315.0], [64.203125, 311.0], [64.90625, 306.5], [66.1875, 282.0], [66.875, 282.0], [68.328125, 273.0], [69.03125, 270.0], [70.4375, 281.0], [71.15625, 284.0], [71.859375, 279.5], [72.5625, 274.0], [73.265625, 272.0], [74.671875, 262.5], [76.078125, 248.5], [76.796875, 249.0], [78.203125, 239.75], [78.90625, 242.0], [79.609375, 242.5], [80.3125, 240.5], [81.015625, 238.5], [81.71875, 237.0], [82.328125, 236.5], [83.0, 236.5], [83.6875, 235.5], [84.359375, 237.0], [85.125, 236.0], [86.515625, 219.0], [87.203125, 216.0], [87.9375, 213.0], [88.640625, 210.0], [89.34375, 209.0], [90.046875, 208.0], [90.734375, 207.0], [91.421875, 206.5], [92.125, 205.0], [92.8125, 204.0], [93.53125, 203.0], [94.21875, 202.5], [94.921875, 203.5], [95.609375, 203.0], [96.34375, 201.0], [97.046875, 200.0], [97.75, 200.0], [98.453125, 200.0], [99.140625, 198.5], [99.828125, 198.5], [100.53125, 199.0], [101.21875, 198.5], [102.15625, 198.5], [102.90625, 197.0], [103.65625, 197.0], [104.40625, 197.5], [104.984375, 197.5], [105.6875, 197.5], [106.390625, 197.5], [107.09375, 198.5], [107.8125, 200.0], [108.515625, 201.5], [109.21875, 202.0], [109.921875, 201.0], [110.640625, 200.0], [111.34375, 200.5], [112.046875, 202.0], [112.75, 202.5], [113.46875, 202.0], [114.171875, 200.5], [114.875, 198.5], [115.578125, 199.5], [116.3125, 200.5], [117.015625, 200.0], [117.734375, 201.5], [118.4375, 202.0], [118.90625, 202.0], [119.546875, 203.0], [120.203125, 205.5], [120.84375, 208.5], [121.703125, 210.0], [122.390625, 210.5], [123.09375, 211.0], [123.78125, 213.5], [124.5, 214.0], [125.1875, 214.0], [125.890625, 215.0], [126.578125, 215.0], [127.296875, 217.0], [127.984375, 219.0], [128.6875, 217.5], [130.09375, 226.0], [130.78125, 226.0], [131.484375, 229.5], [132.171875, 231.5], [132.90625, 232.0], [133.609375, 235.0], [135.90625, 233.0], [136.65625, 238.0], [137.40625, 239.0], [138.15625, 240.0], [138.734375, 243.5], [139.4375, 246.0], [140.140625, 248.5], [140.84375, 250.5], [141.5625, 252.5], [142.265625, 255.0], [142.96875, 257.5], [143.671875, 260.5], [144.390625, 262.0], [145.09375, 264.0], [145.796875, 268.0], [146.5, 271.0], [147.21875, 274.5], [147.921875, 278.0], [148.625, 281.0], [149.328125, 284.0], [150.0625, 287.0], [150.765625, 291.5], [151.484375, 295.0], [152.1875, 298.0], [152.875, 302.0], [153.578125, 306.0], [154.28125, 309.0], [154.984375, 313.0], [155.640625, 317.5], [156.328125, 323.0], [157.015625, 328.0], [157.703125, 332.5], [158.46875, 339.5], [159.171875, 346.0], [159.875, 351.5], [160.578125, 358.5], [161.265625, 363.5], [161.953125, 369.5], [162.65625, 378.5], [163.34375, 385.5], [164.09375, 393.0], [164.796875, 400.5], [165.5, 409.5], [166.203125, 418.5], [166.921875, 425.5], [167.625, 435.0], [168.328125, 448.0], [169.03125, 460.0], [170.4375, 491.0], [171.140625, 499.0], [171.84375, 501.5], [172.5, 506.5], [173.875, 539.5], [175.328125, 594.0], [176.03125, 598.0], [178.84375, 687.0], [179.546875, 700.5], [-170.609375, 2712.5], [-169.90625, 2687.5], [-166.921875, 830.5], [-166.1875, 819.5], [-165.453125, 811.5], [-164.796875, 803.5], [-164.09375, 794.5], [-163.375, 784.0], [-162.671875, 774.5], [-161.984375, 768.5], [-161.28125, 761.0], [-160.578125, 752.0], [-159.875, 742.5], [-159.15625, 736.0], [-158.453125, 731.5], [-157.75, 726.0], [-157.046875, 716.5], [-156.328125, 708.0], [-155.625, 702.5], [-154.921875, 696.0], [-154.21875, 691.5], [-153.46875, 687.5], [-152.765625, 682.0], [-152.046875, 677.0], [-151.34375, 675.0], [-150.6875, 670.5], [-150.0, 664.5], [-149.296875, 663.5], [-148.609375, 666.0], [-147.859375, 677.5], [-147.15625, 696.0], [-146.453125, 711.5], [-145.75, 729.5], [-145.015625, 747.5], [-144.3125, 767.0], [-143.59375, 788.0], [-142.890625, 808.0], [-142.1875, 827.0], [-140.078125, 2248.5], [-137.953125, 1249.0], [-137.25, 1214.0], [-136.53125, 1178.5], [-135.828125, 1150.5], [-135.125, 1141.0], [-134.421875, 1146.5], [-133.84375, 1154.5], [-133.171875, 1160.5], [-132.5, 1166.0], [-131.828125, 1173.0], [-131.03125, 1180.0], [-130.328125, 1187.5], [-129.625, 1196.5], [-128.921875, 1205.0], [-128.234375, 1212.5], [-127.546875, 1221.0], [-126.84375, 1231.0], [-126.15625, 1241.5], [-125.421875, 1250.0], [-124.71875, 1259.5], [-124.015625, 1272.0], [-123.3125, 1295.5], [-122.609375, 1322.5], [-121.90625, 1325.5], [-121.203125, 1306.0], [-120.5, 1281.0], [-119.8125, 1258.5], [-119.125, 1241.5], [-118.421875, 1226.5], [-117.734375, 1212.0], [-117.0, 1200.0], [-115.59375, 433.5], [-114.890625, 429.5], [-114.234375, 426.5], [-113.546875, 424.5], [-112.859375, 423.0], [-112.171875, 421.0], [-111.4375, 419.5], [-110.75, 419.0], [-110.046875, 417.0], [-109.359375, 414.5], [-108.625, 413.0], [-107.921875, 411.5], [-107.21875, 412.0], [-106.515625, 412.5], [-105.84375, 410.0], [-105.15625, 407.5], [-104.453125, 407.5], [-103.765625, 407.5], [-103.015625, 406.5], [-102.3125, 405.5], [-101.609375, 404.0], [-100.90625, 403.5], [-100.234375, 403.0], [-99.546875, 403.5], [-98.84375, 403.5], [-98.15625, 401.5], [-97.328125, 400.5], [-96.609375, 399.5], [-95.875, 398.5], [-95.15625, 396.5], [-94.53125, 395.0], [-93.84375, 394.5], [-93.140625, 395.0], [-92.453125, 396.5], [-91.703125, 396.5], [-91.0, 397.0], [-90.296875, 398.5], [-89.59375, 400.75], [-88.90625, 402.5], [-88.21875, 402.5], [-87.515625, 403.5], [-86.828125, 401.5], [-84.6875, 872.0], [-83.984375, 870.0], [-83.28125, 867.0], [-82.578125, 864.5], [-81.875, 862.5], [-81.171875, 860.0], [-80.453125, 859.0], [-79.75, 857.5], [-79.046875, 855.0], [-78.34375, 852.5], [-77.609375, 854.0], [-76.90625, 855.0], [-76.1875, 853.5], [-75.484375, 853.5], [-74.796875, 851.5], [-74.09375, 849.5], [-73.390625, 849.0], [-72.6875, 849.5], 