{"heading": -33.8, "target": 41.41853003571905, "gap_dist": 422.2050712505103, "gap_info": [{"width": 422.2050712505103, "center_angle": 41.41853003571905, "edge_a": [-27, 225.0], "edge_b": [83, 315.25], "depth": 315.25, "passable": true, "chosen": true}], "scan": [[-3, 1598.5], [0, 4014.0], [2, 4228.5], [3, 4189.5], [5, 2156.5], [6, 2142.0], [7, 2144.5], [10, 1416.0], [12, 1335.0], [13, 1310.0], [14, 1261.5], [15, 1244.5], [18, 679.0], [19, 669.5], [20, 659.5], [21, 642.0], [22, 634.5], [23, 617.75], [24, 611.5], [25, 606.0], [26, 593.5], [27, 589.0], [28, 575.5], [29, 570.5], [30, 565.0], [31, 564.5], [32, 582.5], [33, 594.5], [34, 608.0], [35, 632.5], [36, 648.5], [37, 680.5], [38, 690.5], [40, 749.0], [41, 767.0], [42, 805.0], [43, 826.5], [44, 844.0], [45, 844.5], [46, 821.0], [47, 819.5], [48, 814.0], [49, 810.5], [50, 804.5], [51, 801.0], [52, 797.0], [53, 802.0], [54, 792.5], [55, 785.5], [56, 778.5], [57, 773.5], [58, 768.5], [59, 771.5], [60, 773.5], [61, 771.5], [62, 771.0], [63, 768.5], [64, 768.0], [65, 766.5], [66, 765.5], [67, 767.5], [68, 770.5], [69, 770.5], [70, 773.0], [71, 775.5], [72, 776.5], [73, 776.5], [74, 779.5], [75, 781.5], [76, 786.5], [77, 789.5], [83, 315.25], [85, 284.0], [86, 280.0], [87, 280.0], [88, 281.5], [89, 283.0], [90, 285.0], [91, 289.0], [92, 291.0], [93, 293.0], [94, 295.5], [95, 297.5], [96, 301.0], [97, 303.5], [98, 308.25], [99, 309.25], [100, 312.0], [101, 317.5], [102, 319.5], [103, 323.0], [104, 328.5], [105, 332.0], [106, 340.5], [107, 343.5], [108, 351.0], [109, 355.5], [110, 360.0], [111, 367.0], [112, 373.0], [113, 382.0], [114, 387.5], [115, 397.5], [118, 1356.0], [119, 1374.5], [120, 1418.0], [121, 1442.0], [122, 1489.0], [124, 1216.5], [125, 1164.0], [126, 1140.0], [127, 1115.0], [128, 1070.0], [129, 1048.0], [130, 1022.5], [131, 1024.5], [132, 1033.5], [133, 1052.0], [134, 1061.0], [135, 1080.5], [136, 1091.5], [137, 1103.5], [138, 1116.0], [139, 1144.5], [141, 2809.0], [142, 2813.0], [143, 2840.5], [144, 2850.5], [148, 1954.5], [149, 1921.5], [150, 1911.0], [151, 1916.0], [153, 761.0], [154, 760.0], [155, 760.5], [156, 761.0], [157, 762.5], [158, 764.0], [159, 765.5], [160, 766.0], [161, 766.5], [162, 769.5], [163, 771.5], [164, 773.5], [165, 775.5], [166, 778.0], [167, 784.0], [168, 785.5], [169, 790.0], [170, 791.0], [171, 796.5], [172, 802.5], [173, 811.0], [174, 815.5], [175, 811.5], [176, 801.5], [178, 719.0], [179, 708.5], [-180, 677.5], [-179, 665.5], [-176, 591.0], [-175, 578.0], [-173, 542.5], [-172, 534.0], [-170, 491.5], [-169, 486.0], [-168, 470.5], [-167, 464.0], [-166, 452.0], [-165, 444.0], [-164, 432.5], [-163, 425.5], [-162, 420.0], [-161, 412.0], [-160, 409.5], [-159, 398.0], [-158, 394.5], [-157, 395.0], [-156, 386.0], [-155, 380.5], [-154, 373.5], [-153, 369.5], [-152, 363.5], [-151, 363.0], [-150, 358.0], [-148, 348.0], [-147, 343.5], [-146, 343.5], [-145, 338.0], [-143, 326.5], [-142, 324.0], [-141, 324.0], [-140, 321.5], [-139, 319.5], [-138, 316.5], [-137, 313.5], [-136, 310.25], [-135, 303.25], [-134, 302.0], [-133, 299.0], [-132, 298.5], [-131, 298.0], [-130, 297.5], [-129, 298.0], [-128, 296.5], [-127, 294.5], [-126, 293.0], [-125, 293.5], [-124, 292.0], [-123, 293.0], [-122, 292.5], [-121, 291.5], [-120, 291.5], [-119, 292.0], [-118, 291.5], [-117, 291.5], [-116, 291.5], [-115, 292.0], [-114, 291.5], [-113, 293.5], [-112, 292.0], [-111, 293.5], [-110, 294.0], [-109, 295.0], [-108, 296.5], [-107, 298.5], [-106, 299.0], [-105, 298.5], [-104, 299.5], [-103, 300.5], [-102, 301.0], [-101, 302.5], [-100, 308.0], [-99, 311.5], [-98, 313.5], [-97, 315.5], [-96, 317.5], [-95, 323.5], [-94, 325.5], [-93, 329.5], [-92, 332.5], [-91, 336.5], [-90, 342.5], [-89, 344.5], [-88, 348.0], [-87, 356.0], [-86, 357.0], [-85, 361.0], [-83, 376.0], [-82, 379.0], [-81, 383.5], [-80, 387.0], [-79, 396.5], [-78, 404.0], [-77, 408.5], [-76, 410.5], [-74, 430.0], [-72, 410.0], [-71, 408.0], [-70, 388.0], [-69, 379.0], [-68, 359.5], [-67, 353.0], [-65, 333.0], [-64, 325.5], [-63, 315.5], [-62, 310.0], [-61, 298.5], [-60, 294.5], [-59, 291.5], [-58, 282.5], [-57, 278.5], [-56, 270.5], [-55, 267.5], [-54, 260.5], [-53, 257.5], [-52, 253.5], [-51, 249.0], [-50, 246.0], [-49, 241.0], [-48, 238.0], [-47, 233.5], [-46, 231.0], [-45, 228.0], [-44, 224.5], [-43, 222.5], [-42, 218.5], [-41, 217.5], [-40, 213.5], [-39, 213.5], [-38, 212.0], [-37, 208.5], [-36, 207.5], [-35, 206.0], [-34, 204.0], [-33, 202.5], [-32, 201.0], [-31, 201.5], [-30, 204.5], [-29, 207.0], [-28, 212.5], [-27, 225.0], [-18, 10605.5], [-17, 10625.0], [-12, 10859.0], [-10, 1590.0], [-9, 1567.0], [-8, 1564.0], [-6, 4082.5], [-5, 4162.0], [-4, 4193.0]]}