{"heading": 108.8, "target": -12.737201011158705, "gap_dist": 565.6279385022682, "gap_info": [{"width": 578.8212688093007, "center_angle": -100.22363610283925, "edge_a": [-100.984375, 792.25], "edge_b": [-97.40625, 214.0], "depth": 792.25, "passable": true, "chosen": false}, {"width": 565.6279385022682, "center_angle": -12.737201011158705, "edge_a": [-15.46875, 234.0], "edge_b": [-11.9375, 799.0], "depth": 799.0, "passable": true, "chosen": true}, {"width": 549.7765492921338, "center_angle": 77.53324793831024, "edge_a": [70.75, 796.0], "edge_b": [96.484375, 289.5], "depth": 796.0, "passable": true, "chosen": false}], "scan": [[-3.734375, 751.75], [-3.046875, 741.75], [-2.34375, 731.5], [-1.65625, 720.5], [-0.9375, 724.5], [-0.25, 721.0], [0.453125, 703.25], [1.140625, 698.25], [1.859375, 699.5], [2.546875, 690.25], [3.25, 687.25], [3.9375, 687.25], [4.6875, 675.25], [5.390625, 666.5], [6.09375, 664.0], [6.796875, 656.5], [7.46875, 651.0], [8.15625, 648.0], [8.859375, 645.5], [9.546875, 651.5], [10.4375, 648.0], [11.171875, 638.5], [11.921875, 633.5], [12.65625, 628.0], [13.28125, 624.0], [13.984375, 624.5], [14.703125, 624.75], [15.40625, 619.0], [16.09375, 615.5], [16.796875, 611.5], [17.5, 609.0], [18.203125, 608.0], [18.90625, 608.25], [19.609375, 606.25], [20.3125, 603.5], [21.015625, 601.5], [21.734375, 594.5], [22.4375, 593.0], [23.140625, 593.0], [23.84375, 593.0], [24.578125, 595.0], [25.28125, 595.5], [26.0, 594.5], [26.703125, 593.5], [27.390625, 593.0], [28.09375, 592.5], [28.796875, 593.5], [29.5, 594.5], [29.953125, 591.5], [30.59375, 591.0], [31.234375, 591.5], [31.875, 591.0], [32.734375, 595.5], [33.421875, 597.5], [34.125, 596.5], [34.8125, 596.5], [35.53125, 600.5], [36.21875, 602.0], [36.921875, 603.5], [37.609375, 606.5], [38.3125, 606.5], [39.0, 609.0], [39.703125, 608.0], [40.390625, 607.5], [41.09375, 613.5], [41.78125, 617.0], [42.484375, 618.0], [43.171875, 619.0], [43.875, 620.0], [44.5625, 625.5], [45.265625, 631.0], [45.953125, 630.0], [46.9375, 629.5], [47.703125, 634.0], [48.46875, 636.0], [49.234375, 638.0], [49.75, 644.5], [50.453125, 647.5], [51.15625, 649.5], [51.859375, 656.0], [52.5625, 660.5], [53.265625, 663.0], [53.96875, 668.0], [54.671875, 671.0], [55.40625, 681.5], [56.109375, 686.0], [56.828125, 689.5], [57.53125, 693.0], [58.234375, 692.0], [58.9375, 701.5], [59.640625, 710.0], [60.34375, 713.5], [61.046875, 719.5], [61.75, 727.0], [62.453125, 731.5], [63.15625, 736.0], [63.875, 743.0], [64.578125, 747.0], [65.28125, 747.5], [65.984375, 752.0], [66.53125, 757.0], [67.1875, 763.5], [67.859375, 768.5], [68.515625, 773.5], [69.34375, 779.5], [70.046875, 789.0], [70.75, 796.0], [71.453125, 800.5], [72.140625, 814.0], [72.828125, 823.5], [73.53125, 830.5], [74.21875, 841.5], [74.9375, 849.5], [75.625, 859.0], [76.328125, 872.0], [77.015625, 884.5], [77.734375, 898.0], [78.421875, 911.0], [79.125, 920.5], [79.8125, 933.0], [80.546875, 950.0], [81.25, 964.0], [81.953125, 978.0], [82.65625, 996.0], [83.25, 1014.5], [83.921875, 1032.5], [84.59375, 1049.0], [85.265625, 1069.5], [86.078125, 1091.0], [86.78125, 1109.5], [87.484375, 1131.5], [88.1875, 1154.0], [88.828125, 1176.5], [89.515625, 1190.0], [90.203125, 1188.0], [90.890625, 1180.5], [91.625, 1171.0], [92.3125, 1161.0], [93.015625, 1153.5], [93.703125, 1148.5], [94.40625, 1143.0], [95.09375, 1139.0], [96.484375, 289.5], [97.1875, 287.5], [97.875, 286.0], [98.578125, 284.5], [99.265625, 283.5], [100.140625, 281.5], [100.875, 279.5], [101.609375, 278.5], [102.34375, 278.0], [102.921875, 277.5], [103.609375, 275.5], [104.3125, 274.0], [105.0, 273.5], [105.75, 272.0], [106.453125, 271.0], [107.15625, 271.5], [107.859375, 271.5], [108.5625, 271.0], [109.265625, 269.5], [109.96875, 268.5], [110.671875, 268.5], [111.34375, 267.5], [112.03125, 266.0], [112.734375, 265.5], [113.421875, 265.5], [114.171875, 265.0], [114.875, 264.5], [115.578125, 264.5], [116.28125, 265.0], [116.984375, 263.0], [117.6875, 263.0], [118.390625, 267.0], [119.09375, 268.0], [119.59375, 266.0], [120.234375, 265.0], [120.890625, 265.0], [121.53125, 267.0], [122.375, 266.5], [123.0625, 265.5], [123.765625, 266.5], [124.453125, 266.0], [125.15625, 267.0], [125.84375, 268.5], [126.546875, 269.5], [127.234375, 268.5], [127.921875, 268.5], [128.609375, 270.0], [129.296875, 270.5], [129.984375, 270.75], [130.71875, 271.25], [131.40625, 273.0], [132.109375, 275.0], [132.796875, 275.5], [133.515625, 275.5], [134.203125, 277.25], [134.90625, 279.25], [135.59375, 281.0], [136.484375, 282.5], [137.21875, 283.5], [137.96875, 284.0], [138.703125, 285.0], [139.3125, 286.5], [140.015625, 287.25], [140.71875, 289.75], [141.421875, 292.5], [142.125, 294.0], [142.828125, 294.75], [143.53125, 296.25], [144.234375, 298.5], [144.953125, 299.5], [145.65625, 300.25], [146.359375, 302.75], [147.0625, 306.5], [147.75, 309.5], [148.4375, 311.25], [149.140625, 311.75], [149.828125, 313.25], [150.578125, 316.75], [151.28125, 320.25], [151.984375, 322.0], [152.6875, 325.0], [153.390625, 329.25], [154.09375, 335.75], [154.796875, 340.5], [155.5, 340.0], [156.125, 341.5], [156.796875, 343.0], [157.484375, 343.5], [158.15625, 347.5], [158.921875, 350.75], [159.609375, 353.25], [160.3125, 358.5], [161.0, 361.75], [161.734375, 364.5], [162.4375, 369.75], [163.140625, 374.5], [163.84375, 379.25], [164.515625, 384.25], [165.203125, 389.0], [165.90625, 395.0], [166.59375, 400.0], [167.328125, 405.5], [168.03125, 411.5], [168.734375, 417.5], [169.4375, 422.75], [170.125, 429.75], [170.8125, 438.5], [171.515625, 446.0], [172.203125, 453.5], [172.90625, 462.0], [173.59375, 469.75], [174.296875, 477.25], [174.984375, 488.0], [175.6875, 499.0], [176.375, 510.0], [177.078125, 523.0], [177.765625, 535.5], [178.5, 549.5], [179.203125, 566.0], [-179.390625, 587.5], [-178.71875, 583.5], [-178.03125, 582.5], [-177.328125, 578.5], [-176.640625, 573.0], [-175.921875, 575.0], [-175.234375, 579.0], [-174.53125, 575.5], [-173.84375, 570.5], [-173.125, 565.0], [-171.734375, 542.0], [-171.046875, 540.5], [-170.140625, 538.0], [-169.40625, 535.5], [-168.65625, 543.0], [-167.921875, 547.0], [-167.34375, 539.5], [-166.65625, 534.5], [-165.953125, 530.5], [-165.265625, 523.0], [-164.53125, 521.5], [-163.828125, 524.0], [-163.125, 522.5], [-162.421875, 518.0], [-161.71875, 514.0], [-161.015625, 513.0], [-160.3125, 513.5], [-159.609375, 512.5], [-158.90625, 511.5], [-158.203125, 510.0], [-157.5, 508.5], [-156.796875, 507.0], [-156.0625, 506.5], [-155.359375, 506.0], [-154.640625, 505.0], [-153.9375, 505.0], [-153.25, 504.5], [-152.546875, 504.0], [-151.84375, 504.5], [-151.140625, 504.0], [-150.484375, 505.5], [-149.796875, 505.0], [-149.109375, 504.5], [-148.421875, 505.5], [-147.6875, 506.0], [-147.0, 506.5], [-146.296875, 506.0], [-145.609375, 506.5], [-144.859375, 507.5], [-144.15625, 509.5], [-143.453125, 511.0], [-142.75, 511.5], [-142.046875, 512.5], [-141.34375, 512.0], [-140.640625, 512.0], [-139.9375, 515.5], [-139.21875, 518.5], [-138.515625, 519.0], [-137.8125, 520.0], [-137.109375, 521.5], [-136.421875, 523.0], [-135.734375, 525.0], [-135.03125, 527.5], [-134.34375, 529.5], [-133.75, 531.0], [-133.09375, 533.5], [-132.421875, 535.0], [-131.765625, 536.5], [-130.96875, 539.5], [-130.28125, 543.5], [-129.578125, 547.5], [-128.890625, 551.0], [-128.1875, 553.5], [-127.5, 558.0], [-126.796875, 564.0], [-126.109375, 564.0], [-125.375, 564.0], [-124.671875, 563.5], [-123.96875, 565.0], [-123.265625, 568.5], [-122.59375, 571.5], [-121.90625, 574.25], [-120.515625, 605.0], [-119.8125, 609.5], [-118.421875, 627.0], [-117.734375, 617.5], [-117.0, 607.5], [-116.296875, 610.5], [-115.59375, 617.5], [-114.21875, 653.5], [-113.53125, 651.0], [-112.828125, 643.0], [-111.4375, 688.5], [-110.75, 690.5], [-110.046875, 679.5], [-109.359375, 680.25], [-108.65625, 689.0], [-107.96875, 695.5], [-107.265625, 704.25], [-106.578125, 713.75], [-105.84375, 722.0], [-105.140625, 731.5], [-104.4375, 740.75], [-103.734375, 750.25], [-103.0625, 761.5], [-102.375, 