{"heading": 13.9, "target": 122.35793794627385, "gap_dist": 615.0136096757009, "gap_info": [{"width": 497.20447569811364, "center_angle": -97.04423826268602, "edge_a": [-117, 494.5], "edge_b": [11, 177.5], "depth": 494.5, "passable": true, "chosen": false}, {"width": 615.0136096757009, "center_angle": 122.35793794627385, "edge_a": [65, 348.0], "edge_b": [159, 491.0], "depth": 491.0, "passable": true, "chosen": true}], "scan": [[-3, 3262.5], [-2, 3260.0], [-1, 3261.5], [2, 2006.5], [3, 2009.5], [4, 2008.0], [5, 1991.0], [6, 1995.0], [11, 177.5], [12, 178.0], [13, 175.5], [14, 176.5], [15, 177.5], [16, 179.0], [17, 179.5], [18, 178.5], [19, 181.0], [20, 181.0], [21, 182.0], [22, 182.5], [23, 182.5], [24, 184.0], [25, 184.5], [26, 187.5], [27, 188.0], [28, 188.5], [29, 190.5], [30, 195.0], [31, 195.0], [32, 195.5], [33, 199.0], [34, 199.5], [35, 203.0], [36, 204.0], [37, 208.0], [38, 210.0], [39, 211.5], [40, 214.0], [41, 216.5], [42, 221.5], [43, 223.0], [44, 225.5], [45, 231.0], [46, 233.5], [47, 238.5], [48, 242.0], [49, 244.5], [50, 247.0], [51, 248.5], [53, 263.0], [54, 268.5], [55, 276.0], [56, 280.0], [57, 283.5], [58, 292.0], [59, 296.5], [60, 308.0], [61, 312.5], [62, 319.0], [63, 330.0], [64, 336.0], [65, 348.0], [68, 600.0], [69, 599.0], [70, 594.0], [71, 589.5], [72, 585.5], [73, 582.5], [74, 577.0], [75, 574.0], [76, 571.0], [77, 570.0], [78, 568.5], [79, 567.5], [81, 590.5], [82, 592.5], [83, 587.5], [84, 585.5], [85, 585.0], [86, 586.0], [87, 587.0], [88, 582.5], [89, 582.0], [90, 579.0], [91, 580.5], [92, 581.5], [93, 583.0], [94, 585.5], [95, 583.0], [96, 581.0], [97, 581.0], [98, 584.5], [99, 585.0], [100, 585.0], [101, 584.0], [102, 584.5], [103, 588.5], [104, 593.0], [105, 594.5], [106, 599.0], [107, 601.5], [108, 602.5], [109, 609.0], [110, 611.5], [111, 614.5], [112, 617.5], [113, 621.0], [114, 623.5], [115, 629.5], [116, 642.0], [117, 645.5], [118, 651.0], [119, 655.5], [120, 660.5], [121, 669.0], [122, 673.0], [123, 681.5], [124, 688.5], [125, 699.5], [126, 704.5], [127, 709.5], [128, 729.5], [129, 732.0], [130, 741.0], [132, 768.5], [133, 785.5], [134, 779.5], [136, 814.5], [137, 818.5], [139, 851.5], [140, 847.5], [141, 856.0], [142, 865.5], [143, 887.5], [144, 899.5], [145, 922.0], [146, 932.5], [147, 944.0], [150, 682.5], [151, 662.5], [152, 626.0], [153, 609.0], [155, 562.0], [156, 535.0], [157, 522.5], [158, 513.5], [159, 491.0], [160, 481.5], [161, 475.25], [162, 476.0], [163, 480.5], [164, 484.0], [165, 492.5], [166, 497.5], [167, 505.0], [168, 510.0], [169, 523.0], [170, 528.5], [171, 535.0], [172, 549.0], [173, 555.5], [174, 571.0], [175, 579.5], [176, 587.0], [177, 605.0], [-180, 15158.0], [-179, 15146.5], [-178, 15136.5], [-174, 1960.5], [-173, 1961.5], [-171, 1741.5], [-170, 1729.5], [-169, 1723.0], [-168, 1733.5], [-167, 1753.0], [-165, 2349.0], [-163, 2717.5], [-151, 479.5], [-149, 439.5], [-148, 429.5], [-147, 411.5], [-146, 402.0], [-145, 383.5], [-144, 376.0], [-143, 360.5], [-142, 353.0], [-141, 345.5], [-140, 337.5], [-139, 335.5], [-138, 337.0], [-137, 342.5], [-136, 347.0], [-135, 348.0], [-134, 354.0], [-133, 359.0], [-132, 366.0], [-131, 370.5], [-130, 379.0], [-129, 384.5], [-128, 391.0], [-127, 400.5], [-126, 406.0], [-125, 414.0], [-124, 419.0], [-123, 432.5], [-122, 440.5], [-121, 445.0], [-120, 457.0], [-119, 467.5], [-118, 486.0], [-117, 494.5], [-116, 513.5], [-115, 525.0], [-114, 538.0], [-113, 559.25], [-112, 561.5], [-111, 579.5], [-110, 578.5], [-109, 574.0], [-108, 568.0], [-107, 567.5], [-106, 569.0], [-105, 554.0], [-104, 553.5], [-103, 550.0], [-102, 542.5], [-101, 540.5], [-100, 533.0], [-99, 532.0], [-98, 527.0], [-97, 522.0], [-96, 518.5], [-95, 517.5], [-94, 515.0], [-93, 514.5], [-92, 513.5], [-91, 510.5], [-90, 507.5], [-89, 504.0], [-88, 505.0], [-87, 506.5], [-86, 506.0], [-85, 506.0], [-84, 506.0], [-83, 504.0], [-82, 502.5], [-81, 504.0], [-80, 508.5], [-79, 504.0], [-78, 503.5], [-77, 512.5], [-76, 510.5], [-75, 511.5], [-74, 511.0], [-73, 514.5], [-72, 517.5], [-71, 520.5], [-70, 527.0], [-69, 526.0], [-68, 531.0], [-67, 537.5], [-66, 539.0], [-65, 542.5], [-64, 549.5], [-63, 547.5], [-62, 548.0], [-61, 550.5], [-60, 556.5], [-59, 562.0], [-58, 571.5], [-57, 578.0], [-56, 585.0], [-55, 595.5], [-54, 602.5], [-53, 609.0], [-52, 610.5], [-51, 618.5], [-50, 632.0], [-49, 646.0], [-48, 648.5], [-46, 677.5], [-44, 702.5], [-43, 705.0], [-42, 718.5], [-41, 717.0], [-40, 724.5], [-39, 736.0], [-38, 743.0], [-37, 750.5], [-36, 756.5], [-35, 762.5], [-34, 785.5], [-33, 793.5], [-32, 808.5], [-31, 817.0], [-30, 831.0], [-29, 861.0], [-28, 877.0], [-27, 914.25], [-26, 934.75], [-25, 941.0], [-24, 924.5], [-23, 895.0], [-22, 879.5], [-21, 856.0], [-20, 843.5], [-19, 832.0], [-18, 815.0], [-17, 805.0], [-16, 786.0], [-15, 778.0], [-14, 770.0], [-13, 752.5], [-12, 746.0], [-11, 734.0], [-10, 730.0], [-9, 729.5], [-8, 747.5], [-7, 757.5], [-6, 770.0], [-5, 802.0], [-4, 817.5]]}