{"heading": -46.0, "target": -10.654687566190711, "gap_dist": 601.8209634307668, "gap_info": [{"width": 128.59528709855803, "center_angle": -125.21925308903278, "edge_a": [-127.03125, 504.0], "edge_b": [-122.8125, 379.5], "depth": 504.0, "passable": false, "chosen": false}, {"width": 601.8209634307668, "center_angle": -10.654687566190711, "edge_a": [-11.828125, 174.75], "edge_b": [-10.390625, 776.5], "depth": 776.5, "passable": true, "chosen": true}, {"width": 451.4277473012184, "center_angle": 153.06761532033684, "edge_a": [133.09375, 535.5], "edge_b": [166.46875, 789.25], "depth": 789.25, "passable": true, "chosen": false}], "scan": [[-1.65625, 695.5], [-0.953125, 690.5], [-0.25, 683.0], [0.453125, 676.0], [1.15625, 670.5], [1.859375, 666.5], [2.5625, 664.0], [3.265625, 670.0], [3.984375, 677.0], [5.390625, 642.0], [6.09375, 644.0], [6.796875, 652.5], [7.5, 650.5], [8.203125, 642.5], [8.90625, 632.5], [9.609375, 618.5], [10.3125, 609.5], [11.015625, 605.0], [12.609375, 620.25], [13.359375, 611.25], [14.109375, 605.5], [14.859375, 601.0], [15.453125, 589.0], [16.15625, 583.5], [16.875, 582.5], [17.578125, 580.0], [18.28125, 577.5], [18.984375, 578.0], [19.6875, 578.5], [20.390625, 580.5], [21.140625, 581.0], [21.84375, 575.5], [22.5625, 572.0], [23.265625, 571.5], [23.984375, 569.0], [24.6875, 567.75], [25.40625, 568.75], [26.109375, 567.0], [26.8125, 568.5], [27.515625, 568.75], [28.21875, 566.25], [28.921875, 563.5], [29.40625, 563.0], [30.046875, 563.5], [30.703125, 564.0], [31.34375, 564.5], [32.203125, 564.0], [32.890625, 564.0], [33.59375, 563.25], [34.28125, 563.75], [35.0, 564.75], [35.6875, 563.0], [36.390625, 562.25], [37.078125, 565.75], [37.8125, 567.25], [38.515625, 564.5], [39.21875, 564.5], [39.921875, 567.0], [40.609375, 567.0], [41.296875, 566.5], [42.0, 568.0], [42.6875, 570.0], [43.40625, 571.25], [44.09375, 572.5], [44.796875, 573.5], [45.484375, 575.75], [46.484375, 577.5], [47.25, 578.75], [48.015625, 581.5], [48.78125, 582.75], [49.328125, 582.25], [50.03125, 582.75], [50.75, 584.25], [51.453125, 590.0], [52.15625, 593.5], [52.859375, 595.0], [53.5625, 596.5], [54.265625, 598.5], [55.0, 604.25], [55.703125, 607.25], [56.421875, 609.5], [57.125, 613.5], [57.859375, 616.25], [58.5625, 619.25], [59.28125, 621.0], [59.984375, 622.25], [60.6875, 627.75], [61.390625, 633.5], [62.09375, 637.25], [62.796875, 641.5], [63.53125, 646.0], [64.234375, 650.75], [64.953125, 655.25], [65.65625, 659.75], [66.265625, 666.25], [66.9375, 673.75], [67.625, 682.5], [68.296875, 689.5], [69.09375, 693.0], [69.796875, 690.5], [70.5, 688.5], [71.203125, 692.5], [71.90625, 697.5], [73.3125, 729.0], [74.015625, 737.0], [74.765625, 741.25], [75.46875, 745.75], [76.1875, 756.0], [76.890625, 771.5], [77.578125, 786.5], [78.984375, 757.0], [79.6875, 748.0], [80.40625, 737.5], [81.109375, 728.0], [81.8125, 719.5], [82.515625, 710.5], [83.109375, 701.5], [83.78125, 694.0], [84.453125, 687.5], [85.125, 681.0], [85.921875, 676.0], [86.625, 670.0], [87.328125, 663.5], [88.03125, 657.5], [88.734375, 650.5], [89.4375, 646.0], [90.140625, 640.0], [90.84375, 634.0], [91.5625, 630.0], [92.265625, 623.5], [92.96875, 617.5], [93.671875, 613.0], [94.359375, 608.0], [95.046875, 604.5], [95.75, 601.0], [96.4375, 596.0], [97.15625, 592.0], [97.84375, 588.5], [98.546875, 586.75], [99.234375, 584.75], [100.140625, 574.5], [100.875, 562.5], [101.625, 557.75], [102.359375, 554.75], [102.96875, 553.0], [103.671875, 551.5], [104.375, 548.0], [105.078125, 543.5], [105.796875, 541.25], [106.5, 540.25], [107.203125, 537.5], [107.90625, 535.5], [108.625, 532.25], [109.328125, 529.75], [110.03125, 529.25], [110.734375, 527.75], [111.484375, 527.5], [112.1875, 525.75], [112.90625, 523.25], [113.609375, 523.0], [114.296875, 522.75], [115.0, 522.5], [115.703125, 520.25], [116.40625, 518.25], [117.125, 518.5], [117.828125, 516.5], [118.53125, 516.25], [119.234375, 517.5], [119.75, 516.25], [120.40625, 515.25], [121.0625, 514.0], [121.71875, 514.0], [122.5625, 514.75], [123.265625, 514.75], [123.96875, 514.25], [124.671875, 513.5], [125.359375, 514.0], [126.046875, 515.25], [126.75, 516.25], [127.4375, 517.25], [128.15625, 518.25], [128.84375, 519.75], [129.546875, 520.5], [130.234375, 520.0], [130.984375, 522.0], [131.6875, 523.5], [132.390625, 526.0], [133.09375, 535.5], [135.171875, 3362.5], [146.0, 1476.5], [148.125, 1340.5], [148.828125, 1304.5], [150.234375, 1233.0], [150.96875, 1207.25], [151.671875, 1176.25], [152.390625, 1147.5], [153.09375, 1120.0], [153.796875, 1093.0], [154.5, 1068.0], [155.203125, 1041.0], [155.90625, 1017.5], [156.59375, 999.5], [157.28125, 982.0], [157.984375, 964.5], [158.671875, 945.0], [159.40625, 925.0], [160.109375, 908.5], [160.8125, 891.0], [161.515625, 876.0], [162.234375, 862.5], [162.9375, 848.0], [163.640625, 835.5], [164.34375, 822.5], [165.0625, 810.5], [165.765625, 801.5], [166.46875, 789.25], [167.171875, 776.0], [167.890625, 765.5], [168.59375, 754.5], [169.296875, 744.0], [170.0, 736.5], [170.71875, 731.5], [171.421875, 723.75], [172.125, 716.0], [172.828125, 710.5], [173.5, 705.0], [174.1875, 700.0], [174.890625, 692.0], [175.578125, 683.5], [176.3125, 673.0], [177.015625, 660.75], [177.71875, 654.25], [178.421875, 655.5], [179.125, 660.75], [179.828125, 657.5], [-179.46875, 653.0], [-178.765625, 651.0], [-178.0625, 649.0], [-177.359375, 643.0], [-176.65625, 633.5], [-175.953125, 625.0], [-175.21875, 622.75], [-174.515625, 617.75], [-173.796875, 608.5], [-173.09375, 609.25], [-172.40625, 606.25], [-171.703125, 599.75], [-171.0, 597.5], [-170.296875, 594.0], [-169.375, 585.0], [-168.625, 584.5], [-167.859375, 583.0], [-167.109375, 571.0], [-166.578125, 567.25], [-165.890625, 564.5], [-165.1875, 561.25], [-164.5, 563.75], [-163.71875, 560.5], [-163.015625, 556.0], [-162.296875, 555.0], [-161.59375, 552.75], [-160.875, 547.0], [-160.171875, 541.25], [-159.453125, 540.25], [-158.75, 537.0], [-158.03125, 533.5], [-157.328125, 533.0], [-156.609375, 531.5], [-155.90625, 529.0], [-155.1875, 528.25], [-154.484375, 525.75], [-153.765625, 522.5], [-153.0625, 523.25], [-152.34375, 522.0], [-151.640625, 520.25], [-150.921875, 519.5], [-150.21875, 518.0], [-149.546875, 518.25], [-148.859375, 516.75], [-148.15625, 515.25], [-147.46875, 515.0], [-146.703125, 515.0], [-146.0, 514.25], [-145.28125, 513.75], [-144.578125, 515.75], [-143.875, 513.75], [-143.171875, 512.75], [-142.46875, 514.25], [-141.765625, 515.25], [-141.015625, 515.5], [-140.3125, 514.5], [-139.59375, 515.5], [-138.890625, 516.75], [-138.1875, 516.25], [-137.484375, 517.5], [-136.78125, 521.0], [-136.078125, 523.0], [-135.34375, 523.5], [-134.640625, 528.0], [-133.921875, 528.75], [-133.21875, 527.75], [-132.671875, 535.0], [-132.015625, 534.75], [-131.34375, 533.25], [-130.6875, 537.5], [-129.859375, 538.75], [-129.15625, 538.5], [-127.75, 513.5], [-127.03125, 504.0], [-122.8125, 379.5], [-122.109375, 370.5], [-121.40625, 361.5], [-118.578125, 321.0], [-117.171875, 304.5], [-116.46875, 297.0], [-115.109375, 282.0], [-114.40625, 275.0], [-113.71875, 269.5], [-112.96875, 264.5], [-112.265625, 257.5], [-110.15625, 226.0], [-109.453125, 222.75], [-108.046875, 213.0], [-107.328125, 208.5], [-106.625, 206.25], [-105.921875, 205.0], [-105.21875, 202.0], [-104.515625, 199.5], [-103.8125, 197.0], [-103.109375, 193.75], [-102.40625, 191.25], [-101.703125, 188.5], [-101.0, 186.0], [-100.296875, 184.0], [-99.59375, 182.0], [-98.890625, 180.5], [-98.1875, 178.5], [-97.484375, 176.0], [-96.78125, 173.75], [-96.0, 172.75], [-95.28125, 172.0], [-94.5625, 170.0], [-93.84375, 168.5], [-93.171875, 167.75], [-92.46875, 167.0], [-91.765625, 164.0], [-91.0625, 162.0], [-90.34375, 162.0], [-89.640625, 159.75], [-88.9375, 158.25], [-88.234375, 158.0], [-87.53125, 156.0], [-86.828125, 155.25], [-86.125, 154.25], [-85.421875, 153.25], [-84.703125, 152.5], [-84.0, 151.0], [-83.296875, 150.25], [-82.59375, 149.5], [-81.875, 148.25], [-81.171875, 146.75], [-80.46875, 145.5], [-79.765625, 145.25], [-79.046875, 