{"heading": 37.6, "target": 4.889065954119595, "gap_dist": 602.9433935611236, "gap_info": [{"width": 553.9601369551594, "center_angle": -170.55524077144506, "edge_a": [-178.765625, 782.5], "edge_b": [-147.890625, 290.0], "depth": 782.5, "passable": true, "chosen": false}, {"width": 602.9433935611236, "center_angle": 4.889065954119595, "edge_a": [-0.515625, 793.5], "edge_b": [24.84375, 219.0], "depth": 793.5, "passable": true, "chosen": true}], "scan": [[-2.59375, 772.5], [-1.90625, 788.0], [-1.203125, 792.5], [-0.515625, 793.5], [0.1875, 802.0], [0.875, 819.0], [1.578125, 828.5], [2.265625, 830.5], [2.96875, 838.5], [3.65625, 855.75], [4.359375, 869.25], [5.046875, 877.5], [5.75, 892.5], [6.4375, 902.0], [7.140625, 911.5], [7.828125, 924.5], [8.546875, 934.0], [9.234375, 947.0], [9.9375, 960.5], [10.625, 973.0], [11.5, 988.5], [12.234375, 1005.0], [12.96875, 1023.0], [13.703125, 1038.5], [14.296875, 1056.0], [14.984375, 1078.0], [15.6875, 1098.5], [16.375, 1119.5], [17.109375, 1142.5], [17.8125, 1167.5], [18.515625, 1197.0], [19.21875, 1227.25], [19.921875, 1255.5], [20.625, 1287.0], [21.328125, 1322.0], [22.03125, 1356.5], [22.734375, 1390.5], [24.84375, 219.0], [25.515625, 215.5], [26.203125, 213.5], [26.90625, 212.0], [27.59375, 211.0], [28.09375, 210.0], [28.734375, 209.0], [29.375, 207.0], [30.015625, 206.0], [30.859375, 206.0], [31.546875, 205.0], [32.234375, 205.0], [32.921875, 204.5], [33.625, 203.5], [34.3125, 203.5], [35.0, 203.0], [35.6875, 202.0], [36.40625, 201.5], [37.09375, 201.5], [37.796875, 200.5], [38.484375, 199.5], [39.171875, 199.5], [39.859375, 198.0], [40.546875, 196.5], [41.234375, 196.5], [41.9375, 197.5], [42.625, 197.0], [43.3125, 195.0], [44.0, 193.5], [44.71875, 193.5], [45.40625, 194.0], [46.109375, 194.5], [46.796875, 195.5], [47.765625, 196.0], [48.515625, 196.5], [49.28125, 197.0], [50.03125, 197.0], [50.578125, 197.5], [51.28125, 198.0], [51.984375, 198.0], [52.6875, 198.5], [53.359375, 199.0], [54.046875, 200.0], [54.75, 200.5], [55.4375, 199.5], [56.171875, 200.0], [56.875, 201.0], [57.578125, 201.5], [58.28125, 201.5], [58.984375, 201.5], [59.6875, 203.0], [60.390625, 203.5], [61.09375, 204.0], [61.796875, 205.0], [62.5, 206.0], [63.203125, 207.0], [63.90625, 207.5], [64.421875, 208.0], [65.078125, 207.5], [65.734375, 208.0], [66.390625, 210.5], [67.1875, 212.5], [67.875, 213.0], [68.5625, 214.0], [69.25, 215.0], [69.96875, 216.5], [70.65625, 219.5], [71.359375, 221.0], [72.046875, 222.0], [72.765625, 224.0], [73.453125, 225.0], [74.15625, 226.0], [74.84375, 229.0], [75.53125, 231.0], [76.21875, 231.5], [76.90625, 233.5], [77.59375, 235.5], [78.328125, 236.5], [79.015625, 238.5], [79.71875, 241.0], [80.40625, 243.0], [81.109375, 244.5], [81.796875, 247.0], [82.5, 250.0], [83.1875, 252.5], [83.84375, 256.5], [84.515625, 258.5], [85.203125, 259.5], [85.875, 262.0], [86.59375, 264.5], [87.28125, 267.5], [87.96875, 270.5], [88.65625, 274.0], [89.375, 278.0], [90.0625, 281.5], [90.765625, 285.0], [91.453125, 289.5], [92.15625, 293.5], [92.84375, 298.5], [94.234375, 319.0], [94.9375, 324.0], [95.625, 328.0], [96.328125, 333.0], [97.015625, 339.5], [97.6875, 343.5], [98.375, 347.5], [99.0625, 353.5], [99.75, 358.5], [100.59375, 365.0], [101.3125, 371.5], [102.046875, 377.5], [102.765625, 384.25], [103.359375, 390.75], [104.046875, 399.0], [104.734375, 407.5], [105.421875, 416.0], [106.171875, 424.0], [106.875, 432.5], [107.578125, 443.5], [108.28125, 456.0], [108.953125, 466.5], [109.640625, 476.0], [110.34375, 488.0], [111.75, 519.0], [113.140625, 555.5], [115.21875, 564.75], [116.609375, 587.5], [117.328125, 579.0], [118.015625, 574.0], [118.71875, 572.0], [119.40625, 574.0], [119.953125, 577.5], [120.609375, 580.5], [121.265625, 577.5], [121.921875, 570.5], [122.703125, 564.0], [123.390625, 557.0], [124.078125, 554.0], [124.765625, 554.0], [125.46875, 553.5], [126.15625, 554.5], [126.84375, 556.0], [127.53125, 553.0], [128.25, 544.5], [128.9375, 539.0], [129.640625, 537.5], [130.328125, 535.0], [131.0, 535.0], [131.6875, 535.5], [132.375, 537.0], [133.0625, 537.0], [133.765625, 533.0], [134.453125, 532.5], [135.140625, 534.0], [135.828125, 534.5], [136.75, 534.5], [137.484375, 535.0], [138.234375, 535.5], [138.96875, 536.0], [139.53125, 535.5], [140.21875, 537.5], [140.921875, 539.5], [141.609375, 540.5], [142.3125, 540.5], [143.0, 538.0], [143.703125, 539.0], [144.390625, 541.0], [145.109375, 542.5], [145.796875, 543.5], [146.5, 547.0], [147.1875, 548.5], [147.890625, 546.5], [148.578125, 548.0], [149.28125, 551.0], [149.96875, 553.5], [150.703125, 555.0], [151.40625, 557.0], [152.109375, 558.0], [152.8125, 559.5], [153.484375, 562.5], [154.171875, 565.5], [154.875, 568.5], [155.5625, 572.0], [156.234375, 575.0], [156.921875, 576.5], [157.609375, 577.0], [158.296875, 581.5], [159.015625, 587.5], [159.703125, 592.0], [160.40625, 596.0], [161.09375, 597.5], [161.796875, 600.0], [162.484375, 604.5], [163.1875, 610.5], [163.875, 615.5], [164.609375, 620.5], [165.3125, 627.5], [166.015625, 632.0], [166.71875, 633.5], [167.390625, 636.0], [168.078125, 641.0], [168.78125, 647.5], [169.46875, 652.5], [170.15625, 657.5], [170.84375, 665.0], [171.53125, 673.0], [172.21875, 680.0], [172.90625, 686.5], [173.59375, 693.0], [174.28125, 703.5], [174.96875, 712.5], [175.671875, 715.5], [176.359375, 717.0], [177.046875, 719.5], [178.453125, 766.0], [179.140625, 772.5], [179.84375, 778.5], [-179.46875, 784.5], [-178.765625, 782.5], [-177.375, 825.5], [-176.6875, 817.5], [-175.3125, 852.5], [-174.625, 853.0], [-173.9375, 850.0], [-173.1875, 863.5], [-172.484375, 877.0], [-171.78125, 892.0], [-171.078125, 907.5], [-170.421875, 922.0], [-169.734375, 937.0], [-169.046875, 952.5], [-168.359375, 971.0], [-167.453125, 991.5], [-166.71875, 1010.5], [-165.96875, 1030.5], [-165.234375, 1052.0], [-164.65625, 1076.0], [-162.578125, 1183.0], [-161.84375, 1200.0], [-160.4375, 1263.5], [-159.734375, 1287.0], [-159.046875, 1309.0], [-158.359375, 1342.5], [-157.65625, 1380.0], [-156.96875, 1419.5], [-156.234375, 1462.5], [-155.53125, 1506.5], [-154.125, 1612.5], [-150.0, 2741.5], [-149.3125, 2726.5], [-147.890625, 290.0], [-147.203125, 289.5], [-146.5, 289.5], [-145.8125, 288.0], [-145.09375, 286.0], [-144.40625, 284.5], [-143.703125, 284.5], [-143.015625, 285.0], [-142.25, 285.0], [-141.546875, 283.5], [-140.828125, 282.0], [-140.125, 282.0], [-139.5, 280.5], [-138.8125, 279.0], [-138.125, 278.0], [-137.4375, 278.5], [-136.703125, 279.5], [-136.015625, 278.5], [-135.3125, 277.5], [-134.625, 278.0], [-134.015625, 280.0], [-133.34375, 280.5], [-132.671875, 280.0], [-132.0, 279.5], [-131.265625, 280.0], [-130.578125, 281.5], [-129.890625, 283.0], [-129.203125, 283.5], [-128.484375, 284.0], [-127.796875, 284.0], [-127.09375, 284.5], [-126.40625, 285.0], [-125.703125, 285.0], [-125.015625, 286.5], [-124.3125, 287.5], [-123.625, 288.5], [-122.921875, 289.5], [-122.234375, 290.5], [-121.53125, 292.0], [-120.84375, 293.0], [-120.171875, 293.5], [-119.484375, 294.0], [-118.796875, 296.0], [-118.109375, 298.5], [-117.375, 299.5], [-116.6875, 301.0], [-115.984375, 302.0], [-115.296875, 303.0], [-114.5625, 305.0], [-113.859375, 307.0], [-113.15625, 309.0], [-112.453125, 310.0], [-111.8125, 312.0], [-111.125, 314.5], [-110.4375, 315.5], [-109.75, 317.5], [-109.015625, 320.5], [-108.328125, 322.0], [-107.625, 323.5], [-106.9375, 326.0], [-106.265625, 328.0], [-105.578125, 331.5], [-104.890625, 334.5], [-104.203125, 336.0], [-103.46875, 338.5], [-102.78125, 341.0], [-102.078125, 344.0], [-101.390625, 347.5], [-100.671875, 350.5], [-99.984375, 353.5], [-99.28125, 358.0], [-98.59375, 362.0], [-97.84375, 366.0], [-97.140625, 373.5], [-96.4375, 382.5], [-95.734375, 389.5], [-95.046875, 393.5], [-94.359375, 397.5], [-93.65625, 402.5], [-92.96875, 406.5], [-92.28125, 410.0], [-91.59375, 415.5], [-90.90625, 420.0], [-90.21875, 424.0], [-89.484375, 429.5], [-88.796875, 434.25], [-88.09375, 440.0], [-87.40625, 447.25], [-86.703125, 453.75], [-86.015625, 460.75], 