{"heading": -45.0, "target": -64.35845157795421, "gap_dist": 696.2662642853753, "gap_info": [{"width": 696.2662642853753, "center_angle": -64.35845157795421, "edge_a": [-112, 464.0], "edge_b": [-26, 552.5], "depth": 552.5, "passable": true, "chosen": true}, {"width": 76.81308217852272, "center_angle": 104.20949287340724, "edge_a": [101, 410.0], "edge_b": [107, 471.5], "depth": 471.5, "passable": false, "chosen": false}, {"width": 474.01903349833026, "center_angle": 119.06121059631164, "edge_a": [118, 740.5], "edge_b": [122, 267.5], "depth": 740.5, "passable": true, "chosen": false}], "scan": [[-2, 265.5], [-1, 262.0], [0, 257.0], [1, 255.0], [2, 250.5], [3, 249.0], [4, 246.0], [5, 243.0], [6, 241.0], [7, 238.0], [8, 235.5], [9, 233.0], [10, 230.5], [11, 229.0], [12, 228.0], [13, 225.0], [14, 223.0], [15, 222.0], [16, 220.5], [17, 220.0], [18, 216.0], [19, 215.0], [20, 214.5], [21, 213.5], [23, 224.0], [25, 220.0], [26, 223.0], [28, 206.75], [29, 206.5], [30, 206.0], [31, 203.5], [32, 202.5], [33, 202.0], [34, 199.5], [35, 200.0], [36, 199.5], [37, 199.0], [38, 199.0], [39, 198.5], [40, 198.0], [41, 197.5], [42, 198.0], [43, 197.5], [44, 198.0], [45, 199.5], [46, 199.5], [47, 199.0], [48, 200.5], [49, 199.5], [50, 200.0], [51, 200.0], [52, 200.0], [53, 202.5], [54, 203.5], [55, 203.5], [56, 203.0], [57, 203.5], [58, 205.0], [59, 206.0], [60, 207.5], [61, 208.5], [62, 210.0], [63, 211.0], [64, 212.5], [65, 216.5], [66, 218.0], [67, 219.5], [68, 221.5], [69, 223.0], [70, 225.0], [71, 227.0], [72, 232.0], [73, 235.0], [74, 236.0], [75, 238.5], [76, 240.0], [77, 243.5], [78, 247.5], [79, 253.0], [80, 252.5], [81, 252.0], [83, 266.5], [84, 271.0], [85, 274.0], [86, 281.5], [87, 286.5], [88, 290.0], [89, 296.0], [90, 301.0], [91, 308.0], [92, 313.0], [93, 319.0], [94, 327.5], [95, 333.0], [99, 367.5], [101, 410.0], [107, 471.5], [108, 476.0], [110, 508.5], [111, 517.5], [114, 612.0], [116, 685.0], [118, 740.5], [122, 267.5], [123, 263.5], [124, 262.0], [125, 266.5], [126, 268.0], [127, 268.5], [128, 270.0], [129, 271.0], [130, 272.0], [131, 272.5], [132, 274.0], [133, 274.5], [134, 275.5], [135, 278.0], [136, 279.5], [137, 280.75], [138, 281.75], [139, 285.0], [140, 285.75], [141, 290.0], [142, 291.0], [143, 295.0], [144, 297.5], [145, 303.5], [146, 305.5], [147, 307.0], [148, 312.5], [149, 313.0], [150, 318.0], [151, 321.5], [152, 323.0], [153, 330.0], [154, 334.5], [155, 341.5], [156, 345.0], [157, 350.5], [158, 355.0], [159, 358.5], [160, 366.5], [161, 370.0], [162, 380.0], [163, 384.0], [164, 388.0], [165, 399.5], [166, 405.0], [167, 413.0], [168, 421.5], [170, 989.25], [171, 992.5], [172, 999.5], [173, 1003.5], [174, 1011.0], [175, 1017.0], [176, 1021.5], [177, 1029.0], [178, 1032.0], [179, 1041.0], [180, 1046.5], [-179, 1052.0], [-178, 1064.0], [-176, 1167.5], [-175, 1158.0], [-174, 1133.5], [-173, 1126.0], [-172, 1107.5], [-171, 1097.5], [-170, 1076.5], [-169, 1067.5], [-168, 1059.5], [-167, 1052.5], [-166, 1039.0], [-165, 1032.5], [-164, 1019.5], [-163, 1013.5], [-162, 1009.0], [-161, 996.0], [-160, 990.0], [-159, 982.0], [-158, 977.5], [-157, 972.5], [-156, 964.0], [-155, 960.0], [-154, 953.0], [-153, 950.0], [-152, 943.5], [-151, 939.5], [-150, 933.5], [-149, 929.5], [-148, 926.5], [-147, 923.0], [-146, 920.5], [-145, 918.0], [-144, 915.5], [-143, 913.5], [-142, 909.5], [-141, 908.0], [-140, 906.5], [-139, 907.5], [-137, 461.5], [-136, 458.5], [-135, 457.0], [-134, 456.0], [-133, 455.0], [-132, 453.5], [-131, 452.5], [-130, 451.5], [-129, 450.5], [-128, 449.5], [-127, 448.5], [-126, 449.0], [-125, 447.5], [-124, 449.5], [-123, 450.5], [-122, 453.5], [-121, 453.0], [-120, 453.0], [-119, 452.5], [-118, 453.5], [-117, 456.0], [-116, 457.0], [-115, 458.0], [-114, 461.5], [-113, 462.5], [-112, 464.0], [-110, 1012.5], [-109, 1019.0], [-108, 1025.5], [-107, 1037.5], [-106, 1046.0], [-105, 1062.0], [-104, 1069.5], [-103, 1076.0], [-102, 1095.0], [-101, 1104.5], [-100, 1123.5], [-99, 1132.0], [-98, 1153.0], [-97, 1164.0], [-96, 1174.5], [-95, 1199.0], [-94, 1210.0], [-93, 1223.0], [-92, 1252.5], [-91, 1267.5], [-90, 1296.0], [-89, 1312.0], [-88, 1331.0], [-87, 1362.5], [-86, 1378.5], [-85, 1417.5], [-84, 1439.0], [-83, 1482.5], [-82, 1506.5], [-81, 1531.0], [-80, 1583.5], [-79, 1611.5], [-78, 1674.5], [-77, 1708.0], [-74, 1856.5], [-73, 1946.5], [-72, 1992.5], [-71, 2041.0], [-70, 2151.0], [-68, 2344.0], [-66, 2214.5], [-65, 2206.5], [-64, 2193.5], [-63, 2186.0], [-62, 2174.0], [-61, 2169.5], [-58, 2144.5], [-57, 2143.5], [-54, 2717.0], [-48, 6400.0], [-47, 6276.0], [-46, 6220.0], [-45, 6164.5], [-44, 6134.5], [-43, 6238.5], [-40, 9869.0], [-39, 9810.0], [-38, 9806.5], [-37, 9814.0], [-36, 9871.0], [-29, 1612.0], [-26, 552.5], [-24, 485.0], [-21, 433.0], [-19, 385.5], [-18, 370.0], [-17, 362.5], [-16, 356.5], [-15, 343.0], [-14, 335.5], [-13, 323.75], [-12, 318.25], [-11, 312.5], [-10, 302.0], [-9, 296.0], [-8, 287.75], [-7, 283.75], [-6, 280.25], [-5, 272.75]]}