{"heading": -18.2, "target": -31.866014782993034, "gap_dist": 424.3847577288207, "gap_info": [{"width": 272.3435313401335, "center_angle": -106.90637599317992, "edge_a": [-109.546875, 373.0], "edge_b": [-105.375, 643.0], "depth": 643.0, "passable": true, "chosen": false}, {"width": 251.6044747647554, "center_angle": -69.26321554655996, "edge_a": [-77.0, 798.0], "edge_b": [-60.015625, 668.5], "depth": 798.0, "passable": false, "chosen": false}, {"width": 424.3847577288207, "center_angle": -31.866014782993034, "edge_a": [-34.546875, 713.0], "edge_b": [-25.375, 295.0], "depth": 713.0, "passable": true, "chosen": true}, {"width": 311.2414859442171, "center_angle": 42.9384980177376, "edge_a": [41.4375, 212.0], "edge_b": [43.546875, 523.0], "depth": 523.0, "passable": true, "chosen": false}], "scan": [[-1.40625, 223.0], [-0.703125, 222.5], [0.0, 220.5], [0.703125, 217.5], [1.40625, 215.0], [2.109375, 213.5], [2.8125, 213.5], [3.515625, 214.5], [4.21875, 213.5], [4.921875, 211.5], [5.625, 210.0], [6.328125, 209.0], [7.03125, 208.0], [7.734375, 207.0], [8.4375, 207.0], [9.140625, 206.5], [10.0, 205.5], [10.734375, 204.5], [11.484375, 203.0], [12.21875, 202.0], [12.84375, 202.0], [13.546875, 201.5], [14.265625, 201.0], [14.96875, 200.0], [15.671875, 199.0], [16.375, 199.5], [17.078125, 199.0], [17.78125, 197.0], [18.5, 197.0], [19.203125, 198.0], [19.90625, 199.0], [20.609375, 198.5], [21.34375, 196.0], [22.046875, 194.0], [22.765625, 194.0], [23.46875, 193.0], [24.171875, 192.0], [24.875, 193.0], [25.578125, 192.5], [26.28125, 193.0], [27.0, 193.0], [27.703125, 193.5], [28.40625, 194.5], [29.109375, 195.0], [29.578125, 196.0], [30.21875, 197.5], [30.859375, 198.0], [31.5, 198.0], [32.359375, 198.5], [33.046875, 198.5], [33.75, 199.0], [34.4375, 199.0], [35.15625, 200.0], [35.84375, 200.5], [36.546875, 200.5], [37.234375, 201.5], [37.953125, 202.0], [38.640625, 202.5], [39.34375, 204.0], [40.03125, 204.5], [40.75, 206.5], [41.4375, 212.0], [43.546875, 523.0], [44.234375, 512.5], [44.9375, 510.0], [45.625, 509.0], [46.625, 507.0], [47.390625, 506.0], [48.15625, 503.0], [48.921875, 499.5], [49.484375, 497.0], [50.1875, 495.0], [50.90625, 494.5], [51.609375, 493.0], [52.3125, 490.5], [53.015625, 488.0], [53.71875, 486.5], [54.421875, 485.5], [55.140625, 484.5], [55.84375, 483.5], [56.546875, 482.5], [57.25, 480.5], [57.984375, 479.5], [58.6875, 479.0], [59.40625, 478.5], [60.109375, 478.5], [60.828125, 477.5], [61.53125, 476.5], [62.25, 475.5], [62.953125, 474.5], [63.65625, 473.0], [64.359375, 473.0], [65.0625, 473.5], [65.765625, 472.5], [66.375, 472.5], [67.046875, 472.0], [67.734375, 472.0], [68.40625, 472.0], [69.203125, 472.0], [69.90625, 473.0], [70.609375, 475.5], [71.3125, 477.5], [72.015625, 477.5], [72.71875, 476.0], [73.421875, 474.0], [74.125, 475.0], [74.828125, 473.5], [75.53125, 473.5], [76.234375, 476.5], [76.9375, 475.0], [77.671875, 475.0], [78.375, 480.0], [79.09375, 485.5], [79.796875, 486.5], [80.484375, 484.5], [81.1875, 484.5], [81.890625, 485.5], [82.59375, 485.0], [83.1875, 488.5], [83.859375, 492.5], [84.53125, 496.5], [85.203125, 502.0], [85.984375, 503.0], [86.671875, 506.5], [87.375, 513.75], [88.0625, 519.25], [88.8125, 515.5], [89.515625, 510.5], [90.921875, 536.5], [91.59375, 536.0], [92.28125, 525.5], [92.984375, 524.0], [93.671875, 529.5], [94.390625, 533.5], [95.078125, 538.0], [95.78125, 542.0], [96.46875, 546.75], [97.1875, 550.75], [97.875, 553.0], [98.578125, 559.5], [99.265625, 567.25], [100.21875, 570.75], [100.96875, 574.0], [101.734375, 579.0], [102.484375, 585.5], [103.046875, 591.5], [103.75, 595.5], [104.453125, 601.5], [105.15625, 609.5], [105.890625, 616.0], [106.59375, 623.0], [107.3125, 631.5], [108.015625, 638.5], [108.71875, 643.5], [109.421875, 648.5], [110.125, 657.0], [110.828125, 668.5], [111.5625, 677.0], [112.265625, 683.0], [112.984375, 688.0], [113.6875, 697.0], [114.390625, 711.0], [115.09375, 722.5], [115.796875, 734.0], [116.5, 748.0], [117.234375, 756.0], [117.9375, 757.5], [118.65625, 763.5], [119.359375, 776.0], [119.796875, 786.5], [120.4375, 796.0], [121.078125, 809.0], [121.71875, 821.5], [122.59375, 834.0], [123.28125, 848.5], [123.984375, 864.0], [124.671875, 881.0], [125.390625, 896.0], [126.078125, 913.0], [126.78125, 935.0], [127.46875, 954.5], [128.1875, 975.0], [129.578125, 1340.5], [130.984375, 1479.5], [131.671875, 1501.5], [132.375, 1495.0], [133.0625, 1490.0], [133.78125, 1506.0], [138.421875, 7930.0], [142.5, 5897.5], [148.140625, 14942.0], [148.84375, 14904.0], [149.546875, 14879.0], [150.25, 14852.0], [150.984375, 14829.0], [151.6875, 14811.5], [152.40625, 14795.0], [153.109375, 14783.5], [154.53125, 1393.5], [155.25, 1384.0], [155.953125, 1388.5], [156.5625, 1398.5], [157.234375, 1405.0], [157.921875, 1412.75], [160.796875, 3335.5], [161.5, 3336.0], [162.21875, 3338.0], [163.625, 1498.0], [164.328125, 1483.5], [165.046875, 1469.5], [165.75, 1471.0], [166.453125, 1482.5], [167.15625, 1489.0], [172.796875, 2395.0], [173.484375, 2394.5], [177.703125, 1949.5], [179.8125, 1614.5], [-178.078125, 1475.5], [-177.375, 1437.0], [-176.671875, 1403.0], [-175.96875, 1372.5], [-175.265625, 1340.5], [-174.5625, 1310.5], [-173.859375, 1280.5], [-173.15625, 1253.5], [-172.4375, 1230.75], [-171.734375, 1204.25], [-171.03125, 1179.25], [-170.328125, 1157.0], [-169.453125, 1136.5], [-168.71875, 1118.0], [-167.96875, 1099.5], [-167.234375, 1081.5], [-166.609375, 1063.5], [-165.90625, 1045.0], [-165.1875, 1026.5], [-164.484375, 1012.0], [-163.765625, 997.0], [-163.0625, 981.0], [-162.34375, 969.0], [-161.640625, 956.5], [-160.921875, 941.5], [-160.21875, 924.5], [-159.5, 912.5], [-158.796875, 903.0], [-157.390625, 342.5], [-156.6875, 335.5], [-155.984375, 328.25], [-155.25, 320.25], [-154.546875, 313.25], [-153.828125, 306.25], [-153.125, 298.25], [-152.40625, 291.75], [-151.703125, 285.0], [-150.984375, 279.5], [-150.28125, 274.25], [-149.609375, 268.5], [-148.921875, 264.0], [-148.21875, 258.75], [-147.53125, 255.5], [-146.765625, 253.25], [-146.0625, 248.25], [-145.34375, 243.0], [-144.640625, 238.75], [-143.9375, 235.0], [-143.234375, 231.5], [-142.53125, 227.75], [-141.828125, 224.0], [-141.09375, 221.0], [-140.390625, 218.5], [-139.671875, 216.5], [-138.96875, 213.75], [-138.265625, 208.75], [-137.5625, 205.5], [-136.859375, 204.0], [-136.15625, 202.25], [-135.421875, 199.75], [-134.71875, 196.5], [-134.0, 192.75], [-133.296875, 190.25], [-132.0625, 185.0], [-131.390625, 185.5], [-130.71875, 183.75], [-129.921875, 181.25], [-129.21875, 180.0], [-128.515625, 181.0], [-127.8125, 183.5], [-127.109375, 186.5], [-126.40625, 189.0], [-125.703125, 190.5], [-124.296875, 199.0], [-123.59375, 204.0], [-122.890625, 209.0], [-121.46875, 221.5], [-120.765625, 225.5], [-120.0625, 230.5], [-118.65625, 245.0], [-117.953125, 251.0], [-117.25, 257.5], [-116.546875, 265.0], [-115.859375, 273.0], [-114.46875, 291.5], [-112.375, 316.5], [-109.546875, 373.0], [-105.375, 643.0], [-104.640625, 646.5], [-103.9375, 649.5], [-103.234375, 653.0], [-102.53125, 655.0], [-101.828125, 657.5], [-101.125, 660.5], [-100.421875, 662.0], [-99.71875, 665.5], [-99.03125, 671.0], [-98.34375, 674.5], [-97.640625, 675.0], [-96.953125, 680.5], [-96.0625, 684.5], [-95.328125, 688.0], [-94.578125, 690.5], [-93.84375, 694.5], [-93.234375, 700.0], [-92.53125, 703.5], [-91.828125, 706.5], [-91.125, 714.5], [-90.40625, 721.0], [-89.703125, 721.5], [-89.0, 727.0], [-88.296875, 729.5], [-87.578125, 735.5], [-86.875, 742.5], [-86.171875, 744.0], [-85.46875, 742.0], [-84.75, 743.5], [-84.046875, 751.0], [-83.34375, 754.0], [-82.640625, 756.5], [-81.921875, 762.0], [-81.21875, 767.0], [-80.515625, 772.5], [-79.8125, 777.0], [-79.109375, 781.0], [-78.40625, 786.0], [-77.703125, 791.5], [-77.0, 798.0], [-76.296875, 804.5], [-75.59375, 811.0], [-74.890625, 818.5], [-74.1875, 826.0], [-73.46875, 831.5], [-72.765625, 839.0], [-72.0625, 848.5], [-71.359375, 856.5], [-70.640625, 865.5], [-69.9375, 875.0], [-69.234375, 886.5], [-68.53125, 897.0], 