{"heading": 6.1, "target": -0.33767027065258026, "gap_dist": 403.2381006033879, "gap_info": [{"width": 403.2381006033879, "center_angle": -0.33767027065258026, "edge_a": [-2.390625, 760.5], "edge_b": [3.984375, 361.5], "depth": 760.5, "passable": true, "chosen": true}, {"width": 86.0222784312755, "center_angle": 8.25218078092116, "edge_a": [6.125, 274.0], "edge_b": [11.3125, 190.5], "depth": 274.0, "passable": false, "chosen": false}, {"width": 372.1090391440548, "center_angle": 91.31847722612207, "edge_a": [62.75, 381.5], "edge_b": [115.40625, 447.0], "depth": 447.0, "passable": true, "chosen": false}], "scan": [[-3.109375, 752.0], [-2.390625, 760.5], [-0.984375, 808.5], [-0.28125, 832.0], [3.984375, 361.5], [6.125, 274.0], [11.3125, 190.5], [13.421875, 171.5], [14.125, 169.0], [14.84375, 168.5], [16.296875, 163.0], [17.015625, 163.0], [17.734375, 161.5], [18.453125, 162.5], [19.15625, 164.0], [19.859375, 164.5], [20.578125, 166.0], [21.28125, 167.0], [22.03125, 166.5], [22.75, 167.0], [23.46875, 168.0], [24.1875, 169.0], [24.90625, 171.0], [25.625, 172.5], [26.34375, 174.0], [27.0625, 174.5], [27.78125, 176.0], [28.5, 177.5], [29.21875, 178.0], [29.9375, 180.5], [30.34375, 182.5], [30.984375, 183.0], [31.625, 183.5], [32.265625, 186.5], [33.171875, 189.0], [33.875, 190.0], [34.578125, 192.5], [35.28125, 194.5], [36.0, 196.5], [36.703125, 199.5], [37.40625, 201.5], [38.109375, 204.0], [38.828125, 206.5], [39.53125, 209.0], [40.234375, 212.5], [40.9375, 215.5], [41.671875, 218.0], [42.375, 219.5], [43.09375, 223.0], [43.796875, 228.0], [44.5, 231.5], [45.203125, 234.0], [45.90625, 233.0], [48.453125, 250.0], [49.25, 254.5], [50.03125, 260.0], [50.53125, 264.5], [51.234375, 270.0], [51.953125, 273.5], [52.65625, 278.0], [53.40625, 284.5], [54.125, 288.0], [54.84375, 292.5], [55.5625, 300.5], [56.296875, 308.5], [57.015625, 315.0], [57.734375, 322.0], [58.453125, 329.0], [59.1875, 336.0], [60.625, 356.0], [61.34375, 363.0], [62.046875, 371.5], [62.75, 381.5], [64.171875, 1134.0], [64.8125, 1115.0], [65.5, 1111.0], [66.1875, 1102.5], [66.875, 1082.0], [67.65625, 1067.0], [68.359375, 1054.5], [69.078125, 1037.0], [69.78125, 1023.5], [70.5, 1015.5], [71.203125, 1005.0], [71.921875, 994.0], [72.625, 985.5], [73.359375, 980.0], [74.0625, 974.0], [74.78125, 965.5], [75.484375, 955.5], [76.203125, 948.5], [76.90625, 943.0], [77.625, 935.0], [78.328125, 928.5], [79.0625, 923.5], [79.765625, 920.5], [80.484375, 916.0], [81.1875, 910.0], [81.921875, 904.0], [82.625, 899.0], [83.34375, 895.5], [84.046875, 892.5], [84.625, 887.5], [85.296875, 883.5], [85.96875, 883.0], [86.640625, 880.0], [87.46875, 876.75], [88.171875, 874.25], [88.890625, 871.5], [89.59375, 871.0], [90.296875, 869.0], [91.0, 865.25], [91.703125, 862.75], [92.40625, 860.0], [93.125, 856.0], [93.828125, 854.0], [94.53125, 852.0], [95.234375, 848.5], [95.96875, 846.5], [96.671875, 846.0], [97.390625, 846.75], [98.09375, 848.25], [98.796875, 845.0], [99.5, 837.5], [100.203125, 830.5], [100.90625, 827.25], [101.828125, 826.5], [102.578125, 824.5], [103.34375, 823.5], [104.09375, 825.0], [104.703125, 823.75], [105.421875, 821.25], [106.140625, 822.5], [106.859375, 823.5], [107.5625, 822.5], [108.265625, 823.5], [108.984375, 823.5], [109.6875, 822.0], [110.421875, 822.5], [111.125, 824.5], [111.84375, 829.0], [112.546875, 832.5], [113.28125, 834.0], [113.984375, 837.0], [115.40625, 447.0], [116.140625, 444.0], [116.84375, 440.5], [117.5625, 438.0], [118.265625, 435.0], [118.8125, 431.5], [119.46875, 429.0], [120.140625, 426.5], [120.796875, 424.0], [121.625, 420.0], [122.328125, 416.0], [123.03125, 415.0], [123.734375, 414.0], [124.4375, 411.5], [125.140625, 410.0], [125.84375, 409.5], [126.546875, 408.0], [127.265625, 405.5], [127.96875, 403.0], [128.671875, 401.5], [129.375, 400.5], [130.109375, 399.5], [130.8125, 398.0], [131.53125, 396.5], [132.234375, 395.5], [132.921875, 393.5], [133.625, 392.5], [134.328125, 391.5], [135.03125, 390.5], [135.984375, 390.0], [136.75, 389.0], [137.515625, 388.0], [138.28125, 387.5], [138.8125, 386.75], [139.515625, 385.25], [140.21875, 384.0], [140.921875, 385.0], [141.734375, 388.0], [142.453125, 389.5], [143.90625, 495.5], [144.546875, 499.0], [145.953125, 1121.0], [146.65625, 1133.0], [147.40625, 1146.5], [148.109375, 1158.5], [148.828125, 1170.0], [149.53125, 1183.5], [150.265625, 1199.0], [150.96875, 1216.0], [151.6875, 1231.5], [152.390625, 1251.0], [153.125, 1275.0], [153.828125, 1287.0], [154.546875, 1297.0], [155.25, 1317.0], [155.9375, 1341.5], [156.640625, 1366.0], [157.34375, 1389.5], [158.046875, 1415.0], [158.78125, 1440.0], [159.484375, 1470.5], [160.203125, 1504.0], [161.640625, 2225.0], [162.34375, 2245.5], [163.0625, 2283.0], [165.90625, 2134.5], [166.609375, 2138.0], [167.34375, 2173.5], [170.90625, 2258.5], [175.84375, 6008.5], [177.25, 6649.0], [178.703125, 5474.0], [-179.875, 5815.5], [-178.484375, 1723.5], [-177.078125, 457.0], [-176.375, 457.0], [-175.640625, 455.0], [-174.9375, 454.0], [-174.21875, 452.5], [-173.515625, 450.5], [-172.78125, 449.5], [-172.078125, 448.0], [-171.359375, 447.0], [-170.65625, 445.5], [-169.8125, 443.5], [-169.078125, 444.0], [-168.328125, 444.0], [-167.59375, 443.0], [-166.9375, 443.0], [-166.21875, 442.0], [-165.5, 440.5], [-164.78125, 439.5], [-164.09375, 438.5], [-163.390625, 437.5], [-162.671875, 437.0], [-161.96875, 436.5], [-161.21875, 436.0], [-160.5, 436.0], [-159.78125, 436.5], [-159.0625, 437.5], [-158.359375, 439.5], [-157.65625, 441.5], [-156.9375, 441.5], [-156.234375, 442.0], [-155.484375, 443.0], [-154.765625, 442.5], [-154.046875, 443.5], [-153.328125, 446.0], [-152.625, 446.0], [-151.921875, 446.5], [-151.203125, 449.0], [-150.5, 450.0], [-149.828125, 451.5], [-149.140625, 454.0], [-148.4375, 454.5], [-147.75, 455.5], [-146.96875, 457.5], [-146.265625, 457.5], [-145.546875, 459.0], [-144.84375, 461.5], [-144.109375, 463.5], [-143.40625, 465.5], [-142.6875, 466.5], [-141.984375, 469.0], [-141.265625, 473.5], [-140.5625, 477.5], [-139.84375, 482.5], [-138.40625, 534.5], [-137.703125, 546.5], [-136.28125, 521.0], [-134.84375, 498.5], [-134.125, 497.0], [-132.828125, 464.5], [-131.46875, 439.0], [-130.015625, 411.0], [-129.3125, 404.5], [-128.609375, 395.0], [-127.90625, 391.5], [-127.171875, 388.5], [-125.75, 375.0], [-124.359375, 362.5], [-123.65625, 355.5], [-122.25, 341.0], [-121.5, 340.5], [-120.796875, 340.5], [-119.375, 327.5], [-118.65625, 323.5], [-117.953125, 322.5], [-117.234375, 319.0], [-116.53125, 313.0], [-115.875, 308.5], [-115.1875, 305.0], [-114.484375, 303.0], [-113.796875, 300.5], [-113.0625, 294.5], [-112.359375, 290.0], [-111.65625, 287.5], [-110.953125, 285.0], [-110.21875, 280.5], [-109.515625, 279.5], [-108.796875, 279.0], [-108.09375, 276.0], [-107.390625, 272.5], [-106.6875, 268.0], [-105.984375, 266.5], [-105.28125, 265.0], [-104.578125, 262.5], [-103.875, 260.0], [-103.171875, 256.0], [-102.46875, 253.0], [-101.734375, 252.5], [-101.03125, 252.0], [-100.3125, 252.5], [-99.609375, 251.5], [-98.90625, 248.5], [-98.203125, 246.0], [-97.5, 245.0], [-96.796875, 244.5], [-95.984375, 243.0], [-95.265625, 239.5], [-94.53125, 237.0], [-93.8125, 235.0], [-93.171875, 234.0], [-92.46875, 234.5], [-91.765625, 234.0], [-91.0625, 231.5], [-90.328125, 230.5], [-89.625, 231.0], [-88.90625, 229.0], [-88.203125, 227.0], [-87.484375, 226.5], [-86.78125, 226.0], [-86.0625, 224.5], [-85.359375, 223.0], [-84.640625, 222.5], [-83.9375, 223.5], [-83.21875, 223.0], [-82.515625, 222.5], [-81.796875, 223.0], [-81.09375, 223.0], [-80.375, 221.5], [-79.671875, 221.0], [-78.96875, 221.5], [-78.265625, 221.0], [-77.5625, 221.5], [-76.859375, 222.5], [-76.125, 222.5], [-75.421875, 222.0], [-74.703125, 223.5], [-74.0, 224.5], [-73.28125, 224.5], [-72.578125, 223.5], [-71.859375, 222.5], [-71.15625, 222.0], [-70.4375, 222.5], [-69.734375, 223.0], [-69.015625, 222.0], [-68.3125, 223.5], [-67.609375, 225.0], [-66.90625, 224.5], [-66.203125, 224.0], [-65.5, 226.5], [-64.765625, 226.5], [-64.0625, 224.0], 