{"heading": 5.0, "target": -43.47874794706713, "gap_dist": 343.1363986395044, "gap_info": [{"width": 109.4855833606519, "center_angle": -129.13417944766175, "edge_a": [-131, 267.0], "edge_b": [-126, 159.0], "depth": 267.0, "passable": false, "chosen": false}, {"width": 343.1363986395044, "center_angle": -43.47874794706713, "edge_a": [-73, 352.0], "edge_b": [-11, 323.0], "depth": 352.0, "passable": true, "chosen": true}, {"width": 87.55777544794176, "center_angle": 32.03835425987985, "edge_a": [28, 224.5], "edge_b": [35, 306.0], "depth": 306.0, "passable": false, "chosen": false}, {"width": 133.40208854843755, "center_angle": 39.7436818696347, "edge_a": [35, 306.0], "edge_b": [43, 445.5], "depth": 445.5, "passable": false, "chosen": false}], "scan": [[-4, 258.0], [-3, 253.0], [-2, 249.0], [-1, 241.0], [0, 237.0], [2, 224.0], [3, 221.0], [4, 214.5], [5, 211.5], [6, 203.5], [7, 201.5], [8, 196.0], [9, 194.5], [11, 187.5], [12, 183.5], [13, 181.0], [14, 177.0], [15, 177.0], [16, 176.0], [17, 172.5], [18, 173.0], [19, 174.0], [20, 176.5], [21, 178.0], [22, 180.0], [23, 187.0], [25, 202.5], [26, 206.5], [28, 224.5], [35, 306.0], [43, 445.5], [44, 452.5], [45, 448.25], [47, 432.0], [48, 432.0], [49, 417.5], [51, 397.5], [52, 393.0], [53, 388.5], [54, 382.5], [55, 375.5], [56, 372.0], [57, 367.5], [58, 358.0], [59, 353.5], [60, 353.5], [61, 348.0], [62, 345.0], [63, 342.0], [64, 342.0], [65, 340.0], [66, 333.75], [67, 328.75], [68, 325.5], [69, 324.5], [70, 322.75], [71, 319.0], [72, 316.5], [73, 314.75], [74, 312.75], [75, 312.0], [76, 306.0], [77, 306.75], [78, 306.75], [79, 304.5], [80, 300.25], [81, 299.75], [82, 298.5], [83, 298.0], [84, 298.5], [85, 298.0], [86, 297.5], [87, 297.5], [88, 298.0], [89, 297.5], [90, 296.75], [91, 298.25], [92, 296.75], [93, 297.5], [94, 297.25], [95, 297.75], [96, 297.75], [97, 298.25], [98, 300.75], [99, 301.75], [100, 303.0], [101, 303.5], [102, 303.5], [103, 307.5], [104, 308.25], [105, 306.75], [106, 312.5], [107, 313.5], [108, 315.0], [109, 317.75], [110, 321.5], [111, 327.0], [112, 327.0], [113, 328.5], [114, 331.0], [115, 334.5], [116, 343.0], [117, 341.5], [118, 348.5], [119, 349.5], [120, 357.0], [121, 360.0], [122, 359.25], [123, 370.25], [124, 370.25], [125, 381.0], [126, 381.25], [127, 382.5], [128, 390.75], [129, 394.5], [130, 399.0], [131, 403.5], [132, 415.25], [133, 418.5], [134, 422.75], [136, 445.0], [137, 448.5], [138, 457.0], [139, 460.5], [141, 486.5], [142, 488.25], [143, 504.5], [145, 540.5], [146, 550.5], [148, 593.5], [149, 606.5], [151, 654.0], [152, 659.0], [155, 737.0], [156, 756.0], [158, 788.75], [176, 1272.0], [177, 1277.0], [178, 1278.0], [179, 1279.5], [180, 1282.5], [-179, 1286.0], [-178, 1292.0], [-177, 1295.0], [-176, 1309.0], [-173, 631.5], [-172, 618.0], [-171, 620.0], [-170, 621.5], [-169, 622.5], [-168, 629.5], [-167, 632.5], [-166, 635.0], [-165, 638.0], [-164, 641.0], [-163, 646.5], [-162, 648.5], [-161, 652.5], [-160, 656.0], [-159, 661.0], [-158, 669.0], [-157, 674.0], [-156, 677.5], [-155, 684.5], [-154, 689.0], [-153, 700.0], [-152, 705.0], [-151, 719.5], [-150, 727.5], [-149, 735.0], [-148, 757.0], [-147, 760.0], [-146, 759.0], [-145, 757.5], [-144, 756.0], [-143, 755.0], [-142, 750.5], [-141, 750.0], [-140, 750.0], [-139, 751.0], [-138, 753.0], [-137, 754.0], [-136, 755.5], [-135, 756.5], [-134, 757.5], [-133, 760.0], [-131, 267.0], [-126, 159.0], [-125, 157.5], [-124, 157.5], [-123, 157.5], [-122, 158.0], [-121, 158.0], [-120, 159.0], [-119, 159.0], [-118, 159.5], [-117, 162.5], [-116, 163.0], [-115, 164.5], [-114, 165.0], [-113, 166.5], [-112, 167.5], [-111, 168.5], [-110, 169.5], [-109, 171.5], [-108, 172.5], [-107, 176.0], [-106, 178.0], [-105, 181.0], [-104, 181.5], [-103, 181.5], [-102, 186.5], [-101, 187.5], [-100, 191.5], [-99, 194.0], [-98, 196.5], [-97, 199.5], [-96, 202.0], [-95, 207.0], [-94, 210.0], [-93, 213.5], [-92, 218.5], [-91, 220.5], [-90, 228.0], [-89, 231.0], [-88, 235.0], [-87, 238.5], [-85, 252.0], [-84, 255.5], [-83, 260.0], [-82, 270.0], [-81, 275.0], [-80, 284.5], [-79, 291.5], [-78, 297.5], [-77, 311.0], [-76, 318.5], [-75, 330.0], [-74, 338.5], [-73, 352.0], [-70, 837.5], [-69, 838.5], [-68, 845.0], [-67, 848.0], [-66, 849.0], [-65, 855.5], [-64, 861.0], [-63, 868.5], [-62, 874.5], [-61, 880.5], [-60, 893.5], [-59, 899.0], [-58, 909.5], [-57, 914.0], [-56, 921.5], [-55, 939.5], [-54, 946.5], [-53, 965.0], [-52, 975.5], [-51, 997.0], [-50, 1000.5], [-49, 1006.5], [-48, 1027.0], [-47, 1038.5], [-46, 1063.0], [-45, 1072.5], [-44, 1084.0], [-43, 1111.0], [-42, 1123.5], [-41, 1153.0], [-40, 1168.5], [-38, 4728.0], [-35, 9209.0], [-14, 11279.5], [-13, 11346.0], [-11, 323.0], [-9, 298.5], [-8, 291.5], [-7, 277.0], [-6, 271.5], [-5, 262.5]]}