{"heading": 20.4, "target": -15.435673686827043, "gap_dist": 518.3778813702033, "gap_info": [{"width": 566.8571977765405, "center_angle": -167.62431593182768, "edge_a": [-177, 798.0], "edge_b": [-143, 312.0], "depth": 798.0, "passable": true, "chosen": false}, {"width": 518.3778813702033, "center_angle": -15.435673686827043, "edge_a": [-17, 797.5], "edge_b": [-11, 281.5], "depth": 797.5, "passable": true, "chosen": true}], "scan": [[-4, 249.0], [-3, 246.0], [-2, 243.5], [-1, 248.0], [0, 246.0], [1, 243.0], [2, 240.0], [3, 237.5], [4, 234.5], [5, 231.5], [6, 229.5], [7, 227.5], [8, 225.0], [9, 223.5], [10, 222.5], [11, 220.5], [12, 219.0], [13, 218.0], [14, 216.5], [15, 215.0], [16, 213.0], [17, 212.0], [18, 211.5], [19, 209.5], [20, 208.5], [21, 208.0], [22, 207.5], [23, 206.0], [24, 206.0], [25, 205.5], [26, 205.0], [27, 205.0], [28, 204.0], [29, 204.0], [30, 201.5], [31, 202.0], [32, 201.0], [33, 202.0], [34, 201.5], [35, 201.0], [36, 201.0], [37, 205.0], [38, 204.5], [39, 204.0], [40, 204.5], [41, 205.5], [42, 206.5], [43, 207.0], [44, 207.5], [45, 207.5], [46, 208.5], [47, 209.0], [48, 211.0], [49, 215.0], [52, 199.0], [53, 196.5], [54, 198.5], [55, 200.5], [56, 201.5], [57, 202.0], [58, 204.5], [59, 205.5], [60, 207.0], [61, 209.0], [62, 210.5], [63, 214.5], [64, 216.0], [65, 219.5], [66, 221.5], [67, 223.5], [68, 226.5], [69, 229.0], [70, 232.5], [71, 235.0], [72, 239.5], [73, 242.0], [74, 245.0], [75, 252.5], [76, 255.0], [77, 261.0], [78, 265.0], [79, 270.0], [80, 274.5], [81, 281.5], [82, 285.5], [83, 292.0], [84, 296.0], [85, 307.5], [86, 311.5], [87, 316.0], [88, 328.0], [89, 333.0], [90, 345.0], [91, 352.5], [92, 370.5], [93, 377.0], [94, 381.5], [95, 400.5], [97, 496.5], [98, 494.0], [99, 491.0], [100, 488.5], [101, 483.5], [102, 481.0], [103, 478.0], [104, 475.5], [105, 473.0], [106, 469.0], [107, 467.5], [108, 464.5], [109, 464.0], [110, 460.0], [111, 459.5], [112, 456.0], [113, 454.5], [114, 453.5], [115, 452.0], [116, 450.0], [117, 449.5], [118, 449.5], [119, 447.5], [120, 446.5], [121, 442.0], [122, 442.0], [123, 443.5], [124, 441.0], [125, 442.0], [126, 442.5], [127, 442.0], [128, 443.0], [129, 443.5], [130, 441.5], [131, 442.0], [132, 445.0], [133, 448.0], [134, 447.5], [135, 447.0], [136, 449.0], [137, 450.0], [138, 454.5], [139, 457.0], [141, 456.0], [142, 457.5], [143, 456.5], [144, 457.5], [145, 460.5], [146, 464.0], [147, 472.5], [148, 482.5], [149, 477.5], [152, 479.0], [153, 485.5], [154, 494.0], [155, 518.5], [156, 528.5], [157, 529.0], [158, 513.0], [160, 539.5], [161, 546.0], [162, 540.5], [163, 543.5], [164, 553.0], [165, 559.5], [166, 572.5], [167, 577.5], [168, 592.0], [169, 601.0], [170, 608.0], [171, 621.0], [172, 630.0], [173, 638.5], [174, 649.5], [175, 673.0], [176, 681.5], [177, 693.5], [178, 705.5], [179, 719.0], [180, 744.5], [-179, 759.5], [-178, 794.0], [-177, 798.0], [-175, 860.5], [-173, 906.0], [-171, 965.0], [-167, 1121.5], [-166, 1114.5], [-165, 1101.5], [-164, 1096.5], [-163, 1085.0], [-162, 1080.0], [-161, 1076.5], [-160, 1068.5], [-159, 1065.0], [-158, 1061.0], [-157, 1058.0], [-156, 1053.0], [-155, 1048.0], [-154, 1045.5], [-153, 1040.0], [-152, 1038.5], [-151, 1042.5], [-150, 1039.0], [-149, 1034.0], [-148, 1032.5], [-147, 1032.5], [-146, 1029.0], [-145, 1032.5], [-143, 312.0], [-142, 308.0], [-141, 307.5], [-140, 309.5], [-139, 311.5], [-138, 313.5], [-137, 312.5], [-136, 313.5], [-135, 315.0], [-134, 315.5], [-133, 316.0], [-132, 317.0], [-131, 318.5], [-130, 320.0], [-129, 321.0], [-128, 323.0], [-127, 326.0], [-126, 328.0], [-125, 330.5], [-124, 332.5], [-123, 336.0], [-122, 337.5], [-121, 341.0], [-120, 343.0], [-119, 344.5], [-118, 349.5], [-117, 351.5], [-116, 356.5], [-115, 359.5], [-114, 365.0], [-113, 368.0], [-112, 373.5], [-111, 377.0], [-110, 380.0], [-109, 386.5], [-108, 389.5], [-107, 397.5], [-106, 401.5], [-105, 407.5], [-104, 412.0], [-103, 421.5], [-102, 427.0], [-101, 433.0], [-100, 448.0], [-99, 454.0], [-98, 451.0], [-97, 452.5], [-96, 462.5], [-95, 467.0], [-94, 473.5], [-93, 489.0], [-92, 497.0], [-91, 512.0], [-90, 521.0], [-89, 541.5], [-88, 549.0], [-87, 559.0], [-86, 572.5], [-84, 621.5], [-83, 634.5], [-82, 666.5], [-80, 729.0], [-79, 737.5], [-78, 739.0], [-77, 744.75], [-76, 741.0], [-75, 738.0], [-74, 722.0], [-73, 711.0], [-72, 707.5], [-71, 698.5], [-70, 694.0], [-69, 692.5], [-68, 689.0], [-67, 681.0], [-66, 679.0], [-65, 670.0], [-64, 663.5], [-63, 657.5], [-62, 651.5], [-61, 650.0], [-60, 649.5], [-59, 652.5], [-58, 653.0], [-57, 654.0], [-56, 655.5], [-55, 656.5], [-54, 654.5], [-53, 652.0], [-52, 649.5], [-51, 653.5], [-50, 659.0], [-49, 664.5], [-48, 667.5], [-47, 671.0], [-46, 670.5], [-45, 672.0], [-44, 677.5], [-43, 681.5], [-42, 684.5], [-41, 687.5], [-40, 687.5], [-39, 689.5], [-38, 690.0], [-37, 690.5], [-36, 692.5], [-35, 702.0], [-34, 704.0], [-33, 705.0], [-32, 705.5], [-31, 714.0], [-30, 714.0], [-29, 719.0], [-28, 719.0], [-27, 728.0], [-26, 731.5], [-25, 736.0], [-24, 744.0], [-23, 751.0], [-22, 758.0], [-21, 763.0], [-20, 774.0], [-19, 779.0], [-18, 782.5], [-17, 797.5], [-16, 801.5], [-15, 811.5], [-14, 819.0], [-13, 833.0], [-11, 281.5], [-10, 277.0], [-9, 269.5], [-8, 267.0], [-7, 261.0], [-6, 258.0], [-5, 251.5]]}