{"heading": -22.4, "target": 15.42917023593544, "gap_dist": 414.7282703157102, "gap_info": [{"width": 350.09223317934914, "center_angle": -72.4592889570848, "edge_a": [-73, 761.0], "edge_b": [-71, 282.0], "depth": 761.0, "passable": true, "chosen": false}, {"width": 414.7282703157102, "center_angle": 15.42917023593544, "edge_a": [3, 226.0], "edge_b": [19, 781.0], "depth": 781.0, "passable": true, "chosen": true}, {"width": 201.13796017624142, "center_angle": 125.44361651254441, "edge_a": [118, 775.0], "edge_b": [133, 763.5], "depth": 775.0, "passable": false, "chosen": false}], "scan": [[-4, 197.0], [-3, 212.5], [-2, 213.0], [-1, 216.5], [0, 218.5], [1, 220.0], [2, 221.5], [3, 226.0], [8, 1052.5], [9, 1008.5], [10, 991.5], [11, 970.0], [12, 929.0], [13, 913.0], [14, 874.0], [15, 859.0], [16, 829.0], [17, 817.5], [18, 806.0], [19, 781.0], [20, 767.5], [21, 746.5], [22, 740.5], [23, 732.0], [24, 715.0], [25, 708.0], [26, 697.5], [27, 690.5], [28, 682.0], [29, 681.5], [30, 676.0], [31, 663.5], [32, 657.5], [33, 650.0], [35, 631.5], [37, 614.5], [38, 605.5], [39, 599.0], [40, 594.5], [41, 593.0], [42, 590.0], [43, 575.0], [44, 573.0], [45, 562.5], [46, 558.5], [47, 560.0], [48, 548.0], [49, 543.0], [50, 534.5], [51, 531.5], [52, 532.5], [53, 527.0], [54, 525.0], [55, 519.0], [56, 518.0], [57, 514.0], [58, 511.0], [59, 510.5], [60, 510.5], [61, 510.0], [62, 503.5], [63, 502.5], [64, 501.5], [65, 500.0], [66, 498.5], [67, 499.0], [68, 499.0], [69, 498.5], [70, 499.5], [71, 501.0], [72, 502.5], [73, 503.0], [74, 503.5], [75, 505.0], [76, 506.5], [77, 509.0], [78, 508.5], [79, 512.5], [80, 519.0], [81, 517.5], [82, 518.5], [83, 524.0], [84, 527.5], [85, 531.5], [86, 528.5], [87, 538.0], [88, 544.0], [90, 565.5], [91, 567.0], [92, 570.0], [93, 573.5], [94, 576.5], [95, 582.0], [96, 599.5], [97, 594.5], [98, 605.5], [99, 605.5], [100, 615.0], [101, 619.75], [102, 633.25], [103, 640.5], [104, 650.0], [105, 660.25], [106, 660.25], [107, 670.25], [108, 681.5], [109, 687.5], [110, 690.0], [111, 693.5], [112, 701.5], [113, 708.0], [114, 729.0], [115, 737.5], [116, 747.5], [117, 765.5], [118, 775.0], [119, 800.0], [120, 820.5], [121, 833.0], [122, 846.5], [123, 872.0], [124, 888.5], [125, 925.0], [126, 945.5], [127, 984.5], [128, 1005.0], [129, 1048.5], [130, 1075.5], [133, 763.5], [134, 755.5], [136, 762.0], [137, 772.5], [140, 843.0], [141, 863.5], [145, 1732.0], [146, 1729.0], [147, 1722.5], [148, 1719.0], [149, 1716.0], [150, 1716.0], [151, 1711.5], [152, 1711.0], [153, 1711.0], [154, 1710.5], [157, 891.5], [158, 869.5], [159, 855.75], [160, 844.5], [161, 849.0], [162, 851.5], [163, 849.5], [164, 850.5], [165, 857.5], [167, 9433.0], [168, 9466.5], [169, 9500.5], [170, 9544.5], [178, 9927.5], [179, 10052.5], [180, 10098.5], [-165, 5253.0], [-163, 9461.5], [-161, 2545.5], [-158, 1942.0], [-150, 8694.0], [-148, 2495.5], [-147, 2481.0], [-146, 2482.0], [-141, 2340.0], [-132, 3610.0], [-131, 3641.5], [-129, 577.5], [-128, 572.0], [-127, 567.0], [-126, 568.5], [-125, 572.25], [-124, 566.75], [-123, 561.0], [-122, 556.0], [-121, 550.5], [-120, 549.75], [-119, 547.5], [-118, 551.5], [-117, 553.5], [-116, 547.0], [-115, 546.0], [-114, 547.0], [-113, 548.5], [-112, 548.0], [-111, 549.0], [-110, 549.0], [-109, 549.5], [-108, 551.5], [-107, 553.0], [-106, 553.5], [-105, 555.0], [-104, 557.5], [-103, 561.5], [-102, 563.0], [-101, 566.0], [-100, 572.0], [-99, 575.5], [-98, 580.5], [-97, 581.0], [-96, 588.0], [-95, 593.0], [-94, 598.0], [-93, 601.0], [-92, 610.5], [-91, 616.5], [-90, 624.0], [-89, 628.0], [-88, 633.0], [-87, 642.5], [-86, 647.5], [-85, 659.5], [-84, 666.5], [-83, 685.5], [-82, 686.0], [-81, 684.0], [-80, 689.5], [-79, 699.5], [-78, 705.5], [-77, 718.5], [-76, 727.0], [-75, 741.0], [-74, 748.0], [-73, 761.0], [-71, 282.0], [-70, 278.0], [-69, 272.0], [-68, 267.5], [-67, 259.5], [-66, 255.5], [-65, 249.0], [-64, 248.0], [-63, 241.0], [-62, 239.5], [-61, 233.5], [-60, 232.0], [-59, 227.0], [-58, 225.0], [-57, 222.5], [-56, 219.5], [-55, 217.5], [-54, 212.5], [-53, 211.5], [-52, 209.5], [-51, 207.5], [-50, 204.5], [-49, 203.5], [-48, 201.5], [-47, 201.5], [-46, 201.0], [-45, 199.5], [-44, 196.5], [-43, 195.5], [-42, 194.5], [-41, 193.0], [-40, 191.5], [-39, 192.0], [-38, 190.0], [-37, 188.5], [-36, 188.0], [-35, 185.5], [-34, 184.5], [-33, 183.5], [-32, 183.5], [-31, 183.5], [-30, 184.5], [-29, 183.0], [-28, 182.0], [-27, 179.5], [-26, 180.0], [-25, 178.0], [-24, 178.5], [-23, 179.0], [-22, 180.0], [-21, 182.5], [-20, 183.0], [-19, 184.0], [-18, 184.0], [-17, 184.5], [-16, 185.0], [-15, 186.5], [-14, 187.0], [-13, 189.0], [-12, 187.5], [-11, 190.5], [-10, 191.5], [-9, 193.0], [-8, 193.5], [-7, 195.0], [-6, 195.0], [-5, 195.5]]}