{"heading": 15.5, "target": 73.22458667562941, "gap_dist": 586.0980363753933, "gap_info": [{"width": 586.0980363753933, "center_angle": 73.22458667562941, "edge_a": [63, 217.0], "edge_b": [76, 795.5], "depth": 795.5, "passable": true, "chosen": true}, {"width": 425.35930282023435, "center_angle": 127.60934138531948, "edge_a": [127, 756.5], "edge_b": [129, 331.5], "depth": 756.5, "passable": true, "chosen": false}], "scan": [[-2, 255.0], [-1, 254.0], [0, 252.5], [1, 247.0], [2, 245.0], [3, 240.5], [4, 237.5], [5, 232.5], [6, 230.5], [7, 229.0], [8, 225.5], [9, 224.0], [10, 220.5], [11, 218.0], [12, 216.5], [13, 213.5], [14, 213.0], [15, 210.5], [16, 210.0], [17, 208.5], [18, 207.0], [19, 204.5], [20, 202.5], [21, 202.0], [22, 201.0], [23, 201.5], [24, 200.5], [25, 198.0], [26, 198.0], [27, 197.0], [28, 196.5], [29, 196.5], [30, 196.0], [31, 195.0], [32, 195.0], [33, 192.0], [34, 190.0], [35, 189.0], [36, 190.0], [37, 189.5], [38, 188.0], [39, 188.5], [40, 191.5], [41, 193.5], [42, 195.5], [43, 195.5], [44, 195.5], [45, 196.5], [46, 197.0], [47, 197.0], [48, 198.0], [49, 199.0], [50, 199.0], [51, 199.5], [52, 199.5], [53, 200.5], [54, 199.5], [55, 203.5], [56, 205.0], [57, 206.5], [58, 207.5], [59, 208.5], [60, 209.5], [61, 211.0], [62, 215.0], [63, 217.0], [66, 886.25], [67, 878.5], [68, 863.25], [69, 855.0], [70, 842.75], [71, 835.0], [72, 820.0], [73, 816.75], [74, 810.75], [75, 800.25], [76, 795.5], [77, 784.5], [78, 780.0], [79, 771.0], [80, 769.5], [81, 765.0], [82, 765.0], [83, 761.5], [84, 747.0], [85, 744.0], [86, 747.5], [87, 755.0], [88, 738.5], [89, 735.0], [90, 733.5], [91, 741.0], [92, 738.0], [93, 730.0], [94, 723.0], [95, 723.5], [96, 721.25], [97, 713.5], [98, 709.75], [99, 708.75], [100, 708.5], [101, 707.0], [102, 706.5], [103, 710.0], [104, 706.0], [105, 706.5], [106, 708.0], [107, 711.0], [108, 714.0], [109, 712.0], [110, 713.5], [111, 717.0], [112, 718.0], [113, 720.5], [114, 723.5], [115, 729.0], [116, 735.0], [117, 737.5], [118, 739.5], [119, 744.0], [120, 745.0], [121, 754.0], [122, 763.0], [123, 763.0], [124, 760.5], [125, 763.5], [126, 755.5], [127, 756.5], [129, 331.5], [130, 326.5], [131, 328.0], [132, 330.5], [133, 331.5], [134, 334.5], [135, 335.0], [136, 335.5], [137, 336.0], [138, 336.0], [139, 339.5], [140, 340.5], [141, 342.0], [142, 343.5], [143, 348.0], [144, 349.5], [145, 351.0], [146, 351.5], [147, 354.0], [148, 359.0], [149, 362.0], [150, 365.5], [151, 367.5], [152, 370.5], [153, 373.5], [154, 378.5], [155, 381.5], [156, 384.0], [157, 390.0], [158, 393.0], [159, 401.5], [160, 403.0], [165, 4585.0], [167, 1854.0], [168, 1850.5], [169, 1850.0], [170, 1858.5], [174, 1798.0], [175, 1772.0], [176, 1763.0], [177, 1751.0], [178, 1753.0], [179, 1763.0], [-180, 1249.5], [-179, 1239.0], [-178, 1240.0], [-177, 1270.5], [-175, 1557.5], [-173, 15090.0], [-172, 15065.0], [-171, 15027.5], [-170, 15008.0], [-169, 14978.0], [-165, 7817.0], [-163, 3517.5], [-160, 1183.5], [-159, 1177.5], [-158, 1180.5], [-157, 1204.5], [-154, 2548.5], [-145, 1163.0], [-141, 972.5], [-140, 931.0], [-139, 908.5], [-138, 888.5], [-137, 852.5], [-136, 837.0], [-135, 810.5], [-134, 796.5], [-133, 776.0], [-130, 717.0], [-129, 688.5], [-128, 686.5], [-126, 655.5], [-124, 617.0], [-123, 601.5], [-122, 600.5], [-120, 571.5], [-119, 565.5], [-118, 547.0], [-117, 537.0], [-116, 528.5], [-115, 519.0], [-114, 499.0], [-113, 495.0], [-112, 493.0], [-111, 488.0], [-110, 484.5], [-109, 477.0], [-108, 468.0], [-107, 470.0], [-106, 466.5], [-105, 455.0], [-104, 449.5], [-103, 443.5], [-102, 442.0], [-101, 433.0], [-100, 430.5], [-99, 429.0], [-98, 424.5], [-97, 420.5], [-96, 416.0], [-95, 413.0], [-94, 411.0], [-93, 406.0], [-92, 405.5], [-91, 403.0], [-90, 400.5], [-89, 399.0], [-88, 394.0], [-87, 392.5], [-86, 391.0], [-85, 390.0], [-84, 388.0], [-83, 387.5], [-82, 388.25], [-81, 388.25], [-80, 387.0], [-79, 385.0], [-78, 384.5], [-77, 385.0], [-76, 385.5], [-75, 386.5], [-74, 387.0], [-73, 384.0], [-72, 384.5], [-71, 385.5], [-70, 387.0], [-69, 387.0], [-68, 387.0], [-67, 388.5], [-66, 389.5], [-65, 392.5], [-64, 393.5], [-63, 396.5], [-62, 397.0], [-61, 399.0], [-60, 399.5], [-59, 410.0], [-58, 409.75], [-57, 412.25], [-56, 415.0], [-55, 422.5], [-54, 425.0], [-53, 426.0], [-52, 430.0], [-50, 444.5], [-49, 446.0], [-48, 447.0], [-46, 463.5], [-45, 465.75], [-44, 474.5], [-43, 479.0], [-42, 483.5], [-41, 487.0], [-40, 497.0], [-39, 497.5], [-37, 518.5], [-35, 551.75], [-34, 549.75], [-33, 550.0], [-32, 528.0], [-29, 471.5], [-27, 430.5], [-26, 419.5], [-24, 394.5], [-23, 377.0], [-22, 370.0], [-21, 357.0], [-20, 350.0], [-19, 337.5], [-18, 332.5], [-17, 319.0], [-16, 315.0], [-15, 305.0], [-14, 301.0], [-13, 298.5], [-12, 289.5], [-11, 283.5], [-9, 258.5], [-8, 251.0], [-7, 247.0], [-6, 242.0], [-5, 240.0], [-4, 237.5]]}