{"heading": -31.2, "target": 29.544608429269264, "gap_dist": 363.3845794733411, "gap_info": [{"width": 363.3845794733411, "center_angle": 29.544608429269264, "edge_a": [0, 235.0], "edge_b": [43, 498.0], "depth": 498.0, "passable": true, "chosen": true}], "scan": [[-2, 239.0], [-1, 236.5], [0, 235.0], [2, 904.0], [3, 895.5], [4, 869.5], [6, 827.0], [7, 806.5], [8, 797.0], [9, 779.5], [10, 769.5], [11, 757.5], [12, 738.0], [13, 729.0], [14, 716.0], [15, 706.5], [16, 686.0], [17, 673.0], [18, 661.0], [19, 654.0], [20, 641.5], [21, 633.5], [22, 622.5], [23, 619.0], [24, 609.5], [25, 602.0], [26, 578.0], [27, 573.0], [28, 570.5], [29, 568.0], [30, 570.0], [31, 564.0], [33, 532.0], [34, 527.5], [35, 533.0], [36, 536.0], [37, 527.0], [39, 506.5], [40, 507.5], [41, 510.5], [42, 500.0], [43, 498.0], [44, 497.5], [45, 496.0], [46, 495.5], [47, 492.5], [48, 491.0], [49, 487.0], [50, 486.0], [51, 486.0], [52, 486.0], [53, 484.0], [54, 484.5], [55, 482.0], [56, 483.0], [57, 481.5], [58, 482.0], [59, 483.5], [60, 484.0], [61, 483.0], [62, 483.5], [63, 484.5], [64, 484.5], [65, 486.5], [66, 487.0], [67, 488.5], [68, 491.5], [69, 493.0], [70, 494.0], [71, 495.5], [72, 498.0], [73, 500.0], [74, 501.5], [75, 506.5], [76, 509.75], [77, 512.5], [78, 515.5], [79, 522.0], [80, 524.75], [81, 525.0], [82, 526.0], [83, 531.75], [84, 534.25], [85, 537.75], [86, 543.0], [87, 549.5], [88, 553.0], [89, 560.5], [90, 564.0], [91, 571.5], [92, 577.5], [93, 586.5], [94, 592.0], [95, 599.5], [96, 607.0], [97, 617.0], [98, 622.5], [99, 634.5], [100, 640.5], [101, 655.5], [102, 661.0], [103, 669.5], [104, 684.5], [106, 2398.0], [108, 3592.0], [111, 5223.5], [112, 5178.0], [116, 2719.5], [118, 1639.5], [119, 1625.0], [120, 1623.5], [121, 1647.0], [122, 1664.5], [124, 7613.0], [127, 1603.5], [128, 1589.0], [129, 1586.5], [130, 1609.5], [134, 4970.0], [137, 3909.0], [138, 3903.5], [140, 4350.0], [143, 5054.0], [147, 1360.5], [148, 1356.5], [149, 1359.5], [150, 1363.0], [151, 1372.0], [155, 2098.0], [156, 2035.0], [157, 2002.5], [158, 1981.0], [159, 1993.5], [161, 1356.5], [162, 1345.5], [163, 1360.0], [165, 746.0], [166, 735.0], [167, 720.5], [168, 719.0], [169, 717.0], [170, 716.0], [171, 717.5], [172, 725.5], [173, 734.0], [174, 754.0], [176, 1242.5], [177, 1192.0], [178, 1168.5], [179, 1125.0], [180, 1104.5], [-179, 1066.0], [-178, 1048.5], [-177, 1014.0], [-176, 997.5], [-175, 966.0], [-174, 953.0], [-173, 925.5], [-172, 914.0], [-171, 890.5], [-170, 880.0], [-169, 856.5], [-168, 846.5], [-167, 836.5], [-166, 819.0], [-165, 809.5], [-164, 797.5], [-163, 789.0], [-162, 781.5], [-161, 775.0], [-160, 762.5], [-159, 759.5], [-158, 746.5], [-157, 740.5], [-156, 733.0], [-155, 717.0], [-154, 716.5], [-153, 716.0], [-152, 715.0], [-151, 705.0], [-150, 703.5], [-148, 694.5], [-147, 691.5], [-146, 689.0], [-145, 669.5], [-144, 665.5], [-143, 660.5], [-142, 659.5], [-141, 650.5], [-140, 649.5], [-139, 645.5], [-138, 641.5], [-137, 636.5], [-136, 635.0], [-135, 630.0], [-134, 627.25], [-133, 624.5], [-132, 621.5], [-131, 619.25], [-130, 616.5], [-129, 617.0], [-128, 616.5], [-127, 614.5], [-126, 612.5], [-125, 614.5], [-124, 612.5], [-123, 612.5], [-122, 613.5], [-121, 616.5], [-120, 615.5], [-119, 619.5], [-118, 617.0], [-117, 617.5], [-116, 619.5], [-115, 620.0], [-114, 622.0], [-113, 626.5], [-112, 630.0], [-111, 634.5], [-110, 637.0], [-109, 644.0], [-108, 645.5], [-107, 651.0], [-106, 653.0], [-105, 661.5], [-104, 665.5], [-103, 667.5], [-102, 671.0], [-101, 681.5], [-100, 682.5], [-99, 699.5], [-98, 708.0], [-97, 714.0], [-96, 728.0], [-95, 730.0], [-94, 729.5], [-93, 731.5], [-92, 748.5], [-91, 756.0], [-90, 765.5], [-89, 775.0], [-88, 789.5], [-87, 790.0], [-86, 804.5], [-85, 813.5], [-84, 824.5], [-83, 831.0], [-82, 837.0], [-81, 856.0], [-80, 862.0], [-78, 273.0], [-77, 270.5], [-76, 264.5], [-75, 261.5], [-74, 255.0], [-73, 254.0], [-72, 248.5], [-71, 245.5], [-70, 239.0], [-69, 237.5], [-68, 232.5], [-67, 230.0], [-66, 225.5], [-65, 224.5], [-64, 221.0], [-63, 220.0], [-62, 217.5], [-61, 215.5], [-60, 212.5], [-59, 210.0], [-58, 209.0], [-57, 208.0], [-56, 206.5], [-55, 205.0], [-54, 204.5], [-53, 202.0], [-52, 202.0], [-51, 201.0], [-50, 199.5], [-49, 199.0], [-48, 197.5], [-47, 196.0], [-46, 194.5], [-45, 193.5], [-44, 193.5], [-43, 193.0], [-42, 192.5], [-41, 192.0], [-40, 190.5], [-39, 191.0], [-38, 189.0], [-37, 188.0], [-36, 187.0], [-35, 185.5], [-34, 185.5], [-33, 186.0], [-32, 184.5], [-31, 187.5], [-30, 187.5], [-29, 190.0], [-28, 190.0], [-27, 190.0], [-26, 189.0], [-25, 192.0], [-24, 192.5], [-23, 192.5], [-22, 192.5], [-21, 195.0], [-20, 195.0], [-19, 196.0], [-18, 196.5], [-17, 199.0], [-16, 199.5], [-15, 200.0], [-14, 202.0], [-13, 202.5], [-12, 204.5], [-11, 205.5], [-10, 209.0], [-9, 209.0], [-8, 213.0], [-7, 213.0], [-6, 212.0], [-5, 210.5], [-4, 220.0]]}