{"heading": -132.1, "target": -86.5430887678416, "gap_dist": 292.11157390080535, "gap_info": [{"width": 292.11157390080535, "center_angle": -86.5430887678416, "edge_a": [-180, 120.5], "edge_b": [-72, 479.0], "depth": 479.0, "passable": true, "chosen": true}, {"width": 179.41816638155055, "center_angle": 73.65577188465532, "edge_a": [62, 443.0], "edge_b": [85, 455.0], "depth": 455.0, "passable": false, "chosen": false}, {"width": 305.78473043488486, "center_angle": 132.71981152551072, "edge_a": [123, 420.0], "edge_b": [172, 112.0], "depth": 420.0, "passable": true, "chosen": false}], "scan": [[-2, 188.5], [-1, 187.5], [0, 187.0], [1, 188.0], [2, 188.5], [3, 189.5], [4, 193.0], [5, 193.0], [6, 192.5], [7, 194.5], [8, 195.0], [9, 195.5], [10, 196.5], [11, 197.0], [12, 197.5], [13, 198.0], [14, 199.5], [15, 200.0], [16, 201.0], [17, 202.5], [18, 202.0], [19, 205.0], [20, 206.5], [21, 207.5], [22, 209.0], [23, 210.0], [24, 212.0], [25, 213.5], [26, 217.5], [27, 219.0], [28, 223.0], [29, 225.0], [30, 228.5], [31, 232.0], [32, 235.0], [33, 237.5], [34, 241.0], [35, 244.0], [36, 246.0], [37, 252.0], [38, 254.5], [39, 260.5], [40, 263.0], [41, 271.0], [42, 274.0], [43, 280.0], [44, 283.0], [45, 287.0], [46, 296.0], [47, 300.0], [48, 309.0], [49, 313.5], [50, 317.5], [51, 328.5], [52, 334.5], [53, 344.5], [54, 351.5], [55, 359.0], [56, 373.5], [57, 381.0], [58, 395.0], [59, 404.0], [60, 423.0], [61, 432.5], [62, 443.0], [66, 527.5], [72, 737.5], [82, 720.5], [83, 718.5], [85, 455.0], [86, 447.5], [87, 443.5], [88, 433.0], [89, 433.0], [90, 428.0], [91, 426.5], [92, 433.0], [94, 412.0], [95, 410.0], [96, 409.5], [97, 409.5], [98, 409.5], [99, 412.0], [100, 421.0], [102, 371.0], [103, 358.0], [104, 355.0], [105, 351.5], [106, 350.0], [107, 344.5], [108, 346.0], [109, 353.0], [110, 358.0], [111, 351.5], [112, 349.0], [113, 349.0], [114, 351.5], [115, 352.0], [116, 355.0], [117, 357.0], [118, 364.0], [119, 369.0], [120, 381.0], [121, 398.5], [122, 405.5], [123, 420.0], [125, 3951.5], [126, 4062.5], [127, 4114.0], [128, 4156.5], [129, 4201.5], [130, 4252.0], [131, 4329.5], [132, 4376.0], [134, 4596.5], [135, 4679.5], [136, 4735.5], [137, 4882.0], [138, 4969.5], [139, 5053.5], [141, 4261.0], [142, 4196.0], [143, 4161.0], [144, 4091.0], [145, 4058.0], [146, 4029.5], [148, 2526.0], [149, 2523.5], [152, 4401.5], [155, 1918.0], [156, 1934.5], [157, 1937.0], [158, 1947.0], [159, 1952.0], [160, 1957.0], [161, 1972.0], [165, 70.5], [172, 112.0], [174, 121.25], [175, 123.75], [176, 128.0], [177, 127.25], [178, 126.25], [179, 123.25], [180, 121.5], [-180, 120.5], [-175, 69.0], [-173, 59.25], [-169, 76.25], [-163, 4466.0], [-162, 4488.5], [-157, 76.0], [-153, 1261.0], [-152, 1270.0], [-151, 1293.5], [-149, 5029.5], [-146, 5208.5], [-145, 5306.5], [-144, 5350.0], [-140, 5702.5], [-139, 5760.0], [-138, 5896.0], [-137, 5965.5], [-133, 6472.0], [-131, 6633.5], [-129, 6475.5], [-127, 6337.5], [-124, 2189.0], [-104, 10540.0], [-103, 10514.0], [-102, 10474.0], [-101, 10456.5], [-100, 10443.0], [-99, 10409.0], [-98, 10400.0], [-97, 10382.0], [-96, 10371.5], [-95, 10362.5], [-94, 10362.5], [-91, 2975.0], [-90, 2974.5], [-89, 2978.0], [-72, 479.0], [-71, 467.0], [-69, 427.0], [-68, 408.0], [-67, 397.5], [-66, 380.5], [-65, 371.5], [-64, 355.5], [-63, 347.0], [-62, 334.0], [-61, 327.0], [-60, 321.0], [-59, 310.0], [-58, 305.0], [-57, 294.0], [-56, 290.5], [-55, 281.0], [-54, 277.5], [-53, 270.5], [-52, 266.5], [-51, 262.0], [-50, 255.5], [-49, 253.0], [-48, 246.0], [-47, 244.0], [-46, 238.0], [-45, 236.0], [-44, 228.75], [-43, 226.25], [-42, 222.75], [-41, 220.0], [-40, 216.75], [-39, 215.0], [-38, 213.5], [-37, 209.0], [-36, 207.5], [-35, 203.25], [-34, 202.0], [-33, 199.25], [-32, 199.75], [-31, 196.5], [-30, 196.0], [-29, 194.0], [-28, 193.0], [-27, 191.5], [-26, 190.0], [-25, 187.0], [-24, 187.0], [-23, 185.5], [-22, 183.5], [-21, 184.0], [-20, 182.5], [-19, 182.0], [-18, 179.5], [-17, 179.5], [-16, 180.0], [-15, 176.5], [-14, 175.5], [-13, 176.5], [-12, 176.5], [-11, 174.0], [-10, 173.5], [-9, 172.5], [-8, 172.5], [-7, 172.5], [-6, 172.0], [-5, 172.0], [-4, 172.0], [-3, 172.0]]}