{"heading": -23.7, "target": 4.900851893457216, "gap_dist": 643.137929774658, "gap_info": [{"width": 442.6939325746357, "center_angle": -82.86466034352974, "edge_a": [-83.6875, 796.5], "edge_b": [-81.015625, 354.5], "depth": 796.5, "passable": true, "chosen": false}, {"width": 643.137929774658, "center_angle": 4.900851893457216, "edge_a": [-25.609375, 212.0], "edge_b": [12.671875, 796.0], "depth": 796.0, "passable": true, "chosen": true}, {"width": 157.94057824658432, "center_angle": 113.57367211972792, "edge_a": [106.453125, 621.0], "edge_b": [120.3125, 656.0], "depth": 656.0, "passable": false, "chosen": false}], "scan": [[-1.59375, 931.0], [-0.921875, 937.0], [-0.25, 941.5], [0.421875, 946.5], [1.078125, 952.5], [1.734375, 958.5], [2.40625, 966.5], [3.0625, 973.0], [3.75, 978.0], [4.40625, 979.0], [5.078125, 988.0], [5.734375, 1000.0], [6.4375, 1011.5], [7.78125, 893.0], [8.453125, 876.5], [9.109375, 859.0], [9.765625, 844.0], [10.4375, 829.0], [11.09375, 817.0], [11.96875, 806.5], [12.671875, 796.0], [13.390625, 783.5], [14.09375, 772.0], [14.671875, 762.0], [15.34375, 752.0], [16.015625, 738.0], [16.6875, 725.5], [17.359375, 718.0], [18.03125, 705.5], [18.703125, 693.5], [19.375, 684.5], [20.0625, 676.0], [20.734375, 665.5], [21.40625, 654.0], [22.078125, 646.0], [22.765625, 639.0], [23.4375, 636.5], [24.109375, 634.5], [24.78125, 632.5], [25.453125, 631.5], [26.125, 624.5], [26.796875, 624.5], [27.46875, 631.5], [27.9375, 633.0], [28.546875, 628.0], [29.78125, 584.5], [30.59375, 578.0], [31.25, 574.5], [31.921875, 581.0], [32.578125, 590.0], [33.90625, 573.0], [34.578125, 566.0], [35.234375, 552.0], [35.90625, 540.0], [37.234375, 552.5], [37.890625, 548.5], [39.265625, 518.5], [39.9375, 518.5], [40.609375, 515.5], [41.25, 512.5], [41.90625, 508.5], [42.578125, 504.5], [43.234375, 502.5], [43.90625, 500.5], [44.5625, 498.0], [45.234375, 496.5], [45.890625, 495.0], [46.859375, 493.0], [47.59375, 490.5], [48.328125, 487.5], [49.0625, 486.5], [49.546875, 485.5], [50.21875, 481.5], [50.890625, 479.5], [51.5625, 479.0], [52.234375, 477.0], [52.90625, 475.0], [53.578125, 474.0], [54.25, 473.0], [54.9375, 471.5], [55.609375, 471.5], [56.28125, 470.5], [56.953125, 470.0], [57.640625, 470.5], [58.3125, 469.5], [58.984375, 468.0], [59.65625, 466.0], [60.359375, 465.5], [61.03125, 465.0], [61.71875, 464.5], [62.390625, 465.5], [63.046875, 464.5], [63.71875, 462.5], [64.390625, 462.5], [65.0625, 463.0], [65.59375, 463.0], [66.21875, 463.5], [66.859375, 464.0], [67.484375, 464.0], [68.265625, 465.0], [68.921875, 464.5], [69.59375, 464.0], [70.25, 465.5], [70.96875, 466.5], [71.640625, 467.0], [72.3125, 467.0], [72.984375, 468.0], [73.640625, 469.5], [74.296875, 470.5], [74.96875, 471.5], [75.625, 473.0], [76.3125, 474.5], [76.96875, 479.5], [77.640625, 482.5], [78.296875, 481.0], [79.0, 482.0], [79.671875, 484.0], [80.34375, 485.0], [81.015625, 486.0], [81.671875, 486.5], [82.328125, 487.0], [83.0, 489.0], [83.65625, 491.5], [84.265625, 493.0], [84.90625, 494.0], [85.5625, 496.0], [86.203125, 498.0], [86.9375, 499.5], [87.59375, 501.5], [88.265625, 505.0], [88.921875, 508.5], [89.609375, 512.5], [90.265625, 514.0], [90.9375, 515.0], [91.59375, 518.5], [92.265625, 522.0], [92.921875, 525.5], [93.59375, 528.5], [94.25, 533.75], [94.953125, 538.75], [95.625, 542.75], [96.296875, 547.0], [96.96875, 550.5], [97.609375, 553.25], [98.265625, 556.5], [98.9375, 561.25], [99.59375, 564.5], [100.453125, 569.0], [101.15625, 575.0], [101.875, 580.5], [102.578125, 584.5], [103.09375, 589.5], [103.75, 596.0], [104.40625, 601.5], [105.0625, 608.5], [105.78125, 613.5], [106.453125, 621.0], [108.5, 4159.0], [110.53125, 4010.0], [111.15625, 3981.0], [111.8125, 3941.0], [112.484375, 3943.0], [113.140625, 3994.0], [113.84375, 4049.0], [115.859375, 4211.5], [116.546875, 4274.0], [120.3125, 656.0], [120.9375, 641.5], [121.703125, 632.0], [122.359375, 622.5], [123.015625, 610.0], [123.671875, 604.0], [124.359375, 603.0], [125.015625, 601.5], [125.6875, 599.5], [126.34375, 600.0], [127.015625, 600.0], [127.671875, 607.0], [128.34375, 621.5], [130.328125, 684.0], [133.671875, 869.0], [134.328125, 858.0], [135.0, 849.0], [135.65625, 845.5], [136.328125, 845.5], [136.984375, 845.5], [137.84375, 847.0], [138.546875, 849.0], [139.265625, 851.0], [139.96875, 853.5], [140.515625, 858.0], [142.5, 1672.0], [143.203125, 1698.5], [144.546875, 2318.0], [145.21875, 2291.5], [145.90625, 2270.5], [146.578125, 2262.0], [147.25, 2268.0], [147.921875, 2286.0], [149.265625, 14355.0], [149.9375, 14338.0], [150.609375, 14324.5], [151.28125, 14314.0], [152.625, 6862.5], [153.9375, 1903.0], [154.59375, 1892.5], [155.265625, 1858.0], [155.921875, 1835.5], [156.609375, 1848.0], [157.265625, 1860.5], [157.9375, 1862.5], [159.28125, 1561.0], [159.9375, 1557.5], [160.609375, 1557.5], [161.265625, 1568.5], [161.96875, 1585.0], [162.640625, 1604.5], [166.0, 1487.0], [166.671875, 1477.0], [167.328125, 1484.0], [167.984375, 1499.5], [173.96875, 1971.5], [174.625, 1948.5], [175.3125, 1958.5], [175.96875, 1963.0], [177.984375, 1771.0], [178.640625, 1720.0], [179.3125, 1673.5], [179.96875, 1632.0], [-179.359375, 1593.0], [-178.703125, 1555.0], [-178.03125, 1519.0], [-177.375, 1486.5], [-176.6875, 1456.5], [-175.359375, 1275.5], [-174.703125, 1251.0], [-174.0, 1228.5], [-173.328125, 1204.0], [-172.65625, 1181.5], [-171.984375, 1160.5], [-171.34375, 1139.5], [-170.6875, 1119.0], [-170.015625, 1101.0], [-169.359375, 1083.5], [-168.484375, 1066.0], [-167.78125, 1048.5], [-167.0625, 1031.5], [-166.359375, 1016.5], [-165.796875, 1001.5], [-165.125, 987.5], [-164.453125, 973.5], [-163.78125, 958.5], [-163.109375, 946.0], [-162.4375, 935.0], [-161.765625, 923.5], [-161.09375, 911.5], [-160.421875, 900.5], [-159.75, 890.0], [-159.078125, 881.5], [-158.40625, 874.5], [-157.71875, 861.5], [-157.046875, 851.0], [-156.375, 844.5], [-155.703125, 839.5], [-155.03125, 833.5], [-154.359375, 824.5], [-153.6875, 822.0], [-153.015625, 818.0], [-152.328125, 810.5], [-151.65625, 804.0], [-150.984375, 800.0], [-150.3125, 803.5], [-149.6875, 806.5], [-149.03125, 802.5], [-148.375, 793.5], [-147.71875, 783.0], [-147.0, 776.5], [-146.328125, 775.5], [-145.65625, 773.0], [-144.984375, 768.5], [-144.3125, 760.0], [-143.640625, 755.0], [-142.96875, 755.0], [-142.296875, 748.0], [-141.625, 743.0], [-140.953125, 741.0], [-140.28125, 735.0], [-139.609375, 732.5], [-138.9375, 728.5], [-138.265625, 726.0], [-137.59375, 720.75], [-136.921875, 716.75], [-136.25, 715.25], [-135.578125, 706.5], [-134.90625, 701.0], [-134.234375, 700.0], [-133.71875, 698.0], [-133.09375, 693.0], [-132.453125, 686.5], [-131.828125, 682.0], [-131.046875, 681.0], [-130.390625, 680.0], [-129.71875, 677.0], [-129.0625, 675.0], [-128.390625, 676.0], [-127.734375, 672.0], [-127.0625, 670.0], [-126.40625, 671.0], [-125.734375, 664.5], [-125.078125, 659.5], [-124.40625, 658.5], [-123.75, 658.0], [-123.046875, 658.5], [-122.375, 655.0], [-121.703125, 652.0], [-121.03125, 651.0], [-120.390625, 651.0], [-119.734375, 652.5], [-119.0625, 651.0], [-118.40625, 649.0], [-117.734375, 649.0], [-117.078125, 649.0], [-116.40625, 648.5], [-115.75, 646.5], [-115.078125, 646.5], [-114.421875, 648.0], [-113.75, 648.0], [-113.09375, 649.0], [-112.421875, 649.0], [-111.765625, 647.0], [-111.09375, 649.5], [-110.4375, 655.5], [-109.765625, 656.0], [-109.109375, 655.5], [-108.4375, 655.5], [-107.78125, 657.0], [-107.078125, 659.5], [-106.40625, 658.5], [-105.734375, 658.5], [-105.0625, 663.5], [-104.4375, 666.5], [-103.78125, 666.5], [-103.125, 670.0], [-102.46875, 671.0], [-101.78125, 675.5], [-101.125, 681.0], [-100.453125, 683.0], [-99.796875, 684.5], [-99.109375, 687.5], [-98.453125, 695.5], [-97.78125, 700.0], [-97.125, 700.0], [-96.375, 701.5], [-95.703125, 708.0], [-95.015625, 714.0], [-94.34375, 716.0], [-93.6875, 723.0], [-93.015625, 726.5], [-92.34375, 728.0], [-91.671875, 731.5], [-91.015625, 733.0], [-90.359375, 739.0], [-89.6875, 745.5], [-89.03125, 748.0], [-88.34375, 753.5], 