{"heading": 24.1, "target": -27.447578562679205, "gap_dist": 370.98614666004994, "gap_info": [{"width": 370.98614666004994, "center_angle": -27.447578562679205, "edge_a": [-40, 492.0], "edge_b": [6, 194.0], "depth": 492.0, "passable": true, "chosen": true}, {"width": 449.778915032985, "center_angle": 110.26297748662095, "edge_a": [70, 321.5], "edge_b": [136, 478.5], "depth": 478.5, "passable": true, "chosen": false}], "scan": [[-3, 967.5], [-2, 919.5], [-1, 905.0], [0, 899.0], [1, 906.5], [2, 913.5], [3, 921.0], [4, 935.0], [6, 194.0], [7, 192.0], [8, 191.0], [9, 191.0], [10, 187.5], [11, 186.0], [12, 184.5], [14, 183.0], [15, 185.0], [16, 184.0], [17, 184.5], [18, 186.0], [19, 187.5], [20, 188.0], [21, 187.5], [22, 188.0], [23, 187.5], [24, 188.0], [25, 190.0], [26, 190.0], [27, 191.0], [28, 191.5], [29, 193.0], [30, 193.5], [31, 195.0], [32, 196.5], [33, 197.5], [34, 198.0], [35, 200.0], [36, 201.0], [37, 201.5], [38, 204.5], [39, 205.0], [40, 207.5], [41, 209.5], [42, 209.5], [43, 211.0], [44, 213.0], [45, 217.0], [46, 219.0], [47, 221.5], [48, 224.0], [49, 225.5], [50, 228.0], [51, 231.5], [52, 233.5], [53, 239.0], [54, 241.0], [55, 243.0], [56, 249.0], [57, 251.0], [58, 256.5], [59, 259.5], [60, 262.0], [61, 269.0], [62, 272.5], [63, 280.0], [64, 284.5], [65, 288.5], [66, 296.0], [67, 301.0], [68, 310.0], [69, 316.5], [70, 321.5], [73, 796.5], [74, 784.5], [75, 780.5], [76, 771.5], [77, 762.5], [78, 759.0], [79, 745.5], [80, 741.5], [81, 739.0], [82, 728.5], [83, 726.0], [84, 719.5], [85, 715.5], [86, 710.0], [87, 709.5], [88, 707.0], [89, 703.0], [90, 701.0], [91, 699.0], [92, 696.5], [93, 693.0], [94, 687.0], [95, 685.5], [96, 681.0], [97, 680.0], [98, 676.0], [99, 673.5], [100, 672.5], [101, 671.0], [102, 672.0], [103, 672.5], [104, 671.5], [105, 672.5], [106, 665.0], [107, 665.5], [108, 665.5], [109, 663.0], [110, 662.0], [111, 662.5], [112, 661.0], [113, 661.0], [114, 663.0], [115, 669.0], [116, 670.75], [117, 673.75], [118, 674.5], [119, 678.0], [120, 683.0], [121, 686.0], [122, 684.0], [123, 686.0], [124, 690.0], [125, 692.5], [126, 700.5], [127, 703.0], [128, 705.0], [129, 711.5], [136, 478.5], [137, 468.0], [138, 457.25], [139, 458.5], [140, 461.75], [141, 465.5], [142, 470.75], [143, 474.75], [144, 480.5], [145, 484.25], [146, 488.75], [147, 495.0], [148, 498.5], [149, 511.5], [150, 515.5], [151, 525.0], [152, 532.0], [153, 534.5], [154, 547.5], [155, 554.5], [156, 566.5], [157, 573.5], [158, 581.5], [159, 596.5], [160, 606.0], [161, 622.5], [162, 632.0], [163, 641.0], [165, 1158.0], [166, 1206.5], [167, 1221.0], [168, 1240.0], [169, 1286.0], [170, 1312.0], [171, 1365.0], [172, 1394.0], [178, 8390.5], [180, 6673.0], [-175, 1541.0], [-174, 1515.5], [-173, 1507.5], [-172, 1527.0], [-168, 2555.5], [-165, 2553.5], [-164, 2625.5], [-163, 2665.0], [-162, 2625.0], [-160, 1452.5], [-159, 1460.0], [-158, 1474.0], [-155, 709.5], [-154, 702.5], [-153, 694.0], [-152, 677.5], [-151, 670.5], [-150, 653.5], [-149, 648.0], [-148, 632.0], [-147, 625.5], [-146, 620.0], [-145, 608.5], [-144, 603.0], [-143, 592.5], [-142, 591.5], [-141, 598.5], [-140, 609.5], [-139, 636.0], [-138, 648.5], [-137, 677.0], [-136, 691.5], [-135, 706.0], [-133, 756.0], [-132, 796.5], [-130, 855.5], [-129, 861.0], [-127, 829.5], [-125, 771.0], [-124, 754.5], [-123, 740.0], [-122, 728.0], [-121, 715.5], [-120, 700.0], [-119, 672.0], [-118, 665.0], [-117, 660.5], [-116, 635.0], [-115, 623.5], [-114, 613.0], [-113, 596.5], [-112, 588.0], [-111, 582.5], [-109, 561.5], [-108, 560.0], [-107, 544.0], [-106, 530.25], [-105, 523.25], [-104, 523.25], [-103, 515.25], [-102, 503.25], [-101, 496.0], [-99, 487.75], [-98, 486.25], [-97, 480.75], [-96, 475.75], [-95, 472.0], [-94, 463.5], [-93, 461.5], [-92, 459.5], [-91, 456.0], [-90, 450.5], [-89, 447.25], [-88, 443.25], [-87, 436.5], [-86, 435.5], [-85, 433.25], [-84, 431.75], [-83, 430.75], [-82, 425.5], [-81, 427.0], [-80, 425.5], [-79, 426.5], [-78, 425.5], [-77, 421.5], [-76, 421.75], [-75, 417.5], [-74, 419.5], [-73, 420.0], [-72, 418.5], [-71, 416.5], [-70, 414.5], [-69, 414.0], [-68, 417.5], [-67, 416.5], [-66, 417.5], [-65, 419.0], [-64, 420.5], [-63, 418.5], [-62, 422.0], [-61, 422.5], [-60, 421.5], [-59, 425.5], [-58, 427.0], [-57, 429.5], [-56, 429.5], [-55, 432.5], [-54, 433.5], [-53, 436.0], [-52, 440.5], [-51, 444.5], [-50, 445.0], [-49, 446.5], [-48, 451.0], [-47, 455.0], [-46, 461.0], [-45, 466.0], [-44, 468.5], [-43, 472.0], [-42, 478.5], [-41, 481.5], [-40, 492.0], [-37, 513.5], [-36, 512.5], [-35, 523.0], [-34, 526.0], [-33, 529.5], [-32, 541.5], [-30, 564.5], [-29, 566.0], [-28, 573.5], [-26, 604.5], [-25, 609.0], [-23, 646.0], [-22, 642.5], [-21, 648.5], [-20, 669.5], [-19, 678.0], [-18, 700.0], [-17, 702.0], [-16, 714.0], [-15, 720.5], [-14, 733.0], [-13, 755.5], [-12, 768.5], [-11, 783.0], [-10, 815.0], [-9, 831.0], [-8, 863.5], [-7, 886.5], [-6, 909.5], [-5, 954.0]]}