{"heading": 11.0, "target": 18.61972206468021, "gap_dist": 284.26577562723, "gap_info": [{"width": 59.35149159221186, "center_angle": -111.06825621714165, "edge_a": [-113, 629.0], "edge_b": [-109, 587.5], "depth": 629.0, "passable": false, "chosen": false}, {"width": 214.91060706161738, "center_angle": -92.27137277504764, "edge_a": [-93, 502.5], "edge_b": [-91, 288.0], "depth": 502.5, "passable": false, "chosen": false}, {"width": 284.26577562723, "center_angle": 18.61972206468021, "edge_a": [-23, 203.5], "edge_b": [48, 275.5], "depth": 275.5, "passable": true, "chosen": true}, {"width": 274.44693742278895, "center_angle": 107.29213800686051, "edge_a": [106, 332.0], "edge_b": [108, 606.0], "depth": 606.0, "passable": true, "chosen": false}], "scan": [[-4, 1137.5], [-3, 1213.0], [-2, 1167.5], [-1, 1161.5], [0, 1166.0], [1, 1185.0], [2, 1195.0], [3, 1210.5], [4, 1220.0], [5, 1233.0], [6, 1249.0], [7, 1261.5], [8, 1288.5], [9, 1301.0], [11, 1767.0], [12, 1768.0], [13, 1771.5], [14, 1773.5], [15, 1776.5], [16, 1775.5], [17, 1772.5], [18, 1771.5], [19, 1773.5], [21, 892.0], [22, 879.0], [23, 872.5], [24, 863.5], [25, 860.5], [26, 853.5], [27, 852.0], [28, 848.5], [29, 843.5], [30, 837.5], [31, 835.5], [32, 832.0], [33, 831.0], [34, 829.5], [35, 825.0], [36, 825.0], [37, 822.5], [38, 822.5], [39, 819.5], [40, 821.0], [42, 1168.5], [43, 1144.0], [44, 1100.0], [45, 1080.0], [46, 1061.0], [48, 275.5], [49, 274.5], [50, 273.0], [51, 271.0], [52, 269.0], [53, 268.0], [54, 266.5], [55, 265.5], [56, 263.5], [57, 264.0], [58, 263.0], [59, 261.5], [60, 260.5], [61, 258.0], [62, 258.0], [63, 256.5], [64, 256.0], [65, 256.5], [66, 256.0], [67, 255.0], [68, 256.0], [69, 256.0], [70, 256.0], [71, 259.5], [72, 258.5], [73, 260.0], [74, 260.0], [75, 262.0], [76, 261.5], [77, 262.5], [78, 262.5], [79, 260.5], [80, 263.5], [81, 266.5], [82, 269.0], [83, 268.5], [84, 270.0], [85, 271.5], [86, 274.5], [87, 278.0], [88, 279.0], [89, 281.5], [90, 283.0], [91, 285.5], [92, 287.0], [93, 290.0], [94, 291.0], [95, 292.5], [96, 298.0], [97, 299.5], [98, 305.0], [99, 307.5], [100, 310.5], [101, 313.0], [102, 315.0], [103, 320.0], [104, 323.5], [105, 327.0], [106, 332.0], [108, 606.0], [109, 608.0], [110, 611.0], [111, 613.0], [112, 615.5], [113, 619.0], [114, 620.0], [115, 621.5], [116, 623.5], [117, 631.0], [118, 633.5], [119, 637.0], [120, 637.0], [121, 642.0], [122, 644.0], [123, 652.5], [124, 657.0], [125, 660.5], [126, 658.5], [127, 658.5], [128, 665.0], [129, 668.0], [130, 675.5], [131, 680.0], [132, 690.5], [133, 694.5], [134, 698.0], [135, 706.5], [136, 711.0], [137, 721.0], [138, 728.0], [139, 737.0], [140, 748.5], [141, 756.5], [142, 766.0], [143, 772.0], [144, 788.5], [145, 794.0], [146, 800.5], [148, 4169.0], [149, 4148.5], [150, 4180.5], [151, 4286.0], [154, 4884.5], [158, 8494.5], [163, 8065.0], [167, 7763.5], [170, 1091.5], [171, 1072.5], [172, 1069.0], [173, 1066.0], [174, 1065.0], [175, 1066.0], [176, 1077.5], [-180, 14766.5], [-176, 14576.0], [-175, 14555.5], [-173, 981.0], [-172, 961.5], [-171, 949.0], [-170, 950.5], [-169, 960.0], [-167, 7316.5], [-164, 3015.5], [-153, 2059.0], [-152, 2071.5], [-145, 1258.5], [-144, 1223.5], [-143, 1162.0], [-142, 1133.0], [-141, 1076.0], [-140, 1052.0], [-139, 1009.0], [-138, 987.0], [-137, 964.5], [-136, 924.0], [-135, 905.0], [-134, 873.5], [-133, 857.5], [-132, 831.0], [-131, 818.0], [-130, 800.0], [-129, 792.75], [-128, 780.5], [-127, 772.0], [-126, 750.0], [-125, 740.5], [-124, 733.0], [-123, 724.25], [-122, 723.25], [-121, 696.75], [-120, 689.75], [-118, 659.0], [-117, 650.5], [-116, 645.5], [-115, 632.0], [-114, 628.0], [-113, 629.0], [-109, 587.5], [-108, 574.0], [-107, 572.5], [-106, 564.5], [-105, 563.5], [-104, 546.5], [-103, 542.5], [-102, 543.0], [-101, 543.5], [-100, 535.5], [-99, 528.5], [-98, 524.5], [-97, 517.0], [-96, 518.0], [-95, 514.0], [-94, 510.5], [-93, 502.5], [-91, 288.0], [-90, 280.0], [-89, 278.5], [-88, 271.0], [-87, 266.5], [-86, 260.0], [-85, 257.0], [-84, 254.5], [-83, 249.0], [-82, 246.5], [-81, 241.5], [-80, 239.0], [-79, 235.0], [-78, 233.0], [-77, 228.0], [-76, 227.0], [-75, 222.0], [-74, 220.5], [-73, 219.5], [-72, 216.0], [-71, 213.5], [-70, 209.0], [-69, 210.0], [-68, 210.0], [-67, 209.5], [-66, 205.0], [-65, 204.0], [-64, 203.0], [-63, 202.0], [-62, 201.0], [-61, 198.5], [-60, 197.5], [-59, 197.5], [-58, 196.0], [-57, 194.5], [-56, 195.0], [-55, 193.0], [-54, 192.5], [-53, 192.5], [-52, 192.0], [-51, 191.5], [-50, 190.0], [-49, 189.5], [-48, 188.0], [-47, 188.0], [-46, 183.5], [-45, 183.0], [-44, 182.5], [-43, 184.5], [-42, 187.0], [-41, 187.5], [-40, 188.5], [-39, 189.0], [-38, 191.0], [-37, 190.5], [-36, 191.5], [-35, 191.5], [-34, 193.0], [-33, 193.0], [-32, 193.5], [-31, 194.0], [-30, 195.0], [-29, 196.0], [-28, 196.5], [-27, 197.0], [-26, 198.5], [-25, 201.0], [-24, 201.5], [-23, 203.5], [-20, 955.0], [-19, 974.5], [-18, 1020.0], [-17, 1043.5], [-16, 1093.5], [-15, 1120.0], [-14, 1174.0], [-13, 1204.0], [-11, 1315.5], [-10, 1354.5], [-7, 1258.0], [-6, 1200.0], [-5, 1174.5]]}