{"heading": 26.8, "target": 34.3968043262757, "gap_dist": 534.0698585689988, "gap_info": [{"width": 182.09785263300216, "center_angle": -64.72860455758897, "edge_a": [-66, 244.0], "edge_b": [-64, 425.75], "depth": 425.75, "passable": false, "chosen": false}, {"width": 394.81259333032506, "center_angle": 15.363527099823678, "edge_a": [1, 785.0], "edge_b": [31, 722.5], "depth": 785.0, "passable": true, "chosen": false}, {"width": 534.0698585689988, "center_angle": 34.3968043262757, "edge_a": [34, 711.0], "edge_b": [36, 176.0], "depth": 711.0, "passable": true, "chosen": true}, {"width": 458.7233335842289, "center_angle": 128.27871741936386, "edge_a": [126, 214.5], "edge_b": [129, 677.5], "depth": 677.5, "passable": true, "chosen": false}], "scan": [[-2, 753.5], [-1, 765.5], [0, 773.5], [1, 785.0], [2, 816.0], [3, 825.0], [4, 854.0], [5, 867.5], [6, 900.5], [7, 917.0], [8, 937.0], [9, 973.0], [10, 995.0], [11, 1051.0], [12, 1077.0], [13, 1104.5], [14, 1133.5], [15, 1196.5], [27, 1383.0], [28, 1383.5], [29, 1384.0], [31, 722.5], [32, 709.5], [33, 710.5], [34, 711.0], [36, 176.0], [37, 173.0], [38, 171.0], [39, 167.0], [40, 165.5], [41, 163.0], [42, 162.5], [43, 162.5], [44, 157.0], [45, 156.0], [46, 153.5], [47, 152.5], [48, 152.0], [49, 152.0], [50, 150.5], [51, 150.5], [52, 149.75], [53, 149.25], [54, 147.5], [55, 147.0], [56, 147.0], [57, 143.5], [58, 144.75], [59, 144.25], [60, 142.0], [61, 142.0], [62, 140.5], [63, 140.5], [64, 141.0], [65, 141.0], [66, 140.5], [67, 140.0], [68, 139.75], [70, 137.0], [71, 136.5], [72, 136.0], [73, 136.5], [74, 136.0], [75, 136.0], [76, 136.0], [77, 136.5], [78, 137.0], [79, 136.5], [80, 138.0], [81, 139.0], [82, 140.5], [83, 140.0], [84, 140.5], [85, 140.5], [86, 141.0], [87, 141.0], [88, 138.5], [89, 139.0], [90, 139.5], [91, 141.0], [92, 141.5], [93, 142.0], [94, 142.5], [95, 145.0], [96, 145.5], [97, 146.5], [98, 149.0], [99, 149.5], [100, 150.0], [101, 151.5], [102, 152.0], [103, 152.0], [105, 156.0], [106, 158.0], [107, 159.0], [108, 160.0], [109, 160.5], [110, 162.0], [111, 166.5], [112, 166.5], [113, 170.5], [114, 172.5], [115, 175.25], [116, 178.5], [117, 180.0], [118, 184.5], [119, 187.0], [120, 192.25], [121, 194.5], [122, 198.75], [123, 201.5], [124, 205.0], [125, 211.5], [126, 214.5], [129, 677.5], [130, 675.5], [131, 673.0], [132, 671.5], [133, 674.0], [134, 685.5], [135, 691.0], [136, 690.0], [137, 684.0], [138, 689.5], [139, 706.0], [140, 700.25], [141, 694.25], [142, 696.5], [143, 699.5], [144, 707.0], [145, 710.0], [146, 712.0], [147, 719.5], [148, 724.5], [149, 732.5], [150, 734.0], [151, 738.0], [152, 745.0], [153, 748.5], [154, 758.5], [155, 765.0], [156, 772.5], [157, 776.5], [158, 781.5], [159, 794.0], [160, 800.5], [161, 815.0], [162, 826.0], [163, 836.0], [164, 838.5], [165, 842.5], [166, 857.5], [167, 864.5], [168, 883.0], [169, 893.5], [170, 903.0], [171, 921.0], [172, 931.5], [173, 955.0], [174, 967.0], [175, 996.5], [176, 1011.5], [-177, 5250.0], [-170, 8009.0], [-168, 1759.5], [-167, 1734.0], [-166, 1720.5], [-165, 1762.5], [-158, 1545.0], [-157, 1537.5], [-156, 1530.5], [-155, 1532.5], [-154, 1538.0], [-149, 14712.0], [-143, 3263.0], [-124, 1182.0], [-123, 1120.5], [-121, 166.0], [-120, 164.5], [-119, 164.0], [-118, 165.0], [-117, 163.5], [-116, 164.5], [-115, 164.0], [-114, 162.5], [-113, 162.5], [-112, 162.5], [-111, 163.5], [-110, 162.5], [-109, 163.5], [-108, 164.5], [-107, 164.5], [-106, 165.5], [-105, 165.5], [-104, 166.5], [-103, 168.0], [-102, 167.0], [-101, 169.0], [-100, 169.0], [-99, 169.5], [-98, 171.0], [-97, 172.0], [-96, 173.0], [-95, 173.0], [-94, 174.0], [-93, 175.0], [-92, 177.0], [-91, 178.5], [-90, 179.5], [-89, 181.5], [-88, 182.0], [-87, 184.5], [-86, 185.0], [-85, 185.5], [-84, 190.0], [-83, 192.0], [-82, 193.25], [-81, 195.5], [-80, 199.0], [-79, 200.0], [-78, 202.0], [-77, 206.0], [-76, 208.0], [-75, 212.5], [-74, 215.0], [-73, 217.5], [-72, 222.5], [-71, 225.5], [-70, 230.5], [-69, 233.5], [-68, 238.5], [-67, 242.0], [-66, 244.0], [-64, 425.75], [-63, 433.0], [-62, 435.0], [-61, 431.0], [-60, 431.5], [-59, 430.0], [-58, 429.0], [-57, 430.5], [-56, 433.0], [-55, 431.5], [-54, 431.5], [-53, 434.5], [-52, 435.0], [-51, 438.0], [-50, 438.0], [-49, 441.0], [-48, 443.5], [-47, 446.5], [-46, 446.5], [-45, 447.0], [-44, 452.25], [-43, 453.5], [-42, 453.5], [-41, 460.25], [-40, 463.25], [-39, 470.0], [-38, 471.0], [-37, 473.5], [-36, 473.75], [-35, 476.75], [-34, 484.5], [-33, 487.5], [-32, 492.5], [-31, 495.0], [-30, 506.0], [-29, 517.0], [-28, 519.0], [-27, 523.0], [-26, 525.5], [-25, 534.5], [-24, 544.5], [-23, 552.0], [-22, 556.5], [-21, 559.5], [-20, 583.5], [-19, 585.5], [-18, 588.5], [-17, 598.5], [-16, 609.5], [-15, 632.5], [-13, 667.0], [-12, 668.5], [-10, 703.0], [-9, 709.0], [-7, 751.5], [-5, 779.5], [-4, 776.5]]}