{"heading": -27.5, "target": 55.472130878964386, "gap_dist": 482.5727702972334, "gap_info": [{"width": 178.84814149038945, "center_angle": -69.0487873249505, "edge_a": [-70, 491.0], "edge_b": [-67, 228.0], "depth": 491.0, "passable": false, "chosen": false}, {"width": 482.5727702972334, "center_angle": 55.472130878964386, "edge_a": [1, 298.5], "edge_b": [94, 390.0], "depth": 390.0, "passable": true, "chosen": true}], "scan": [[-3, 277.5], [-2, 284.0], [-1, 287.0], [0, 294.0], [1, 298.5], [10, 1156.0], [11, 1128.5], [12, 1101.5], [13, 1086.0], [14, 1060.5], [15, 1039.5], [16, 1026.5], [17, 1008.0], [18, 998.0], [19, 979.5], [20, 970.5], [21, 961.0], [22, 945.0], [23, 937.0], [24, 922.0], [25, 916.5], [26, 910.5], [27, 900.5], [28, 895.5], [29, 885.0], [30, 881.0], [31, 877.5], [32, 855.5], [33, 849.0], [34, 844.0], [35, 835.5], [36, 832.0], [37, 828.0], [38, 820.0], [39, 816.0], [40, 812.5], [41, 810.5], [42, 809.0], [43, 804.25], [44, 802.0], [45, 798.5], [46, 797.5], [47, 794.5], [48, 788.5], [49, 784.0], [50, 783.5], [51, 785.5], [52, 784.0], [53, 778.0], [54, 777.0], [55, 777.0], [56, 776.0], [57, 772.0], [58, 768.0], [59, 769.0], [60, 766.0], [61, 769.5], [62, 769.5], [63, 769.0], [64, 773.5], [65, 772.0], [66, 774.5], [67, 776.0], [68, 776.0], [69, 777.5], [70, 773.0], [71, 775.0], [72, 777.5], [73, 780.0], [74, 780.5], [75, 783.5], [76, 786.0], [77, 792.0], [78, 796.0], [79, 805.0], [80, 809.5], [81, 813.5], [82, 819.0], [83, 819.5], [84, 824.0], [85, 836.5], [87, 558.0], [88, 557.0], [89, 556.5], [90, 556.0], [91, 555.5], [92, 551.5], [94, 390.0], [95, 384.5], [96, 374.0], [97, 370.0], [98, 359.5], [99, 354.0], [100, 350.0], [101, 341.0], [102, 337.5], [103, 332.5], [104, 323.5], [105, 319.5], [106, 313.5], [107, 310.5], [108, 303.5], [109, 300.0], [110, 297.5], [111, 292.0], [112, 289.0], [113, 283.5], [114, 282.0], [115, 280.0], [116, 276.0], [117, 274.0], [118, 271.5], [119, 270.5], [120, 265.5], [121, 264.5], [122, 263.5], [123, 259.5], [124, 258.5], [125, 255.5], [126, 255.5], [127, 252.5], [128, 250.0], [129, 250.0], [130, 248.0], [131, 246.0], [132, 245.5], [133, 245.5], [134, 244.0], [135, 245.0], [136, 243.0], [137, 239.5], [138, 240.5], [139, 242.5], [140, 244.0], [146, 2658.0], [149, 1382.5], [150, 1339.0], [151, 1316.5], [152, 1277.5], [153, 1259.25], [154, 1236.5], [155, 1246.0], [156, 1259.0], [157, 1273.0], [158, 1300.0], [159, 1317.0], [160, 1353.5], [161, 1371.5], [162, 1390.5], [163, 1431.0], [164, 1449.0], [175, 784.5], [178, 714.5], [180, 679.5], [-178, 636.5], [-176, 599.5], [-174, 565.0], [-171, 520.5], [-169, 488.0], [-168, 482.5], [-167, 471.5], [-166, 465.5], [-165, 460.0], [-164, 448.5], [-163, 445.5], [-162, 438.5], [-161, 430.0], [-160, 417.0], [-159, 413.0], [-158, 413.5], [-157, 402.0], [-156, 396.0], [-155, 389.5], [-154, 385.0], [-153, 383.5], [-152, 381.0], [-151, 377.5], [-150, 369.5], [-149, 366.5], [-148, 362.5], [-147, 359.0], [-146, 354.5], [-145, 350.0], [-144, 347.5], [-143, 347.0], [-142, 343.0], [-141, 338.5], [-140, 336.0], [-139, 333.0], [-138, 329.0], [-137, 327.5], [-136, 327.5], [-135, 323.5], [-134, 323.5], [-133, 320.5], [-132, 318.0], [-131, 317.0], [-130, 317.5], [-129, 314.5], [-128, 312.0], [-127, 313.0], [-126, 311.0], [-125, 313.0], [-124, 313.0], [-123, 311.5], [-122, 312.0], [-121, 312.0], [-120, 311.0], [-119, 310.5], [-118, 311.0], [-117, 311.0], [-116, 311.5], [-115, 311.5], [-114, 313.5], [-113, 315.0], [-112, 315.5], [-111, 315.0], [-110, 314.0], [-109, 318.5], [-108, 319.0], [-107, 318.5], [-106, 320.0], [-105, 323.0], [-104, 324.0], [-103, 326.0], [-102, 327.5], [-101, 329.5], [-100, 335.0], [-99, 335.0], [-98, 339.0], [-97, 344.5], [-96, 347.0], [-95, 347.5], [-94, 349.0], [-93, 355.0], [-92, 358.5], [-91, 366.5], [-90, 370.0], [-89, 372.0], [-88, 376.0], [-87, 376.0], [-86, 382.5], [-85, 383.5], [-84, 387.0], [-83, 398.0], [-82, 399.5], [-81, 412.0], [-80, 412.75], [-79, 421.5], [-78, 426.5], [-77, 430.25], [-76, 444.5], [-75, 449.0], [-74, 456.5], [-73, 466.5], [-71, 488.5], [-70, 491.0], [-69, 506.0], [-67, 228.0], [-66, 226.0], [-65, 225.5], [-64, 223.0], [-63, 220.0], [-62, 220.0], [-61, 216.0], [-60, 214.5], [-59, 212.0], [-58, 210.5], [-57, 210.0], [-56, 208.0], [-55, 207.5], [-54, 206.5], [-53, 206.0], [-52, 205.0], [-51, 204.5], [-50, 204.5], [-49, 203.0], [-48, 202.5], [-47, 202.5], [-46, 202.0], [-45, 202.0], [-44, 201.5], [-43, 201.5], [-42, 201.0], [-41, 202.0], [-40, 201.5], [-39, 201.5], [-38, 200.5], [-37, 201.5], [-36, 201.5], [-35, 202.0], [-34, 202.5], [-33, 203.5], [-32, 202.0], [-31, 201.5], [-30, 204.0], [-29, 204.0], [-28, 205.5], [-27, 205.5], [-26, 206.5], [-25, 208.5], [-24, 209.5], [-23, 210.5], [-22, 211.0], [-21, 214.0], [-20, 216.0], [-19, 217.5], [-18, 220.0], [-17, 220.5], [-16, 223.5], [-15, 225.0], [-14, 228.5], [-13, 230.0], [-12, 232.0], [-11, 235.5], [-10, 237.0], [-9, 241.0], [-8, 242.5], [-7, 246.0], [-6, 248.0], [-5, 252.5], [-4, 255.5]]}