{"heading": -44.2, "target": -7.510694082681638, "gap_dist": 597.247728454372, "gap_info": [{"width": 127.31087341669294, "center_angle": -123.48028975734144, "edge_a": [-125.28125, 502.5], "edge_b": [-121.09375, 379.25], "depth": 502.5, "passable": false, "chosen": false}, {"width": 597.247728454372, "center_angle": -7.510694082681638, "edge_a": [-9.75, 169.5], "edge_b": [-7.015625, 766.5], "depth": 766.5, "passable": true, "chosen": true}, {"width": 454.05794440660907, "center_angle": 154.15703635437004, "edge_a": [134.453125, 531.5], "edge_b": [167.109375, 799.5], "depth": 799.5, "passable": true, "chosen": false}], "scan": [[-2.734375, 728.0], [-2.03125, 724.5], [-1.328125, 715.5], [-0.625, 706.0], [0.0625, 699.5], [0.75, 695.0], [1.453125, 691.5], [2.140625, 685.0], [2.875, 678.0], [3.578125, 673.5], [4.28125, 669.0], [4.984375, 673.5], [5.671875, 682.5], [6.359375, 675.5], [7.0625, 657.5], [7.75, 649.0], [8.5, 659.5], [9.203125, 667.25], [9.90625, 663.25], [10.609375, 659.5], [12.21875, 614.75], [12.96875, 611.25], [13.703125, 609.5], [14.296875, 612.0], [15.0, 616.25], [15.703125, 614.75], [16.40625, 610.0], [17.828125, 584.75], [18.53125, 584.5], [19.234375, 584.25], [19.953125, 581.25], [20.65625, 580.0], [21.359375, 583.0], [22.0625, 585.5], [22.8125, 585.75], [23.515625, 582.75], [24.234375, 576.5], [24.9375, 575.75], [25.625, 575.75], [26.328125, 575.5], [27.03125, 577.75], [27.734375, 577.5], [28.21875, 575.0], [28.859375, 572.5], [29.515625, 570.25], [30.15625, 569.25], [31.015625, 569.25], [31.703125, 568.75], [32.40625, 568.0], [33.09375, 568.75], [33.828125, 569.75], [34.53125, 569.25], [35.234375, 569.25], [35.9375, 570.0], [36.609375, 568.5], [37.296875, 566.5], [38.0, 567.5], [38.6875, 569.0], [39.40625, 569.0], [40.09375, 570.75], [40.796875, 571.0], [41.484375, 570.25], [42.203125, 571.0], [42.890625, 572.5], [43.59375, 574.0], [44.28125, 574.0], [45.015625, 574.75], [45.71875, 577.75], [46.421875, 579.5], [47.125, 580.25], [48.078125, 580.5], [48.84375, 581.5], [49.609375, 584.0], [50.375, 585.75], [50.90625, 588.0], [51.609375, 589.5], [52.3125, 591.0], [53.015625, 594.0], [53.734375, 596.25], [54.4375, 599.75], [55.140625, 602.0], [55.84375, 603.75], [56.578125, 607.75], [57.28125, 610.5], [58.0, 611.0], [58.703125, 612.5], [59.40625, 618.25], [60.109375, 624.0], [60.8125, 627.25], [61.515625, 628.5], [62.234375, 631.0], [62.9375, 634.0], [63.640625, 639.0], [64.34375, 644.5], [64.953125, 649.0], [65.625, 655.0], [66.3125, 659.5], [66.984375, 664.0], [67.796875, 670.0], [68.5, 675.5], [69.21875, 683.5], [69.921875, 691.25], [70.59375, 697.25], [71.28125, 696.0], [71.984375, 691.0], [72.671875, 693.0], [73.421875, 698.5], [74.828125, 735.0], [75.53125, 743.25], [76.234375, 747.25], [76.9375, 750.5], [77.640625, 755.5], [79.046875, 790.0], [80.453125, 763.5], [81.15625, 752.5], [81.875, 742.5], [82.578125, 734.0], [83.28125, 723.5], [83.984375, 714.0], [84.59375, 706.5], [85.265625, 700.0], [85.953125, 693.5], [86.625, 686.5], [87.390625, 680.0], [88.078125, 673.0], [88.78125, 668.0], [89.46875, 662.0], [90.1875, 654.5], [90.875, 648.5], [91.578125, 643.0], [92.265625, 637.5], [92.984375, 631.5], [93.671875, 626.0], [94.375, 621.0], [95.0625, 616.0], [95.78125, 612.5], [96.46875, 607.5], [97.171875, 600.75], [97.859375, 596.75], [98.609375, 593.75], [99.3125, 590.0], [100.015625, 587.0], [100.71875, 584.5], [101.609375, 576.0], [102.359375, 564.25], [103.109375, 559.25], [103.859375, 556.5], [104.421875, 553.5], [105.125, 551.5], [105.828125, 547.25], [106.53125, 543.75], [107.25, 542.75], [107.953125, 540.0], [108.65625, 537.0], [109.359375, 536.5], [110.078125, 535.0], [110.78125, 532.25], [111.484375, 529.0], [112.1875, 527.25], [112.921875, 526.5], [113.625, 525.0], [114.34375, 524.25], [115.046875, 523.25], [115.734375, 521.5], [116.4375, 520.0], [117.140625, 520.0], [117.84375, 520.5], [118.375, 518.5], [119.03125, 517.25], [119.6875, 516.25], [120.34375, 515.75], [121.1875, 515.75], [121.890625, 515.0], [122.59375, 514.75], [123.296875, 514.25], [123.96875, 513.75], [124.65625, 514.0], [125.359375, 514.0], [126.046875, 514.25], [126.765625, 515.25], [127.453125, 516.75], [128.15625, 518.0], [128.84375, 518.0], [129.578125, 517.5], [130.28125, 518.75], [130.984375, 521.0], [131.6875, 522.5], [132.375, 523.5], [133.0625, 524.25], [133.765625, 524.0], [134.453125, 531.5], [136.5625, 3351.5], [137.25, 3362.5], [147.390625, 1495.0], [150.234375, 1313.5], [150.953125, 1276.0], [151.65625, 1244.0], [152.359375, 1215.5], [153.0625, 1185.0], [153.765625, 1153.0], [154.46875, 1125.5], [155.109375, 1100.0], [155.796875, 1073.5], [156.484375, 1050.5], [157.171875, 1026.0], [157.9375, 1003.0], [158.640625, 983.5], [159.34375, 963.5], [160.046875, 944.0], [160.75, 926.5], [161.453125, 911.0], [162.15625, 893.5], [162.859375, 877.5], [163.578125, 863.5], [164.28125, 849.5], [164.984375, 835.5], [165.6875, 822.0], [166.40625, 810.5], [167.109375, 799.5], [167.8125, 789.0], [168.515625, 778.5], [169.21875, 765.5], [169.921875, 751.5], [170.625, 741.5], [171.328125, 735.5], [171.984375, 732.5], [172.671875, 729.0], [173.359375, 721.0], [174.046875, 712.5], [174.78125, 703.5], [175.46875, 697.0], [176.859375, 673.0], [177.59375, 669.0], [178.296875, 666.5], [179.0, 665.5], [179.703125, 663.5], [-179.609375, 660.25], [-178.921875, 656.0], [-178.21875, 657.75], [-177.53125, 656.5], [-176.78125, 651.0], [-175.375, 628.75], [-174.671875, 628.75], [-173.96875, 624.25], [-173.265625, 617.25], [-172.5625, 613.5], [-171.859375, 609.5], [-171.171875, 606.0], [-170.484375, 606.0], [-169.09375, 584.5], [-168.1875, 578.25], [-167.453125, 578.5], [-166.703125, 576.0], [-165.96875, 570.0], [-165.34375, 568.25], [-164.640625, 561.75], [-163.921875, 557.0], [-163.21875, 557.0], [-162.515625, 557.5], [-161.8125, 553.75], [-161.109375, 548.0], [-160.40625, 545.75], [-159.6875, 544.0], [-158.984375, 543.0], [-158.28125, 539.25], [-157.578125, 534.25], [-156.859375, 532.25], [-156.15625, 530.25], [-155.453125, 526.75], [-154.75, 522.75], [-154.015625, 525.0], [-153.3125, 524.75], [-152.59375, 518.5], [-151.890625, 518.25], [-151.21875, 518.25], [-150.53125, 516.0], [-149.828125, 513.25], [-149.140625, 512.75], [-148.375, 514.25], [-147.671875, 512.5], [-146.953125, 512.25], [-146.25, 511.75], [-145.546875, 509.5], [-144.84375, 509.5], [-144.140625, 508.5], [-143.4375, 508.25], [-142.734375, 508.75], [-142.03125, 507.75], [-141.328125, 508.25], [-140.625, 508.25], [-139.890625, 508.0], [-139.1875, 509.0], [-138.46875, 509.25], [-137.765625, 509.75], [-137.078125, 512.5], [-136.375, 514.25], [-135.671875, 512.75], [-134.96875, 513.5], [-134.25, 515.5], [-133.546875, 515.5], [-132.84375, 518.0], [-132.140625, 519.75], [-131.59375, 523.0], [-130.9375, 527.0], [-130.265625, 528.0], [-129.609375, 528.5], [-128.765625, 529.0], [-128.0625, 532.25], [-127.359375, 535.25], [-126.65625, 527.5], [-125.96875, 512.5], [-125.28125, 502.5], [-121.09375, 379.25], [-119.65625, 361.0], [-117.5625, 329.5], [-115.484375, 304.25], [-114.75, 299.0], [-112.640625, 273.75], [-111.9375, 268.0], [-111.234375, 263.0], [-110.53125, 258.5], [-109.828125, 253.0], [-107.765625, 223.5], [-107.078125, 219.0], [-106.34375, 213.5], [-105.640625, 209.25], [-104.9375, 206.0], [-104.234375, 203.5], [-103.53125, 200.25], [-102.828125, 197.0], [-102.125, 194.5], [-101.421875, 192.25], [-100.71875, 190.25], [-100.015625, 188.0], [-99.3125, 185.25], [-98.609375, 182.75], [-97.84375, 180.75], [-97.125, 178.75], [-96.40625, 177.0], [-95.6875, 174.75], [-95.03125, 173.0], [-94.328125, 171.5], [-93.625, 169.75], [-92.921875, 168.25], [-92.21875, 167.25], [-91.515625, 165.5], [-90.8125, 163.25], [-90.109375, 161.75], [-89.40625, 160.75], [-88.703125, 159.75], [-88.0, 158.75], [-87.296875, 158.25], [-86.59375, 156.25], [-85.890625, 154.25], [-85.1875, 153.25], [-84.484375, 152.5], [-83.765625, 151.5], [-83.0625, 150.25], [-82.359375, 150.5], [-81.65625, 150.25], [-80.953125, 149.25], [-80.25, 148.0], 