{"heading": -32.1, "target": -88.78909535081668, "gap_dist": 329.1072561595081, "gap_info": [{"width": 329.1072561595081, "center_angle": -88.78909535081668, "edge_a": [-129, 256.0], "edge_b": [-61, 354.5], "depth": 354.5, "passable": true, "chosen": true}, {"width": 26.85020273150593, "center_angle": -4.8428319458219455, "edge_a": [-8, 172.0], "edge_b": [-2, 191.0], "depth": 191.0, "passable": false, "chosen": false}, {"width": 418.308398378117, "center_angle": 38.54747828002, "edge_a": [-2, 191.0], "edge_b": [53, 497.5], "depth": 497.5, "passable": true, "chosen": false}, {"width": 170.30026273196106, "center_angle": 58.1907860126836, "edge_a": [57, 494.5], "edge_b": [60, 325.5], "depth": 494.5, "passable": false, "chosen": false}], "scan": [[-2, 191.0], [2, 1222.5], [3, 1196.5], [4, 1172.0], [5, 1131.5], [6, 1122.5], [9, 1012.5], [10, 990.0], [11, 948.0], [12, 929.0], [13, 913.0], [14, 879.0], [15, 862.5], [16, 839.5], [17, 835.5], [19, 791.5], [21, 743.0], [22, 740.5], [23, 722.5], [24, 692.5], [25, 687.0], [26, 690.0], [28, 652.0], [29, 646.0], [30, 653.0], [32, 609.5], [33, 606.0], [34, 600.5], [35, 606.0], [37, 574.0], [38, 573.5], [39, 576.0], [41, 545.0], [42, 541.0], [43, 538.5], [44, 531.0], [45, 527.0], [46, 520.0], [47, 517.5], [48, 516.0], [49, 513.5], [50, 508.5], [51, 503.5], [52, 500.0], [53, 497.5], [54, 498.0], [55, 495.0], [56, 494.0], [57, 494.5], [60, 325.5], [61, 318.5], [62, 310.5], [63, 299.0], [65, 278.0], [66, 272.5], [67, 268.0], [68, 258.5], [69, 253.5], [70, 246.5], [71, 243.0], [72, 238.5], [73, 231.0], [74, 226.0], [75, 218.25], [76, 214.5], [77, 213.25], [78, 208.25], [79, 206.0], [80, 202.5], [81, 198.25], [82, 195.5], [83, 190.75], [84, 189.5], [85, 188.5], [86, 183.0], [87, 181.0], [88, 178.5], [89, 177.5], [90, 176.0], [91, 172.5], [92, 171.0], [93, 169.0], [94, 169.0], [95, 166.0], [96, 163.25], [97, 162.5], [98, 161.0], [99, 161.5], [100, 160.0], [101, 158.0], [102, 157.5], [103, 157.0], [104, 156.5], [105, 156.0], [106, 155.0], [107, 152.0], [108, 153.0], [109, 152.0], [110, 153.0], [111, 153.0], [112, 152.0], [113, 151.0], [114, 150.0], [115, 151.5], [116, 150.5], [117, 150.0], [122, 936.5], [123, 952.5], [124, 965.5], [125, 1001.5], [126, 1024.0], [127, 1046.5], [128, 1097.0], [129, 1125.0], [130, 1181.5], [131, 1217.0], [132, 1251.5], [133, 1313.5], [134, 1347.0], [135, 1422.0], [136, 1463.5], [138, 2266.0], [139, 2276.5], [140, 2293.0], [144, 2700.0], [146, 682.0], [147, 681.0], [148, 677.0], [149, 676.0], [150, 673.5], [151, 670.0], [152, 666.5], [153, 665.0], [154, 666.0], [155, 664.5], [156, 661.5], [157, 663.0], [158, 663.0], [159, 663.5], [160, 665.0], [161, 664.5], [162, 666.5], [163, 666.5], [164, 666.5], [165, 671.0], [166, 671.0], [167, 675.5], [168, 677.0], [169, 679.5], [170, 685.0], [178, 1494.5], [179, 1409.5], [-180, 1372.0], [-179, 1335.0], [-178, 1263.5], [-177, 1229.5], [-176, 1172.0], [-175, 1146.5], [-174, 1123.5], [-173, 1075.5], [-172, 1056.5], [-170, 308.5], [-169, 305.0], [-168, 300.5], [-167, 297.5], [-166, 295.0], [-165, 291.0], [-164, 288.0], [-163, 286.5], [-162, 281.5], [-161, 281.0], [-160, 278.0], [-159, 275.5], [-158, 273.0], [-157, 271.5], [-156, 270.0], [-155, 268.0], [-154, 267.0], [-153, 266.5], [-152, 263.5], [-151, 263.0], [-150, 262.5], [-149, 260.0], [-148, 259.5], [-147, 260.0], [-146, 258.5], [-145, 257.0], [-144, 256.0], [-143, 255.5], [-142, 255.5], [-141, 257.0], [-140, 257.5], [-139, 254.5], [-138, 253.5], [-137, 252.0], [-136, 250.5], [-135, 251.5], [-134, 251.0], [-133, 255.5], [-132, 258.5], [-131, 258.5], [-130, 256.0], [-129, 256.0], [-127, 577.5], [-126, 572.5], [-125, 570.5], [-124, 567.5], [-123, 566.5], [-122, 567.5], [-121, 565.5], [-120, 569.5], [-119, 569.0], [-118, 561.5], [-117, 562.5], [-116, 554.5], [-115, 556.0], [-114, 560.0], [-113, 558.5], [-112, 555.0], [-111, 556.0], [-110, 561.5], [-109, 562.0], [-108, 563.5], [-107, 565.5], [-106, 567.0], [-105, 572.5], [-104, 571.0], [-103, 573.0], [-102, 582.0], [-101, 584.5], [-100, 590.0], [-99, 589.5], [-98, 592.5], [-97, 598.0], [-96, 602.5], [-95, 607.0], [-94, 616.5], [-93, 624.0], [-92, 632.0], [-91, 638.5], [-90, 639.5], [-89, 643.5], [-88, 648.0], [-87, 662.5], [-86, 672.5], [-85, 670.0], [-84, 682.5], [-83, 698.0], [-82, 702.0], [-81, 715.0], [-80, 714.0], [-79, 727.5], [-78, 733.0], [-77, 748.0], [-76, 760.0], [-75, 761.5], [-74, 766.0], [-73, 781.0], [-72, 792.5], [-71, 801.0], [-70, 806.5], [-69, 815.5], [-68, 832.5], [-67, 840.0], [-66, 858.0], [-65, 867.5], [-64, 880.0], [-63, 914.0], [-61, 354.5], [-60, 346.5], [-59, 332.5], [-58, 325.0], [-57, 317.0], [-56, 304.0], [-55, 298.0], [-54, 287.0], [-53, 282.5], [-52, 276.0], [-51, 268.0], [-50, 263.0], [-49, 256.0], [-48, 252.0], [-47, 247.0], [-46, 241.5], [-45, 238.0], [-44, 231.5], [-43, 228.5], [-42, 226.0], [-41, 219.5], [-40, 218.0], [-39, 215.0], [-38, 209.0], [-37, 206.5], [-36, 203.5], [-35, 201.5], [-34, 198.5], [-33, 195.5], [-32, 193.5], [-31, 191.5], [-30, 190.0], [-29, 190.0], [-28, 185.5], [-27, 184.5], [-26, 182.5], [-25, 180.5], [-24, 180.0], [-23, 177.5], [-22, 177.0], [-21, 176.5], [-20, 173.0], [-19, 173.0], [-18, 172.0], [-17, 172.0], [-16, 171.0], [-15, 169.5], [-14, 169.0], [-13, 169.0], [-12, 168.0], [-11, 168.0], [-10, 168.0], [-9, 172.0], [-8, 172.0]]}