{"heading": 13.1, "target": -15.138427917113205, "gap_dist": 516.7987174872319, "gap_info": [{"width": 516.7987174872319, "center_angle": -15.138427917113205, "edge_a": [-20.015625, 246.0], "edge_b": [-13.5625, 760.5], "depth": 760.5, "passable": true, "chosen": true}], "scan": [[-3.4375, 712.5], [-2.734375, 708.0], [-2.03125, 706.5], [-1.328125, 704.0], [-0.59375, 700.5], [0.109375, 698.0], [0.828125, 695.5], [1.53125, 693.5], [2.25, 690.5], [2.953125, 687.5], [3.671875, 685.5], [4.375, 684.5], [5.109375, 682.5], [5.8125, 681.5], [6.53125, 680.0], [7.234375, 678.0], [7.953125, 677.5], [8.65625, 675.5], [9.375, 678.5], [10.078125, 681.5], [10.96875, 675.0], [11.71875, 669.5], [12.46875, 668.0], [13.21875, 665.0], [13.828125, 662.0], [14.53125, 660.5], [15.25, 659.5], [15.953125, 659.0], [16.6875, 659.0], [17.390625, 661.0], [18.109375, 663.0], [18.8125, 662.5], [19.578125, 662.0], [20.296875, 662.5], [21.015625, 664.5], [21.734375, 665.5], [22.4375, 666.0], [23.140625, 666.5], [23.859375, 668.0], [24.5625, 671.5], [25.296875, 674.5], [26.0, 676.5], [26.71875, 678.5], [27.421875, 680.0], [27.9375, 682.0], [28.59375, 686.0], [29.25, 688.5], [29.90625, 690.5], [30.75, 693.5], [31.453125, 696.5], [32.15625, 699.5], [32.859375, 703.5], [33.578125, 707.5], [34.28125, 714.0], [34.984375, 719.5], [35.6875, 714.5], [36.40625, 708.0], [37.109375, 715.0], [37.8125, 720.5], [38.515625, 711.5], [40.671875, 625.0], [42.78125, 517.5], [43.484375, 504.0], [44.1875, 490.5], [44.90625, 478.0], [45.609375, 466.5], [46.3125, 456.5], [47.015625, 447.5], [48.015625, 440.0], [48.78125, 431.0], [49.5625, 421.5], [50.328125, 413.5], [50.90625, 406.0], [52.34375, 389.0], [53.0625, 383.5], [53.765625, 375.5], [54.46875, 370.5], [55.1875, 365.5], [55.890625, 359.5], [56.640625, 354.5], [57.359375, 348.5], [58.078125, 343.5], [58.796875, 339.5], [59.5, 335.0], [60.203125, 330.5], [60.921875, 326.5], [61.625, 322.5], [62.375, 318.5], [63.09375, 315.5], [63.8125, 313.0], [64.53125, 310.0], [65.109375, 305.5], [65.78125, 301.5], [66.46875, 298.5], [67.140625, 295.0], [67.96875, 291.0], [68.671875, 287.5], [69.390625, 285.0], [70.09375, 283.0], [70.828125, 281.0], [71.53125, 280.0], [72.25, 280.0], [72.953125, 277.5], [73.671875, 275.0], [74.375, 271.5], [75.09375, 265.0], [75.796875, 260.5], [76.5, 257.0], [77.203125, 253.5], [77.90625, 252.0], [78.609375, 251.0], [79.359375, 248.0], [80.0625, 246.0], [80.78125, 245.5], [82.15625, 235.5], [82.84375, 234.5], [83.546875, 235.0], [84.234375, 234.5], [84.984375, 233.5], [85.6875, 232.0], [86.390625, 230.0], [87.09375, 229.0], [87.828125, 227.5], [88.53125, 225.0], [89.25, 223.0], [89.953125, 224.5], [90.671875, 227.0], [91.375, 227.5], [92.09375, 227.5], [92.796875, 225.5], [93.515625, 225.5], [94.21875, 225.5], [94.9375, 224.5], [95.640625, 223.0], [96.34375, 222.0], [97.046875, 223.5], [97.75, 224.0], [98.453125, 223.0], [99.1875, 222.0], [99.890625, 222.5], [100.609375, 223.0], [101.3125, 222.5], [102.203125, 221.0], [102.953125, 221.0], [103.703125, 222.0], [104.453125, 222.5], [105.078125, 222.5], [105.796875, 221.0], [106.515625, 220.0], [107.234375, 220.0], [107.953125, 221.5], [108.671875, 221.25], [109.390625, 219.25], [110.109375, 221.0], [110.8125, 221.75], [111.515625, 221.25], [112.234375, 223.0], [112.9375, 222.25], [113.6875, 222.25], [114.40625, 223.5], [115.125, 223.0], [115.84375, 223.0], [116.5625, 223.25], [117.28125, 224.75], [118.0, 227.0], [118.71875, 228.0], [119.1875, 227.0], [119.84375, 226.75], [120.5, 228.25], [121.15625, 230.25], [122.015625, 231.5], [122.71875, 232.0], [123.421875, 234.5], [124.125, 236.5], [124.84375, 236.5], [125.546875, 235.75], [126.25, 236.5], [126.953125, 238.75], [127.6875, 240.75], [128.390625, 241.5], [129.109375, 243.0], [129.8125, 245.25], [130.515625, 247.25], [131.21875, 248.25], [131.921875, 249.75], [132.625, 251.0], [133.34375, 253.5], [134.046875, 255.25], [134.75, 256.25], [135.453125, 259.0], [136.421875, 260.5], [137.1875, 262.75], [137.953125, 264.75], [138.71875, 267.25], [139.265625, 269.75], [139.96875, 269.5], [141.390625, 279.0], [142.15625, 281.0], [142.875, 280.5], [143.59375, 283.5], [144.3125, 289.0], [145.03125, 293.0], [145.75, 296.5], [146.46875, 299.0], [147.1875, 302.25], [147.875, 305.25], [148.578125, 308.5], [149.296875, 313.5], [150.0, 317.0], [150.8125, 321.5], [151.546875, 326.0], [152.28125, 330.0], [153.015625, 335.0], [153.625, 339.5], [154.328125, 342.5], [155.03125, 347.0], [155.734375, 351.25], [156.40625, 355.25], [157.09375, 362.5], [157.796875, 369.0], [158.484375, 374.5], [159.28125, 379.0], [160.0, 386.0], [160.71875, 395.5], [161.4375, 404.0], [162.125, 411.0], [162.828125, 420.0], [164.25, 443.5], [164.984375, 445.5], [165.6875, 447.0], [166.40625, 447.5], [167.109375, 448.5], [167.84375, 455.5], [168.546875, 466.0], [169.265625, 475.0], [169.96875, 485.5], [170.703125, 497.5], [171.40625, 509.5], [172.125, 521.5], [173.53125, 551.0], [174.234375, 565.5], [174.9375, 579.5], [176.390625, 623.5], [-179.34375, 1111.5], [-177.203125, 842.25], [-176.484375, 834.25], [-175.78125, 830.75], [-175.046875, 829.5], [-174.34375, 826.5], [-173.625, 824.0], [-172.921875, 823.25], [-172.203125, 822.25], [-171.5, 825.75], [-170.78125, 838.5], [-170.078125, 840.0], [-169.171875, 840.5], [-168.421875, 848.5], [-167.65625, 856.0], [-166.90625, 871.0], [-166.296875, 871.5], [-164.859375, 14568.0], [-164.140625, 14561.0], [-160.546875, 1954.5], [-159.84375, 1954.75], [-159.125, 1958.25], [-158.421875, 1934.5], [-157.65625, 1915.0], [-153.328125, 1937.0], [-152.609375, 1931.5], [-151.9375, 1962.5], [-151.234375, 1993.5], [-150.53125, 2007.5], [-147.65625, 3243.5], [-146.203125, 1641.0], [-145.484375, 1612.5], [-144.765625, 1587.5], [-144.046875, 1575.5], [-143.34375, 1575.5], [-142.640625, 1587.5], [-141.921875, 1613.0], [-140.46875, 2285.0], [-139.03125, 1462.0], [-138.3125, 1454.5], [-137.59375, 1452.5], [-136.875, 1449.5], [-136.15625, 1450.0], [-135.4375, 1453.5], [-134.734375, 1460.5], [-134.03125, 1478.5], [-132.609375, 1813.5], [-132.03125, 1778.5], [-130.6875, 1594.0], [-130.015625, 1564.0], [-129.171875, 1535.0], [-128.46875, 1508.5], [-127.75, 1481.5], [-127.046875, 1456.0], [-126.328125, 1433.5], [-125.625, 1410.5], [-124.90625, 1388.5], [-124.203125, 1369.0], [-123.484375, 1350.0], [-122.78125, 1331.0], [-122.0625, 1311.0], [-121.359375, 1293.5], [-120.640625, 1278.0], [-119.9375, 1261.5], [-119.21875, 1245.5], [-118.515625, 1230.0], [-117.796875, 1214.0], [-117.09375, 1200.0], [-116.375, 1187.0], [-115.671875, 1174.0], [-114.96875, 1162.0], [-114.265625, 1149.5], [-113.5625, 1138.5], [-112.859375, 1126.5], [-112.125, 1115.0], [-111.421875, 1105.5], [-110.703125, 1095.0], [-110.0, 1086.0], [-109.296875, 1076.0], [-108.59375, 1064.5], [-107.890625, 1056.5], [-107.1875, 1048.5], [-106.453125, 1039.5], [-105.75, 1031.5], [-105.03125, 1023.0], [-104.328125, 1016.0], [-103.609375, 1010.0], [-102.90625, 1003.5], [-102.1875, 996.0], [-101.484375, 989.0], [-100.765625, 984.5], [-100.0625, 979.0], [-99.34375, 971.5], [-98.640625, 967.0], [-97.828125, 963.0], [-97.09375, 957.0], [-96.359375, 952.0], [-95.625, 946.5], [-94.984375, 939.5], [-94.28125, 934.5], [-93.5625, 931.0], [-92.859375, 927.5], [-92.125, 924.5], [-91.421875, 920.75], [-90.703125, 917.25], [-90.0, 913.25], [-89.265625, 909.0], [-88.5625, 905.5], [-87.84375, 903.5], [-87.140625, 901.5], [-86.40625, 899.5], [-85.703125, 897.0], [-84.984375, 895.5], [-84.28125, 894.0], [-83.546875, 891.0], [-82.84375, 888.5], [-81.421875, 148.0], [-80.71875, 146.5], [-80.015625, 148.0], [-79.3125, 148.5], [-78.609375, 147.0], [-77.859375, 146.0], [-77.15625, 145.0], [-76.4375, 145.0], [-75.734375, 146.0], [-75.0, 145.5], [-74.296875, 143.5], [-73.578125, 143.0], [-72.875, 142.5], [-72.15625, 142.5], [-71.453125, 143.0], [-70.734375, 142.0], [-70.03125, 143.0], [-69.296875, 144.25], [-68.59375, 144.75], [-67.875, 145.5], [-67.171875, 147.0], [-66.453125, 147.5], [-65.75, 146.25], [-65.03125, 145.75], 