{"heading": 34.8, "target": 7.323310543878838, "gap_dist": 562.190366224067, "gap_info": [{"width": 562.190366224067, "center_angle": 7.323310543878838, "edge_a": [6, 782.0], "edge_b": [12, 221.5], "depth": 782.0, "passable": true, "chosen": true}, {"width": 520.5098715612846, "center_angle": 90.55112639696965, "edge_a": [81, 289.5], "edge_b": [94, 798.5], "depth": 798.5, "passable": true, "chosen": false}, {"width": 263.21633827860114, "center_angle": 125.77021859972957, "edge_a": [125, 702.5], "edge_b": [127, 440.0], "depth": 702.5, "passable": true, "chosen": false}], "scan": [[-3, 638.0], [-2, 645.5], [-1, 662.0], [0, 679.5], [1, 692.5], [3, 731.0], [4, 746.0], [5, 768.5], [6, 782.0], [8, 826.5], [9, 860.0], [10, 877.5], [12, 221.5], [13, 220.0], [14, 217.0], [15, 216.0], [16, 214.5], [17, 212.5], [18, 212.0], [19, 211.0], [20, 210.0], [21, 209.0], [22, 208.5], [23, 207.5], [24, 206.0], [25, 206.0], [26, 205.0], [27, 204.5], [28, 203.5], [29, 202.5], [30, 203.0], [31, 199.5], [32, 199.0], [33, 197.5], [34, 196.5], [35, 198.0], [36, 198.0], [37, 201.0], [38, 200.5], [39, 201.5], [40, 202.5], [41, 204.0], [42, 205.5], [43, 204.0], [44, 203.5], [45, 204.0], [46, 205.5], [47, 208.0], [48, 208.0], [49, 209.0], [50, 209.5], [51, 210.5], [52, 211.0], [53, 212.5], [54, 212.5], [55, 214.5], [56, 216.0], [57, 217.5], [58, 219.5], [59, 220.0], [60, 221.5], [61, 224.5], [62, 226.5], [63, 229.0], [64, 229.5], [65, 231.0], [66, 235.5], [67, 237.0], [68, 241.0], [69, 242.5], [70, 246.5], [71, 250.0], [72, 253.0], [73, 258.0], [74, 260.0], [75, 265.0], [76, 267.5], [77, 269.5], [78, 277.0], [79, 281.0], [80, 287.5], [81, 289.5], [84, 905.0], [85, 896.5], [86, 893.5], [87, 866.5], [88, 859.0], [89, 843.0], [90, 840.0], [91, 835.0], [92, 821.5], [93, 815.0], [94, 798.5], [95, 792.0], [96, 791.0], [97, 778.5], [98, 775.5], [99, 765.0], [100, 761.0], [101, 755.5], [102, 750.5], [103, 745.5], [104, 741.5], [105, 733.5], [106, 731.5], [107, 729.5], [108, 729.0], [109, 724.5], [110, 712.0], [111, 709.0], [112, 702.5], [113, 701.0], [114, 701.5], [115, 705.0], [116, 703.5], [117, 703.0], [118, 701.5], [119, 700.5], [120, 702.5], [121, 702.0], [122, 702.5], [123, 701.5], [124, 701.5], [125, 702.5], [127, 440.0], [128, 438.0], [129, 432.5], [130, 430.5], [131, 422.5], [132, 419.5], [133, 419.0], [134, 415.5], [135, 412.0], [136, 410.5], [137, 408.0], [138, 406.0], [139, 404.5], [140, 400.5], [141, 399.0], [142, 395.5], [143, 394.5], [144, 393.5], [145, 389.5], [146, 389.5], [147, 387.5], [148, 386.5], [149, 385.5], [150, 384.0], [151, 383.5], [152, 380.5], [153, 380.0], [154, 379.5], [155, 380.5], [156, 388.5], [159, 872.5], [160, 882.0], [161, 891.0], [162, 898.5], [163, 917.0], [164, 927.0], [165, 946.5], [166, 958.0], [167, 966.5], [168, 993.0], [169, 1007.0], [170, 1034.5], [171, 1050.5], [172, 1065.0], [173, 1095.0], [174, 1113.5], [175, 1139.5], [176, 1153.5], [177, 1169.5], [178, 1204.5], [179, 1222.5], [-180, 1259.0], [-179, 1281.0], [-178, 1303.5], [-170, 8470.5], [-165, 3682.5], [-152, 2343.0], [-151, 2334.0], [-150, 2336.0], [-149, 2384.5], [-147, 2225.0], [-146, 2213.5], [-145, 2214.5], [-144, 2221.5], [-139, 430.5], [-138, 420.0], [-137, 401.0], [-136, 391.0], [-135, 372.0], [-134, 364.5], [-133, 356.5], [-132, 341.5], [-131, 329.5], [-130, 324.0], [-129, 317.0], [-128, 305.25], [-127, 301.5], [-126, 292.5], [-125, 289.5], [-124, 286.0], [-123, 277.0], [-122, 273.0], [-121, 273.0], [-120, 275.0], [-119, 277.0], [-118, 279.5], [-117, 286.0], [-116, 289.5], [-115, 297.0], [-114, 301.0], [-113, 306.0], [-112, 315.0], [-111, 319.5], [-110, 330.0], [-109, 337.0], [-108, 349.0], [-107, 355.5], [-106, 361.0], [-105, 378.0], [-104, 384.5], [-103, 400.5], [-102, 409.5], [-99, 499.5], [-98, 495.5], [-97, 493.5], [-96, 477.0], [-95, 473.75], [-94, 465.5], [-93, 455.5], [-92, 448.0], [-91, 444.75], [-90, 439.5], [-89, 427.0], [-88, 430.0], [-87, 427.5], [-86, 418.0], [-85, 411.5], [-84, 404.5], [-83, 399.5], [-82, 396.5], [-81, 395.0], [-80, 387.5], [-79, 383.0], [-78, 381.5], [-77, 377.0], [-76, 373.0], [-75, 372.0], [-74, 369.5], [-73, 367.5], [-72, 365.0], [-71, 358.0], [-70, 355.0], [-69, 348.0], [-68, 347.5], [-67, 350.5], [-66, 346.0], [-65, 346.0], [-64, 344.0], [-63, 342.5], [-62, 341.5], [-61, 341.0], [-60, 340.5], [-59, 337.5], [-58, 338.5], [-57, 339.5], [-56, 338.5], [-55, 340.5], [-54, 338.5], [-53, 338.5], [-52, 338.0], [-51, 337.5], [-50, 340.5], [-49, 339.0], [-48, 339.5], [-47, 340.5], [-46, 340.5], [-45, 343.5], [-44, 344.25], [-43, 347.5], [-42, 346.0], [-41, 349.0], [-40, 348.5], [-39, 352.0], [-38, 355.0], [-37, 355.0], [-36, 354.5], [-35, 361.5], [-34, 361.5], [-33, 368.5], [-32, 369.0], [-31, 372.0], [-30, 373.0], [-29, 378.5], [-28, 382.5], [-27, 381.5], [-26, 392.5], [-25, 395.0], [-24, 395.5], [-23, 403.5], [-22, 406.0], [-21, 412.5], [-20, 419.0], [-19, 422.5], [-18, 424.0], [-17, 428.0], [-16, 435.5], [-15, 440.5], [-14, 449.0], [-12, 462.5], [-10, 483.0], [-9, 486.0], [-8, 502.0], [-6, 527.0], [-5, 532.5]]}