{"heading": 24.8, "target": 15.369707300173529, "gap_dist": 419.33549671900414, "gap_info": [{"width": 318.6769415973826, "center_angle": -109.63806339008919, "edge_a": [-127, 450.0], "edge_b": [-79, 263.5], "depth": 450.0, "passable": true, "chosen": false}, {"width": 419.33549671900414, "center_angle": 15.369707300173529, "edge_a": [-27, 198.5], "edge_b": [31, 496.5], "depth": 496.5, "passable": true, "chosen": true}, {"width": 446.6873204135541, "center_angle": 95.83653732093003, "edge_a": [69, 494.0], "edge_b": [124, 472.5], "depth": 494.0, "passable": true, "chosen": false}, {"width": 355.46822754450545, "center_angle": 149.42324867079355, "edge_a": [143, 461.0], "edge_b": [174, 124.0], "depth": 461.0, "passable": true, "chosen": false}], "scan": [[-1, 1021.0], [0, 994.0], [1, 942.0], [2, 924.5], [3, 917.0], [4, 928.0], [5, 932.5], [6, 937.0], [7, 951.5], [8, 958.5], [9, 972.0], [10, 978.5], [11, 988.5], [12, 1005.5], [13, 1013.5], [14, 1023.0], [15, 1040.5], [16, 1051.5], [18, 1761.0], [19, 1772.0], [20, 1795.5], [21, 1812.0], [22, 1874.0], [24, 522.5], [25, 514.5], [26, 504.5], [27, 504.5], [28, 511.5], [29, 510.5], [30, 507.0], [31, 496.5], [32, 485.5], [33, 485.0], [34, 482.5], [35, 481.0], [36, 483.0], [37, 475.5], [38, 472.0], [39, 471.0], [40, 469.5], [41, 471.0], [42, 466.5], [43, 466.0], [44, 467.0], [45, 467.0], [46, 467.0], [47, 467.0], [48, 466.0], [49, 466.0], [50, 465.5], [51, 465.5], [52, 465.5], [53, 467.0], [54, 466.0], [55, 467.0], [56, 469.0], [57, 469.0], [58, 469.0], [59, 470.5], [60, 473.5], [61, 474.5], [62, 476.5], [63, 480.0], [64, 480.5], [65, 481.5], [66, 486.5], [67, 488.5], [68, 493.0], [69, 494.0], [70, 500.0], [71, 502.5], [72, 504.5], [73, 512.0], [74, 514.5], [75, 521.5], [76, 526.5], [77, 530.5], [78, 538.75], [79, 542.25], [80, 555.5], [85, 1051.5], [86, 1027.0], [87, 1015.5], [88, 991.5], [89, 981.5], [90, 971.0], [91, 950.5], [92, 941.5], [93, 923.0], [94, 916.0], [95, 899.5], [96, 890.5], [97, 882.0], [98, 872.0], [99, 876.5], [100, 891.5], [101, 910.0], [102, 948.5], [103, 969.5], [104, 995.5], [106, 6819.5], [114, 6631.5], [115, 6545.0], [116, 6553.5], [117, 6563.5], [122, 1896.5], [124, 472.5], [125, 469.5], [126, 469.0], [127, 467.0], [128, 465.5], [129, 463.5], [130, 462.5], [131, 461.0], [132, 459.0], [133, 457.5], [134, 456.0], [135, 454.0], [136, 454.0], [137, 454.0], [138, 454.0], [139, 454.5], [140, 453.5], [141, 454.0], [142, 454.5], [143, 461.0], [147, 1979.5], [148, 1986.0], [153, 8460.5], [160, 1804.0], [165, 74.25], [174, 124.0], [175, 125.5], [176, 128.5], [177, 127.25], [178, 127.25], [179, 125.0], [180, 124.0], [-175, 71.0], [-168, 72.75], [-166, 78.5], [-156, 595.5], [-155, 575.0], [-154, 564.5], [-153, 556.0], [-152, 536.0], [-151, 528.0], [-150, 509.5], [-149, 505.0], [-148, 490.5], [-147, 483.0], [-146, 476.5], [-145, 465.0], [-144, 461.0], [-143, 450.5], [-142, 446.0], [-141, 438.5], [-140, 434.5], [-139, 429.0], [-138, 422.0], [-137, 419.0], [-136, 413.0], [-135, 410.0], [-134, 408.0], [-133, 401.75], [-132, 401.0], [-131, 404.5], [-130, 410.0], [-129, 418.0], [-128, 439.5], [-127, 450.0], [-124, 507.0], [-120, 1179.5], [-119, 1161.5], [-118, 1144.0], [-117, 1107.0], [-116, 1090.0], [-115, 1060.5], [-114, 1042.5], [-113, 1008.5], [-112, 998.0], [-111, 988.0], [-110, 963.5], [-109, 951.0], [-108, 928.5], [-107, 919.0], [-106, 898.0], [-105, 887.0], [-104, 881.5], [-103, 868.5], [-102, 862.5], [-101, 845.0], [-100, 840.0], [-99, 832.0], [-98, 827.5], [-97, 820.5], [-96, 813.0], [-95, 808.5], [-94, 794.0], [-93, 790.5], [-92, 789.0], [-91, 783.0], [-90, 778.5], [-89, 775.0], [-88, 771.5], [-87, 766.0], [-86, 765.5], [-85, 761.0], [-84, 747.5], [-83, 751.5], [-82, 737.0], [-81, 733.0], [-79, 263.5], [-78, 260.5], [-77, 256.5], [-76, 254.0], [-75, 247.0], [-74, 245.0], [-73, 241.0], [-72, 239.0], [-71, 236.0], [-70, 231.5], [-69, 230.5], [-68, 227.5], [-67, 226.0], [-66, 224.5], [-65, 222.0], [-64, 220.5], [-63, 216.0], [-62, 214.0], [-61, 213.5], [-60, 212.5], [-59, 209.5], [-58, 209.0], [-57, 208.5], [-56, 206.0], [-55, 205.0], [-54, 204.0], [-53, 204.0], [-52, 203.0], [-51, 201.0], [-50, 200.0], [-49, 200.0], [-48, 200.0], [-47, 199.5], [-46, 199.0], [-45, 198.5], [-44, 197.0], [-43, 196.5], [-42, 193.5], [-41, 191.5], [-40, 191.5], [-39, 191.5], [-38, 192.0], [-37, 192.5], [-36, 193.0], [-35, 195.0], [-34, 195.5], [-33, 195.5], [-32, 196.5], [-31, 197.5], [-30, 197.0], [-29, 198.5], [-28, 199.5], [-27, 198.5], [-24, 923.5], [-23, 935.0], [-22, 957.5], [-21, 970.5], [-20, 992.5], [-19, 1007.0], [-18, 1032.5], [-17, 1049.0], [-16, 1064.5], [-15, 1096.0], [-14, 1112.0], [-13, 1151.0], [-12, 1168.5], [-11, 1205.0], [-10, 1224.0], [-9, 1246.0], [-8, 1294.0], [-7, 1319.5], [-5, 1020.5]]}