{"heading": 32.4, "target": 3.1141409525216055, "gap_dist": 641.5299533360769, "gap_info": [{"width": 641.5299533360769, "center_angle": 3.1141409525216055, "edge_a": [-4, 772.0], "edge_b": [35, 181.0], "depth": 772.0, "passable": true, "chosen": true}], "scan": [[-3, 892.5], [-2, 909.0], [-1, 927.5], [0, 971.0], [2, 1059.0], [4, 1048.75], [5, 1035.5], [6, 1031.0], [7, 1023.0], [8, 1017.0], [9, 1010.0], [10, 1008.0], [11, 1005.0], [12, 995.5], [13, 990.0], [14, 983.5], [15, 980.0], [16, 977.0], [17, 975.5], [18, 972.0], [19, 972.5], [20, 967.5], [21, 960.5], [22, 949.5], [23, 947.5], [24, 946.0], [25, 943.5], [26, 943.5], [27, 944.5], [28, 944.5], [29, 945.5], [30, 946.5], [35, 181.0], [36, 176.0], [37, 178.0], [38, 180.0], [39, 180.0], [40, 181.0], [41, 182.0], [42, 182.5], [43, 183.5], [44, 184.0], [45, 186.0], [46, 185.5], [47, 186.0], [48, 190.0], [49, 190.5], [50, 191.0], [51, 191.5], [52, 192.5], [53, 193.0], [54, 196.5], [55, 198.0], [56, 198.5], [57, 200.0], [58, 202.5], [59, 204.5], [60, 205.5], [61, 208.5], [62, 210.0], [63, 215.0], [64, 217.5], [65, 220.5], [66, 222.0], [67, 225.5], [68, 227.0], [69, 234.0], [70, 235.5], [71, 240.5], [72, 243.0], [73, 250.5], [74, 253.5], [75, 260.5], [76, 262.5], [77, 269.5], [78, 274.0], [79, 281.0], [80, 284.5], [81, 291.5], [82, 297.0], [83, 302.5], [84, 314.0], [85, 324.5], [86, 331.0], [87, 344.5], [88, 350.0], [91, 401.0], [92, 419.0], [94, 452.0], [95, 463.0], [97, 505.0], [100, 621.5], [104, 682.5], [105, 696.5], [106, 683.0], [107, 687.0], [108, 681.0], [109, 675.0], [110, 670.0], [111, 669.0], [112, 667.5], [113, 666.5], [114, 665.0], [115, 666.0], [116, 666.5], [117, 665.0], [118, 664.5], [119, 665.0], [120, 664.5], [121, 663.0], [122, 664.0], [123, 665.5], [124, 664.5], [125, 666.5], [126, 667.5], [127, 669.5], [128, 669.5], [129, 673.5], [130, 675.5], [131, 678.5], [132, 682.0], [133, 683.0], [134, 687.0], [135, 695.0], [136, 699.0], [137, 696.5], [138, 688.0], [139, 683.5], [140, 688.0], [141, 692.0], [142, 697.5], [143, 701.0], [144, 707.0], [145, 710.5], [146, 719.5], [147, 723.5], [148, 727.5], [149, 736.5], [150, 740.5], [151, 752.5], [152, 757.0], [153, 765.5], [154, 771.0], [155, 785.5], [156, 790.5], [157, 803.0], [158, 810.0], [159, 826.5], [161, 2868.0], [167, 4275.0], [169, 2592.5], [172, 3153.0], [176, 1263.0], [-176, 6612.5], [-174, 2152.0], [-172, 1625.0], [-170, 2144.5], [-167, 2096.5], [-166, 2075.0], [-165, 2069.5], [-164, 2061.0], [-163, 2063.5], [-162, 2071.5], [-160, 14608.5], [-159, 14586.5], [-158, 14533.5], [-157, 14521.0], [-156, 14499.0], [-155, 14466.0], [-153, 855.0], [-152, 849.5], [-150, 822.5], [-149, 820.5], [-148, 824.0], [-147, 822.5], [-146, 835.5], [-141, 815.5], [-140, 814.5], [-139, 814.0], [-138, 826.0], [-137, 836.0], [-136, 840.0], [-135, 849.5], [-134, 849.5], [-130, 1281.0], [-128, 1171.0], [-127, 1106.0], [-126, 1075.5], [-125, 1047.5], [-123, 974.0], [-122, 930.0], [-121, 911.0], [-120, 874.0], [-119, 860.5], [-118, 826.0], [-117, 812.0], [-116, 787.5], [-115, 777.0], [-114, 758.0], [-113, 753.5], [-111, 721.5], [-110, 703.5], [-109, 705.0], [-106, 654.5], [-105, 648.5], [-104, 627.0], [-103, 617.0], [-101, 603.25], [-97, 561.75], [-96, 556.25], [-95, 543.0], [-94, 536.25], [-93, 528.25], [-92, 524.0], [-90, 505.75], [-89, 501.75], [-88, 495.25], [-87, 494.5], [-86, 489.25], [-85, 481.0], [-84, 478.5], [-83, 475.25], [-82, 470.5], [-81, 466.25], [-80, 463.25], [-79, 454.5], [-78, 453.5], [-77, 449.5], [-76, 446.5], [-75, 444.5], [-74, 440.5], [-73, 439.0], [-72, 434.0], [-71, 433.0], [-70, 429.5], [-69, 430.0], [-68, 427.0], [-67, 425.5], [-66, 425.5], [-65, 424.5], [-64, 424.0], [-63, 423.5], [-62, 423.5], [-61, 424.0], [-60, 420.5], [-59, 424.0], [-58, 423.5], [-57, 424.0], [-56, 426.0], [-55, 425.5], [-54, 424.0], [-53, 431.0], [-52, 429.0], [-51, 429.0], [-50, 430.5], [-49, 433.5], [-48, 436.5], [-47, 438.5], [-46, 439.0], [-45, 441.0], [-44, 445.0], [-43, 447.0], [-42, 451.0], [-41, 451.0], [-40, 456.5], [-39, 459.0], [-38, 469.5], [-37, 468.0], [-36, 471.5], [-35, 472.5], [-34, 485.5], [-33, 483.0], [-32, 486.5], [-31, 485.5], [-30, 499.0], [-29, 507.5], [-28, 511.0], [-27, 515.5], [-25, 530.5], [-24, 537.0], [-23, 547.5], [-22, 549.5], [-21, 563.5], [-20, 572.0], [-19, 586.5], [-18, 595.0], [-17, 607.5], [-16, 611.0], [-15, 640.0], [-14, 643.5], [-13, 654.5], [-12, 656.5], [-10, 692.5], [-8, 725.0], [-7, 729.5], [-6, 746.0], [-5, 759.5], [-4, 772.0]]}