{"heading": -48.7, "target": -10.622736846310504, "gap_dist": 595.4018144464745, "gap_info": [{"width": 126.6154871365685, "center_angle": -126.38801632993068, "edge_a": [-128.203125, 500.5], "edge_b": [-123.984375, 378.0], "depth": 500.5, "passable": false, "chosen": false}, {"width": 595.4018144464745, "center_angle": -10.622736846310504, "edge_a": [-12.34375, 173.5], "edge_b": [-10.234375, 768.75], "depth": 768.75, "passable": true, "chosen": true}, {"width": 453.22589200543723, "center_angle": 151.05164499593775, "edge_a": [130.90625, 528.75], "edge_b": [164.421875, 787.5], "depth": 787.5, "passable": true, "chosen": false}], "scan": [[-3.890625, 712.5], [-3.1875, 706.5], [-2.484375, 701.0], [-1.78125, 695.0], [-1.0625, 691.0], [-0.359375, 685.5], [0.34375, 679.5], [1.046875, 675.0], [1.765625, 671.0], [3.171875, 690.0], [4.59375, 649.5], [6.0, 665.0], [6.703125, 655.5], [7.4375, 657.0], [8.859375, 622.0], [9.5625, 617.5], [10.4375, 614.5], [11.1875, 618.5], [11.9375, 619.5], [12.6875, 618.5], [13.296875, 620.0], [14.71875, 592.75], [15.421875, 589.25], [16.140625, 588.0], [16.84375, 586.5], [17.5625, 585.0], [18.265625, 589.0], [19.015625, 590.0], [19.734375, 589.5], [20.453125, 586.5], [21.171875, 578.5], [21.859375, 579.0], [22.5625, 576.5], [23.28125, 574.0], [23.984375, 576.0], [24.71875, 575.0], [25.421875, 575.0], [26.140625, 573.25], [26.84375, 573.25], [27.5625, 572.5], [28.265625, 572.0], [28.984375, 574.0], [29.6875, 572.0], [30.171875, 570.0], [30.8125, 571.5], [31.46875, 573.0], [32.109375, 572.0], [33.0, 572.0], [33.703125, 571.25], [34.40625, 569.5], [35.109375, 570.5], [35.8125, 572.0], [36.515625, 573.0], [37.21875, 573.75], [37.921875, 573.25], [38.625, 574.0], [39.328125, 575.25], [40.03125, 575.25], [40.734375, 577.75], [41.46875, 579.25], [42.171875, 579.5], [42.890625, 582.25], [43.59375, 583.75], [44.28125, 583.5], [44.984375, 583.5], [45.6875, 584.5], [46.390625, 587.0], [47.359375, 589.0], [48.125, 590.5], [48.890625, 593.5], [49.65625, 593.5], [50.21875, 596.5], [50.921875, 603.0], [51.640625, 604.0], [52.34375, 606.0], [53.09375, 609.5], [53.8125, 612.5], [54.53125, 616.0], [55.25, 620.5], [55.9375, 624.0], [56.640625, 626.0], [57.359375, 629.0], [58.0625, 631.5], [58.796875, 635.5], [59.5, 638.5], [60.21875, 640.5], [60.921875, 646.5], [61.65625, 651.5], [62.359375, 655.5], [63.078125, 661.0], [63.78125, 664.5], [64.390625, 669.0], [65.0625, 675.5], [65.75, 683.5], [66.421875, 692.5], [67.25, 700.75], [67.953125, 700.0], [68.671875, 694.5], [69.375, 695.0], [70.09375, 702.5], [70.796875, 714.0], [71.515625, 727.0], [72.21875, 742.5], [72.9375, 752.5], [73.640625, 751.5], [74.359375, 750.0], [75.765625, 787.0], [76.46875, 780.25], [77.171875, 766.75], [77.875, 757.0], [78.609375, 744.75], [79.3125, 735.75], [80.03125, 727.5], [80.734375, 717.75], [81.453125, 710.0], [82.15625, 701.75], [82.875, 693.0], [83.578125, 686.75], [84.1875, 679.5], [84.859375, 672.25], [85.546875, 667.5], [86.21875, 662.25], [87.015625, 656.0], [87.71875, 649.75], [88.421875, 645.0], [89.125, 639.25], [89.84375, 632.0], [90.546875, 627.0], [91.25, 622.0], [91.953125, 617.0], [92.6875, 612.5], [93.390625, 608.25], [94.109375, 604.25], [94.8125, 599.75], [95.5, 596.25], [96.203125, 593.0], [96.90625, 589.25], [97.609375, 585.75], [98.328125, 575.0], [99.03125, 563.25], [99.734375, 559.0], [100.4375, 556.5], [101.3125, 554.5], [102.046875, 552.25], [102.796875, 549.25], [103.53125, 546.0], [104.171875, 543.25], [104.875, 541.0], [105.59375, 538.0], [106.296875, 536.5], [107.03125, 533.75], [107.734375, 531.25], [108.453125, 529.75], [109.15625, 528.25], [109.875, 527.25], [110.578125, 526.75], [111.296875, 526.25], [112.0, 524.75], [112.71875, 523.5], [113.421875, 520.75], [114.140625, 518.25], [114.84375, 517.5], [115.5625, 518.25], [116.265625, 518.75], [116.984375, 518.0], [117.6875, 516.75], [118.234375, 514.75], [118.890625, 514.0], [119.5625, 514.0], [120.21875, 514.0], [121.078125, 514.5], [121.78125, 514.5], [122.5, 513.0], [123.203125, 513.0], [123.859375, 514.5], [124.546875, 516.5], [125.25, 517.5], [125.9375, 517.0], [126.6875, 517.5], [127.390625, 519.25], [128.09375, 521.0], [128.796875, 521.25], [129.5, 522.25], [130.203125, 524.5], [130.90625, 528.75], [133.734375, 3358.5], [147.453125, 1299.5], [148.875, 1226.75], [149.59375, 1200.5], [150.296875, 1170.0], [151.015625, 1140.0], [151.71875, 1112.0], [152.4375, 1085.5], [153.140625, 1061.5], [154.5625, 1008.5], [155.203125, 990.5], [155.890625, 970.0], [156.578125, 954.0], [157.265625, 935.0], [158.046875, 914.0], [158.75, 898.0], [159.46875, 881.5], [160.171875, 866.5], [160.875, 853.5], [161.578125, 840.0], [162.28125, 825.0], [162.984375, 812.0], [163.71875, 800.0], [164.421875, 787.5], [165.140625, 778.5], [165.84375, 769.0], [166.5625, 758.5], [167.265625, 749.25], [167.984375, 744.25], [168.6875, 739.0], [169.390625, 727.5], [170.09375, 714.0], [170.796875, 708.5], [171.5, 700.75], [172.171875, 691.25], [172.859375, 687.5], [173.5625, 682.0], [174.25, 681.0], [175.0, 678.5], [175.703125, 670.5], [176.40625, 662.0], [177.109375, 653.0], [177.84375, 646.5], [178.546875, 645.0], [179.265625, 645.5], [179.96875, 648.0], [-179.328125, 647.0], [-178.625, 633.75], [-177.921875, 620.75], [-177.21875, 612.25], [-176.515625, 606.25], [-175.8125, 599.75], [-175.109375, 595.25], [-174.40625, 599.5], [-173.671875, 600.0], [-172.96875, 592.5], [-172.25, 587.5], [-171.546875, 585.0], [-170.84375, 576.5], [-170.140625, 571.5], [-169.4375, 569.0], [-168.734375, 565.5], [-167.84375, 565.0], [-167.09375, 563.5], [-166.34375, 556.0], [-165.59375, 549.5], [-165.0, 551.5], [-164.296875, 549.5], [-163.578125, 543.0], [-162.875, 538.5], [-162.15625, 532.5], [-161.453125, 532.0], [-160.734375, 533.5], [-160.03125, 525.0], [-159.28125, 521.25], [-158.5625, 521.75], [-157.84375, 521.0], [-157.125, 520.0], [-156.453125, 518.0], [-155.75, 516.0], [-155.046875, 515.0], [-154.34375, 513.0], [-153.59375, 510.0], [-152.890625, 509.75], [-152.171875, 509.25], [-151.46875, 508.5], [-150.796875, 509.5], [-150.109375, 510.5], [-149.40625, 508.0], [-148.71875, 507.0], [-147.9375, 507.5], [-147.234375, 508.5], [-146.515625, 509.0], [-145.8125, 507.5], [-145.09375, 507.5], [-144.390625, 507.5], [-143.671875, 508.5], [-142.96875, 509.5], [-142.234375, 510.0], [-141.53125, 508.5], [-140.8125, 507.0], [-140.109375, 510.0], [-139.40625, 511.0], [-138.703125, 511.5], [-138.0, 512.0], [-137.296875, 513.5], [-136.5625, 515.5], [-135.859375, 517.0], [-135.140625, 517.0], [-134.4375, 518.5], [-133.84375, 524.0], [-133.171875, 528.75], [-132.484375, 528.25], [-131.8125, 527.5], [-131.03125, 530.0], [-130.328125, 532.0], [-128.921875, 508.5], [-128.203125, 500.5], [-123.984375, 378.0], [-122.5625, 358.5], [-121.859375, 351.0], [-120.453125, 330.5], [-119.046875, 312.5], [-118.34375, 305.0], [-117.640625, 297.0], [-116.921875, 289.5], [-116.21875, 282.5], [-115.515625, 276.0], [-114.8125, 269.0], [-114.109375, 262.5], [-113.40625, 258.0], [-112.703125, 253.0], [-110.59375, 224.0], [-109.890625, 219.5], [-109.1875, 215.0], [-108.46875, 209.5], [-107.765625, 206.0], [-107.0625, 204.5], [-105.671875, 197.5], [-104.984375, 196.0], [-104.28125, 193.0], [-103.59375, 190.5], [-102.84375, 189.0], [-102.140625, 187.5], [-101.4375, 185.0], [-100.734375, 182.0], [-100.03125, 180.5], [-99.328125, 178.5], [-98.625, 177.0], [-97.921875, 175.5], [-97.125, 172.5], [-96.40625, 170.0], [-95.671875, 168.5], [-94.953125, 167.5], [-94.3125, 167.0], [-93.609375, 166.5], [-92.90625, 164.25], [-92.203125, 161.25], [-91.484375, 158.25], [-90.78125, 157.5], [-90.078125, 157.0], [-89.375, 155.5], [-88.65625, 154.75], [-87.953125, 155.25], [-87.25, 154.25], [-86.546875, 152.5], [-85.828125, 151.75], [-85.125, 150.25], [-84.421875, 149.0], [-83.71875, 149.25], [-82.984375, 149.75], [-82.28125, 148.0], [-81.5625, 145.75], [-80.859375, 145.75], [-80.15625, 145.5], [-79.453125, 143.75], [-78.75, 142.75], [-78.046875, 142.75], [-77.34375, 143.25], 