{"heading": -32.1, "target": 67.24514485086823, "gap_dist": 564.1653398317386, "gap_info": [{"width": 564.1653398317386, "center_angle": 67.24514485086823, "edge_a": [38, 480.0], "edge_b": [85, 769.0], "depth": 769.0, "passable": true, "chosen": true}, {"width": 538.5018624616855, "center_angle": 151.17138144317337, "edge_a": [124, 529.0], "edge_b": [170, 748.5], "depth": 748.5, "passable": true, "chosen": false}, {"width": 154.2803940290776, "center_angle": 171.7821347772428, "edge_a": [170, 748.5], "edge_b": [174, 601.5], "depth": 748.5, "passable": false, "chosen": false}, {"width": 132.98063843776498, "center_angle": 176.21122388622555, "edge_a": [174, 601.5], "edge_b": [179, 477.0], "depth": 601.5, "passable": false, "chosen": false}], "scan": [[-3, 240.0], [-2, 241.0], [-1, 242.0], [0, 244.5], [1, 247.5], [2, 249.5], [3, 253.0], [4, 255.5], [6, 283.5], [7, 281.0], [8, 279.5], [9, 268.75], [10, 267.5], [11, 269.75], [12, 271.25], [13, 276.5], [14, 278.5], [15, 281.0], [16, 287.0], [17, 290.0], [18, 297.0], [19, 300.5], [20, 304.0], [21, 310.5], [22, 314.0], [23, 322.5], [24, 329.0], [25, 333.5], [26, 345.0], [27, 351.0], [28, 357.5], [30, 383.5], [31, 390.5], [32, 402.0], [33, 412.5], [34, 428.0], [35, 437.0], [37, 468.0], [38, 480.0], [40, 999.0], [41, 985.0], [42, 978.5], [43, 968.0], [44, 961.5], [45, 950.5], [46, 946.5], [47, 943.0], [48, 938.0], [49, 933.0], [50, 929.5], [51, 923.0], [52, 920.0], [53, 917.0], [54, 911.0], [55, 908.5], [56, 903.5], [57, 904.0], [58, 906.0], [59, 906.5], [60, 897.0], [61, 892.0], [62, 889.5], [63, 887.0], [64, 886.5], [65, 889.5], [66, 886.5], [67, 888.0], [68, 890.5], [69, 892.0], [70, 893.0], [71, 896.5], [72, 899.0], [73, 902.5], [74, 906.0], [75, 908.5], [76, 913.5], [77, 917.5], [78, 921.5], [79, 923.5], [80, 929.5], [81, 945.0], [82, 940.0], [83, 957.5], [85, 769.0], [86, 752.5], [89, 645.0], [90, 636.0], [94, 529.0], [96, 490.5], [97, 479.5], [98, 470.0], [99, 449.0], [100, 440.0], [101, 428.5], [102, 420.5], [103, 413.0], [104, 407.5], [105, 395.5], [106, 386.5], [107, 383.0], [108, 381.0], [109, 382.5], [110, 392.0], [111, 395.5], [112, 404.0], [113, 409.0], [114, 414.0], [115, 425.0], [116, 432.0], [117, 443.0], [118, 452.0], [119, 460.0], [120, 474.5], [121, 491.0], [122, 500.5], [123, 520.0], [124, 529.0], [126, 2075.5], [127, 2072.0], [128, 2094.0], [129, 2102.0], [130, 2118.0], [131, 2122.0], [132, 2117.0], [133, 2150.5], [135, 2135.0], [136, 2169.5], [139, 2489.5], [146, 2134.0], [148, 15215.0], [149, 15196.5], [150, 15167.5], [170, 748.5], [174, 601.5], [179, 477.0], [-179, 446.0], [-177, 417.0], [-175, 394.0], [-173, 377.0], [-172, 362.5], [-171, 359.0], [-170, 356.0], [-167, 320.0], [-166, 318.0], [-165, 316.5], [-163, 299.5], [-162, 292.5], [-161, 285.5], [-160, 282.0], [-159, 277.0], [-158, 275.5], [-157, 268.5], [-156, 270.0], [-154, 262.0], [-153, 258.5], [-152, 253.5], [-150, 243.0], [-149, 239.5], [-148, 236.5], [-147, 235.5], [-146, 235.0], [-145, 229.0], [-144, 229.0], [-143, 223.5], [-142, 224.5], [-141, 224.5], [-140, 217.0], [-139, 214.5], [-138, 214.5], [-137, 213.5], [-136, 212.0], [-135, 208.5], [-134, 210.0], [-133, 206.0], [-132, 205.5], [-131, 202.0], [-130, 200.5], [-129, 199.25], [-128, 200.75], [-127, 200.5], [-126, 199.0], [-125, 198.75], [-124, 198.75], [-123, 197.75], [-122, 198.0], [-121, 199.5], [-120, 198.0], [-119, 198.0], [-118, 199.5], [-117, 198.0], [-116, 198.75], [-115, 197.25], [-114, 199.0], [-113, 199.5], [-112, 199.5], [-111, 201.0], [-110, 203.0], [-109, 203.0], [-108, 203.0], [-107, 202.5], [-106, 202.0], [-105, 200.5], [-104, 205.0], [-103, 206.5], [-102, 209.0], [-101, 211.0], [-100, 212.5], [-99, 214.0], [-98, 216.5], [-97, 222.5], [-96, 223.0], [-94, 230.0], [-93, 231.0], [-92, 230.5], [-91, 232.0], [-90, 233.5], [-89, 236.0], [-87, 246.5], [-85, 255.5], [-84, 254.5], [-82, 268.0], [-81, 269.5], [-80, 272.5], [-78, 283.0], [-77, 289.5], [-75, 300.0], [-74, 302.0], [-73, 313.5], [-72, 316.0], [-71, 318.0], [-69, 276.0], [-68, 273.5], [-67, 266.0], [-66, 263.5], [-65, 261.0], [-64, 255.5], [-63, 253.0], [-62, 249.0], [-61, 246.0], [-60, 242.5], [-59, 241.0], [-58, 239.5], [-57, 237.0], [-56, 235.0], [-55, 231.5], [-54, 230.0], [-53, 227.5], [-52, 224.5], [-51, 224.0], [-50, 222.0], [-49, 220.0], [-48, 218.25], [-47, 218.25], [-46, 217.75], [-45, 213.5], [-44, 212.5], [-43, 213.0], [-42, 212.5], [-41, 211.5], [-40, 209.0], [-39, 208.5], [-38, 208.5], [-37, 208.0], [-36, 207.5], [-35, 206.5], [-34, 205.5], [-33, 205.0], [-32, 206.0], [-31, 203.5], [-30, 202.0], [-29, 202.0], [-28, 203.0], [-27, 203.5], [-26, 204.5], [-25, 205.0], [-24, 205.5], [-23, 206.0], [-22, 206.0], [-21, 206.0], [-20, 207.0], [-19, 207.5], [-18, 209.0], [-17, 209.0], [-16, 208.5], [-15, 209.5], [-14, 211.0], [-13, 212.5], [-12, 212.5], [-11, 215.5], [-10, 217.5], [-9, 218.0], [-8, 219.5], [-7, 221.0], [-6, 224.0], [-5, 225.5]]}