{"heading": 23.1, "target": 48.52049297232986, "gap_dist": 383.35039752625653, "gap_info": [{"width": 524.7031639371124, "center_angle": -96.8666072439961, "edge_a": [-122, 472.0], "edge_b": [-30, 218.0], "depth": 472.0, "passable": true, "chosen": false}, {"width": 38.82402787267462, "center_angle": 12.588548838884968, "edge_a": [11, 283.0], "edge_b": [14, 318.5], "depth": 318.5, "passable": false, "chosen": false}, {"width": 383.35039752625653, "center_angle": 48.52049297232986, "edge_a": [21, 438.0], "edge_b": [83, 357.5], "depth": 438.0, "passable": true, "chosen": true}, {"width": 219.8488011852583, "center_angle": 136.29565029251975, "edge_a": [135, 261.5], "edge_b": [137, 481.0], "depth": 481.0, "passable": false, "chosen": false}], "scan": [[-2, 200.0], [-1, 203.0], [1, 213.0], [2, 220.0], [3, 224.5], [4, 230.0], [5, 235.5], [6, 245.5], [7, 249.5], [8, 255.0], [9, 267.5], [10, 272.5], [11, 283.0], [14, 318.5], [15, 326.5], [17, 355.0], [19, 391.0], [21, 438.0], [29, 2710.0], [30, 2701.0], [32, 2559.0], [33, 2511.0], [35, 812.0], [36, 812.5], [37, 812.5], [38, 814.5], [39, 815.5], [40, 817.0], [41, 819.5], [42, 821.0], [43, 822.5], [44, 823.5], [45, 825.5], [46, 825.0], [47, 826.0], [48, 827.0], [49, 830.0], [52, 2581.0], [53, 2597.5], [58, 1443.5], [60, 1284.5], [62, 1174.5], [63, 1143.5], [64, 1090.5], [65, 1067.0], [66, 1016.5], [67, 997.5], [68, 963.0], [69, 942.5], [72, 853.0], [74, 814.5], [76, 767.5], [77, 746.0], [78, 738.0], [79, 718.5], [80, 710.5], [81, 702.0], [83, 357.5], [84, 349.5], [85, 346.5], [86, 338.0], [87, 334.5], [88, 327.0], [89, 323.0], [90, 320.5], [91, 316.0], [92, 313.5], [93, 308.5], [94, 305.5], [95, 300.5], [96, 299.0], [97, 294.5], [98, 292.0], [99, 290.0], [100, 284.5], [101, 282.5], [102, 282.0], [103, 280.0], [104, 278.5], [105, 274.0], [106, 273.0], [107, 270.5], [108, 269.0], [109, 268.0], [110, 265.5], [111, 265.0], [112, 264.0], [113, 262.5], [114, 261.0], [115, 261.0], [116, 259.5], [117, 259.0], [118, 259.0], [119, 258.0], [120, 257.5], [121, 256.0], [122, 256.0], [123, 255.5], [124, 254.5], [125, 253.5], [126, 253.0], [127, 253.5], [128, 256.5], [129, 255.0], [130, 257.0], [131, 258.0], [132, 257.5], [133, 259.0], [134, 259.5], [135, 261.5], [137, 481.0], [138, 490.0], [139, 497.0], [140, 497.5], [141, 502.5], [142, 499.0], [143, 500.5], [144, 503.0], [145, 513.5], [146, 522.5], [147, 519.5], [148, 518.5], [149, 517.0], [150, 527.5], [151, 529.0], [152, 537.0], [153, 535.5], [154, 532.0], [155, 534.5], [156, 542.5], [157, 550.0], [158, 554.5], [159, 564.5], [160, 568.5], [161, 581.5], [162, 586.0], [163, 599.0], [164, 605.5], [165, 611.0], [166, 623.5], [167, 631.5], [168, 647.0], [169, 655.0], [170, 671.5], [171, 676.5], [172, 684.5], [173, 701.0], [174, 713.5], [175, 732.5], [176, 743.0], [177, 766.5], [179, 818.5], [180, 817.5], [-180, 819.0], [-178, 864.5], [-177, 872.0], [-176, 898.0], [-174, 955.0], [-173, 967.5], [-171, 1035.0], [-170, 1053.5], [-169, 1096.5], [-168, 1125.0], [-167, 1154.5], [-166, 1222.0], [-165, 1256.0], [-162, 3161.5], [-160, 1632.0], [-158, 448.5], [-157, 446.5], [-156, 443.0], [-155, 442.5], [-154, 442.5], [-153, 441.0], [-152, 440.0], [-151, 438.0], [-150, 436.5], [-149, 435.5], [-148, 435.5], [-147, 435.5], [-146, 435.0], [-145, 434.0], [-144, 432.5], [-143, 433.0], [-142, 433.0], [-141, 434.0], [-140, 435.0], [-139, 436.0], [-138, 437.5], [-137, 436.5], [-136, 437.5], [-135, 439.5], [-134, 441.0], [-133, 443.0], [-132, 445.5], [-131, 445.5], [-130, 447.0], [-129, 451.0], [-128, 453.0], [-127, 456.5], [-126, 458.5], [-125, 462.0], [-124, 464.0], [-123, 466.0], [-122, 472.0], [-120, 1522.0], [-119, 1454.0], [-118, 1421.0], [-117, 1387.0], [-116, 1323.0], [-115, 1295.5], [-114, 1241.0], [-113, 1217.5], [-112, 1166.5], [-111, 1142.5], [-110, 1099.5], [-109, 1078.0], [-108, 1058.0], [-107, 1020.5], [-106, 1002.0], [-105, 970.5], [-104, 955.5], [-103, 931.0], [-102, 915.5], [-101, 894.0], [-100, 882.0], [-99, 869.5], [-98, 849.5], [-97, 840.0], [-96, 822.5], [-95, 813.5], [-94, 803.5], [-93, 789.0], [-92, 782.0], [-91, 767.0], [-90, 760.5], [-89, 748.0], [-88, 743.0], [-87, 738.0], [-86, 726.5], [-85, 721.0], [-84, 709.5], [-83, 705.0], [-82, 695.0], [-81, 692.0], [-80, 682.5], [-79, 679.0], [-78, 675.0], [-77, 665.5], [-76, 661.5], [-75, 655.5], [-74, 652.0], [-73, 644.5], [-72, 643.0], [-71, 639.0], [-70, 633.5], [-69, 631.5], [-68, 628.0], [-67, 625.0], [-66, 621.5], [-65, 619.5], [-64, 617.5], [-63, 614.0], [-62, 614.0], [-61, 610.5], [-60, 610.0], [-59, 609.5], [-58, 610.5], [-57, 610.5], [-56, 609.5], [-55, 610.5], [-54, 611.0], [-53, 612.5], [-52, 611.5], [-51, 611.5], [-50, 615.0], [-49, 616.0], [-48, 617.0], [-47, 617.5], [-46, 623.5], [-45, 625.5], [-44, 627.5], [-43, 630.0], [-42, 633.0], [-41, 638.0], [-40, 638.0], [-30, 218.0], [-28, 203.0], [-27, 197.0], [-26, 189.5], [-24, 176.5], [-23, 173.0], [-22, 170.0], [-21, 164.5], [-20, 163.5], [-19, 158.5], [-18, 157.5], [-17, 156.0], [-16, 156.5], [-15, 157.5], [-14, 159.0], [-13, 161.0], [-12, 161.5], [-11, 167.0], [-10, 169.5], [-9, 170.5], [-8, 175.0], [-7, 177.5], [-6, 184.0], [-5, 187.5], [-4, 191.5], [-3, 194.0]]}