{"heading": 4.8, "target": 47.49782746529718, "gap_dist": 441.6610718691196, "gap_info": [{"width": 49.293882236496486, "center_angle": -53.58768230231147, "edge_a": [-55, 407.5], "edge_b": [-52, 362.5], "depth": 407.5, "passable": false, "chosen": false}, {"width": 36.48827477325376, "center_angle": -48.57684966333766, "edge_a": [-50, 333.5], "edge_b": [-47, 301.0], "depth": 333.5, "passable": false, "chosen": false}, {"width": 95.94654071921181, "center_angle": -5.60045239667377, "edge_a": [-12, 213.0], "edge_b": [-1, 296.0], "depth": 296.0, "passable": false, "chosen": false}, {"width": 441.6610718691196, "center_angle": 47.49782746529718, "edge_a": [-1, 296.0], "edge_b": [87, 348.5], "depth": 348.5, "passable": true, "chosen": true}], "scan": [[-1, 296.0], [5, 1024.0], [6, 1045.0], [7, 1054.5], [8, 1076.5], [9, 1087.0], [10, 1098.0], [11, 1125.0], [12, 1141.0], [13, 1142.5], [14, 1145.5], [15, 1150.5], [16, 1167.0], [17, 1175.0], [18, 1185.5], [19, 1201.0], [20, 1209.5], [21, 1230.0], [22, 1241.0], [25, 636.5], [26, 637.5], [27, 641.0], [28, 642.0], [29, 646.0], [30, 648.0], [31, 654.5], [32, 658.0], [33, 661.0], [34, 664.5], [35, 669.0], [36, 669.5], [37, 682.5], [38, 685.5], [39, 690.0], [40, 697.5], [41, 700.0], [42, 711.0], [43, 716.5], [44, 720.5], [45, 732.5], [46, 737.0], [47, 748.5], [48, 754.5], [50, 1152.5], [52, 1092.5], [53, 1078.0], [54, 1065.5], [55, 1030.5], [56, 1016.0], [57, 995.5], [58, 983.0], [59, 970.5], [60, 952.0], [61, 941.5], [62, 919.5], [63, 910.5], [64, 894.5], [65, 887.5], [66, 872.0], [67, 866.0], [68, 858.0], [69, 846.0], [70, 842.0], [71, 838.5], [72, 828.0], [73, 813.5], [74, 801.0], [75, 792.0], [76, 793.5], [87, 348.5], [88, 333.0], [89, 328.5], [90, 327.0], [91, 329.0], [92, 332.0], [93, 335.25], [94, 341.5], [95, 343.5], [96, 346.0], [97, 351.75], [98, 355.25], [99, 361.25], [100, 365.25], [101, 369.5], [102, 377.25], [103, 380.25], [104, 385.0], [105, 393.75], [106, 397.75], [107, 408.5], [108, 412.5], [109, 418.0], [110, 429.5], [111, 435.5], [112, 446.5], [113, 452.5], [115, 708.5], [116, 714.0], [117, 719.5], [118, 723.5], [119, 730.5], [120, 732.5], [121, 743.0], [122, 740.0], [123, 742.5], [124, 749.5], [125, 752.5], [126, 760.0], [127, 764.5], [128, 771.5], [129, 781.5], [130, 787.0], [131, 797.5], [132, 802.0], [133, 816.5], [134, 820.0], [135, 826.5], [136, 840.0], [137, 847.5], [138, 865.0], [139, 874.0], [140, 883.0], [141, 892.5], [142, 908.0], [143, 919.5], [144, 938.5], [145, 945.5], [146, 962.5], [147, 973.0], [148, 984.5], [149, 1009.0], [150, 1021.5], [151, 1047.0], [152, 1061.0], [153, 1074.0], [154, 1103.5], [155, 1119.0], [157, 3473.5], [158, 3473.5], [162, 2500.5], [163, 2492.0], [164, 2492.5], [165, 2489.5], [166, 2505.0], [170, 2423.5], [171, 2409.0], [172, 2412.0], [178, 1175.0], [179, 1173.5], [180, 1183.5], [-180, 1200.0], [-179, 1224.0], [-177, 1046.0], [-176, 1051.5], [-175, 1047.0], [-174, 1043.0], [-173, 1049.5], [-172, 1054.5], [-171, 1054.0], [-170, 1059.5], [-169, 1079.0], [-168, 1098.0], [-158, 2386.0], [-154, 1587.5], [-146, 1024.5], [-145, 969.5], [-144, 941.5], [-143, 918.5], [-142, 876.5], [-141, 855.5], [-140, 820.0], [-139, 806.0], [-138, 775.5], [-137, 762.0], [-136, 748.0], [-135, 718.5], [-134, 712.5], [-133, 698.5], [-131, 656.5], [-130, 647.0], [-129, 638.5], [-128, 628.5], [-127, 615.0], [-125, 575.0], [-124, 567.0], [-123, 560.0], [-122, 564.0], [-120, 525.5], [-119, 516.0], [-118, 508.5], [-117, 499.5], [-116, 494.5], [-115, 491.5], [-114, 483.5], [-113, 477.5], [-112, 465.5], [-111, 457.0], [-110, 454.0], [-109, 454.0], [-108, 452.0], [-106, 439.0], [-105, 437.0], [-104, 426.5], [-103, 424.0], [-102, 418.0], [-101, 418.0], [-100, 415.5], [-99, 418.0], [-98, 414.0], [-97, 407.5], [-96, 405.0], [-95, 402.0], [-94, 396.5], [-93, 395.5], [-92, 394.0], [-91, 394.5], [-90, 391.0], [-89, 391.5], [-88, 391.0], [-87, 390.0], [-86, 389.0], [-85, 386.5], [-84, 388.5], [-83, 388.5], [-82, 386.5], [-81, 384.5], [-80, 382.5], [-79, 385.0], [-78, 386.5], [-77, 387.25], [-76, 386.75], [-75, 386.5], [-74, 388.25], [-73, 389.5], [-72, 390.25], [-71, 392.5], [-70, 394.0], [-69, 393.0], [-68, 392.75], [-67, 397.0], [-66, 397.5], [-65, 401.5], [-64, 404.0], [-63, 405.0], [-62, 410.5], [-61, 414.5], [-60, 420.0], [-59, 421.0], [-58, 421.0], [-57, 427.0], [-55, 407.5], [-52, 362.5], [-50, 333.5], [-47, 301.0], [-46, 290.0], [-45, 286.0], [-44, 274.0], [-43, 269.5], [-42, 265.0], [-41, 256.0], [-40, 251.5], [-39, 243.0], [-38, 238.5], [-37, 234.5], [-36, 227.5], [-35, 225.0], [-34, 218.0], [-33, 215.5], [-32, 212.5], [-31, 206.0], [-30, 204.5], [-29, 200.5], [-28, 198.5], [-27, 194.5], [-26, 194.0], [-25, 191.5], [-24, 187.5], [-23, 186.0], [-22, 182.5], [-21, 180.5], [-20, 178.0], [-19, 178.0], [-18, 180.5], [-17, 183.0], [-16, 188.5], [-15, 192.0], [-14, 201.25], [-12, 213.0]]}