{"heading": -76.9, "target": 118.36244492746154, "gap_dist": 449.6815882377614, "gap_info": [{"width": 168.99360191801046, "center_angle": 73.22217042429973, "edge_a": [72, 295.0], "edge_b": [74, 463.5], "depth": 463.5, "passable": false, "chosen": false}, {"width": 449.6815882377614, "center_angle": 118.36244492746154, "edge_a": [108, 496.0], "edge_b": [171, 112.25], "depth": 496.0, "passable": true, "chosen": true}, {"width": 15.088597185728133, "center_angle": 173.58677054709344, "edge_a": [172, 112.0], "edge_b": [175, 125.75], "depth": 125.75, "passable": false, "chosen": false}], "scan": [[-2, 786.5], [1, 1100.5], [2, 1082.5], [3, 1065.0], [4, 1065.5], [5, 1066.5], [6, 1081.0], [7, 1095.0], [26, 152.5], [27, 155.0], [28, 154.5], [29, 154.5], [30, 156.0], [31, 156.5], [32, 157.5], [33, 157.5], [34, 157.0], [35, 159.5], [36, 159.5], [37, 160.0], [38, 163.5], [39, 164.0], [40, 165.0], [41, 166.5], [42, 167.5], [43, 171.0], [44, 172.0], [45, 173.5], [46, 177.0], [47, 177.0], [49, 183.5], [50, 184.5], [51, 186.5], [52, 189.5], [53, 193.5], [54, 197.5], [55, 200.0], [56, 202.0], [57, 205.5], [58, 210.0], [59, 216.5], [60, 220.5], [61, 222.5], [62, 230.5], [63, 234.0], [64, 240.5], [65, 244.5], [66, 252.0], [67, 257.5], [68, 262.5], [69, 272.0], [70, 277.0], [71, 289.0], [72, 295.0], [74, 463.5], [75, 465.25], [76, 464.5], [77, 463.5], [78, 460.75], [79, 460.5], [80, 459.25], [81, 459.0], [82, 459.0], [83, 459.75], [84, 458.5], [85, 457.5], [86, 459.0], [87, 459.0], [88, 459.5], [89, 460.5], [90, 460.0], [91, 460.0], [92, 462.0], [93, 463.5], [94, 464.0], [95, 464.5], [96, 467.5], [97, 468.0], [98, 469.5], [99, 473.0], [100, 475.0], [101, 478.0], [102, 479.0], [103, 481.0], [104, 484.5], [105, 487.0], [106, 491.0], [107, 493.0], [108, 496.0], [109, 501.0], [110, 504.0], [111, 510.5], [112, 512.5], [113, 515.0], [114, 522.0], [115, 524.5], [116, 528.5], [117, 539.0], [118, 543.5], [119, 551.0], [120, 556.5], [121, 568.0], [122, 574.0], [123, 584.5], [124, 592.0], [125, 598.5], [126, 609.0], [127, 615.5], [128, 631.5], [129, 639.0], [130, 647.5], [131, 664.0], [132, 675.0], [133, 694.5], [134, 703.5], [135, 725.0], [136, 736.0], [137, 746.5], [138, 772.0], [139, 782.0], [140, 796.5], [141, 811.5], [142, 838.0], [143, 854.0], [144, 879.5], [145, 895.5], [146, 929.0], [147, 947.5], [148, 967.5], [149, 1014.5], [150, 1040.0], [151, 1094.0], [152, 1122.5], [153, 1153.0], [154, 1218.0], [165, 69.5], [171, 112.25], [172, 112.0], [175, 125.75], [176, 126.5], [177, 125.75], [178, 123.25], [179, 121.25], [180, 121.75], [-169, 70.25], [-161, 1666.0], [-160, 1664.5], [-156, 78.0], [-152, 5504.0], [-150, 1304.0], [-149, 1290.5], [-148, 1292.0], [-147, 1302.0], [-146, 1338.0], [-145, 1364.0], [-142, 1608.0], [-141, 1615.0], [-140, 1623.5], [-139, 1606.5], [-138, 1631.5], [-136, 3185.0], [-135, 3229.0], [-133, 3450.5], [-128, 1100.5], [-127, 1099.0], [-126, 1106.5], [-125, 1109.5], [-121, 4170.0], [-119, 3493.0], [-118, 3470.0], [-117, 3426.0], [-116, 3406.5], [-115, 3372.5], [-114, 3357.5], [-111, 791.5], [-108, 784.5], [-104, 736.0], [-102, 1617.5], [-101, 1636.5], [-97, 3945.0], [-96, 3970.0], [-94, 3958.5], [-93, 3960.0], [-92, 3957.5], [-91, 3963.0], [-89, 14331.0], [-88, 14341.5], [-85, 3959.0], [-79, 1424.0], [-78, 1397.5], [-77, 1390.0], [-76, 1409.5], [-75, 1418.5], [-74, 1438.0], [-73, 1451.0], [-72, 1462.5], [-71, 1488.0], [-69, 4240.0], [-68, 4292.5], [-67, 4324.5], [-66, 4378.5], [-65, 4408.5], [-64, 4466.5], [-62, 3322.5], [-60, 4633.0], [-59, 4708.5], [-58, 4748.0], [-57, 4788.0], [-56, 4875.5], [-55, 4921.5], [-54, 5020.0], [-53, 5067.0], [-51, 2518.5], [-47, 5533.0], [-46, 5672.5], [-44, 5921.0], [-43, 6010.0], [-42, 6087.0], [-34, 7274.5], [-33, 7272.5], [-31, 1882.5], [-30, 1853.5], [-29, 1847.0], [-28, 1873.5], [-19, 3040.5], [-18, 3032.0], [-14, 4186.0], [-9, 11470.0], [-8, 11453.0], [-5, 807.5], [-4, 796.5], [-3, 789.0]]}