{"heading": -3.6, "target": -44.471170268914165, "gap_dist": 338.27147278599585, "gap_info": [{"width": 338.27147278599585, "center_angle": -44.471170268914165, "edge_a": [-73, 356.0], "edge_b": [-9, 293.0], "depth": 356.0, "passable": true, "chosen": true}, {"width": 133.32724471076517, "center_angle": 36.72767965208375, "edge_a": [32, 303.0], "edge_b": [40, 437.5], "depth": 437.5, "passable": false, "chosen": false}], "scan": [[-2, 224.25], [-1, 220.75], [0, 214.0], [1, 209.5], [2, 202.0], [3, 200.0], [4, 196.5], [5, 190.5], [6, 188.5], [7, 182.5], [8, 180.5], [9, 178.0], [10, 174.0], [11, 173.0], [12, 173.5], [13, 173.5], [14, 174.5], [15, 176.0], [16, 177.5], [17, 179.0], [18, 182.0], [19, 189.5], [20, 193.0], [21, 202.0], [22, 206.5], [24, 222.5], [25, 227.0], [26, 239.0], [27, 244.5], [28, 250.0], [30, 281.0], [32, 303.0], [40, 437.5], [41, 441.5], [42, 448.5], [44, 434.5], [45, 429.0], [46, 419.0], [47, 400.5], [48, 399.0], [50, 385.0], [51, 380.5], [52, 370.5], [53, 367.0], [54, 361.5], [55, 358.0], [56, 357.5], [57, 349.0], [58, 345.5], [59, 338.0], [60, 339.0], [61, 336.5], [62, 329.5], [63, 327.5], [64, 324.0], [65, 320.0], [66, 316.0], [67, 314.0], [68, 311.5], [69, 313.0], [71, 301.5], [72, 299.5], [73, 299.5], [74, 296.0], [75, 295.5], [76, 292.0], [77, 292.5], [78, 291.0], [79, 290.5], [80, 290.0], [81, 287.0], [82, 287.0], [83, 287.5], [84, 284.75], [85, 285.25], [86, 286.5], [87, 286.0], [88, 286.0], [89, 285.5], [90, 285.0], [91, 285.5], [92, 285.75], [93, 285.25], [94, 285.5], [95, 286.25], [96, 286.75], [97, 288.25], [98, 289.25], [99, 289.25], [100, 291.25], [101, 291.0], [102, 290.5], [103, 292.5], [104, 294.0], [105, 296.5], [106, 299.0], [107, 300.0], [108, 301.5], [109, 308.5], [110, 311.5], [111, 311.5], [112, 316.5], [113, 318.5], [114, 324.0], [115, 324.0], [116, 329.5], [117, 333.5], [118, 333.0], [119, 339.5], [120, 342.0], [121, 348.0], [122, 348.0], [123, 355.0], [124, 357.5], [125, 366.0], [126, 369.5], [127, 370.5], [128, 378.5], [129, 383.0], [130, 389.5], [131, 392.0], [132, 398.5], [133, 404.5], [134, 413.0], [135, 422.0], [136, 424.5], [137, 440.5], [138, 446.5], [139, 450.5], [140, 457.0], [141, 471.5], [142, 479.0], [143, 487.0], [144, 497.5], [145, 520.0], [146, 530.5], [148, 569.0], [149, 578.0], [151, 623.0], [155, 721.5], [156, 734.5], [157, 757.0], [159, 788.5], [176, 1271.5], [177, 1275.0], [178, 1276.0], [179, 1277.5], [180, 1277.5], [-180, 1280.5], [-179, 1285.5], [-178, 1289.0], [-177, 1293.0], [-176, 1299.0], [-171, 620.5], [-170, 620.5], [-169, 625.0], [-168, 627.0], [-167, 628.5], [-166, 636.0], [-165, 638.0], [-164, 641.0], [-163, 643.0], [-162, 646.5], [-161, 652.0], [-160, 654.0], [-159, 660.75], [-158, 665.5], [-157, 671.5], [-156, 678.0], [-155, 681.75], [-154, 691.5], [-153, 698.0], [-152, 702.0], [-151, 718.0], [-150, 726.5], [-149, 737.5], [-148, 744.5], [-147, 755.0], [-146, 768.0], [-145, 765.0], [-144, 764.0], [-143, 762.5], [-142, 757.5], [-141, 757.0], [-140, 757.0], [-139, 756.5], [-138, 759.0], [-137, 761.5], [-136, 761.5], [-135, 761.0], [-134, 762.5], [-133, 763.5], [-132, 765.75], [-125, 171.0], [-124, 167.0], [-123, 166.0], [-122, 165.75], [-121, 165.5], [-120, 167.5], [-119, 167.0], [-118, 168.5], [-117, 168.5], [-116, 169.0], [-115, 170.75], [-114, 171.0], [-113, 173.0], [-112, 174.5], [-111, 175.5], [-110, 176.5], [-109, 178.5], [-108, 180.5], [-107, 181.5], [-106, 186.0], [-105, 186.0], [-104, 190.5], [-103, 192.0], [-102, 192.25], [-101, 198.0], [-100, 198.75], [-99, 202.75], [-98, 205.0], [-97, 206.5], [-96, 210.0], [-95, 212.5], [-94, 220.0], [-93, 221.0], [-92, 225.5], [-91, 230.75], [-90, 234.5], [-89, 240.0], [-88, 243.75], [-87, 247.25], [-86, 250.0], [-84, 264.75], [-83, 269.25], [-82, 280.0], [-81, 285.5], [-80, 289.5], [-79, 301.0], [-78, 307.0], [-77, 320.0], [-76, 325.5], [-75, 340.5], [-74, 348.5], [-73, 356.0], [-70, 845.0], [-69, 848.5], [-68, 850.0], [-67, 855.0], [-66, 857.5], [-65, 863.5], [-64, 869.5], [-63, 875.5], [-62, 884.5], [-61, 890.0], [-60, 900.5], [-59, 907.0], [-58, 917.0], [-57, 922.0], [-56, 930.0], [-55, 950.0], [-54, 957.0], [-53, 973.5], [-52, 984.0], [-51, 998.5], [-50, 1003.5], [-49, 1007.0], [-48, 1025.0], [-47, 1036.0], [-46, 1047.0], [-45, 1069.5], [-44, 1082.5], [-43, 1108.5], [-42, 1120.5], [-41, 1148.5], [-40, 1161.5], [-39, 1175.5], [-37, 4715.5], [-31, 8844.5], [-19, 4130.5], [-18, 4144.5], [-17, 4173.0], [-16, 4133.5], [-9, 293.0], [-7, 269.5], [-6, 259.0], [-5, 253.5], [-4, 247.0], [-3, 237.5]]}