{"heading": -3.0, "target": -18.36802035327356, "gap_dist": 289.95121290769055, "gap_info": [{"width": 289.95121290769055, "center_angle": -18.36802035327356, "edge_a": [-30, 484.5], "edge_b": [9, 212.5], "depth": 484.5, "passable": true, "chosen": true}], "scan": [[-1, 998.0], [0, 998.5], [1, 1000.0], [2, 999.5], [3, 1003.5], [4, 1005.5], [5, 1008.0], [6, 1010.0], [7, 1012.0], [9, 212.5], [10, 210.0], [11, 206.5], [12, 205.5], [13, 202.5], [14, 201.5], [15, 201.5], [16, 200.5], [17, 200.0], [18, 199.0], [19, 199.0], [20, 197.0], [21, 196.5], [22, 196.0], [23, 195.5], [24, 195.0], [25, 195.5], [26, 193.0], [27, 191.0], [28, 188.5], [29, 187.0], [30, 187.5], [31, 190.5], [32, 193.5], [33, 195.5], [34, 195.5], [35, 194.5], [36, 194.5], [37, 196.0], [38, 196.0], [39, 197.0], [40, 197.0], [41, 199.0], [42, 199.5], [43, 200.0], [44, 200.5], [45, 200.5], [46, 202.0], [47, 203.0], [48, 205.0], [49, 206.5], [50, 207.0], [51, 208.5], [52, 209.0], [53, 211.0], [54, 212.0], [55, 215.0], [56, 215.5], [57, 219.5], [58, 220.5], [59, 221.5], [60, 224.0], [61, 225.5], [62, 230.0], [63, 231.0], [64, 236.0], [65, 238.5], [66, 242.0], [67, 243.5], [68, 250.0], [69, 251.5], [70, 257.0], [71, 260.0], [72, 265.5], [73, 269.5], [74, 276.0], [75, 279.0], [76, 285.5], [77, 289.0], [78, 297.5], [79, 299.5], [81, 543.5], [82, 546.25], [83, 545.5], [84, 544.75], [85, 544.5], [86, 545.25], [87, 545.25], [88, 544.75], [89, 545.5], [90, 545.5], [91, 546.5], [92, 547.5], [93, 550.25], [94, 549.5], [95, 553.0], [96, 554.0], [97, 557.5], [98, 551.5], [99, 550.5], [100, 551.0], [101, 552.0], [102, 557.5], [103, 558.0], [104, 561.5], [105, 563.5], [106, 567.5], [107, 569.5], [108, 573.5], [109, 575.5], [110, 578.5], [111, 584.5], [112, 588.0], [113, 589.5], [114, 594.0], [115, 603.5], [116, 608.5], [117, 616.0], [118, 620.5], [119, 629.0], [120, 634.0], [121, 643.5], [122, 654.5], [123, 659.5], [124, 665.0], [127, 1196.0], [128, 1179.5], [129, 1170.0], [130, 1170.0], [131, 1171.0], [132, 1161.0], [133, 1182.0], [134, 1192.5], [136, 3095.0], [141, 1278.0], [142, 1244.0], [143, 1235.5], [144, 1238.0], [145, 1247.0], [146, 1251.0], [147, 1264.5], [151, 6025.5], [153, 7533.0], [159, 2298.0], [160, 2291.0], [161, 2258.75], [163, 1996.0], [164, 1981.5], [165, 1964.0], [166, 2000.5], [171, 695.0], [172, 693.0], [173, 694.0], [174, 697.5], [175, 698.5], [176, 697.0], [177, 696.0], [179, 758.0], [-179, 1181.5], [-178, 1199.0], [-177, 1212.5], [-173, 769.5], [-172, 763.5], [-171, 749.0], [-170, 731.5], [-169, 721.0], [-168, 729.5], [-167, 731.0], [-166, 739.0], [-161, 1618.5], [-160, 1572.0], [-159, 1487.0], [-158, 1450.0], [-157, 1431.0], [-155, 1186.5], [-154, 1132.0], [-153, 1106.5], [-152, 1056.0], [-151, 1039.5], [-150, 1001.5], [-149, 981.0], [-148, 952.5], [-147, 935.5], [-146, 905.0], [-145, 897.0], [-144, 868.5], [-143, 855.0], [-142, 829.5], [-141, 819.75], [-140, 811.25], [-139, 795.5], [-138, 786.0], [-137, 775.25], [-136, 764.75], [-135, 744.75], [-134, 742.75], [-133, 735.0], [-132, 725.75], [-131, 710.0], [-130, 699.0], [-129, 697.5], [-128, 694.0], [-127, 682.0], [-126, 679.0], [-125, 660.0], [-124, 655.0], [-123, 647.0], [-122, 644.0], [-121, 636.0], [-120, 627.0], [-119, 624.5], [-117, 604.5], [-116, 607.0], [-115, 589.5], [-114, 588.5], [-113, 586.75], [-112, 584.0], [-111, 572.5], [-110, 568.5], [-109, 562.5], [-108, 565.0], [-107, 563.5], [-106, 556.5], [-105, 551.0], [-104, 550.5], [-103, 548.0], [-102, 546.0], [-101, 545.0], [-100, 544.0], [-99, 545.75], [-98, 539.25], [-97, 537.0], [-96, 536.25], [-95, 537.25], [-94, 536.5], [-93, 536.75], [-92, 537.75], [-91, 539.0], [-90, 536.25], [-89, 534.75], [-88, 540.75], [-87, 538.75], [-86, 540.5], [-85, 544.5], [-84, 543.0], [-83, 545.0], [-82, 546.75], [-81, 552.0], [-80, 555.75], [-79, 555.25], [-78, 565.75], [-77, 567.5], [-76, 576.0], [-75, 574.5], [-74, 585.5], [-73, 588.5], [-72, 587.0], [-71, 596.5], [-70, 598.0], [-69, 608.0], [-68, 608.5], [-67, 623.0], [-66, 630.5], [-65, 629.5], [-64, 633.0], [-63, 645.5], [-61, 611.5], [-60, 586.0], [-59, 576.5], [-58, 555.0], [-57, 544.0], [-56, 528.0], [-55, 518.5], [-54, 497.5], [-53, 491.0], [-52, 479.0], [-51, 471.5], [-50, 459.5], [-49, 453.5], [-48, 446.5], [-47, 437.0], [-46, 432.5], [-45, 423.0], [-44, 418.5], [-43, 409.5], [-42, 406.5], [-41, 398.0], [-40, 394.5], [-39, 390.5], [-38, 391.0], [-37, 394.0], [-36, 406.0], [-35, 413.0], [-34, 427.75], [-33, 434.0], [-32, 454.5], [-31, 464.0], [-30, 484.5], [-28, 511.5], [-21, 1706.5], [-20, 1664.5], [-19, 1646.5], [-18, 1616.5], [-17, 1603.0], [-16, 1578.5], [-15, 1567.0], [-14, 1549.0], [-13, 1537.5], [-12, 1530.5], [-11, 1573.5], [-10, 1610.5], [-9, 1689.5], [-7, 4062.0], [-6, 4059.0], [-4, 2983.0]]}