{"heading": 37.6, "target": 115.62054368427201, "gap_dist": 425.6311101159307, "gap_info": [{"width": 252.9703277078166, "center_angle": -117.1156228718848, "edge_a": [-124.0625, 540.0], "edge_b": [-112.15625, 755.5], "depth": 755.5, "passable": false, "chosen": false}, {"width": 425.6311101159307, "center_angle": 115.62054368427201, "edge_a": [76.109375, 280.5], "edge_b": [137.328125, 482.5], "depth": 482.5, "passable": true, "chosen": true}], "scan": [[-1.390625, 254.0], [-0.6875, 257.5], [0.015625, 258.0], [0.71875, 259.0], [1.421875, 261.5], [2.125, 266.0], [2.828125, 273.0], [3.53125, 278.5], [4.203125, 280.0], [5.59375, 291.0], [7.015625, 300.0], [7.71875, 302.0], [8.421875, 309.0], [9.125, 313.5], [10.015625, 317.0], [10.765625, 321.0], [11.515625, 326.5], [12.265625, 330.5], [12.859375, 332.5], [13.5625, 338.5], [14.984375, 323.0], [15.71875, 318.0], [16.421875, 311.5], [17.140625, 307.5], [17.84375, 305.5], [18.515625, 303.5], [19.203125, 301.0], [19.90625, 298.0], [20.59375, 296.0], [21.359375, 293.5], [22.0625, 291.0], [22.78125, 289.5], [23.484375, 288.0], [24.171875, 286.0], [24.875, 284.0], [25.578125, 282.5], [26.28125, 280.5], [27.015625, 278.5], [27.71875, 277.0], [28.4375, 275.5], [29.140625, 274.5], [29.578125, 273.0], [30.21875, 271.5], [30.859375, 270.5], [31.5, 269.0], [32.34375, 268.0], [33.03125, 267.0], [33.71875, 265.0], [34.40625, 264.5], [35.15625, 264.0], [35.859375, 262.5], [36.5625, 262.0], [37.265625, 261.0], [37.953125, 260.5], [38.640625, 260.5], [39.34375, 260.0], [40.03125, 259.5], [40.75, 259.5], [41.4375, 259.5], [42.140625, 259.0], [42.828125, 258.0], [43.53125, 257.0], [44.21875, 256.5], [44.921875, 256.5], [45.609375, 257.0], [46.59375, 255.5], [47.359375, 254.0], [48.125, 253.0], [48.890625, 251.5], [49.4375, 250.5], [50.140625, 250.5], [50.859375, 250.5], [51.5625, 250.5], [52.265625, 251.0], [52.96875, 251.5], [53.671875, 253.5], [54.375, 255.0], [55.109375, 255.0], [55.8125, 254.5], [56.53125, 255.0], [57.234375, 256.0], [57.9375, 257.0], [58.640625, 257.5], [59.34375, 257.0], [60.046875, 257.0], [60.78125, 257.5], [61.484375, 258.0], [62.203125, 258.5], [62.90625, 259.5], [63.625, 260.5], [64.328125, 260.5], [65.046875, 261.5], [65.75, 263.0], [66.265625, 263.0], [66.921875, 263.5], [67.578125, 265.0], [68.234375, 266.0], [69.078125, 267.5], [69.78125, 269.0], [70.484375, 270.0], [71.1875, 272.0], [71.890625, 274.0], [72.59375, 276.5], [73.296875, 277.5], [74.0, 278.0], [74.703125, 280.5], [75.40625, 281.5], [76.109375, 280.5], [81.015625, 1940.5], [88.671875, 1583.0], [92.1875, 1354.0], [93.59375, 1448.25], [94.265625, 1427.5], [94.953125, 1431.75], [101.5, 1139.5], [102.234375, 1135.5], [102.84375, 1120.0], [103.546875, 1097.5], [104.25, 1084.0], [104.953125, 1080.0], [105.65625, 1063.75], [106.359375, 1052.25], [107.0625, 1048.0], [107.765625, 1033.0], [108.484375, 1020.0], [109.1875, 1013.0], [109.890625, 1005.0], [110.59375, 996.0], [111.296875, 987.5], [112.0, 980.0], [112.703125, 974.5], [113.40625, 967.5], [114.125, 959.0], [114.828125, 952.0], [115.53125, 946.0], [116.234375, 941.0], [116.953125, 936.0], [117.65625, 932.0], [118.359375, 929.0], [119.0625, 925.0], [119.578125, 920.5], [120.234375, 916.0], [120.890625, 912.0], [121.546875, 907.5], [122.375, 904.0], [123.0625, 901.5], [123.765625, 899.0], [124.453125, 898.0], [125.171875, 900.0], [125.859375, 911.0], [126.5625, 912.0], [127.25, 899.5], [127.96875, 894.0], [128.65625, 891.5], [129.359375, 890.0], [130.046875, 886.0], [130.765625, 882.0], [131.453125, 881.5], [132.15625, 880.0], [132.84375, 879.5], [133.5625, 878.5], [134.25, 876.0], [134.953125, 875.0], [135.640625, 875.5], [137.328125, 482.5], [138.078125, 481.5], [138.828125, 480.0], [139.390625, 479.0], [140.09375, 479.5], [140.796875, 479.0], [141.5, 478.0], [142.234375, 479.0], [142.9375, 479.5], [143.65625, 479.0], [144.359375, 479.5], [145.046875, 480.5], [145.75, 481.0], [146.453125, 481.5], [147.15625, 481.5], [147.890625, 481.0], [148.59375, 482.5], [149.3125, 484.0], [150.015625, 484.5], [150.71875, 485.0], [151.421875, 485.5], [152.125, 488.0], [152.828125, 489.0], [153.5625, 490.0], [154.265625, 492.0], [154.984375, 492.5], [155.6875, 494.0], [156.296875, 496.0], [156.96875, 497.5], [157.65625, 498.0], [158.328125, 499.0], [159.109375, 501.0], [159.8125, 503.5], [160.515625, 507.5], [161.21875, 509.5], [162.59375, 905.0], [163.296875, 908.5], [163.984375, 912.0], [164.75, 915.5], [165.453125, 921.5], [166.171875, 929.0], [166.875, 935.5], [167.5625, 941.0], [168.265625, 947.0], [168.96875, 954.5], [169.671875, 962.0], [170.375, 968.5], [171.078125, 974.0], [171.78125, 981.0], [172.484375, 988.5], [173.171875, 995.0], [173.859375, 1003.5], [174.5625, 1012.0], [175.25, 1021.0], [175.984375, 1032.0], [176.6875, 1038.5], [177.390625, 1046.0], [178.09375, 1057.0], [178.796875, 1066.5], [179.5, 1075.0], [-179.796875, 1085.5], [-179.09375, 1097.5], [-178.390625, 1110.5], [-177.6875, 1122.0], [-176.984375, 1132.0], [-176.28125, 1145.0], [-175.578125, 1162.0], [-174.875, 1178.0], [-174.171875, 1186.5], [-173.46875, 1201.5], [-172.765625, 1220.5], [-172.0625, 1231.5], [-171.359375, 1237.5], [-170.65625, 1257.5], [-169.796875, 1275.5], [-169.0625, 1290.5], [-168.3125, 1305.5], [-167.578125, 1316.0], [-166.96875, 1337.0], [-166.265625, 1358.0], [-165.5625, 1380.0], [-164.859375, 1402.5], [-164.125, 1425.5], [-163.421875, 1450.0], [-162.703125, 1477.0], [-162.0, 1503.5], [-161.296875, 1530.5], [-159.1875, 1673.0], [-157.03125, 492.0], [-156.328125, 493.5], [-155.625, 492.0], [-154.921875, 491.0], [-154.21875, 490.5], [-153.515625, 490.0], [-152.8125, 490.0], [-152.109375, 489.5], [-151.40625, 489.5], [-150.703125, 487.5], [-150.0, 485.5], [-149.296875, 486.5], [-148.59375, 486.0], [-147.890625, 486.0], [-147.1875, 486.5], [-146.484375, 486.5], [-145.78125, 488.0], [-145.078125, 489.0], [-144.34375, 489.0], [-143.640625, 490.5], [-142.921875, 492.5], [-142.21875, 492.5], [-141.53125, 493.0], [-140.828125, 494.5], [-140.125, 495.0], [-139.421875, 496.0], [-138.671875, 496.0], [-137.96875, 495.5], [-137.25, 497.0], [-136.546875, 499.5], [-135.859375, 502.0], [-135.15625, 503.0], [-134.453125, 504.0], [-133.75, 506.0], [-133.1875, 507.0], [-132.53125, 509.0], [-131.859375, 512.0], [-131.203125, 513.5], [-130.375, 516.0], [-129.671875, 518.5], [-128.96875, 521.0], [-128.265625, 522.5], [-127.578125, 523.5], [-126.890625, 527.5], [-126.1875, 531.5], [-125.5, 535.0], [-124.765625, 539.0], [-124.0625, 540.0], [-122.65625, 1346.5], [-121.96875, 1343.0], [-121.28125, 1344.5], [-120.578125, 1350.5], [-112.15625, 755.5], [-111.46875, 738.0], [-108.671875, 619.0], [-106.5625, 550.5], [-105.125, 516.0], [-104.421875, 508.5], [-103.71875, 496.0], [-101.640625, 439.5], [-100.9375, 433.0], [-100.25, 424.0], [-99.515625, 413.5], [-98.8125, 403.0], [-97.40625, 385.0], [-96.671875, 381.0], [-95.25, 361.0], [-94.546875, 360.5], [-93.140625, 345.5], [-92.4375, 341.0], [-91.734375, 339.5], [-90.328125, 315.5], [-89.625, 310.0], [-88.921875, 307.0], [-88.234375, 305.0], [-87.546875, 300.5], [-86.84375, 297.0], [-86.15625, 293.5], [-85.40625, 290.0], [-84.0, 278.0], [-83.296875, 275.0], [-82.578125, 272.5], [-81.875, 268.0], [-81.171875, 263.5], [-80.46875, 259.0], [-79.75, 255.0], [-79.046875, 254.0], [-78.34375, 250.5], [-77.640625, 247.5], [-76.953125, 244.0], [-76.265625, 242.0], [-75.5625, 241.5], [-74.875, 240.0], [-73.421875, 231.5], [-72.71875, 234.0], [-72.015625, 231.0], [-71.3125, 226.5], [-70.609375, 224.0], [-69.90625, 223.5], [-69.203125, 222.5], [-68.484375, 222.0], [-67.078125, 214.0], [-66.375, 215.5], [-65.671875, 213.0], [-64.96875, 211.0], [-64.265625, 209.5], [-63.5625, 208.0], [-62.859375, 205.5], [-62.15625, 203.5], [-61.453125, 202.0], [-60.75, 198.5], [-60.0625, 197.0], [-59.375, 196.0], [-58.671875, 197.0], [-57.984375, 198.5], [-57.25, 196.0], [-56.546875, 192.5], [-55.84375, 191.0], [-55.140625, 193.0], [-53.734375, 188.5], [-53.03125, 187.5], [-52.328125, 187.0], [-51.625, 