{"heading": 19.7, "target": 25.685300825324948, "gap_dist": 370.73349388297146, "gap_info": [{"width": 331.1283107195857, "center_angle": -172.01771722308933, "edge_a": [-177, 795.0], "edge_b": [-163, 440.5], "depth": 795.0, "passable": true, "chosen": false}, {"width": 486.8708583796696, "center_angle": -98.82323548858623, "edge_a": [-127, 502.0], "edge_b": [-63, 405.0], "depth": 502.0, "passable": true, "chosen": false}, {"width": 370.73349388297146, "center_angle": 25.685300825324948, "edge_a": [-15, 281.0], "edge_b": [43, 615.5], "depth": 615.5, "passable": true, "chosen": true}], "scan": [[-1, 855.25], [0, 839.0], [1, 811.5], [2, 803.5], [3, 801.5], [4, 814.5], [5, 819.5], [6, 827.5], [7, 844.5], [8, 853.5], [9, 871.0], [10, 881.5], [11, 890.0], [12, 913.5], [13, 926.5], [14, 957.5], [15, 969.0], [17, 828.5], [18, 826.0], [19, 828.0], [20, 827.0], [21, 824.5], [22, 823.5], [23, 824.5], [24, 824.5], [25, 823.5], [26, 824.5], [27, 824.5], [28, 825.0], [29, 827.5], [30, 830.5], [31, 833.0], [32, 835.0], [33, 837.0], [34, 843.5], [35, 844.0], [36, 848.0], [37, 856.5], [38, 862.0], [39, 880.0], [43, 615.5], [46, 502.5], [47, 489.0], [48, 464.0], [49, 441.0], [50, 431.5], [51, 423.0], [52, 403.5], [53, 394.0], [54, 381.0], [55, 374.0], [56, 360.5], [57, 354.5], [58, 348.0], [59, 335.5], [60, 330.0], [61, 319.5], [62, 316.0], [63, 308.0], [64, 305.0], [65, 295.5], [66, 293.5], [67, 289.0], [68, 280.5], [69, 277.5], [70, 274.0], [71, 271.0], [72, 265.5], [73, 262.0], [74, 260.0], [75, 256.5], [76, 255.5], [77, 255.5], [78, 253.0], [79, 254.0], [80, 263.0], [81, 269.5], [82, 275.5], [83, 284.5], [84, 284.0], [85, 281.0], [86, 273.0], [87, 272.0], [88, 263.0], [89, 263.5], [90, 262.0], [91, 261.0], [92, 257.5], [93, 255.5], [94, 256.0], [95, 251.0], [96, 250.0], [97, 251.0], [98, 252.0], [99, 252.0], [100, 252.5], [101, 250.5], [102, 248.0], [103, 248.0], [104, 248.5], [105, 248.0], [106, 249.5], [107, 246.5], [108, 247.0], [109, 247.0], [110, 247.5], [111, 247.0], [112, 247.5], [113, 249.5], [114, 247.0], [115, 246.5], [116, 247.5], [117, 249.0], [118, 247.0], [119, 249.0], [120, 248.0], [121, 249.0], [122, 251.0], [123, 253.0], [124, 254.0], [125, 256.75], [126, 257.75], [127, 259.5], [128, 261.0], [129, 262.0], [130, 264.5], [131, 265.5], [132, 268.0], [133, 269.5], [134, 273.0], [135, 274.5], [136, 276.0], [137, 281.5], [138, 283.5], [139, 285.5], [140, 289.0], [141, 290.0], [142, 295.0], [143, 296.5], [144, 300.0], [145, 301.5], [146, 306.0], [147, 310.5], [148, 313.5], [149, 320.5], [150, 323.0], [151, 330.0], [152, 334.5], [153, 337.5], [154, 344.0], [155, 348.5], [156, 359.25], [157, 363.0], [158, 372.5], [159, 377.0], [160, 389.0], [161, 394.0], [162, 399.5], [163, 410.5], [164, 417.5], [165, 431.5], [166, 438.5], [168, 473.5], [169, 479.0], [170, 494.0], [172, 551.5], [173, 553.0], [174, 573.5], [175, 583.0], [178, 650.0], [179, 669.5], [180, 688.0], [-179, 731.5], [-178, 750.5], [-177, 795.0], [-163, 440.5], [-162, 438.0], [-161, 437.0], [-160, 436.5], [-159, 434.0], [-158, 433.0], [-157, 432.0], [-156, 431.0], [-155, 432.5], [-154, 435.5], [-153, 436.0], [-152, 436.5], [-151, 437.5], [-150, 439.5], [-149, 440.0], [-148, 442.0], [-147, 443.0], [-146, 445.5], [-145, 446.5], [-144, 447.5], [-143, 449.5], [-142, 450.0], [-141, 453.0], [-140, 454.5], [-139, 458.5], [-138, 460.0], [-137, 461.5], [-136, 465.0], [-135, 466.0], [-134, 471.5], [-133, 474.0], [-132, 480.5], [-131, 483.0], [-130, 489.0], [-129, 490.0], [-128, 494.0], [-127, 502.0], [-125, 1564.0], [-124, 1512.0], [-123, 1485.0], [-122, 1437.0], [-121, 1414.5], [-120, 1391.0], [-119, 1350.0], [-118, 1330.0], [-117, 1296.0], [-116, 1277.0], [-115, 1247.0], [-114, 1228.0], [-113, 1212.5], [-112, 1182.5], [-111, 1169.0], [-110, 1144.0], [-109, 1130.5], [-108, 1109.0], [-107, 1097.0], [-106, 1075.5], [-105, 1066.0], [-104, 1055.0], [-103, 1038.5], [-102, 1028.0], [-101, 1010.5], [-100, 1003.0], [-99, 985.0], [-98, 976.0], [-97, 970.75], [-96, 958.75], [-95, 953.25], [-94, 941.25], [-93, 935.25], [-92, 925.25], [-91, 920.75], [-90, 915.5], [-89, 908.0], [-88, 902.75], [-87, 895.0], [-86, 892.0], [-85, 883.5], [-84, 879.5], [-83, 876.0], [-82, 871.0], [-81, 867.5], [-80, 862.5], [-79, 860.5], [-78, 857.5], [-77, 857.0], [-76, 855.0], [-75, 850.0], [-74, 848.0], [-73, 847.0], [-72, 845.5], [-71, 845.0], [-70, 844.0], [-69, 843.0], [-68, 841.5], [-67, 842.5], [-66, 841.0], [-65, 836.5], [-63, 405.0], [-62, 385.5], [-61, 376.0], [-60, 366.5], [-59, 349.5], [-58, 342.0], [-57, 325.25], [-56, 318.0], [-54, 296.5], [-53, 291.0], [-52, 286.0], [-51, 281.0], [-50, 270.0], [-49, 265.5], [-48, 257.5], [-47, 254.5], [-46, 247.0], [-45, 243.5], [-44, 239.5], [-43, 232.5], [-42, 229.5], [-41, 223.0], [-40, 221.0], [-39, 214.5], [-38, 212.0], [-37, 210.0], [-36, 206.0], [-35, 204.0], [-34, 199.5], [-33, 198.5], [-32, 194.5], [-31, 193.0], [-30, 191.0], [-29, 188.5], [-28, 187.0], [-27, 187.0], [-26, 189.5], [-25, 189.5], [-24, 193.0], [-23, 195.5], [-21, 210.0], [-19, 228.0], [-17, 251.0], [-15, 281.0], [-8, 1597.5], [-7, 1629.5], [-6, 1663.0], [-5, 1737.0], [-4, 1779.0], [-2, 926.5]]}