{"heading": 0.5, "target": 94.01261054203465, "gap_dist": 418.23396981034, "gap_info": [{"width": 186.14246105470363, "center_angle": -158.47196587953428, "edge_a": [-166.375, 654.5], "edge_b": [-149.953125, 607.5], "depth": 654.5, "passable": false, "chosen": false}, {"width": 127.22126500740221, "center_angle": -148.3439242319904, "edge_a": [-149.953125, 607.5], "edge_b": [-146.328125, 485.0], "depth": 607.5, "passable": false, "chosen": false}, {"width": 418.23396981034, "center_angle": 94.01261054203465, "edge_a": [55.65625, 214.5], "edge_b": [109.1875, 508.5], "depth": 508.5, "passable": true, "chosen": true}, {"width": 365.36057838456946, "center_angle": 148.70474951238987, "edge_a": [130.375, 579.5], "edge_b": [166.28125, 603.5], "depth": 603.5, "passable": true, "chosen": false}], "scan": [[-2.40625, 158.5], [-1.703125, 156.5], [-0.984375, 155.5], [-0.28125, 156.0], [0.4375, 155.5], [1.140625, 154.5], [1.859375, 153.5], [2.5625, 152.5], [3.296875, 153.0], [4.0, 153.5], [4.71875, 153.0], [5.421875, 153.0], [6.140625, 152.5], [6.84375, 151.0], [7.5625, 149.5], [8.265625, 148.5], [8.984375, 148.0], [9.6875, 147.5], [10.40625, 147.5], [11.109375, 148.0], [12.046875, 148.0], [12.8125, 148.0], [13.578125, 149.0], [14.34375, 150.0], [14.921875, 150.0], [15.640625, 151.0], [16.359375, 151.5], [17.078125, 151.5], [17.8125, 151.5], [18.53125, 152.0], [19.25, 152.5], [19.96875, 152.5], [20.6875, 153.0], [21.40625, 153.5], [22.125, 153.5], [22.84375, 153.0], [23.5625, 153.5], [24.28125, 155.5], [25.0, 156.5], [25.71875, 156.5], [26.453125, 157.0], [27.171875, 157.5], [27.890625, 157.5], [28.609375, 158.0], [29.046875, 158.0], [29.6875, 157.5], [30.34375, 159.5], [30.984375, 161.0], [31.875, 160.5], [32.578125, 161.5], [33.28125, 162.0], [33.984375, 162.5], [34.703125, 164.5], [35.40625, 166.0], [36.109375, 167.5], [36.8125, 167.5], [37.546875, 168.5], [38.25, 169.5], [38.96875, 170.0], [39.671875, 171.0], [40.375, 171.0], [41.078125, 172.0], [41.78125, 173.5], [42.484375, 176.0], [43.21875, 177.0], [43.921875, 177.0], [44.640625, 178.5], [45.34375, 181.5], [46.3125, 184.5], [47.078125, 184.5], [47.859375, 186.0], [48.625, 188.5], [49.1875, 189.0], [49.90625, 190.5], [50.625, 193.5], [51.34375, 195.5], [52.0625, 197.5], [52.78125, 200.0], [53.5, 202.5], [54.21875, 204.5], [55.65625, 214.5], [57.09375, 1291.5], [58.546875, 1380.5], [59.265625, 1378.5], [59.984375, 1391.0], [63.578125, 3067.0], [64.296875, 3064.0], [65.015625, 3060.0], [65.734375, 3062.5], [67.03125, 1097.0], [67.71875, 1092.0], [68.40625, 1078.5], [69.203125, 1060.5], [69.90625, 1047.0], [70.625, 1042.5], [71.328125, 1037.5], [72.0625, 1025.0], [72.765625, 1016.0], [73.484375, 1010.0], [74.1875, 999.0], [74.921875, 989.0], [75.625, 982.5], [76.34375, 977.0], [77.046875, 971.0], [77.78125, 965.0], [78.484375, 960.0], [79.203125, 954.0], [79.90625, 946.0], [80.640625, 940.0], [81.34375, 936.5], [82.0625, 933.5], [82.765625, 929.5], [83.359375, 924.5], [84.03125, 919.5], [84.71875, 918.0], [85.390625, 916.5], [86.203125, 913.5], [86.90625, 912.0], [87.625, 908.5], [88.328125, 905.5], [89.03125, 905.5], [89.734375, 906.0], [90.4375, 905.5], [91.140625, 903.5], [91.90625, 902.0], [92.625, 905.0], [93.34375, 915.5], [94.0625, 912.5], [94.734375, 901.0], [95.4375, 898.0], [96.140625, 895.0], [96.84375, 893.0], [97.5625, 891.0], [98.265625, 889.5], [98.96875, 889.5], [99.671875, 889.0], [100.59375, 888.5], [101.34375, 889.0], [102.109375, 888.0], [102.859375, 887.0], [103.453125, 887.0], [104.15625, 888.5], [104.875, 890.5], [105.578125, 890.5], [106.328125, 884.5], [107.046875, 883.5], [109.1875, 508.5], [109.890625, 507.0], [110.609375, 509.0], [111.3125, 511.5], [112.046875, 512.5], [112.75, 513.5], [113.46875, 513.5], [114.171875, 514.0], [114.9375, 517.0], [115.65625, 520.5], [116.375, 522.0], [117.09375, 523.0], [117.796875, 525.0], [118.5, 525.5], [119.21875, 526.0], [119.921875, 528.5], [120.4375, 531.5], [121.09375, 534.5], [121.75, 536.5], [122.40625, 538.0], [123.28125, 540.0], [123.984375, 542.5], [124.703125, 545.5], [125.40625, 550.0], [126.109375, 553.5], [126.8125, 556.0], [127.515625, 559.5], [128.21875, 563.0], [128.953125, 568.0], [129.65625, 573.0], [130.375, 579.5], [131.796875, 1009.5], [132.5, 1022.5], [133.21875, 1031.0], [133.921875, 1038.0], [134.625, 1047.0], [135.328125, 1054.0], [136.03125, 1057.5], [136.734375, 1065.0], [137.671875, 1075.5], [138.421875, 1085.5], [139.1875, 1096.5], [139.9375, 1110.0], [140.53125, 1118.5], [141.234375, 1126.0], [141.953125, 1138.0], [142.65625, 1148.5], [143.390625, 1161.0], [144.09375, 1174.5], [144.8125, 1187.5], [145.515625, 1203.0], [146.265625, 1218.0], [146.984375, 1233.0], [147.703125, 1255.5], [148.421875, 1273.5], [149.125, 1280.0], [149.828125, 1297.5], [150.546875, 1316.5], [151.25, 1328.0], [151.984375, 1353.5], [152.6875, 1376.5], [153.40625, 1390.0], [154.109375, 1406.5], [154.84375, 1426.0], [155.546875, 1450.5], [156.265625, 1476.5], [156.96875, 1505.0], [157.703125, 1532.5], [158.40625, 1560.0], [159.125, 1593.0], [159.828125, 1626.5], [161.984375, 1777.0], [164.84375, 1324.0], [166.28125, 603.5], [166.984375, 601.5], [167.703125, 601.0], [168.40625, 600.0], [169.140625, 598.0], [169.84375, 599.5], [170.5625, 598.5], [171.265625, 595.5], [171.953125, 596.0], [172.65625, 596.5], [173.359375, 596.5], [174.0625, 597.5], [174.8125, 600.0], [175.515625, 601.0], [176.234375, 601.5], [176.9375, 603.5], [177.65625, 604.5], [178.359375, 605.0], [179.078125, 606.0], [179.78125, 608.5], [-179.484375, 611.5], [-178.78125, 611.5], [-178.0625, 611.0], [-177.359375, 614.0], [-176.625, 617.0], [-175.921875, 618.5], [-175.203125, 620.5], [-174.5, 623.0], [-173.765625, 623.0], [-173.0625, 623.5], [-172.34375, 627.5], [-171.640625, 630.5], [-170.921875, 632.5], [-170.21875, 634.5], [-169.5, 637.5], [-168.796875, 642.0], [-167.890625, 645.0], [-167.140625, 649.0], [-166.375, 654.5], [-165.03125, 1451.0], [-164.328125, 1453.0], [-163.609375, 1454.5], [-162.90625, 1453.5], [-162.125, 1450.5], [-149.953125, 607.5], [-146.328125, 485.0], [-144.90625, 453.0], [-143.484375, 428.0], [-142.03125, 402.0], [-140.59375, 383.5], [-139.171875, 369.5], [-138.46875, 362.5], [-137.046875, 341.0], [-136.28125, 336.0], [-135.5625, 332.0], [-134.84375, 327.5], [-133.546875, 310.5], [-132.875, 308.0], [-132.1875, 302.5], [-130.671875, 291.5], [-128.515625, 282.0], [-127.140625, 265.5], [-126.4375, 265.0], [-124.984375, 252.0], [-124.28125, 251.0], [-123.5625, 250.0], [-122.859375, 245.5], [-122.125, 244.0], [-121.421875, 240.5], [-120.703125, 237.5], [-120.0, 234.5], [-119.28125, 228.5], [-118.578125, 226.5], [-117.859375, 228.0], [-115.71875, 215.0], [-115.0, 217.5], [-114.296875, 217.5], [-112.890625, 207.0], [-112.1875, 205.5], [-111.484375, 206.0], [-110.78125, 207.0], [-109.375, 199.5], [-108.671875, 199.5], [-107.921875, 199.0], [-107.21875, 198.5], [-106.5, 196.5], [-105.078125, 186.5], [-104.375, 188.5], [-103.65625, 187.5], [-102.953125, 185.0], [-100.8125, 183.0], [-100.109375, 184.0], [-98.671875, 179.5], [-97.953125, 177.5], [-97.25, 176.0], [-96.4375, 176.0], [-95.703125, 173.0], [-94.96875, 172.5], [-94.234375, 175.0], [-93.53125, 174.0], [-92.8125, 169.5], [-92.078125, 168.5], [-91.359375, 170.5], [-90.71875, 168.5], [-90.015625, 165.5], [-89.3125, 166.0], [-87.859375, 162.5], [-87.15625, 163.5], [-86.4375, 162.5], [-85.734375, 163.5], [-85.0, 163.5], [-84.296875, 161.5], [-83.578125, 162.5], [-82.875, 162.0], [-82.125, 162.0], [-81.40625, 162.0], [-80.6875, 161.5], [-79.96875, 163.0], [-79.25, 162.5], [-78.53125, 162.5], [-77.8125, 162.0], [-77.09375, 161.0], [-76.390625, 162.5], [-75.6875, 163.0], [-74.96875, 163.0], [-74.265625, 165.5], [-73.53125, 164.5], [-72.828125, 163.25], [-72.109375, 164.25], [-71.40625, 164.75], [-70.671875, 166.25], [-69.96875, 167.0], [-69.25, 166.0], [-68.546875, 165.75], [-67.796875, 166.25], [-67.078125, 166.75], [-66.359375, 166.0], [-64.9375, 170.25], [-64.234375, 170.25], [-63.515625, 172.5], [-62.8125, 