{"heading": 19.6, "target": 1.3995191999675307, "gap_dist": 672.0312188906508, "gap_info": [{"width": 672.0312188906508, "center_angle": 1.3995191999675307, "edge_a": [-8, 799.5], "edge_b": [39, 214.0], "depth": 799.5, "passable": true, "chosen": true}, {"width": 72.27437878764201, "center_angle": 41.8264910792502, "edge_a": [39, 214.0], "edge_b": [46, 145.0], "depth": 214.0, "passable": false, "chosen": false}, {"width": 176.62430115989193, "center_angle": 97.59565060612368, "edge_a": [94, 345.5], "edge_b": [100, 516.5], "depth": 516.5, "passable": false, "chosen": false}, {"width": 177.73108352977252, "center_angle": 101.14594257303484, "edge_a": [100, 516.5], "edge_b": [102, 693.0], "depth": 693.0, "passable": false, "chosen": false}], "scan": [[-2, 962.0], [0, 912.0], [1, 903.75], [2, 898.25], [3, 890.0], [4, 886.5], [5, 882.0], [6, 877.0], [7, 872.0], [8, 868.5], [9, 865.0], [10, 857.0], [11, 853.5], [12, 852.5], [13, 848.5], [14, 847.0], [15, 841.5], [16, 837.0], [17, 834.0], [18, 841.0], [20, 826.0], [21, 823.0], [22, 822.0], [23, 821.0], [24, 821.0], [25, 824.5], [26, 824.0], [27, 826.5], [28, 828.0], [29, 829.5], [30, 832.0], [31, 836.0], [32, 836.5], [33, 840.0], [34, 842.5], [39, 214.0], [46, 145.0], [47, 142.5], [48, 138.5], [49, 139.5], [50, 139.5], [51, 140.0], [52, 141.0], [53, 142.0], [54, 142.5], [55, 143.5], [56, 145.5], [57, 145.0], [58, 147.0], [59, 149.0], [60, 151.0], [61, 151.25], [62, 151.5], [63, 153.5], [64, 155.5], [65, 159.5], [66, 159.0], [67, 162.5], [68, 163.5], [69, 169.0], [70, 171.0], [71, 175.5], [72, 177.5], [73, 179.0], [74, 184.5], [75, 187.5], [76, 192.0], [77, 194.5], [78, 199.0], [79, 202.5], [81, 216.0], [82, 219.5], [83, 230.0], [84, 240.5], [85, 245.5], [87, 263.5], [88, 269.0], [89, 282.5], [90, 289.0], [93, 335.5], [94, 345.5], [100, 516.5], [102, 693.0], [103, 695.0], [104, 687.0], [105, 692.0], [106, 696.5], [107, 695.5], [108, 693.0], [109, 690.5], [110, 689.0], [111, 689.0], [112, 687.0], [113, 685.0], [114, 687.5], [115, 689.0], [116, 691.5], [117, 690.5], [118, 692.5], [119, 692.75], [120, 695.5], [121, 697.0], [122, 698.0], [123, 699.0], [124, 702.5], [125, 703.5], [126, 705.5], [127, 712.5], [128, 715.5], [129, 722.5], [130, 725.0], [131, 727.5], [132, 729.5], [133, 739.0], [134, 740.5], [135, 751.5], [136, 753.5], [137, 757.5], [138, 768.0], [139, 773.5], [140, 766.5], [141, 762.5], [142, 765.0], [143, 773.5], [144, 778.5], [145, 786.5], [146, 792.0], [147, 804.0], [148, 810.5], [149, 822.5], [150, 829.0], [151, 837.0], [152, 851.0], [153, 859.5], [154, 877.0], [155, 885.5], [156, 906.5], [157, 916.0], [162, 4383.5], [163, 4507.5], [179, 3212.5], [180, 3204.0], [-172, 1483.0], [-171, 1485.0], [-170, 1512.5], [-169, 1530.0], [-167, 1333.0], [-166, 1332.0], [-165, 1363.0], [-162, 1369.0], [-160, 14549.0], [-158, 1987.0], [-154, 3108.0], [-144, 2133.5], [-135, 1100.0], [-134, 1041.5], [-133, 1012.0], [-130, 895.5], [-129, 874.5], [-128, 854.0], [-127, 822.0], [-126, 811.5], [-125, 784.5], [-124, 773.5], [-123, 756.5], [-122, 751.5], [-121, 716.0], [-120, 702.0], [-119, 693.5], [-118, 687.5], [-115, 634.5], [-113, 616.25], [-111, 587.0], [-110, 587.5], [-108, 554.0], [-107, 541.0], [-106, 527.0], [-105, 522.0], [-104, 516.5], [-103, 515.0], [-102, 509.0], [-101, 504.0], [-99, 486.0], [-98, 472.5], [-97, 474.5], [-96, 472.0], [-95, 463.0], [-94, 459.5], [-93, 454.5], [-92, 450.0], [-91, 447.0], [-90, 447.0], [-89, 437.5], [-88, 439.5], [-87, 435.5], [-86, 425.0], [-85, 423.0], [-84, 418.5], [-83, 417.5], [-82, 414.5], [-81, 413.5], [-80, 414.0], [-79, 411.0], [-78, 408.0], [-77, 406.0], [-76, 404.0], [-75, 404.0], [-74, 402.0], [-73, 401.5], [-72, 400.0], [-71, 401.0], [-70, 402.0], [-69, 401.0], [-68, 399.5], [-67, 399.5], [-66, 399.5], [-65, 399.5], [-64, 401.0], [-63, 402.5], [-62, 402.0], [-61, 402.5], [-60, 402.5], [-59, 403.5], [-58, 403.0], [-57, 408.0], [-56, 407.0], [-55, 408.0], [-54, 412.0], [-53, 415.0], [-52, 417.5], [-51, 420.0], [-50, 423.0], [-49, 423.5], [-48, 428.0], [-47, 429.0], [-46, 437.5], [-45, 441.75], [-44, 449.25], [-43, 453.0], [-42, 449.5], [-41, 458.0], [-40, 462.5], [-39, 468.0], [-38, 471.5], [-37, 475.0], [-36, 482.5], [-35, 487.5], [-34, 501.0], [-33, 503.5], [-32, 513.75], [-31, 518.75], [-30, 523.0], [-29, 532.0], [-28, 533.0], [-27, 538.5], [-26, 548.0], [-25, 568.5], [-24, 575.0], [-23, 579.5], [-21, 613.0], [-20, 626.5], [-18, 650.0], [-16, 687.5], [-15, 689.0], [-14, 690.0], [-13, 721.5], [-12, 731.5], [-11, 752.5], [-10, 761.5], [-9, 789.5], [-8, 799.5], [-7, 813.5], [-6, 854.5], [-5, 876.0], [-4, 926.5]]}