{"heading": 6.6, "target": -46.94716175983309, "gap_dist": 307.98607887788313, "gap_info": [{"width": 307.98607887788313, "center_angle": -46.94716175983309, "edge_a": [-74, 338.5], "edge_b": [-19, 328.5], "depth": 338.5, "passable": true, "chosen": true}, {"width": 438.45638323555056, "center_angle": 71.827468619811, "edge_a": [26, 170.0], "edge_b": [86, 498.0], "depth": 498.0, "passable": true, "chosen": false}], "scan": [[-3, 217.5], [-2, 213.75], [-1, 208.0], [0, 205.5], [1, 201.5], [2, 200.0], [3, 195.5], [4, 194.0], [5, 191.0], [6, 189.0], [7, 187.0], [8, 183.5], [9, 181.5], [10, 179.0], [11, 177.5], [12, 175.5], [13, 174.0], [14, 174.0], [15, 171.0], [16, 170.0], [17, 169.0], [18, 168.5], [19, 165.0], [20, 165.5], [22, 162.0], [23, 162.5], [24, 164.0], [25, 167.0], [26, 170.0], [33, 738.0], [35, 857.0], [36, 849.0], [37, 843.0], [41, 767.0], [44, 717.0], [45, 709.0], [46, 697.0], [47, 683.0], [48, 675.5], [49, 659.5], [50, 651.5], [51, 649.0], [52, 638.5], [53, 632.0], [54, 620.0], [55, 617.5], [56, 603.5], [57, 597.5], [58, 589.5], [59, 586.0], [60, 582.5], [61, 576.0], [62, 572.0], [63, 564.5], [64, 562.0], [65, 555.0], [66, 551.5], [67, 546.5], [68, 545.0], [69, 541.5], [70, 541.0], [71, 529.5], [72, 526.0], [73, 519.0], [74, 517.0], [75, 517.5], [76, 517.0], [77, 514.5], [78, 506.0], [79, 506.0], [80, 502.5], [81, 503.25], [82, 502.25], [83, 501.0], [84, 500.75], [85, 500.0], [86, 498.0], [87, 499.0], [88, 497.0], [89, 498.5], [90, 498.5], [91, 499.5], [92, 500.5], [93, 500.5], [94, 500.5], [95, 501.0], [96, 503.0], [97, 504.0], [98, 505.0], [99, 505.0], [100, 507.0], [101, 507.5], [102, 509.0], [103, 512.5], [104, 514.5], [105, 515.0], [106, 517.0], [107, 525.0], [108, 526.5], [109, 529.5], [110, 530.5], [111, 534.5], [112, 543.0], [113, 546.0], [114, 548.5], [115, 551.0], [116, 560.0], [117, 564.0], [118, 572.5], [119, 574.0], [120, 584.0], [121, 590.5], [122, 597.0], [123, 602.0], [124, 615.5], [125, 614.5], [126, 614.0], [127, 617.0], [128, 631.5], [129, 637.0], [130, 640.0], [131, 654.0], [132, 663.0], [133, 677.0], [134, 685.5], [135, 706.0], [136, 711.5], [137, 734.5], [138, 742.5], [139, 751.0], [140, 773.5], [141, 784.5], [142, 805.0], [143, 818.0], [149, 5819.0], [166, 10853.5], [167, 10943.5], [169, 14833.0], [170, 14803.5], [172, 14700.0], [173, 14680.5], [174, 14636.5], [175, 14614.5], [176, 14578.5], [177, 14567.0], [178, 14544.5], [-177, 1288.5], [-176, 1289.0], [-175, 1331.0], [-174, 1358.5], [-170, 1219.0], [-169, 1221.5], [-168, 1237.0], [-161, 2172.0], [-158, 1826.0], [-154, 1426.5], [-153, 1353.5], [-152, 1318.0], [-151, 1288.0], [-150, 1232.5], [-149, 1206.5], [-148, 1158.0], [-147, 1137.0], [-146, 1100.5], [-145, 1078.5], [-144, 1041.5], [-143, 1025.0], [-142, 991.5], [-141, 977.0], [-140, 963.0], [-139, 929.0], [-138, 916.5], [-137, 894.0], [-136, 887.0], [-135, 862.5], [-134, 856.5], [-133, 843.0], [-132, 834.5], [-131, 818.0], [-130, 812.5], [-129, 803.5], [-128, 799.0], [-127, 786.0], [-126, 779.0], [-125, 773.5], [-124, 760.0], [-123, 753.0], [-122, 753.0], [-121, 747.5], [-111, 223.5], [-110, 222.0], [-109, 222.0], [-108, 222.5], [-107, 223.0], [-106, 223.5], [-105, 224.5], [-104, 228.0], [-103, 230.5], [-102, 232.5], [-101, 233.5], [-100, 235.5], [-99, 238.0], [-98, 238.5], [-97, 242.5], [-96, 243.0], [-95, 246.5], [-94, 248.5], [-93, 252.5], [-92, 254.0], [-91, 259.5], [-90, 261.5], [-89, 263.25], [-88, 267.5], [-87, 270.0], [-86, 272.5], [-85, 275.0], [-84, 283.0], [-83, 285.5], [-82, 293.0], [-81, 296.0], [-80, 303.5], [-79, 308.0], [-78, 311.5], [-77, 319.0], [-76, 323.0], [-75, 333.5], [-74, 338.5], [-71, 625.5], [-70, 630.0], [-69, 638.5], [-68, 641.5], [-67, 643.5], [-66, 647.0], [-65, 650.0], [-64, 660.5], [-63, 660.5], [-62, 668.5], [-61, 673.0], [-60, 685.5], [-59, 690.0], [-58, 694.0], [-57, 698.5], [-56, 700.5], [-55, 716.0], [-54, 723.0], [-53, 733.0], [-52, 733.0], [-51, 752.5], [-50, 761.0], [-49, 771.5], [-48, 778.5], [-47, 789.0], [-46, 808.0], [-45, 824.0], [-44, 835.0], [-43, 846.5], [-42, 857.5], [-41, 866.5], [-40, 883.5], [-39, 892.0], [-38, 915.0], [-37, 927.5], [-36, 953.5], [-35, 967.0], [-34, 983.5], [-33, 1017.0], [-32, 1033.0], [-31, 1070.0], [-30, 1090.0], [-29, 1131.0], [-28, 1152.0], [-27, 1196.0], [-26, 1221.0], [-25, 1273.5], [-24, 1302.0], [-23, 1334.0], [-22, 1399.5], [-19, 328.5], [-17, 305.0], [-16, 298.0], [-15, 292.0], [-14, 279.25], [-13, 273.5], [-12, 264.5], [-11, 259.75], [-10, 253.0], [-9, 247.0], [-8, 238.0], [-7, 234.5], [-6, 226.5], [-5, 225.0], [-4, 219.5]]}