{"heading": 32.7, "target": 6.167693049819759, "gap_dist": 429.95461870782793, "gap_info": [{"width": 186.85946413311515, "center_angle": -55.729488682422165, "edge_a": [-57, 251.5], "edge_b": [-55, 438.0], "depth": 438.0, "passable": false, "chosen": false}, {"width": 429.95461870782793, "center_angle": 6.167693049819759, "edge_a": [0, 793.5], "edge_b": [31, 203.0], "depth": 793.5, "passable": true, "chosen": true}, {"width": 447.0915582039673, "center_angle": 124.05773994471579, "edge_a": [121, 199.0], "edge_b": [125, 645.5], "depth": 645.5, "passable": true, "chosen": false}], "scan": [[-4, 726.0], [-3, 735.0], [-2, 759.5], [-1, 783.0], [0, 793.5], [1, 818.0], [2, 822.5], [3, 834.5], [4, 871.0], [5, 886.0], [6, 921.0], [7, 938.0], [8, 954.0], [9, 994.5], [10, 1018.5], [11, 1042.5], [12, 1092.5], [13, 1119.0], [14, 1180.0], [27, 1413.0], [28, 1413.5], [29, 1411.5], [31, 203.0], [32, 200.5], [33, 198.5], [34, 196.5], [35, 191.5], [36, 189.5], [37, 187.0], [38, 184.0], [39, 181.5], [40, 177.5], [41, 175.5], [42, 172.5], [43, 172.0], [44, 169.0], [45, 169.5], [46, 168.0], [47, 165.5], [48, 162.5], [49, 161.0], [50, 159.0], [51, 158.5], [52, 156.5], [53, 156.0], [54, 154.0], [55, 152.5], [56, 153.0], [57, 152.5], [58, 151.5], [59, 150.5], [60, 150.0], [61, 150.0], [62, 149.5], [63, 149.0], [64, 148.0], [65, 148.25], [66, 147.0], [67, 147.0], [68, 146.0], [69, 146.5], [70, 145.5], [71, 145.5], [72, 141.5], [73, 140.5], [74, 141.0], [75, 141.5], [76, 143.0], [77, 144.0], [78, 142.5], [79, 141.5], [80, 141.5], [81, 143.0], [82, 143.0], [83, 144.0], [84, 145.0], [85, 145.0], [86, 146.5], [87, 146.5], [88, 146.5], [89, 148.0], [90, 147.5], [91, 148.5], [92, 149.0], [93, 149.5], [94, 150.0], [95, 151.5], [96, 152.0], [97, 152.0], [98, 154.0], [99, 154.0], [100, 155.0], [101, 156.5], [102, 156.5], [103, 158.0], [104, 159.5], [105, 161.5], [106, 163.0], [107, 164.5], [108, 167.0], [109, 168.0], [110, 169.0], [111, 171.0], [112, 173.0], [113, 176.5], [114, 178.0], [115, 179.5], [116, 183.0], [117, 186.0], [118, 191.0], [119, 193.5], [120, 196.0], [121, 199.0], [125, 645.5], [126, 645.0], [127, 647.5], [128, 648.0], [129, 648.0], [130, 651.5], [131, 648.5], [132, 648.5], [133, 652.0], [134, 654.0], [135, 663.5], [136, 665.5], [137, 655.5], [138, 664.5], [139, 676.5], [140, 672.5], [141, 666.5], [142, 667.5], [143, 670.5], [144, 675.0], [145, 679.0], [146, 683.0], [147, 685.75], [148, 693.5], [149, 695.5], [150, 703.0], [151, 708.0], [152, 711.0], [153, 719.5], [154, 725.0], [155, 730.0], [156, 740.0], [157, 745.5], [158, 751.5], [159, 755.5], [160, 766.5], [161, 773.5], [162, 778.0], [163, 797.0], [164, 805.5], [165, 808.5], [166, 810.5], [167, 823.5], [168, 829.0], [169, 836.5], [170, 854.0], [171, 864.0], [172, 883.0], [173, 892.0], [174, 902.0], [175, 922.0], [176, 936.5], [177, 960.0], [178, 975.0], [-172, 8319.5], [-165, 1722.5], [-164, 1702.0], [-163, 1693.5], [-162, 1739.5], [-155, 1522.0], [-154, 1511.0], [-153, 1501.5], [-152, 1502.5], [-151, 1508.5], [-150, 1547.0], [-146, 14688.0], [-141, 1975.0], [-139, 3253.5], [-130, 2281.0], [-129, 2293.0], [-120, 1178.5], [-119, 1115.5], [-118, 1086.5], [-117, 1060.0], [-116, 1012.5], [-115, 990.0], [-113, 920.5], [-109, 156.5], [-108, 157.0], [-106, 152.5], [-105, 152.0], [-103, 155.5], [-102, 156.0], [-101, 157.5], [-100, 158.5], [-99, 156.75], [-98, 157.25], [-97, 158.5], [-96, 160.0], [-95, 159.0], [-94, 159.5], [-93, 161.5], [-92, 160.75], [-91, 161.25], [-90, 162.25], [-89, 163.25], [-88, 166.0], [-87, 166.5], [-86, 167.5], [-85, 169.5], [-84, 170.5], [-83, 171.0], [-82, 172.0], [-81, 176.5], [-80, 178.0], [-79, 178.0], [-78, 180.5], [-77, 181.5], [-76, 185.0], [-75, 184.75], [-74, 185.75], [-73, 192.0], [-72, 193.5], [-71, 197.5], [-70, 199.0], [-69, 201.0], [-68, 205.0], [-67, 208.0], [-66, 213.0], [-65, 216.5], [-64, 220.0], [-63, 225.0], [-62, 228.0], [-61, 235.5], [-60, 239.5], [-59, 244.0], [-58, 248.0], [-57, 251.5], [-55, 438.0], [-54, 442.5], [-53, 443.5], [-52, 445.5], [-51, 444.5], [-50, 443.0], [-49, 444.0], [-48, 447.5], [-47, 448.5], [-46, 449.5], [-45, 450.5], [-44, 451.5], [-43, 453.5], [-42, 458.5], [-41, 459.5], [-40, 459.5], [-39, 466.5], [-38, 466.5], [-37, 466.5], [-36, 472.0], [-35, 475.0], [-34, 482.0], [-33, 481.0], [-32, 483.0], [-31, 490.5], [-30, 490.0], [-29, 495.0], [-28, 501.5], [-27, 503.5], [-26, 515.0], [-25, 512.0], [-24, 523.5], [-23, 531.0], [-22, 531.5], [-21, 540.0], [-20, 545.5], [-19, 561.0], [-18, 563.5], [-17, 581.5], [-16, 591.0], [-15, 594.5], [-14, 608.5], [-13, 613.0], [-12, 627.0], [-11, 635.5], [-10, 638.0], [-9, 658.0], [-8, 666.0], [-7, 689.5], [-6, 702.5], [-5, 716.5]]}