{"heading": 40.4, "target": 69.12980028187121, "gap_dist": 607.7782770005426, "gap_info": [{"width": 156.36843884885917, "center_angle": 48.79872466971851, "edge_a": [46, 542.0], "edge_b": [51, 689.0], "depth": 689.0, "passable": false, "chosen": false}, {"width": 607.7782770005426, "center_angle": 69.12980028187121, "edge_a": [54, 781.5], "edge_b": [103, 366.0], "depth": 781.5, "passable": true, "chosen": true}], "scan": [[-2, 224.5], [-1, 229.0], [0, 230.5], [1, 230.5], [2, 231.5], [3, 235.0], [4, 243.5], [5, 243.0], [6, 243.5], [7, 249.5], [9, 258.5], [10, 258.5], [11, 261.5], [12, 264.0], [13, 267.0], [14, 271.0], [16, 281.5], [17, 276.0], [19, 290.0], [20, 297.5], [21, 300.0], [22, 302.5], [23, 312.5], [24, 314.5], [25, 318.5], [26, 323.5], [27, 326.5], [28, 331.0], [30, 350.5], [31, 359.5], [32, 372.5], [33, 373.5], [34, 377.0], [35, 391.5], [36, 401.0], [38, 425.5], [39, 435.5], [42, 475.0], [44, 512.0], [45, 527.0], [46, 542.0], [51, 689.0], [54, 781.5], [68, 2472.5], [69, 2473.0], [73, 2481.5], [74, 2484.0], [75, 2485.5], [76, 2496.0], [77, 2500.0], [79, 6597.5], [86, 1478.5], [88, 2924.0], [103, 366.0], [104, 358.0], [105, 346.5], [106, 341.5], [107, 335.0], [108, 324.5], [109, 319.5], [110, 313.0], [111, 309.5], [112, 309.5], [113, 311.0], [114, 315.25], [115, 319.5], [116, 323.5], [117, 333.5], [118, 339.0], [119, 349.5], [120, 354.5], [121, 368.5], [122, 375.5], [123, 387.0], [124, 396.0], [125, 403.5], [126, 417.5], [127, 426.0], [128, 442.5], [129, 452.5], [130, 463.5], [131, 487.5], [134, 542.0], [136, 549.5], [142, 945.0], [143, 936.5], [144, 927.5], [145, 919.0], [146, 916.5], [147, 913.0], [148, 909.5], [149, 907.5], [150, 904.25], [151, 899.0], [152, 899.0], [153, 897.25], [154, 889.5], [155, 891.0], [156, 887.5], [157, 887.0], [158, 886.0], [159, 887.5], [160, 886.0], [161, 882.5], [162, 883.5], [163, 888.0], [164, 893.0], [165, 897.5], [166, 892.0], [167, 888.0], [168, 886.5], [169, 886.0], [170, 889.0], [171, 894.0], [172, 899.5], [173, 901.0], [174, 904.5], [175, 907.0], [176, 908.5], [177, 920.5], [178, 925.0], [179, 927.5], [180, 935.5], [-179, 941.5], [-178, 949.5], [-177, 954.0], [-176, 960.5], [-175, 973.5], [-174, 978.5], [-173, 991.5], [-172, 998.5], [-171, 1006.0], [-170, 1023.5], [-169, 1031.0], [-167, 498.5], [-166, 483.0], [-165, 475.0], [-164, 467.0], [-163, 450.5], [-162, 444.0], [-161, 439.5], [-160, 426.0], [-159, 421.0], [-158, 410.5], [-157, 405.5], [-156, 400.0], [-155, 390.5], [-154, 388.0], [-153, 385.0], [-152, 378.5], [-151, 374.0], [-150, 364.5], [-149, 361.0], [-148, 355.0], [-147, 352.5], [-146, 349.0], [-145, 344.0], [-144, 342.0], [-143, 337.5], [-142, 335.0], [-141, 332.0], [-140, 326.5], [-139, 325.5], [-138, 323.0], [-137, 317.5], [-136, 316.5], [-135, 320.5], [-132, 300.0], [-131, 297.5], [-130, 296.0], [-129, 295.0], [-128, 293.5], [-127, 291.5], [-126, 290.0], [-125, 287.5], [-124, 287.5], [-123, 286.0], [-122, 286.0], [-121, 285.0], [-120, 282.5], [-119, 282.5], [-118, 282.0], [-117, 281.0], [-116, 281.5], [-115, 279.5], [-114, 280.0], [-113, 279.0], [-112, 278.75], [-111, 279.0], [-110, 280.25], [-109, 281.5], [-108, 281.5], [-107, 283.5], [-106, 282.75], [-105, 283.25], [-104, 283.5], [-103, 285.5], [-102, 288.5], [-101, 288.5], [-100, 288.0], [-99, 291.0], [-98, 292.5], [-97, 293.0], [-96, 296.0], [-95, 296.0], [-94, 298.5], [-93, 300.0], [-92, 302.0], [-91, 305.5], [-90, 307.0], [-89, 311.0], [-88, 312.0], [-87, 313.0], [-86, 316.5], [-85, 318.5], [-84, 321.0], [-83, 327.5], [-82, 330.5], [-81, 337.0], [-80, 342.0], [-78, 370.0], [-77, 370.5], [-76, 367.5], [-75, 363.5], [-74, 356.5], [-72, 329.5], [-71, 321.0], [-70, 317.0], [-69, 307.0], [-68, 300.0], [-67, 292.5], [-66, 290.0], [-65, 288.0], [-64, 283.5], [-63, 278.5], [-61, 264.0], [-60, 262.0], [-59, 258.0], [-58, 255.5], [-57, 248.5], [-56, 249.0], [-55, 247.5], [-53, 237.5], [-52, 235.0], [-51, 231.5], [-50, 229.5], [-49, 225.0], [-48, 224.5], [-47, 223.0], [-46, 222.0], [-45, 222.0], [-44, 219.0], [-43, 218.0], [-42, 215.0], [-40, 209.5], [-39, 202.5], [-38, 202.5], [-37, 204.0], [-36, 203.0], [-35, 203.0], [-34, 197.0], [-33, 198.5], [-32, 200.0], [-31, 197.0], [-30, 197.0], [-29, 198.0], [-28, 197.5], [-27, 197.5], [-26, 196.5], [-25, 196.5], [-24, 196.5], [-23, 198.0], [-22, 196.0], [-21, 196.5], [-20, 196.0], [-19, 196.5], [-18, 196.5], [-17, 198.0], [-16, 199.5], [-15, 204.0], [-13, 200.5], [-12, 202.5], [-10, 206.0], [-9, 206.0], [-8, 205.5], [-7, 207.0], [-6, 210.0], [-5, 210.0], [-4, 214.0]]}