{"heading": -14.0, "target": 71.57751643805426, "gap_dist": 416.92597403229996, "gap_info": [{"width": 152.72515463437057, "center_angle": -165.29212971048625, "edge_a": [-167.15625, 684.0], "edge_b": [-162.921875, 538.0], "depth": 684.0, "passable": false, "chosen": false}, {"width": 416.92597403229996, "center_angle": 71.57751643805426, "edge_a": [33.34375, 249.5], "edge_b": [89.546875, 500.5], "depth": 500.5, "passable": true, "chosen": true}, {"width": 357.232822130016, "center_angle": 130.85529021079324, "edge_a": [112.15625, 557.0], "edge_b": [149.296875, 564.5], "depth": 564.5, "passable": true, "chosen": false}], "scan": [[-3.78125, 184.5], [-3.078125, 185.0], [-2.375, 185.5], [-1.671875, 185.0], [-1.03125, 186.5], [-0.34375, 187.5], [0.34375, 187.5], [1.03125, 188.5], [1.765625, 189.0], [2.453125, 190.0], [3.15625, 191.5], [3.84375, 191.5], [4.5625, 192.0], [5.25, 192.5], [5.953125, 193.0], [6.640625, 194.0], [7.375, 193.5], [8.078125, 194.0], [8.78125, 194.5], [9.484375, 195.0], [10.34375, 195.5], [11.078125, 195.0], [11.828125, 196.0], [12.5625, 197.5], [13.171875, 198.0], [13.875, 199.0], [14.578125, 200.5], [15.28125, 201.0], [16.0, 202.0], [16.703125, 202.5], [17.40625, 202.5], [18.109375, 204.0], [18.828125, 205.0], [19.53125, 205.5], [20.234375, 206.5], [20.9375, 208.0], [21.640625, 209.5], [22.34375, 210.0], [23.046875, 211.0], [23.75, 213.0], [24.46875, 214.0], [25.171875, 214.5], [25.875, 216.5], [26.578125, 219.0], [27.296875, 221.0], [28.0, 223.5], [28.703125, 226.0], [29.40625, 228.0], [29.859375, 230.5], [30.5, 233.0], [31.140625, 234.0], [31.78125, 236.0], [33.34375, 249.5], [34.734375, 1318.5], [35.453125, 1318.0], [36.140625, 1319.5], [37.53125, 1363.5], [38.234375, 1334.5], [43.109375, 3459.5], [44.5, 3349.5], [45.203125, 3350.5], [47.609375, 3086.5], [49.671875, 1118.0], [50.375, 1111.5], [51.078125, 1101.0], [51.78125, 1082.5], [52.484375, 1071.5], [53.1875, 1066.0], [53.890625, 1058.0], [54.59375, 1045.0], [55.3125, 1040.0], [56.015625, 1034.0], [56.71875, 1022.5], [57.421875, 1013.5], [58.140625, 1007.5], [58.84375, 1000.5], [59.546875, 993.0], [60.25, 988.0], [60.953125, 979.5], [61.65625, 971.5], [62.359375, 967.0], [63.0625, 962.0], [63.78125, 957.0], [64.484375, 951.5], [65.1875, 947.5], [65.890625, 946.0], [66.515625, 942.5], [67.1875, 936.5], [67.875, 931.5], [68.546875, 929.0], [69.328125, 927.5], [70.03125, 924.0], [70.734375, 921.0], [71.4375, 919.0], [72.140625, 917.0], [72.84375, 915.0], [73.546875, 913.5], [74.25, 911.0], [74.953125, 914.0], [75.65625, 921.0], [76.359375, 912.0], [77.0625, 900.5], [77.765625, 899.5], [78.46875, 898.0], [79.171875, 895.5], [79.875, 893.5], [80.59375, 892.0], [81.296875, 891.5], [82.0, 890.0], [82.703125, 889.5], [83.28125, 890.5], [83.953125, 889.0], [84.625, 889.5], [85.296875, 890.0], [86.0625, 887.5], [86.75, 888.0], [87.453125, 889.0], [88.140625, 878.0], [89.546875, 500.5], [90.25, 500.0], [90.9375, 500.0], [91.640625, 500.0], [92.328125, 500.5], [93.03125, 503.0], [93.71875, 504.25], [94.453125, 504.25], [95.15625, 504.5], [95.859375, 505.75], [96.5625, 507.0], [97.234375, 507.5], [97.921875, 508.5], [98.625, 510.0], [99.3125, 510.5], [100.1875, 511.75], [100.921875, 514.0], [101.65625, 515.75], [102.390625, 517.75], [103.0, 520.0], [103.703125, 521.75], [104.40625, 523.75], [105.109375, 526.5], [105.828125, 529.0], [106.53125, 530.5], [107.234375, 533.5], [107.9375, 535.5], [108.640625, 537.0], [109.34375, 540.0], [110.046875, 542.5], [110.75, 546.5], [111.453125, 550.0], [112.15625, 557.0], [113.5625, 970.0], [114.296875, 975.0], [115.0, 982.0], [115.71875, 991.0], [116.421875, 1000.0], [117.09375, 1009.0], [117.78125, 1017.5], [118.484375, 1023.0], [119.171875, 1028.5], [119.71875, 1035.5], [120.375, 1043.5], [121.03125, 1053.0], [121.6875, 1062.5], [122.515625, 1073.0], [123.203125, 1081.5], [123.90625, 1092.0], [124.59375, 1105.0], [125.296875, 1116.5], [125.984375, 1126.5], [126.6875, 1136.5], [127.375, 1150.5], [128.09375, 1164.0], [128.78125, 1176.0], [129.484375, 1190.0], [130.171875, 1204.5], [130.875, 1224.5], [131.5625, 1241.0], [132.265625, 1246.0], [132.953125, 1264.0], [133.671875, 1288.0], [134.359375, 1294.0], [135.0625, 1311.0], [135.75, 1332.5], [136.625, 1352.0], [137.359375, 1367.5], [138.09375, 1377.5], [138.828125, 1399.5], [139.453125, 1423.5], [140.15625, 1447.0], [140.859375, 1471.5], [141.5625, 1497.0], [142.265625, 1522.0], [142.96875, 1549.0], [143.671875, 1578.5], [144.375, 1617.5], [145.78125, 1726.0], [149.296875, 564.5], [150.0, 562.5], [150.703125, 560.0], [151.40625, 559.0], [152.109375, 557.5], [152.8125, 558.0], [153.515625, 559.0], [154.21875, 556.0], [154.921875, 554.5], [155.625, 554.5], [156.296875, 555.0], [156.984375, 556.0], [157.6875, 556.0], [158.375, 557.5], [159.09375, 559.5], [159.78125, 559.0], [160.484375, 560.0], [161.171875, 562.5], [161.890625, 563.5], [162.578125, 564.5], [163.28125, 565.5], [163.96875, 565.5], [164.71875, 566.0], [165.421875, 566.5], [166.125, 566.5], [166.828125, 568.5], [167.515625, 572.0], [168.203125, 574.0], [168.90625, 576.0], [169.59375, 576.5], [170.3125, 577.0], [171.0, 579.5], [171.703125, 581.5], [172.390625, 585.0], [173.09375, 587.5], [173.78125, 589.5], [174.484375, 593.0], [175.171875, 597.0], [175.875, 600.0], [176.5625, 600.5], [177.265625, 601.5], [177.953125, 605.0], [178.671875, 607.5], [-179.9375, 1418.0], [-179.25, 1416.5], [-178.515625, 1415.0], [-177.8125, 1415.0], [-177.109375, 1422.0], [-167.15625, 684.0], [-162.921875, 538.0], [-161.515625, 498.5], [-160.8125, 489.5], [-158.703125, 440.5], [-157.296875, 412.5], [-156.59375, 409.5], [-155.15625, 390.0], [-153.734375, 371.5], [-153.03125, 365.0], [-152.328125, 356.5], [-151.625, 352.0], [-150.921875, 349.0], [-149.578125, 331.5], [-148.203125, 315.5], [-147.46875, 311.0], [-146.078125, 297.0], [-145.390625, 294.5], [-144.640625, 290.0], [-143.9375, 285.5], [-143.234375, 283.5], [-142.53125, 279.0], [-141.828125, 272.5], [-141.125, 271.0], [-140.421875, 268.0], [-139.71875, 263.5], [-139.0, 263.0], [-138.296875, 259.5], [-137.59375, 254.5], [-136.890625, 252.5], [-136.1875, 249.5], [-135.484375, 246.5], [-134.78125, 243.5], [-134.078125, 239.0], [-132.859375, 230.5], [-132.1875, 232.5], [-131.53125, 232.0], [-130.71875, 229.0], [-130.03125, 225.5], [-129.328125, 223.5], [-128.640625, 221.0], [-127.96875, 216.5], [-126.59375, 221.75], [-125.90625, 216.75], [-125.171875, 211.25], [-123.09375, 204.25], [-122.375, 208.25], [-121.6875, 207.0], [-120.984375, 203.75], [-119.578125, 196.5], [-118.890625, 197.25], [-118.1875, 196.75], [-117.5, 195.75], [-116.78125, 193.5], [-116.09375, 188.5], [-115.390625, 188.5], [-114.703125, 189.0], [-114.03125, 186.0], [-113.34375, 184.75], [-112.65625, 183.75], [-111.96875, 184.75], [-111.234375, 184.5], [-110.546875, 181.5], [-109.84375, 179.25], [-109.15625, 180.0], [-108.453125, 180.25], [-107.765625, 179.0], [-107.0625, 179.0], [-106.375, 177.5], [-105.65625, 175.75], [-104.96875, 175.0], [-104.265625, 174.5], [-103.578125, 172.75], [-102.875, 172.5], [-102.1875, 174.0], [-101.484375, 173.5], [-100.796875, 172.5], [-100.09375, 174.0], [-99.40625, 174.0], [-98.703125, 172.5], [-98.015625, 171.5], [-97.203125, 171.75], [-96.484375, 172.75], [-95.765625, 173.5], [-95.046875, 172.5], [-94.421875, 171.5], [-93.734375, 172.25], [-93.03125, 171.75], [-92.34375, 170.75], [-91.625, 171.5], [-90.9375, 172.75], [-90.234375, 172.0], [-89.546875, 171.5], [-88.828125, 173.25], [-88.140625, 176.5], [-87.4375, 176.5], [-86.75, 173.5], [-86.03125, 174.0], [-85.34375, 174.75], [-84.640625, 173.0], [-83.953125, 174.75], [-83.234375, 177.5], [-82.546875, 177.25], [-81.84375, 177.25], [-81.15625, 179.0], [-80.4375, 182.0], [-79.75, 183.5], [-79.046875, 184.5], [-78.359375, 184.0], [-77.640625, 183.5], [-76.953125, 185.0], [-76.25, 185.0], [-74.859375, 191.5], [-74.171875, 191.0], [-73.46875, 191.75], [-72.78125, 190.75], [-72.0625, 192.5], [-71.375, 194.5], [-70.671875, 195.5], [-69.984375, 195.0], 