{"heading": 39.4, "target": -0.1757564667941944, "gap_dist": 575.9675944922672, "gap_info": [{"width": 574.2147569966164, "center_angle": -169.59280233686226, "edge_a": [-178.34375, 797.5], "edge_b": [-145.21875, 294.0], "depth": 797.5, "passable": true, "chosen": false}, {"width": 575.9675944922672, "center_angle": -0.1757564667941944, "edge_a": [-4.046875, 789.5], "edge_b": [13.34375, 228.0], "depth": 789.5, "passable": true, "chosen": true}], "scan": [[-1.5, 858.0], [-0.8125, 872.5], [-0.109375, 887.5], [0.578125, 897.5], [1.28125, 908.0], [1.96875, 919.5], [2.671875, 935.0], [3.359375, 948.5], [4.078125, 962.5], [4.765625, 978.5], [5.46875, 992.5], [6.15625, 1009.0], [6.890625, 1024.0], [7.59375, 1038.0], [8.296875, 1056.5], [9.0, 1076.0], [9.859375, 1093.0], [10.59375, 1112.5], [11.34375, 1132.5], [12.078125, 1152.5], [13.34375, 228.0], [14.046875, 226.5], [14.734375, 224.5], [15.453125, 223.0], [16.140625, 220.5], [16.84375, 218.5], [17.53125, 217.0], [18.28125, 216.0], [18.984375, 214.5], [19.6875, 212.5], [20.390625, 210.5], [21.140625, 208.5], [21.84375, 208.0], [22.5625, 207.0], [23.265625, 205.5], [23.921875, 204.0], [24.609375, 203.5], [25.3125, 203.0], [26.0, 202.0], [26.734375, 201.5], [27.4375, 201.0], [28.140625, 200.5], [28.84375, 200.0], [29.28125, 198.5], [29.90625, 198.0], [30.546875, 199.0], [31.171875, 198.0], [32.046875, 197.0], [32.734375, 196.5], [33.421875, 196.5], [34.109375, 196.0], [34.828125, 195.0], [35.515625, 195.0], [36.21875, 195.0], [36.90625, 195.0], [37.609375, 194.5], [38.296875, 194.0], [39.0, 194.0], [39.6875, 192.0], [40.390625, 189.5], [41.078125, 188.0], [41.78125, 186.5], [42.46875, 187.5], [43.171875, 188.5], [43.859375, 189.0], [44.5625, 191.5], [45.25, 193.0], [46.15625, 194.5], [46.890625, 194.5], [47.640625, 193.5], [48.375, 193.5], [48.96875, 194.0], [49.671875, 195.0], [50.375, 195.5], [51.078125, 195.25], [51.78125, 195.75], [52.484375, 197.0], [53.1875, 196.5], [53.890625, 196.5], [54.578125, 197.5], [55.265625, 197.5], [55.96875, 197.5], [56.65625, 199.5], [57.390625, 200.5], [58.09375, 199.5], [58.796875, 200.0], [59.5, 201.0], [60.203125, 202.0], [60.90625, 203.5], [61.609375, 203.5], [62.3125, 204.0], [63.015625, 205.5], [63.71875, 205.5], [64.421875, 206.0], [65.125, 207.5], [65.765625, 209.0], [66.453125, 210.5], [67.140625, 211.5], [67.828125, 213.5], [68.5625, 216.0], [69.25, 217.5], [69.953125, 219.0], [70.640625, 221.5], [71.375, 224.0], [72.078125, 225.5], [72.78125, 226.5], [73.484375, 228.0], [74.171875, 230.0], [74.859375, 230.0], [75.5625, 231.5], [76.25, 234.5], [76.96875, 236.0], [77.65625, 238.0], [78.359375, 241.0], [79.046875, 244.0], [79.78125, 245.5], [80.484375, 247.0], [81.1875, 250.5], [81.890625, 254.5], [82.421875, 257.5], [83.078125, 259.5], [83.734375, 261.0], [84.390625, 264.5], [85.1875, 267.0], [85.875, 269.0], [86.5625, 274.5], [87.984375, 293.0], [88.671875, 297.5], [89.375, 302.5], [90.0625, 306.5], [90.734375, 309.5], [91.421875, 313.0], [92.109375, 318.0], [92.796875, 323.5], [93.53125, 328.0], [94.21875, 332.0], [94.921875, 337.0], [95.609375, 343.0], [96.296875, 348.0], [96.984375, 353.5], [97.671875, 359.5], [98.359375, 367.5], [99.078125, 374.5], [99.765625, 380.0], [100.46875, 387.0], [101.15625, 393.0], [102.078125, 401.0], [102.828125, 409.5], [103.578125, 418.5], [104.328125, 428.0], [104.875, 437.0], [105.5625, 447.0], [106.953125, 474.0], [107.703125, 486.5], [108.40625, 497.5], [109.8125, 530.5], [111.890625, 534.5], [113.328125, 555.5], [114.03125, 548.5], [114.734375, 545.0], [115.4375, 541.0], [116.125, 542.0], [116.8125, 544.5], [117.515625, 543.5], [118.203125, 539.5], [118.734375, 537.5], [119.375, 532.5], [120.03125, 527.5], [120.671875, 523.0], [121.5, 522.5], [122.1875, 524.5], [122.875, 524.5], [123.5625, 523.5], [124.265625, 521.5], [124.953125, 519.0], [125.640625, 513.5], [126.328125, 509.0], [127.0625, 506.5], [127.75, 504.5], [128.453125, 505.25], [129.140625, 505.25], [129.828125, 505.0], [130.515625, 506.0], [131.203125, 504.25], [131.890625, 503.25], [132.609375, 504.0], [133.296875, 503.0], [134.0, 504.0], [134.6875, 505.5], [135.390625, 505.5], [136.078125, 504.5], [136.78125, 504.0], [137.46875, 504.5], [138.328125, 505.5], [139.0625, 507.0], [139.796875, 509.0], [140.53125, 511.0], [141.125, 510.0], [141.8125, 510.0], [142.515625, 510.5], [143.203125, 514.5], [143.953125, 518.5], [144.65625, 517.5], [145.359375, 519.0], [146.0625, 520.5], [146.734375, 520.5], [147.421875, 523.0], [148.125, 524.5], [148.8125, 526.0], [149.53125, 528.5], [150.21875, 529.5], [150.921875, 531.0], [151.609375, 533.5], [152.34375, 537.0], [153.046875, 539.5], [153.75, 540.5], [154.453125, 544.0], [155.15625, 548.0], [155.859375, 551.0], [156.5625, 554.0], [157.265625, 557.0], [157.96875, 561.5], [158.671875, 568.5], [159.375, 573.0], [160.078125, 574.0], [160.75, 577.5], [161.4375, 581.0], [162.140625, 584.0], [162.828125, 590.0], [163.5625, 595.0], [164.265625, 598.5], [164.96875, 607.0], [165.671875, 611.5], [166.390625, 613.5], [167.09375, 619.5], [167.796875, 625.0], [168.5, 631.0], [169.1875, 636.5], [169.875, 642.5], [170.578125, 648.5], [171.265625, 653.0], [171.90625, 660.5], [172.578125, 669.5], [173.265625, 679.0], [173.9375, 686.5], [174.6875, 691.75], [175.375, 699.25], [176.078125, 707.0], [176.765625, 709.0], [178.15625, 746.0], [178.859375, 761.5], [179.546875, 763.0], [-179.734375, 764.5], [-179.046875, 781.0], [-178.34375, 797.5], [-177.65625, 815.0], [-176.9375, 813.0], [-175.546875, 837.0], [-174.859375, 836.5], [-174.140625, 841.5], [-173.453125, 857.0], [-172.75, 873.5], [-172.0625, 888.5], [-171.359375, 902.0], [-170.671875, 917.75], [-169.96875, 935.25], [-169.28125, 953.0], [-168.375, 972.0], [-167.640625, 992.5], [-166.890625, 1014.5], [-166.15625, 1035.5], [-165.5625, 1058.0], [-162.75, 1190.5], [-161.34375, 1248.5], [-160.640625, 1272.5], [-159.921875, 1299.0], [-159.21875, 1334.0], [-158.515625, 1373.0], [-157.8125, 1414.5], [-157.109375, 1458.0], [-154.296875, 1670.5], [-151.5, 6416.5], [-150.8125, 6440.5], [-149.421875, 2704.0], [-148.6875, 2726.5], [-145.21875, 294.0], [-144.515625, 290.5], [-143.828125, 289.0], [-143.078125, 287.5], [-142.375, 287.5], [-141.671875, 287.0], [-140.96875, 286.5], [-140.265625, 286.0], [-139.5625, 286.5], [-138.859375, 283.5], [-138.15625, 281.0], [-137.4375, 282.5], [-136.734375, 282.0], [-136.03125, 281.5], [-135.328125, 281.5], [-134.640625, 282.0], [-133.953125, 282.5], [-133.25, 283.5], [-132.5625, 285.5], [-132.015625, 287.0], [-131.359375, 288.0], [-130.703125, 286.5], [-130.046875, 287.5], [-129.234375, 289.5], [-128.546875, 288.5], [-127.84375, 289.0], [-127.15625, 289.5], [-126.4375, 289.0], [-125.75, 291.5], [-125.046875, 293.5], [-124.359375, 293.0], [-123.671875, 293.5], [-122.984375, 295.0], [-122.296875, 296.5], [-121.609375, 298.0], [-120.875, 300.0], [-120.1875, 301.5], [-119.484375, 302.5], [-118.796875, 302.0], [-118.09375, 303.0], [-117.40625, 306.0], [-116.703125, 308.0], [-116.015625, 309.5], [-115.265625, 310.5], [-114.5625, 311.5], [-113.859375, 313.5], [-113.15625, 315.5], [-112.5, 316.5], [-111.8125, 318.0], [-111.125, 320.5], [-110.4375, 323.5], [-109.6875, 325.5], [-108.984375, 328.5], [-108.28125, 331.0], [-107.578125, 332.5], [-106.921875, 334.5], [-106.234375, 337.0], [-105.546875, 341.0], [-104.859375, 344.5], [-104.125, 346.5], [-103.4375, 349.0], [-102.734375, 352.5], [-102.046875, 356.0], [-101.328125, 358.5], [-100.640625, 361.5], [-99.9375, 365.0], [-99.25, 369.0], [-98.546875, 372.5], [-97.859375, 375.0], [-97.15625, 380.5], [-96.46875, 385.5], [-94.984375, 404.0], [-94.265625, 409.5], [-93.5625, 414.5], [-92.90625, 419.5], [-92.21875, 424.5], [-91.515625, 429.5], [-90.828125, 435.5], [-90.09375, 441.5], [-89.390625, 448.5], [-88.6875, 454.0], [-87.984375, 459.5], [-87.3125, 466.0], [-86.625, 472.0], [-85.921875, 479.75], [-85.234375, 488.25], [-84.5, 491.5], [-83.796875, 496.0], [-83.09375, 508.0], [-82.390625, 520.5], [-81.703125, 530.5], 