{"heading": -47.6, "target": -72.42246827830365, "gap_dist": 379.4337992538626, "gap_info": [{"width": 379.4337992538626, "center_angle": -72.42246827830365, "edge_a": [-97, 429.0], "edge_b": [-27, 250.5], "depth": 429.0, "passable": true, "chosen": true}, {"width": 245.95626192989297, "center_angle": 45.39553227244716, "edge_a": [44, 188.0], "edge_b": [46, 434.0], "depth": 434.0, "passable": false, "chosen": false}, {"width": 402.9402612275015, "center_angle": 84.70553814392954, "edge_a": [61, 499.5], "edge_b": [110, 470.0], "depth": 499.5, "passable": true, "chosen": false}], "scan": [[-3, 192.0], [-2, 191.0], [-1, 188.5], [0, 186.5], [1, 185.5], [2, 184.0], [3, 183.5], [4, 183.0], [5, 183.5], [6, 180.5], [7, 179.0], [8, 178.5], [9, 177.0], [10, 176.5], [11, 177.0], [12, 176.5], [13, 176.5], [14, 175.5], [15, 174.0], [16, 172.5], [17, 171.0], [18, 169.0], [19, 168.5], [20, 167.0], [21, 167.0], [22, 168.5], [23, 171.0], [24, 172.5], [25, 173.5], [26, 172.5], [27, 173.0], [28, 172.5], [29, 173.0], [30, 175.5], [31, 175.5], [32, 175.5], [33, 178.5], [34, 179.0], [35, 180.0], [36, 178.5], [37, 180.0], [38, 182.0], [39, 182.0], [40, 184.5], [41, 185.5], [42, 186.5], [43, 188.5], [44, 188.0], [46, 434.0], [47, 450.5], [48, 453.0], [49, 452.5], [50, 454.5], [51, 456.0], [52, 458.0], [53, 466.0], [54, 471.5], [55, 478.0], [56, 479.5], [57, 477.0], [58, 475.5], [59, 481.0], [60, 486.5], [61, 499.5], [62, 505.5], [63, 510.5], [64, 525.0], [65, 532.0], [66, 546.0], [67, 554.5], [68, 569.5], [69, 579.5], [70, 586.5], [71, 606.0], [72, 616.0], [73, 636.0], [74, 643.0], [75, 652.5], [76, 679.5], [77, 690.0], [78, 712.5], [81, 792.5], [82, 807.0], [83, 812.5], [85, 870.0], [86, 890.5], [88, 957.5], [90, 1036.5], [91, 1054.0], [92, 1081.0], [98, 1930.0], [99, 1928.5], [101, 1377.0], [102, 1378.0], [103, 1376.0], [104, 1373.0], [105, 1367.5], [106, 1371.0], [108, 3621.5], [110, 470.0], [111, 469.5], [112, 469.0], [113, 469.5], [114, 468.5], [115, 469.5], [116, 469.0], [117, 469.0], [118, 469.5], [119, 471.0], [120, 473.5], [121, 474.5], [122, 474.5], [123, 477.0], [124, 477.5], [125, 479.0], [126, 480.5], [127, 483.0], [128, 485.5], [129, 487.5], [130, 489.0], [131, 491.0], [132, 496.5], [133, 499.5], [134, 501.0], [135, 507.0], [136, 510.0], [137, 514.0], [138, 521.5], [139, 525.5], [140, 530.0], [141, 533.5], [142, 539.0], [143, 546.5], [145, 1334.5], [146, 1311.0], [147, 1267.0], [148, 1244.5], [149, 1206.0], [150, 1186.0], [151, 1166.0], [152, 1132.5], [153, 1118.5], [154, 1088.0], [155, 1072.5], [156, 1058.5], [157, 1031.0], [158, 1018.5], [159, 995.0], [160, 981.5], [161, 969.5], [162, 948.5], [163, 940.0], [164, 923.0], [165, 914.0], [166, 906.5], [167, 889.5], [168, 882.0], [169, 867.0], [170, 860.0], [171, 853.0], [172, 841.0], [173, 833.5], [174, 821.0], [175, 815.5], [176, 804.5], [177, 800.0], [178, 795.0], [179, 789.5], [-180, 783.5], [-179, 775.5], [-178, 771.0], [-177, 767.0], [-176, 760.0], [-175, 756.0], [-174, 749.5], [-173, 747.5], [-172, 745.0], [-171, 741.5], [-170, 739.5], [-169, 737.5], [-168, 733.0], [-167, 731.0], [-166, 729.5], [-165, 727.0], [-164, 725.5], [-163, 724.5], [-162, 722.5], [-161, 720.0], [-160, 720.5], [-159, 720.0], [-158, 718.5], [-157, 720.0], [-156, 721.5], [-155, 719.0], [-154, 722.0], [-153, 722.5], [-152, 723.0], [-151, 725.5], [-150, 727.5], [-149, 728.0], [-148, 728.0], [-140, 241.0], [-139, 238.5], [-138, 236.5], [-137, 236.5], [-136, 237.0], [-135, 238.0], [-134, 240.5], [-133, 243.0], [-132, 243.5], [-131, 245.5], [-130, 246.5], [-129, 251.0], [-128, 253.5], [-127, 254.5], [-126, 257.5], [-125, 259.5], [-124, 262.5], [-123, 264.5], [-122, 269.5], [-121, 271.0], [-120, 274.0], [-119, 280.5], [-118, 283.0], [-117, 288.5], [-116, 291.5], [-115, 294.0], [-114, 299.5], [-113, 303.0], [-112, 309.5], [-111, 315.0], [-110, 320.5], [-109, 326.5], [-108, 330.5], [-107, 341.5], [-106, 346.0], [-105, 355.0], [-104, 362.0], [-103, 368.5], [-102, 382.0], [-101, 388.5], [-100, 402.5], [-99, 409.5], [-98, 417.5], [-97, 429.0], [-95, 974.5], [-94, 1016.5], [-93, 1039.5], [-92, 1089.0], [-91, 1112.5], [-89, 1778.5], [-88, 1825.5], [-87, 1925.5], [-86, 1984.5], [-76, 788.5], [-75, 774.5], [-74, 772.5], [-73, 770.0], [-72, 769.0], [-71, 767.5], [-70, 765.0], [-69, 765.0], [-68, 764.0], [-67, 763.0], [-66, 763.0], [-65, 762.5], [-64, 762.5], [-63, 761.5], [-62, 762.0], [-61, 764.0], [-59, 2173.0], [-58, 2145.5], [-56, 1962.0], [-55, 1958.0], [-54, 1964.0], [-52, 2523.5], [-49, 1369.0], [-48, 1362.5], [-46, 1221.5], [-43, 1022.5], [-42, 992.5], [-41, 964.0], [-40, 916.5], [-39, 894.5], [-38, 863.0], [-37, 849.0], [-36, 841.5], [-32, 728.0], [-30, 663.0], [-29, 650.5], [-27, 250.5], [-26, 246.0], [-25, 241.0], [-24, 238.0], [-23, 230.0], [-22, 226.0], [-21, 224.5], [-20, 217.5], [-19, 214.5], [-18, 210.5], [-17, 208.0], [-16, 205.0], [-15, 201.5], [-14, 199.0], [-13, 194.5], [-12, 192.5], [-11, 190.5], [-10, 187.0], [-9, 185.5], [-8, 181.5], [-7, 181.0], [-6, 178.5], [-5, 176.5], [-4, 174.5]]}