{"heading": 65.3, "target": 26.243861308283265, "gap_dist": 288.5215370474032, "gap_info": [{"width": 24.357815789777003, "center_angle": -107.4926172307149, "edge_a": [-109, 455.0], "edge_b": [-106, 459.5], "depth": 459.5, "passable": false, "chosen": false}, {"width": 93.83814587052883, "center_angle": -100.3538944884313, "edge_a": [-106, 459.5], "edge_b": [-95, 484.5], "depth": 484.5, "passable": false, "chosen": false}, {"width": 391.1346898041438, "center_angle": -81.61764092585848, "edge_a": [-95, 484.5], "edge_b": [-45, 188.0], "depth": 484.5, "passable": true, "chosen": false}, {"width": 288.5215370474032, "center_angle": 26.243861308283265, "edge_a": [-2, 300.5], "edge_b": [50, 353.0], "depth": 353.0, "passable": true, "chosen": true}], "scan": [[-3, 295.5], [-2, 300.5], [-1, 613.0], [0, 625.5], [1, 632.5], [2, 636.5], [3, 639.5], [4, 642.0], [5, 651.5], [6, 662.5], [7, 672.0], [8, 682.5], [9, 685.5], [10, 691.0], [11, 698.5], [12, 698.0], [13, 708.0], [14, 715.5], [15, 725.0], [16, 730.0], [17, 737.0], [18, 736.5], [19, 741.0], [20, 745.5], [21, 750.0], [22, 762.5], [23, 769.0], [24, 791.0], [25, 804.0], [26, 813.0], [27, 831.5], [28, 843.0], [29, 863.5], [30, 890.5], [31, 903.0], [32, 917.5], [33, 951.0], [34, 967.5], [35, 1008.0], [36, 1027.0], [37, 1060.5], [38, 1080.5], [39, 1100.0], [40, 1144.0], [41, 1169.5], [42, 1223.5], [43, 1249.5], [44, 1305.5], [45, 1342.0], [46, 1378.0], [47, 1453.5], [48, 1495.0], [50, 353.0], [51, 341.0], [52, 335.0], [53, 327.5], [54, 314.5], [55, 309.0], [56, 296.5], [57, 291.5], [58, 280.0], [59, 275.5], [60, 272.0], [61, 264.5], [62, 261.5], [63, 253.25], [64, 250.5], [65, 242.0], [66, 240.5], [67, 237.5], [68, 233.5], [69, 231.5], [70, 223.5], [71, 221.5], [72, 218.0], [73, 216.0], [74, 213.0], [75, 208.0], [76, 207.0], [77, 202.5], [78, 200.0], [79, 196.5], [80, 195.0], [81, 193.5], [82, 191.0], [83, 190.0], [84, 189.0], [85, 187.5], [86, 183.5], [87, 183.0], [88, 180.5], [89, 180.0], [90, 180.0], [91, 178.5], [92, 177.5], [93, 175.0], [94, 175.5], [95, 173.5], [96, 172.5], [97, 171.0], [98, 171.0], [99, 170.5], [100, 168.5], [101, 168.5], [102, 169.5], [103, 169.5], [104, 169.0], [105, 170.0], [111, 815.5], [112, 797.0], [113, 797.5], [114, 786.0], [116, 779.5], [118, 727.0], [119, 710.5], [120, 705.0], [121, 693.0], [122, 686.5], [123, 674.0], [124, 666.0], [125, 661.5], [126, 650.0], [127, 643.5], [128, 639.5], [129, 634.5], [130, 619.5], [131, 615.5], [132, 614.0], [133, 607.0], [134, 604.5], [135, 596.5], [136, 593.5], [137, 588.0], [138, 584.5], [139, 581.0], [140, 577.5], [141, 575.0], [142, 571.0], [143, 569.0], [144, 563.5], [145, 555.0], [146, 553.0], [147, 549.5], [148, 552.0], [149, 548.0], [150, 542.5], [151, 541.0], [152, 533.5], [153, 533.5], [154, 532.0], [155, 534.5], [156, 535.0], [157, 532.5], [158, 529.5], [159, 528.5], [160, 528.0], [161, 530.0], [162, 528.5], [163, 529.0], [164, 530.0], [165, 529.5], [166, 530.5], [167, 532.0], [168, 534.0], [169, 535.5], [170, 536.5], [171, 537.5], [172, 539.0], [173, 540.0], [174, 542.0], [175, 543.5], [176, 547.75], [177, 551.0], [178, 552.5], [179, 556.5], [180, 558.5], [-180, 563.75], [-179, 565.25], [-178, 566.5], [-177, 573.0], [-176, 577.0], [-175, 583.75], [-174, 584.5], [-173, 587.0], [-172, 596.5], [-171, 600.0], [-170, 608.5], [-169, 611.0], [-168, 615.0], [-167, 627.5], [-166, 634.5], [-165, 644.5], [-164, 644.5], [-163, 652.0], [-162, 658.0], [-161, 662.5], [-160, 674.5], [-159, 681.5], [-158, 696.0], [-157, 703.0], [-156, 712.0], [-155, 729.5], [-154, 734.0], [-153, 754.5], [-152, 763.5], [-151, 784.5], [-150, 796.0], [-149, 807.5], [-148, 830.0], [-141, 8466.5], [-137, 8110.0], [-131, 7715.5], [-121, 14897.0], [-119, 1412.0], [-118, 1402.5], [-115, 14624.0], [-114, 14606.0], [-112, 14562.0], [-110, 449.75], [-109, 455.0], [-106, 459.5], [-95, 484.5], [-92, 2154.0], [-91, 2182.0], [-85, 1389.0], [-84, 1352.0], [-83, 1283.5], [-82, 1255.0], [-81, 1226.5], [-80, 1171.5], [-79, 1147.5], [-78, 1100.5], [-77, 1079.0], [-76, 1037.0], [-75, 1019.0], [-74, 1000.5], [-73, 962.0], [-72, 947.5], [-71, 918.5], [-70, 904.0], [-69, 881.5], [-68, 869.5], [-67, 840.5], [-66, 826.0], [-65, 812.5], [-64, 792.5], [-63, 782.5], [-62, 768.5], [-61, 760.5], [-60, 749.5], [-59, 739.5], [-58, 733.5], [-57, 734.5], [-56, 734.0], [-55, 726.5], [-54, 721.0], [-53, 698.0], [-52, 688.0], [-51, 680.0], [-45, 188.0], [-44, 186.0], [-43, 186.5], [-42, 187.5], [-41, 187.0], [-40, 187.0], [-39, 188.5], [-38, 189.0], [-37, 190.0], [-36, 190.5], [-35, 192.0], [-34, 193.5], [-33, 196.5], [-32, 197.0], [-31, 198.0], [-30, 199.5], [-29, 201.0], [-28, 204.5], [-27, 204.0], [-26, 207.5], [-25, 208.5], [-24, 211.0], [-23, 212.0], [-22, 214.5], [-21, 220.0], [-20, 221.0], [-19, 224.5], [-18, 227.5], [-17, 233.0], [-16, 235.5], [-15, 239.0], [-14, 241.5], [-13, 244.5], [-12, 250.5], [-11, 253.5], [-10, 259.5], [-9, 262.5], [-8, 268.0], [-7, 270.5], [-6, 275.0], [-5, 282.0], [-4, 287.5]]}