{"heading": 41.0, "target": 92.33557382794494, "gap_dist": 516.5694107628125, "gap_info": [{"width": 184.1244972944608, "center_angle": -107.43760273180614, "edge_a": [-110, 682.0], "edge_b": [-104, 508.5], "depth": 682.0, "passable": false, "chosen": false}, {"width": 184.05910687354583, "center_angle": 30.288591818060826, "edge_a": [28, 531.0], "edge_b": [32, 710.0], "depth": 710.0, "passable": false, "chosen": false}, {"width": 516.5694107628125, "center_angle": 92.33557382794494, "edge_a": [85, 777.0], "edge_b": [111, 310.0], "depth": 777.0, "passable": true, "chosen": true}], "scan": [[-3, 247.5], [-2, 248.0], [-1, 272.0], [0, 282.5], [1, 284.5], [2, 285.0], [3, 287.0], [4, 289.5], [5, 300.0], [6, 303.0], [7, 311.5], [9, 333.5], [10, 332.5], [11, 335.5], [12, 344.0], [13, 348.0], [15, 354.5], [17, 386.5], [18, 385.0], [20, 410.5], [21, 415.0], [22, 429.5], [23, 436.5], [25, 480.5], [28, 531.0], [32, 710.0], [34, 736.0], [35, 749.5], [37, 685.5], [38, 683.5], [39, 679.0], [40, 675.5], [41, 673.0], [42, 672.0], [43, 671.0], [44, 665.0], [45, 663.5], [46, 662.5], [47, 661.0], [48, 660.5], [49, 660.0], [50, 655.5], [51, 655.0], [52, 654.5], [53, 655.0], [54, 653.0], [55, 652.5], [56, 655.5], [57, 657.5], [58, 658.5], [59, 658.5], [60, 659.5], [61, 660.5], [62, 667.5], [65, 666.5], [66, 665.0], [67, 671.0], [68, 672.0], [69, 678.0], [70, 679.5], [71, 688.0], [72, 691.0], [73, 694.0], [74, 699.5], [75, 701.5], [76, 709.0], [77, 715.5], [78, 720.0], [79, 731.0], [80, 736.0], [81, 744.0], [82, 750.0], [83, 758.5], [84, 766.0], [85, 777.0], [87, 1559.0], [88, 1547.5], [89, 1493.5], [90, 1468.5], [92, 1391.5], [93, 1350.5], [95, 1303.5], [96, 1273.5], [97, 1261.0], [99, 1207.0], [100, 1180.5], [101, 1167.0], [102, 1154.5], [103, 1144.0], [104, 1119.5], [105, 1108.0], [106, 1089.0], [107, 1079.5], [108, 1063.5], [109, 1056.0], [111, 310.0], [112, 306.5], [113, 300.5], [114, 299.0], [115, 295.0], [116, 293.0], [117, 290.0], [118, 287.0], [119, 284.5], [120, 283.5], [121, 281.0], [122, 278.5], [123, 277.5], [124, 276.0], [125, 274.5], [126, 272.0], [127, 271.0], [128, 269.0], [129, 268.5], [130, 268.0], [131, 266.5], [132, 266.5], [133, 263.0], [134, 262.0], [135, 262.0], [136, 262.0], [137, 262.0], [138, 259.5], [139, 258.0], [140, 258.0], [141, 259.0], [142, 257.0], [143, 258.5], [144, 258.5], [145, 258.5], [146, 261.0], [147, 261.5], [148, 261.5], [149, 262.5], [150, 263.5], [151, 265.5], [152, 266.5], [155, 910.0], [156, 917.0], [157, 919.5], [158, 925.5], [159, 927.5], [160, 936.0], [161, 936.5], [162, 941.5], [163, 950.5], [164, 956.5], [165, 963.5], [166, 969.0], [167, 979.75], [168, 988.25], [169, 996.0], [170, 1007.5], [171, 1014.0], [172, 1032.5], [173, 1024.0], [174, 1024.0], [175, 1033.0], [176, 1041.0], [177, 1058.0], [178, 1066.0], [179, 1083.5], [180, 1093.0], [-180, 1104.0], [-179, 1113.5], [-178, 1124.0], [-177, 1136.5], [-176, 1160.0], [-175, 1172.5], [-171, 2645.5], [-169, 4693.5], [-162, 1700.0], [-161, 1709.0], [-160, 1720.0], [-159, 1724.5], [-158, 1739.5], [-157, 1759.5], [-156, 1742.0], [-155, 1751.0], [-154, 1757.5], [-153, 1765.0], [-151, 1725.5], [-148, 2321.5], [-147, 2331.5], [-141, 15116.5], [-140, 15080.0], [-139, 14988.0], [-136, 2343.5], [-134, 14794.5], [-133, 14767.0], [-132, 14744.5], [-121, 2260.5], [-112, 754.0], [-110, 682.0], [-104, 508.5], [-100, 431.5], [-99, 425.5], [-97, 397.0], [-96, 385.0], [-95, 379.0], [-94, 367.0], [-93, 359.5], [-92, 356.0], [-89, 322.0], [-88, 322.0], [-86, 302.5], [-85, 298.5], [-84, 291.5], [-83, 287.5], [-82, 282.5], [-81, 281.5], [-79, 265.5], [-78, 268.0], [-74, 246.0], [-72, 235.5], [-71, 233.0], [-70, 231.5], [-69, 230.5], [-68, 228.0], [-67, 225.5], [-66, 221.0], [-65, 219.0], [-63, 215.5], [-62, 210.5], [-61, 208.0], [-60, 207.0], [-59, 204.5], [-58, 205.0], [-57, 204.5], [-56, 201.0], [-55, 198.5], [-54, 198.5], [-53, 197.5], [-50, 192.0], [-49, 191.0], [-48, 191.5], [-47, 189.5], [-46, 188.0], [-45, 188.5], [-44, 188.0], [-43, 188.0], [-42, 188.5], [-41, 188.0], [-40, 187.0], [-39, 187.5], [-38, 188.0], [-37, 188.0], [-36, 188.0], [-35, 186.0], [-34, 187.0], [-33, 188.0], [-32, 186.5], [-30, 188.5], [-29, 191.0], [-28, 191.5], [-27, 191.0], [-26, 191.5], [-25, 192.5], [-24, 194.0], [-23, 198.5], [-22, 201.0], [-21, 201.0], [-20, 203.5], [-17, 206.0], [-16, 209.0], [-15, 214.0], [-14, 215.0], [-13, 214.0], [-12, 215.0], [-10, 224.5], [-9, 227.5], [-8, 226.5], [-6, 236.0], [-5, 243.0], [-4, 246.0]]}