{"heading": -48.6, "target": -8.138770277754862, "gap_dist": 574.0759458187061, "gap_info": [{"width": 131.25131574993893, "center_angle": -123.08620287880008, "edge_a": [-125.40625, 489.0], "edge_b": [-119.96875, 364.0], "depth": 489.0, "passable": false, "chosen": false}, {"width": 574.0759458187061, "center_angle": -8.138770277754862, "edge_a": [-9.234375, 196.5], "edge_b": [-7.859375, 770.5], "depth": 770.5, "passable": true, "chosen": true}, {"width": 456.8340809838113, "center_angle": 151.95285663692673, "edge_a": [131.921875, 521.5], "edge_b": [164.9375, 795.0], "depth": 795.0, "passable": true, "chosen": false}], "scan": [[-1.640625, 759.5], [-0.96875, 752.0], [-0.234375, 745.5], [0.453125, 743.0], [1.140625, 736.0], [1.828125, 729.5], [2.484375, 727.0], [3.15625, 721.5], [3.84375, 715.5], [4.515625, 710.5], [5.21875, 704.5], [5.890625, 701.0], [6.578125, 696.0], [7.953125, 716.5], [8.625, 703.0], [9.984375, 681.0], [10.875, 690.5], [11.59375, 685.0], [12.328125, 681.0], [13.625, 650.0], [14.3125, 642.0], [15.0, 638.0], [15.6875, 643.5], [16.375, 648.0], [17.0625, 639.0], [17.75, 630.5], [18.4375, 624.5], [19.140625, 619.0], [19.828125, 614.0], [20.515625, 612.5], [21.203125, 610.0], [21.921875, 608.5], [22.609375, 610.5], [23.3125, 613.0], [24.0, 613.75], [24.671875, 609.25], [25.359375, 606.25], [26.046875, 606.75], [26.734375, 605.0], [27.421875, 605.5], [28.109375, 605.5], [28.796875, 605.5], [29.484375, 605.5], [29.921875, 604.5], [30.546875, 601.5], [31.171875, 597.0], [31.796875, 597.75], [32.65625, 596.75], [33.328125, 597.0], [34.015625, 600.5], [34.6875, 598.5], [35.375, 596.5], [36.046875, 597.0], [36.734375, 595.5], [37.40625, 593.0], [38.09375, 592.5], [38.765625, 596.0], [39.453125, 599.75], [40.125, 601.0], [40.8125, 601.5], [41.484375, 600.0], [42.171875, 597.75], [42.84375, 596.0], [43.5625, 596.0], [44.25, 599.0], [44.9375, 601.5], [45.625, 602.5], [46.53125, 603.0], [47.265625, 604.0], [48.015625, 606.75], [48.75, 607.75], [49.28125, 609.0], [49.96875, 611.5], [50.65625, 613.0], [51.34375, 613.5], [52.046875, 614.5], [52.734375, 621.0], [53.421875, 625.0], [54.109375, 624.5], [54.828125, 627.25], [55.515625, 630.25], [56.21875, 633.0], [56.90625, 634.5], [57.578125, 634.5], [58.265625, 639.0], [58.953125, 644.0], [59.640625, 646.0], [60.34375, 647.5], [61.03125, 652.0], [61.71875, 658.0], [62.40625, 660.5], [63.09375, 663.0], [63.78125, 667.5], [64.46875, 672.25], [65.15625, 676.5], [65.71875, 678.75], [66.375, 683.0], [67.03125, 690.5], [67.6875, 697.0], [68.46875, 704.5], [69.15625, 711.0], [69.84375, 715.5], [70.53125, 712.5], [71.21875, 709.5], [71.90625, 714.5], [72.59375, 717.0], [73.953125, 747.0], [74.625, 757.0], [75.3125, 765.0], [75.984375, 765.0], [76.703125, 768.0], [78.078125, 802.0], [78.765625, 793.0], [79.4375, 778.5], [80.109375, 767.0], [80.796875, 755.5], [81.46875, 745.5], [82.109375, 736.5], [82.765625, 727.5], [83.4375, 719.0], [84.09375, 711.5], [84.828125, 704.0], [85.5, 697.0], [86.1875, 690.0], [86.859375, 683.5], [87.546875, 676.0], [88.21875, 669.0], [88.90625, 664.0], [89.578125, 657.0], [90.265625, 650.0], [90.9375, 644.5], [91.625, 639.0], [92.296875, 633.5], [93.0, 628.0], [93.671875, 623.5], [94.359375, 619.0], [95.03125, 613.5], [95.734375, 609.5], [96.40625, 605.0], [97.09375, 600.5], [97.765625, 597.5], [98.46875, 594.0], [99.140625, 586.5], [99.828125, 574.0], [100.5, 566.0], [101.34375, 563.5], [102.0625, 559.5], [102.78125, 556.5], [103.5, 554.5], [104.09375, 550.5], [104.78125, 545.0], [105.46875, 542.5], [106.15625, 542.5], [106.828125, 540.75], [107.5, 538.25], [108.1875, 535.5], [108.859375, 532.5], [109.578125, 530.75], [110.265625, 528.75], [110.953125, 526.25], [111.640625, 525.25], [112.34375, 523.25], [113.03125, 522.0], [113.71875, 521.0], [114.40625, 519.5], [115.078125, 519.5], [115.75, 518.5], [116.4375, 517.0], [117.109375, 516.0], [117.828125, 514.5], [118.515625, 512.0], [119.203125, 511.5], [119.890625, 512.75], [120.359375, 511.75], [120.984375, 509.25], [121.625, 509.25], [122.25, 510.5], [123.0625, 510.0], [123.734375, 510.0], [124.40625, 510.0], [125.078125, 509.5], [125.796875, 509.5], [126.46875, 511.0], [127.15625, 511.5], [127.828125, 511.5], [128.515625, 512.0], [129.1875, 512.5], [129.875, 514.0], [130.546875, 515.5], [131.25, 516.0], [131.921875, 521.5], [136.0, 3351.5], [136.890625, 3355.0], [149.9375, 1263.5], [150.625, 1228.0], [151.3125, 1197.0], [152.0, 1168.5], [152.6875, 1139.0], [153.375, 1110.0], [154.0625, 1083.5], [154.75, 1058.5], [155.4375, 1032.0], [156.0625, 1006.0], [156.734375, 985.0], [157.40625, 965.0], [158.078125, 944.5], [158.78125, 929.5], [159.453125, 911.0], [160.140625, 891.5], [160.8125, 876.0], [161.5625, 861.0], [162.25, 846.5], [162.953125, 833.5], [163.640625, 821.0], [164.265625, 806.0], [164.9375, 795.0], [165.609375, 784.5], [166.28125, 772.0], [167.0, 762.5], [167.671875, 755.0], [168.359375, 746.0], [169.03125, 737.0], [169.734375, 725.5], [170.40625, 712.5], [171.09375, 704.5], [171.765625, 696.5], [172.390625, 692.0], [173.046875, 689.0], [173.71875, 681.0], [174.375, 677.0], [175.125, 675.5], [175.796875, 669.0], [176.484375, 658.0], [177.15625, 648.0], [177.84375, 639.5], [178.515625, 633.0], [179.203125, 636.5], [179.875, 636.0], [-179.4375, 625.5], [-178.765625, 624.5], [-178.078125, 620.0], [-177.40625, 609.0], [-176.703125, 606.0], [-176.03125, 600.5], [-175.34375, 601.0], [-174.671875, 599.0], [-173.96875, 584.0], [-173.296875, 576.5], [-172.609375, 575.0], [-171.9375, 573.5], [-171.25, 566.5], [-170.578125, 559.5], [-169.890625, 563.0], [-168.34375, 548.5], [-167.625, 552.0], [-166.890625, 550.5], [-166.171875, 544.5], [-165.609375, 540.5], [-164.9375, 534.0], [-164.25, 529.0], [-163.578125, 524.75], [-162.859375, 524.75], [-162.171875, 524.0], [-161.484375, 518.0], [-160.796875, 514.0], [-160.09375, 511.5], [-159.40625, 508.5], [-158.71875, 505.5], [-158.03125, 503.5], [-157.359375, 504.0], [-156.6875, 504.5], [-156.0, 501.5], [-155.328125, 498.0], [-154.625, 497.0], [-153.953125, 495.5], [-153.265625, 494.0], [-152.59375, 495.0], [-151.890625, 496.5], [-151.21875, 494.5], [-150.53125, 493.0], [-149.859375, 493.0], [-149.171875, 489.0], [-148.5, 488.0], [-147.8125, 487.5], [-147.140625, 486.5], [-146.4375, 486.0], [-145.765625, 484.5], [-145.078125, 485.5], [-144.40625, 486.0], [-143.671875, 486.0], [-142.984375, 486.5], [-142.296875, 487.0], [-141.609375, 485.25], [-140.9375, 484.75], [-140.265625, 487.75], [-139.578125, 488.25], [-138.90625, 487.25], [-138.203125, 489.75], [-137.53125, 492.5], [-136.84375, 494.0], [-136.171875, 493.0], [-135.453125, 493.5], [-134.765625, 495.0], [-134.078125, 493.5], [-133.390625, 495.0], [-132.890625, 498.0], [-132.25, 500.0], [-131.609375, 501.0], [-130.96875, 503.5], [-130.15625, 507.0], [-129.484375, 506.5], [-128.796875, 507.0], [-128.125, 508.5], [-127.4375, 510.5], [-126.765625, 512.0], [-125.40625, 489.0], [-119.96875, 364.0], [-118.609375, 347.0], [-117.921875, 340.0], [-116.546875, 323.5], [-115.1875, 307.5], [-114.515625, 301.5], [-113.859375, 294.0], [-113.1875, 287.5], [-112.515625, 281.5], [-111.84375, 276.0], [-111.140625, 270.0], [-110.46875, 263.5], [-109.78125, 259.0], [-109.109375, 255.0], [-108.421875, 250.5], [-107.75, 246.0], [-107.0625, 241.0], [-106.390625, 235.5], [-105.703125, 230.5], [-104.34375, 216.0], [-103.671875, 212.0], [-102.984375, 208.5], [-102.3125, 204.0], [-101.625, 200.5], [-100.953125, 197.0], [-100.296875, 194.5], [-99.625, 192.5], [-98.953125, 190.0], [-98.28125, 188.0], [-97.484375, 186.0], [-96.78125, 184.5], [-96.078125, 184.0], [-95.375, 182.0], [-94.75, 179.0], [-94.078125, 178.5], [-93.390625, 177.0], [-92.71875, 175.0], [-92.03125, 173.5], [-91.359375, 171.0], [-90.671875, 170.0], [-90.0, 169.0], [-89.296875, 167.5], [-88.625, 166.5], [-87.9375, 165.0], [-87.265625, 162.5], [-86.5625, 160.5], [-85.890625, 160.5], [-85.203125, 160.0], [-84.53125, 159.0], [-83.84375, 158.5], [-83.171875, 158.5], [-82.484375, 158.0], [-81.8125,