{"heading": 2.2, "target": 9.786379248377783, "gap_dist": 262.11144177333216, "gap_info": [{"width": 200.95361112985037, "center_angle": -150.63658985376344, "edge_a": [-153, 585.25], "edge_b": [-147, 380.5], "depth": 585.25, "passable": false, "chosen": false}, {"width": 22.572771967217566, "center_angle": -33.40303932673701, "edge_a": [-36, 186.0], "edge_b": [-31, 201.0], "depth": 201.0, "passable": false, "chosen": false}, {"width": 262.11144177333216, "center_angle": 9.786379248377783, "edge_a": [-7, 452.5], "edge_b": [52, 194.5], "depth": 452.5, "passable": true, "chosen": true}, {"width": 508.9032059630008, "center_angle": 144.36648851189966, "edge_a": [125, 129.0], "edge_b": [148, 675.0], "depth": 675.0, "passable": true, "chosen": false}], "scan": [[14, 2419.0], [15, 2421.5], [17, 1171.0], [18, 1171.0], [19, 1172.0], [20, 1183.0], [21, 1233.0], [23, 10226.5], [24, 10249.0], [25, 10276.0], [26, 10328.0], [30, 10557.0], [33, 1924.5], [37, 1341.5], [38, 1324.0], [39, 1314.5], [40, 1308.0], [41, 1308.0], [42, 1329.5], [44, 2356.0], [47, 1560.5], [52, 194.5], [53, 192.0], [54, 187.0], [55, 184.0], [56, 179.0], [57, 176.0], [58, 175.0], [59, 169.0], [60, 166.5], [61, 163.0], [62, 160.5], [63, 159.5], [64, 156.0], [65, 153.5], [66, 150.0], [67, 149.5], [68, 147.0], [69, 145.0], [70, 144.0], [71, 143.5], [72, 142.0], [73, 140.0], [74, 139.5], [75, 138.0], [76, 137.5], [77, 136.0], [78, 135.5], [79, 135.0], [80, 132.5], [81, 132.0], [82, 131.5], [83, 129.5], [84, 129.0], [85, 128.0], [86, 128.0], [87, 127.5], [88, 126.5], [89, 126.5], [90, 125.5], [91, 125.0], [92, 124.0], [93, 124.0], [94, 121.5], [95, 122.5], [96, 122.5], [97, 123.0], [98, 122.5], [99, 120.5], [100, 120.0], [101, 118.0], [102, 117.0], [103, 117.0], [104, 117.0], [105, 117.0], [106, 118.5], [107, 120.5], [108, 121.5], [109, 122.0], [110, 123.0], [111, 123.5], [112, 124.0], [113, 123.5], [114, 123.5], [115, 122.5], [116, 123.0], [117, 123.5], [118, 126.0], [119, 124.0], [120, 124.5], [121, 126.0], [122, 125.5], [123, 125.0], [124, 126.5], [125, 129.0], [127, 1007.5], [128, 1016.5], [129, 1031.0], [130, 1036.5], [131, 1044.5], [132, 1058.0], [133, 1064.5], [134, 1081.0], [135, 1089.5], [136, 1097.0], [137, 1117.25], [138, 1128.0], [140, 1219.5], [141, 1226.0], [142, 1251.0], [143, 1263.0], [144, 1277.0], [145, 1299.0], [146, 1313.0], [148, 675.0], [149, 663.0], [150, 658.5], [151, 652.0], [152, 648.5], [153, 645.0], [154, 640.5], [155, 637.5], [156, 634.0], [157, 631.5], [158, 628.0], [159, 624.0], [160, 624.0], [161, 623.5], [162, 620.5], [163, 617.0], [164, 617.5], [165, 616.0], [166, 612.0], [167, 610.5], [168, 608.5], [169, 607.0], [170, 606.0], [171, 607.0], [172, 607.0], [173, 603.5], [174, 595.5], [175, 586.0], [176, 584.0], [177, 581.5], [178, 576.0], [179, 574.0], [180, 573.0], [-180, 571.0], [-179, 568.0], [-178, 566.0], [-177, 565.5], [-176, 561.5], [-175, 557.5], [-174, 557.0], [-173, 556.0], [-172, 556.0], [-171, 554.5], [-170, 554.0], [-169, 553.5], [-168, 553.5], [-167, 551.5], [-166, 552.0], [-165, 553.5], [-164, 553.0], [-163, 556.0], [-162, 556.0], [-161, 558.5], [-160, 558.5], [-159, 561.5], [-158, 563.5], [-157, 564.5], [-155, 627.0], [-153, 585.25], [-147, 380.5], [-143, 318.0], [-141, 296.0], [-139, 277.5], [-138, 271.0], [-136, 253.5], [-135, 250.5], [-133, 234.0], [-132, 230.0], [-129, 216.0], [-126, 198.5], [-124, 190.0], [-122, 189.0], [-119, 170.0], [-118, 171.0], [-117, 171.0], [-115, 160.0], [-114, 160.0], [-113, 159.5], [-112, 158.5], [-111, 160.0], [-108, 154.0], [-106, 148.0], [-105, 146.5], [-103, 139.5], [-101, 140.5], [-100, 139.5], [-98, 132.0], [-97, 135.0], [-96, 133.0], [-95, 132.0], [-94, 129.5], [-93, 129.0], [-92, 129.5], [-91, 128.0], [-90, 127.5], [-89, 127.5], [-88, 126.5], [-87, 126.5], [-86, 126.5], [-85, 127.0], [-84, 126.5], [-83, 126.0], [-82, 125.0], [-81, 127.0], [-80, 125.0], [-79, 125.5], [-78, 126.5], [-77, 127.0], [-76, 126.5], [-75, 126.5], [-74, 127.0], [-73, 127.0], [-72, 126.5], [-71, 127.0], [-70, 127.5], [-69, 127.0], [-68, 127.0], [-67, 129.0], [-66, 130.0], [-65, 129.5], [-64, 133.0], [-63, 134.5], [-62, 134.0], [-61, 134.5], [-60, 136.5], [-59, 139.5], [-58, 139.0], [-56, 142.0], [-54, 145.5], [-53, 145.5], [-51, 157.75], [-50, 156.0], [-47, 158.5], [-46, 156.75], [-44, 168.0], [-42, 165.0], [-41, 169.5], [-40, 172.0], [-39, 177.5], [-36, 186.0], [-31, 201.0], [-30, 206.0], [-29, 213.0], [-28, 215.25], [-25, 230.5], [-24, 235.25], [-22, 251.5], [-21, 255.5], [-19, 270.0], [-17, 290.0], [-15, 316.0], [-14, 324.0], [-11, 370.5], [-9, 403.0], [-7, 452.5]]}