{"heading": -60.1, "target": 21.935601423192004, "gap_dist": 331.17065087353376, "gap_info": [{"width": 102.1999313022608, "center_angle": -137.79042131127179, "edge_a": [-140, 460.25], "edge_b": [-135, 364.5], "depth": 460.25, "passable": false, "chosen": false}, {"width": 331.17065087353376, "center_angle": 21.935601423192004, "edge_a": [-21, 225.0], "edge_b": [44, 408.0], "depth": 408.0, "passable": true, "chosen": true}], "scan": [[-3, 657.0], [-2, 652.5], [-1, 643.5], [0, 640.0], [1, 636.5], [2, 630.5], [3, 628.0], [4, 620.0], [5, 617.0], [6, 615.0], [7, 610.0], [8, 609.0], [9, 601.5], [10, 601.0], [11, 599.0], [12, 595.0], [13, 594.0], [14, 592.5], [15, 592.5], [16, 590.0], [17, 592.5], [18, 606.5], [19, 609.0], [20, 606.0], [21, 605.0], [22, 605.0], [23, 608.0], [24, 607.0], [25, 609.0], [26, 609.5], [27, 610.5], [28, 614.5], [29, 621.5], [30, 627.75], [31, 626.5], [32, 626.0], [33, 632.0], [34, 640.25], [35, 644.5], [36, 614.0], [37, 601.0], [44, 408.0], [45, 387.0], [46, 378.25], [47, 368.75], [48, 361.25], [49, 348.0], [50, 342.5], [51, 340.5], [52, 343.0], [53, 343.5], [54, 338.0], [55, 336.5], [57, 315.0], [58, 308.5], [59, 298.5], [60, 293.0], [61, 288.5], [62, 278.5], [63, 274.0], [64, 267.0], [65, 263.5], [66, 257.0], [67, 253.0], [68, 249.0], [69, 243.0], [70, 240.5], [71, 236.0], [72, 235.0], [73, 228.5], [74, 226.0], [75, 223.5], [76, 217.5], [77, 216.0], [78, 214.5], [79, 211.0], [80, 209.0], [81, 205.0], [82, 203.5], [83, 201.5], [84, 200.0], [85, 197.25], [86, 195.0], [87, 193.75], [88, 190.75], [89, 190.75], [90, 187.0], [91, 185.75], [92, 184.75], [93, 184.0], [94, 182.5], [95, 182.0], [96, 182.0], [97, 179.5], [98, 178.0], [99, 180.0], [100, 178.5], [101, 177.0], [102, 176.5], [103, 176.0], [104, 175.5], [105, 174.5], [106, 174.0], [107, 173.5], [108, 172.0], [109, 170.0], [110, 168.0], [111, 169.0], [112, 171.5], [113, 172.0], [114, 174.0], [115, 177.0], [116, 180.5], [117, 181.5], [119, 2426.0], [122, 2082.0], [123, 2078.0], [125, 2750.5], [135, 1276.5], [136, 1244.0], [138, 1146.5], [139, 1114.0], [140, 1058.5], [141, 1034.5], [142, 1012.5], [143, 968.5], [144, 947.5], [145, 905.5], [146, 892.5], [147, 861.0], [148, 846.0], [149, 832.0], [150, 806.5], [151, 799.0], [152, 768.0], [153, 761.0], [154, 761.5], [155, 739.0], [156, 720.5], [157, 708.5], [158, 704.0], [159, 684.5], [160, 669.0], [161, 660.5], [162, 639.5], [163, 631.5], [164, 624.5], [165, 611.0], [166, 602.0], [167, 592.5], [168, 594.0], [169, 587.5], [170, 574.5], [171, 572.0], [172, 555.5], [173, 550.5], [174, 546.0], [176, 526.0], [177, 523.5], [178, 517.5], [179, 516.0], [180, 512.5], [-180, 507.0], [-179, 505.5], [-178, 496.5], [-177, 493.5], [-176, 489.0], [-175, 485.0], [-174, 483.5], [-173, 480.0], [-172, 477.5], [-171, 474.5], [-170, 473.5], [-169, 472.0], [-168, 469.5], [-167, 466.5], [-166, 466.0], [-165, 462.5], [-164, 462.0], [-163, 460.5], [-162, 462.0], [-161, 459.0], [-160, 456.0], [-159, 456.5], [-158, 455.0], [-157, 456.0], [-156, 457.0], [-155, 457.5], [-154, 458.0], [-153, 462.0], [-152, 457.0], [-151, 460.0], [-150, 462.0], [-149, 464.5], [-148, 463.0], [-147, 465.5], [-146, 469.0], [-145, 470.0], [-144, 471.5], [-143, 473.5], [-142, 473.0], [-141, 477.5], [-140, 460.25], [-135, 364.5], [-134, 355.0], [-132, 329.0], [-131, 316.0], [-129, 299.5], [-128, 286.0], [-127, 280.0], [-126, 269.0], [-125, 264.5], [-124, 261.0], [-122, 246.0], [-121, 239.0], [-120, 234.5], [-119, 231.0], [-118, 224.0], [-117, 219.5], [-116, 215.0], [-115, 211.0], [-114, 206.5], [-113, 201.0], [-112, 201.0], [-111, 200.0], [-110, 204.0], [-109, 205.75], [-108, 211.5], [-107, 216.0], [-105, 209.5], [-104, 200.5], [-103, 197.5], [-102, 195.5], [-101, 191.0], [-100, 189.5], [-99, 186.0], [-98, 184.5], [-97, 183.5], [-96, 179.5], [-95, 178.5], [-94, 178.0], [-93, 176.5], [-92, 174.0], [-91, 171.0], [-90, 170.5], [-89, 169.0], [-88, 168.0], [-87, 168.0], [-86, 165.5], [-85, 165.0], [-84, 163.0], [-83, 162.0], [-82, 162.0], [-81, 161.5], [-80, 161.0], [-79, 159.5], [-78, 159.5], [-77, 158.5], [-76, 158.0], [-75, 156.5], [-74, 157.0], [-73, 157.0], [-72, 155.5], [-71, 156.0], [-70, 156.0], [-69, 155.0], [-68, 154.5], [-67, 154.5], [-66, 154.5], [-65, 154.5], [-64, 155.0], [-63, 155.5], [-62, 155.0], [-61, 155.0], [-60, 156.5], [-59, 157.0], [-58, 158.0], [-57, 157.0], [-56, 158.0], [-55, 158.5], [-54, 159.0], [-53, 161.5], [-52, 160.75], [-51, 162.0], [-50, 161.0], [-49, 162.0], [-48, 163.5], [-47, 164.5], [-46, 166.0], [-45, 167.5], [-44, 169.0], [-43, 169.5], [-42, 171.5], [-41, 173.5], [-40, 174.0], [-39, 176.0], [-38, 177.0], [-37, 178.0], [-36, 180.5], [-35, 182.0], [-34, 185.0], [-33, 188.0], [-32, 190.0], [-31, 194.0], [-30, 195.5], [-29, 198.5], [-28, 201.0], [-27, 202.0], [-26, 206.5], [-25, 208.5], [-24, 216.5], [-23, 219.5], [-22, 223.25], [-21, 225.0], [-18, 810.5], [-17, 798.75], [-15, 759.0], [-14, 765.0], [-13, 767.5], [-11, 744.0], [-9, 697.0], [-8, 685.0], [-7, 679.5], [-6, 675.0], [-5, 658.5]]}