{"heading": 26.3, "target": -62.667912892196775, "gap_dist": 348.91794762273594, "gap_info": [{"width": 348.91794762273594, "center_angle": -62.667912892196775, "edge_a": [-83, 428.5], "edge_b": [-3, 172.5], "depth": 428.5, "passable": true, "chosen": true}, {"width": 116.92073085470876, "center_angle": 67.41632944885107, "edge_a": [65, 264.5], "edge_b": [69, 403.5], "depth": 403.5, "passable": false, "chosen": false}], "scan": [[-3, 172.5], [-2, 173.0], [-1, 172.5], [0, 170.0], [1, 170.0], [2, 170.5], [3, 168.5], [4, 168.0], [5, 167.0], [6, 167.5], [7, 167.5], [8, 166.5], [9, 166.0], [10, 165.0], [11, 163.5], [12, 162.5], [13, 162.5], [14, 163.0], [15, 163.5], [16, 164.5], [17, 165.5], [18, 166.0], [19, 167.0], [20, 167.5], [21, 168.0], [22, 168.0], [23, 167.5], [24, 169.0], [25, 169.0], [26, 170.0], [27, 171.0], [28, 172.0], [29, 173.0], [30, 175.5], [31, 174.5], [32, 174.0], [33, 174.5], [34, 175.0], [35, 179.0], [36, 180.5], [37, 183.0], [38, 184.5], [39, 184.5], [40, 185.5], [41, 187.5], [42, 190.5], [43, 191.5], [44, 193.0], [45, 195.0], [46, 198.5], [47, 200.5], [48, 201.0], [49, 202.0], [50, 206.5], [51, 208.0], [52, 211.0], [53, 214.0], [54, 215.5], [55, 220.0], [56, 222.0], [57, 227.0], [58, 229.0], [59, 235.0], [60, 237.5], [61, 240.0], [62, 248.0], [63, 251.5], [64, 260.0], [65, 264.5], [69, 403.5], [70, 396.0], [71, 391.5], [72, 380.0], [73, 381.0], [74, 381.5], [75, 374.5], [76, 370.5], [77, 367.0], [78, 360.5], [79, 354.5], [80, 352.5], [81, 349.5], [82, 343.0], [83, 342.0], [84, 337.0], [85, 336.0], [86, 328.5], [87, 328.0], [88, 328.0], [89, 323.0], [90, 321.5], [91, 318.0], [92, 313.5], [93, 311.0], [94, 310.0], [95, 309.5], [96, 306.5], [97, 306.0], [98, 302.5], [99, 303.0], [100, 300.5], [101, 301.0], [102, 302.5], [103, 302.0], [104, 298.0], [105, 298.5], [106, 298.5], [107, 299.0], [108, 297.5], [109, 298.5], [110, 297.5], [111, 296.0], [112, 297.5], [113, 299.0], [114, 299.0], [115, 298.75], [116, 301.5], [117, 301.0], [118, 299.25], [119, 300.5], [120, 302.25], [121, 301.75], [122, 302.5], [123, 304.0], [124, 304.5], [125, 306.5], [126, 308.5], [127, 312.0], [128, 314.0], [129, 318.0], [130, 318.5], [131, 319.0], [132, 323.5], [133, 325.5], [134, 332.0], [135, 336.0], [136, 336.0], [137, 343.0], [138, 344.5], [139, 346.0], [140, 352.5], [141, 355.5], [142, 358.0], [144, 376.0], [145, 375.0], [146, 373.0], [147, 382.5], [148, 388.0], [149, 392.5], [150, 395.0], [151, 399.5], [152, 404.5], [153, 408.5], [154, 416.5], [155, 424.0], [156, 435.5], [157, 439.0], [158, 443.0], [159, 454.0], [160, 463.5], [161, 471.5], [162, 479.0], [163, 497.5], [164, 507.5], [165, 514.0], [166, 531.5], [167, 537.0], [168, 553.5], [170, 594.0], [171, 602.0], [173, 643.0], [175, 673.0], [176, 679.5], [177, 703.5], [180, 790.5], [-179, 810.5], [-178, 856.5], [-163, 1377.0], [-161, 2241.0], [-159, 1185.0], [-158, 1182.0], [-157, 1186.0], [-155, 2239.5], [-154, 2253.0], [-153, 2253.5], [-151, 1853.0], [-146, 1474.5], [-145, 1436.5], [-144, 1427.5], [-143, 1429.0], [-142, 1449.5], [-141, 1459.0], [-136, 2668.5], [-135, 2663.5], [-134, 2682.5], [-121, 2846.0], [-119, 433.5], [-118, 424.5], [-117, 407.5], [-116, 401.5], [-115, 388.0], [-114, 382.0], [-113, 368.0], [-112, 362.5], [-111, 358.5], [-110, 346.5], [-109, 342.0], [-108, 331.0], [-107, 328.0], [-106, 319.0], [-105, 316.5], [-104, 314.0], [-103, 307.0], [-102, 304.0], [-101, 299.0], [-100, 296.5], [-99, 293.0], [-98, 291.5], [-97, 291.5], [-96, 295.5], [-95, 301.0], [-94, 307.0], [-93, 316.0], [-92, 322.0], [-91, 335.5], [-90, 342.5], [-89, 349.0], [-88, 365.0], [-87, 372.5], [-86, 388.5], [-84, 409.0], [-83, 428.5], [-79, 522.5], [-75, 783.0], [-74, 782.5], [-73, 777.5], [-72, 776.0], [-71, 774.0], [-70, 773.0], [-69, 772.0], [-68, 772.0], [-67, 772.0], [-66, 771.0], [-65, 770.5], [-64, 769.5], [-63, 769.5], [-62, 772.5], [-61, 774.5], [-60, 779.5], [-59, 780.0], [-58, 785.0], [-57, 786.5], [-56, 787.5], [-55, 790.5], [-54, 792.5], [-53, 798.0], [-52, 799.5], [-51, 804.0], [-50, 807.0], [-49, 810.0], [-48, 818.5], [-47, 821.0], [-46, 831.0], [-45, 829.5], [-44, 838.5], [-43, 844.5], [-42, 851.0], [-41, 857.5], [-40, 859.5], [-39, 874.0], [-38, 875.0], [-37, 876.0], [-36, 888.5], [-35, 890.0], [-34, 899.5], [-33, 905.5], [-32, 907.5], [-31, 919.0], [-30, 920.5], [-29, 938.5], [-28, 945.5], [-27, 954.0], [-26, 963.0], [-25, 969.0], [-24, 987.5], [-23, 997.0], [-22, 1013.0], [-21, 1022.0], [-20, 1042.0], [-19, 1053.5], [-18, 1065.0], [-17, 1086.0], [-16, 1099.0], [-15, 1123.5], [-13, 942.5], [-12, 932.0], [-11, 916.5], [-10, 908.5], [-9, 889.5], [-8, 879.5], [-7, 860.5], [-6, 854.0], [-5, 840.5], [-4, 832.5]]}