{"heading": -53.7, "target": -100.07055389259631, "gap_dist": 345.6635348247597, "gap_info": [{"width": 146.3710072830689, "center_angle": -155.4682373543747, "edge_a": [-156.0625, 494.5], "edge_b": [-154.625, 348.5], "depth": 494.5, "passable": false, "chosen": false}, {"width": 345.6635348247597, "center_angle": -100.07055389259631, "edge_a": [-124.234375, 422.0], "edge_b": [-75.28125, 412.0], "depth": 422.0, "passable": true, "chosen": true}, {"width": 192.58467686798465, "center_angle": -30.652462741921806, "edge_a": [-31.921875, 396.5], "edge_b": [-29.796875, 588.25], "depth": 588.25, "passable": false, "chosen": false}, {"width": 161.86794410113743, "center_angle": 117.23997456597287, "edge_a": [111.28125, 691.0], "edge_b": [123.921875, 616.5], "depth": 691.0, "passable": false, "chosen": false}], "scan": [[-1.828125, 263.0], [-1.125, 258.0], [-0.421875, 257.0], [0.28125, 254.5], [1.703125, 238.5], [2.40625, 241.0], [4.53125, 244.0], [5.234375, 241.5], [5.9375, 235.5], [6.65625, 232.5], [7.359375, 233.5], [8.0625, 233.0], [8.765625, 232.5], [10.1875, 217.0], [10.890625, 219.5], [11.59375, 218.0], [12.53125, 216.5], [13.28125, 215.5], [14.046875, 213.5], [14.796875, 213.0], [15.390625, 212.0], [16.09375, 211.0], [16.8125, 210.5], [17.515625, 209.0], [18.25, 207.5], [18.953125, 206.0], [19.671875, 205.0], [20.375, 205.5], [21.109375, 205.0], [21.8125, 203.5], [22.53125, 203.0], [23.234375, 202.0], [24.015625, 201.0], [24.734375, 201.0], [25.46875, 200.5], [26.1875, 201.0], [26.828125, 200.5], [27.53125, 198.5], [28.234375, 199.0], [28.9375, 199.5], [29.421875, 199.0], [30.0625, 199.0], [30.71875, 198.0], [31.359375, 198.0], [32.25, 198.0], [32.953125, 197.0], [33.65625, 196.5], [34.359375, 197.0], [35.0625, 197.0], [35.765625, 196.5], [36.46875, 197.5], [37.171875, 197.5], [37.875, 198.0], [38.578125, 198.0], [39.28125, 197.0], [39.984375, 197.5], [40.6875, 198.5], [41.390625, 199.0], [42.09375, 198.5], [42.796875, 198.5], [43.515625, 199.0], [44.21875, 199.0], [44.921875, 198.5], [45.625, 199.5], [46.59375, 201.0], [47.359375, 200.0], [48.125, 200.5], [48.890625, 202.0], [49.453125, 202.0], [50.15625, 202.0], [50.875, 203.0], [51.578125, 204.5], [52.3125, 205.5], [53.015625, 205.0], [53.734375, 205.5], [54.4375, 208.5], [55.171875, 209.0], [55.875, 209.0], [56.59375, 209.5], [57.296875, 210.0], [58.03125, 211.0], [58.734375, 212.5], [59.453125, 214.5], [60.15625, 216.0], [60.890625, 218.0], [61.59375, 219.5], [62.3125, 221.0], [63.015625, 221.0], [63.75, 221.5], [64.453125, 224.0], [65.171875, 226.0], [65.875, 228.0], [66.5, 229.5], [67.1875, 231.5], [67.875, 235.0], [68.5625, 237.0], [69.3125, 238.5], [70.015625, 241.0], [70.71875, 243.0], [71.421875, 245.0], [72.15625, 246.5], [72.859375, 248.0], [73.578125, 249.5], [74.28125, 251.5], [75.0, 255.0], [75.703125, 258.0], [76.421875, 259.0], [77.125, 260.5], [77.84375, 265.5], [78.546875, 270.0], [79.265625, 272.5], [79.96875, 275.5], [80.6875, 278.5], [81.390625, 281.5], [82.109375, 285.0], [82.8125, 290.0], [83.46875, 295.0], [84.859375, 311.5], [86.28125, 307.5], [86.984375, 313.0], [87.6875, 314.0], [88.390625, 314.5], [89.125, 319.0], [89.828125, 320.5], [91.25, 333.0], [92.671875, 357.0], [94.09375, 373.5], [96.890625, 382.5], [98.3125, 416.0], [99.71875, 436.5], [100.59375, 435.5], [103.4375, 474.0], [104.140625, 485.0], [104.859375, 498.5], [107.0, 553.0], [109.15625, 627.0], [110.578125, 673.0], [111.28125, 691.0], [114.125, 889.0], [121.046875, 2421.0], [122.375, 7550.5], [123.921875, 616.5], [124.625, 604.5], [125.328125, 596.0], [126.046875, 588.5], [126.75, 581.5], [127.453125, 574.0], [128.15625, 567.0], [128.859375, 560.5], [129.5625, 553.0], [130.265625, 548.5], [130.96875, 543.5], [131.703125, 536.5], [132.40625, 530.0], [133.125, 526.0], [133.828125, 520.5], [134.515625, 514.0], [135.21875, 509.0], [135.921875, 505.5], [136.625, 503.5], [137.5625, 499.5], [138.3125, 494.5], [139.078125, 491.0], [139.828125, 488.0], [140.40625, 484.0], [141.109375, 481.0], [141.828125, 478.0], [142.53125, 474.5], [143.28125, 471.5], [144.0, 468.0], [144.71875, 464.0], [145.4375, 461.5], [146.140625, 460.0], [146.84375, 458.0], [147.5625, 455.5], [148.265625, 453.0], [149.0, 450.5], [149.703125, 448.0], [150.421875, 449.0], [151.125, 450.5], [154.65625, 538.5], [158.1875, 1092.0], [158.890625, 1067.5], [159.59375, 1042.0], [160.34375, 1018.0], [161.046875, 996.0], [161.765625, 976.0], [162.46875, 963.5], [163.1875, 963.0], [163.890625, 969.5], [164.609375, 978.0], [165.3125, 986.0], [166.03125, 993.0], [166.734375, 1002.5], [167.453125, 1012.5], [168.15625, 1020.5], [168.875, 1029.0], [169.578125, 1038.0], [170.296875, 1047.5], [171.0, 1058.5], [171.734375, 1069.5], [172.4375, 1079.5], [173.15625, 1092.5], [173.859375, 1104.5], [174.5625, 1116.0], [175.265625, 1129.0], [176.671875, 1176.0], [177.40625, 1171.5], [178.109375, 1156.0], [178.828125, 1142.5], [179.53125, 1129.5], [-179.75, 1117.0], [-179.046875, 1106.0], [-178.328125, 1095.0], [-177.625, 1084.5], [-176.90625, 1073.0], [-176.203125, 1064.0], [-175.484375, 1053.0], [-174.78125, 1043.5], [-174.0625, 1039.0], [-173.359375, 1031.0], [-172.640625, 1023.0], [-171.9375, 1015.0], [-171.21875, 1006.0], [-170.515625, 999.0], [-169.796875, 991.0], [-169.09375, 983.0], [-168.234375, 977.0], [-167.5, 969.5], [-166.75, 962.5], [-166.015625, 954.0], [-165.375, 944.0], [-164.671875, 940.5], [-163.953125, 939.0], [-163.25, 933.5], [-162.515625, 929.0], [-161.8125, 925.5], [-161.09375, 922.0], [-160.390625, 918.0], [-159.65625, 913.5], [-158.953125, 908.5], [-158.234375, 906.0], [-156.0625, 494.5], [-154.625, 348.5], [-153.9375, 347.0], [-153.234375, 345.5], [-152.515625, 346.5], [-151.8125, 348.5], [-151.09375, 349.5], [-150.390625, 349.5], [-149.671875, 350.5], [-148.96875, 352.5], [-148.25, 352.5], [-147.546875, 354.0], [-146.828125, 354.5], [-146.125, 354.5], [-145.390625, 357.0], [-144.6875, 359.0], [-143.96875, 360.0], [-143.265625, 361.5], [-142.546875, 363.5], [-141.84375, 365.5], [-141.125, 367.5], [-140.421875, 368.5], [-139.6875, 369.5], [-138.984375, 371.0], [-138.265625, 373.5], [-137.5625, 376.5], [-136.84375, 378.5], [-136.140625, 380.5], [-135.421875, 383.0], [-134.71875, 385.0], [-134.109375, 387.0], [-133.4375, 388.5], [-132.75, 391.0], [-132.078125, 394.0], [-131.296875, 397.0], [-130.59375, 400.0], [-129.890625, 403.0], [-129.1875, 406.0], [-128.453125, 408.0], [-127.75, 410.5], [-127.03125, 413.5], [-126.328125, 417.0], [-125.640625, 419.5], [-124.9375, 419.5], [-124.234375, 422.0], [-122.796875, 912.0], [-122.09375, 919.0], [-121.375, 923.5], [-120.671875, 925.5], [-119.953125, 928.5], [-119.25, 933.0], [-118.53125, 936.0], [-117.828125, 939.5], [-117.140625, 946.5], [-116.4375, 952.5], [-115.734375, 956.5], [-115.03125, 962.5], [-114.328125, 967.0], [-113.625, 972.5], [-112.921875, 980.5], [-112.21875, 987.0], [-111.5, 994.5], [-110.796875, 1003.5], [-110.09375, 1011.0], [-109.390625, 1018.5], [-108.671875, 1028.0], [-107.96875, 1035.0], [-107.265625, 1039.5], [-106.5625, 1048.0], [-105.84375, 1058.5], [-105.140625, 1068.0], [-104.4375, 1078.0], [-103.734375, 1088.0], [-103.015625, 1097.5], [-102.3125, 1109.0], [-101.609375, 1121.0], [-100.90625, 1131.0], [-100.1875, 1141.5], [-99.484375, 1153.5], [-98.78125, 1167.5], [-98.078125, 1182.0], [-97.28125, 1186.5], [-96.5625, 1169.5], [-95.828125, 1147.0], [-95.109375, 1133.0], [-94.453125, 1121.0], [-93.75, 1109.0], [-93.046875, 1096.5], [-92.34375, 1086.0], [-91.625, 1077.0], [-90.921875, 1066.0], [-90.21875, 1055.5], [-89.515625, 1046.5], [-88.78125, 1036.5], [-88.078125, 1027.5], [-87.359375, 1019.0], [-86.65625, 1011.0], [-85.9375, 1003.0], [-85.234375, 993.5], [-84.515625, 986.0], [-83.8125, 988.5], [-83.109375, 1006.0], [-82.40625, 1027.75], [-81.703125, 1048.75], [-81.0, 1073.0], [-80.265625, 1099.0], [-79.5625, 1123.0], [-78.84375, 1151.5], [-77.40625, 1888.0], [-76.703125, 1936.5], [-75.28125, 412.0], [-74.578125, 413.0], [-73.875, 411.5], [-73.171875, 409.0], [-72.46875, 