{"heading": 9.4, "target": -53.58825395295154, "gap_dist": 594.0532620080678, "gap_info": [{"width": 594.0532620080678, "center_angle": -53.58825395295154, "edge_a": [-89, 499.0], "edge_b": [4, 342.5], "depth": 499.0, "passable": true, "chosen": true}], "scan": [[-3, 843.5], [-2, 869.5], [-1, 875.5], [0, 876.5], [1, 879.5], [4, 342.5], [5, 323.5], [7, 298.5], [8, 291.0], [9, 275.5], [10, 269.0], [11, 256.5], [12, 252.5], [13, 241.0], [14, 236.5], [15, 227.5], [16, 223.0], [17, 218.0], [18, 209.75], [19, 206.5], [20, 198.5], [21, 197.0], [22, 190.5], [23, 189.0], [24, 186.5], [25, 186.0], [26, 186.5], [27, 189.0], [28, 190.0], [29, 194.5], [30, 197.0], [31, 201.0], [32, 206.0], [33, 210.0], [34, 213.5], [35, 220.0], [36, 223.5], [37, 231.0], [38, 235.5], [39, 241.0], [40, 244.5], [41, 252.5], [42, 256.5], [43, 265.5], [44, 270.5], [45, 281.5], [46, 288.5], [47, 295.0], [49, 316.5], [50, 333.5], [51, 341.0], [52, 356.0], [54, 389.0], [58, 609.25], [59, 602.5], [60, 598.75], [61, 598.0], [62, 595.0], [63, 582.75], [64, 579.25], [65, 573.0], [66, 569.75], [67, 567.0], [68, 561.75], [69, 555.5], [70, 555.25], [71, 555.25], [72, 544.25], [73, 543.0], [74, 540.25], [75, 538.25], [76, 533.25], [77, 532.0], [78, 532.0], [79, 531.0], [80, 527.0], [81, 525.5], [82, 525.5], [83, 526.5], [84, 525.0], [85, 525.0], [86, 526.0], [87, 524.0], [88, 523.5], [89, 524.5], [90, 525.0], [91, 530.0], [92, 529.5], [93, 533.0], [94, 536.0], [95, 536.5], [96, 536.0], [97, 540.0], [98, 541.5], [99, 544.0], [100, 551.0], [101, 552.0], [102, 555.5], [103, 558.0], [104, 566.5], [105, 567.0], [106, 570.0], [107, 574.0], [108, 581.5], [109, 592.0], [110, 600.0], [111, 601.0], [112, 603.0], [113, 610.5], [114, 614.0], [115, 632.0], [116, 626.5], [117, 636.5], [118, 646.0], [119, 659.5], [120, 655.5], [122, 686.5], [123, 688.5], [124, 699.5], [126, 721.5], [127, 741.0], [128, 743.5], [129, 754.5], [130, 760.0], [131, 780.0], [132, 787.0], [133, 795.5], [134, 804.0], [135, 822.0], [136, 832.5], [137, 856.5], [138, 866.5], [139, 891.0], [140, 901.0], [141, 923.5], [142, 937.5], [143, 950.0], [144, 984.0], [145, 998.0], [146, 1035.5], [147, 1054.0], [148, 1096.5], [149, 1120.0], [150, 1168.5], [151, 1194.5], [152, 1255.0], [154, 822.0], [156, 1479.5], [161, 1241.0], [165, 1890.5], [166, 1886.5], [167, 1882.5], [168, 1880.0], [169, 1876.5], [170, 1873.5], [171, 1872.5], [172, 1872.5], [173, 1871.5], [174, 1870.0], [175, 1871.0], [176, 1871.0], [177, 1872.0], [179, 1230.5], [-179, 795.0], [-176, 1638.0], [-174, 9594.5], [-173, 9611.0], [-172, 9670.5], [-171, 9698.0], [-170, 9699.0], [-168, 9161.0], [-167, 9174.0], [-166, 9183.5], [-163, 1683.0], [-157, 1241.0], [-152, 1087.0], [-150, 1166.5], [-148, 966.5], [-147, 961.0], [-146, 951.5], [-145, 937.5], [-144, 928.0], [-142, 895.5], [-141, 882.0], [-140, 878.0], [-139, 878.5], [-138, 871.5], [-137, 862.5], [-136, 858.5], [-135, 869.5], [-133, 959.0], [-132, 955.5], [-131, 951.0], [-130, 954.0], [-128, 2550.5], [-123, 608.5], [-122, 592.5], [-121, 590.0], [-120, 596.0], [-119, 588.0], [-118, 577.0], [-117, 566.5], [-116, 548.5], [-115, 543.5], [-114, 545.0], [-113, 553.0], [-111, 530.5], [-110, 528.5], [-109, 530.5], [-108, 521.0], [-107, 517.0], [-106, 512.5], [-105, 510.0], [-104, 510.0], [-103, 507.0], [-102, 506.0], [-101, 503.75], [-100, 504.5], [-99, 502.75], [-98, 503.0], [-97, 502.5], [-96, 501.75], [-95, 501.25], [-94, 499.75], [-93, 497.5], [-92, 498.0], [-91, 499.5], [-90, 499.5], [-89, 499.0], [-88, 500.0], [-87, 500.5], [-86, 501.5], [-85, 503.0], [-84, 503.0], [-83, 504.5], [-82, 506.5], [-81, 507.5], [-80, 510.5], [-79, 513.5], [-78, 516.0], [-77, 521.0], [-76, 522.5], [-75, 528.5], [-74, 531.0], [-73, 536.0], [-72, 537.5], [-71, 552.0], [-69, 574.5], [-68, 576.0], [-67, 578.5], [-66, 583.5], [-65, 585.5], [-64, 592.5], [-63, 595.0], [-62, 604.0], [-61, 607.5], [-60, 615.0], [-59, 622.0], [-58, 634.0], [-57, 640.5], [-56, 651.0], [-55, 659.0], [-54, 667.5], [-53, 680.5], [-52, 683.5], [-51, 699.0], [-50, 711.0], [-49, 728.0], [-48, 736.5], [-47, 754.5], [-46, 764.5], [-44, 808.5], [-42, 839.0], [-41, 837.0], [-39, 902.0], [-38, 893.5], [-37, 894.0], [-36, 915.0], [-34, 976.5], [-33, 977.0], [-30, 1074.5], [-29, 1088.0], [-28, 1144.0], [-27, 1174.0], [-26, 1183.0], [-25, 1189.5], [-23, 1073.5], [-22, 1025.5], [-21, 1004.5], [-20, 962.0], [-19, 943.0], [-18, 914.5], [-17, 916.5], [-16, 923.5], [-15, 942.5], [-14, 952.0], [-13, 971.5], [-12, 984.0], [-11, 1006.5], [-10, 1018.0], [-9, 1029.5], [-7, 847.0], [-6, 845.0], [-5, 842.5], [-4, 843.5]]}