{"heading": -38.8, "target": -122.35024887275301, "gap_dist": 307.7931598015031, "gap_info": [{"width": 307.7931598015031, "center_angle": -122.35024887275301, "edge_a": [-139, 415.75], "edge_b": [-92, 235.75], "depth": 415.75, "passable": true, "chosen": true}, {"width": 59.80095220681934, "center_angle": -86.57370621434825, "edge_a": [-89, 180.0], "edge_b": [-83, 122.25], "depth": 180.0, "passable": false, "chosen": false}, {"width": 103.77143324694268, "center_angle": -29.059554110517688, "edge_a": [-34, 258.75], "edge_b": [-26, 417.5], "depth": 417.5, "passable": false, "chosen": false}], "scan": [[-3, 234.25], [-2, 230.5], [-1, 225.0], [1, 218.25], [2, 217.5], [3, 214.5], [4, 209.25], [5, 207.25], [6, 201.75], [7, 200.75], [8, 200.75], [9, 193.25], [10, 193.25], [13, 186.5], [15, 185.0], [16, 181.5], [17, 178.0], [18, 176.5], [19, 175.75], [21, 172.0], [24, 166.0], [25, 164.75], [27, 165.25], [28, 163.25], [32, 161.25], [33, 160.75], [34, 159.25], [37, 157.75], [38, 160.0], [39, 159.5], [40, 158.0], [41, 158.25], [42, 157.25], [43, 158.0], [44, 157.75], [45, 161.5], [46, 161.75], [47, 161.5], [48, 160.25], [49, 161.5], [50, 161.0], [51, 163.75], [52, 164.25], [53, 167.5], [54, 170.5], [55, 168.5], [56, 169.25], [57, 169.0], [58, 173.0], [59, 174.5], [60, 176.5], [61, 179.0], [62, 179.5], [63, 179.75], [65, 182.5], [67, 187.25], [68, 188.5], [69, 192.25], [70, 194.25], [73, 203.25], [74, 208.0], [75, 209.0], [76, 212.0], [77, 219.0], [78, 219.25], [79, 218.25], [81, 228.75], [83, 240.75], [84, 241.75], [85, 243.75], [86, 250.75], [87, 254.0], [89, 270.25], [90, 267.75], [92, 288.75], [93, 290.0], [94, 296.5], [95, 300.0], [97, 325.0], [101, 363.5], [102, 368.5], [104, 392.25], [108, 466.5], [109, 475.5], [111, 528.5], [113, 608.0], [129, 2111.0], [130, 2084.5], [131, 2083.75], [132, 2114.0], [133, 2114.5], [134, 2121.5], [136, 872.25], [137, 867.75], [138, 862.0], [139, 855.25], [140, 870.5], [141, 885.75], [144, 10046.5], [145, 10009.5], [147, 9592.0], [151, 7586.5], [157, 1147.25], [158, 1099.25], [159, 1073.25], [160, 1063.0], [161, 1061.75], [162, 1070.5], [169, 4574.5], [171, 5350.5], [175, 3588.5], [180, 3781.0], [-177, 3010.0], [-176, 3004.75], [-171, 1053.0], [-170, 1044.75], [-169, 1016.5], [-168, 1005.75], [-167, 1007.0], [-166, 988.25], [-165, 981.5], [-164, 970.75], [-162, 502.75], [-161, 491.25], [-160, 487.5], [-159, 481.0], [-158, 477.25], [-157, 473.0], [-156, 463.75], [-155, 460.25], [-154, 454.5], [-153, 451.0], [-152, 446.25], [-151, 443.75], [-150, 441.0], [-149, 435.25], [-148, 433.75], [-147, 429.0], [-146, 426.25], [-145, 422.0], [-144, 420.5], [-143, 419.75], [-142, 416.0], [-141, 415.25], [-140, 415.0], [-139, 415.75], [-134, 957.75], [-133, 915.75], [-132, 913.5], [-131, 916.75], [-130, 922.25], [-129, 924.0], [-128, 925.75], [-127, 933.75], [-126, 936.5], [-125, 943.25], [-124, 947.75], [-123, 956.5], [-122, 961.5], [-121, 962.0], [-120, 968.25], [-119, 974.5], [-118, 980.25], [-117, 985.75], [-116, 998.75], [-115, 1001.25], [-114, 1007.0], [-113, 1021.75], [-112, 1027.0], [-111, 1028.5], [-110, 1038.5], [-109, 1050.5], [-108, 1058.5], [-107, 1063.75], [-106, 1085.75], [-105, 1091.25], [-104, 1118.0], [-103, 1120.5], [-102, 1138.0], [-101, 1148.75], [-100, 1159.5], [-99, 1180.75], [-98, 1193.25], [-97, 1219.25], [-96, 1233.75], [-95, 1249.75], [-92, 235.75], [-89, 180.0], [-83, 122.25], [-82, 119.75], [-81, 114.75], [-80, 114.25], [-79, 114.75], [-78, 114.75], [-77, 114.25], [-76, 114.0], [-75, 115.0], [-74, 116.0], [-73, 116.75], [-72, 116.75], [-71, 118.75], [-70, 118.75], [-69, 118.75], [-68, 120.75], [-67, 121.75], [-66, 123.0], [-65, 123.5], [-64, 125.75], [-63, 126.25], [-62, 127.0], [-61, 129.75], [-60, 131.5], [-59, 134.25], [-58, 135.75], [-57, 137.5], [-56, 139.25], [-55, 140.25], [-54, 143.75], [-53, 145.25], [-52, 147.25], [-51, 149.25], [-50, 151.5], [-49, 156.25], [-48, 159.0], [-47, 164.0], [-46, 166.75], [-45, 175.25], [-44, 179.5], [-43, 183.0], [-42, 190.5], [-40, 206.25], [-39, 211.0], [-37, 229.5], [-35, 251.75], [-34, 258.75], [-26, 417.5], [-25, 408.0], [-24, 393.25], [-23, 384.25], [-22, 367.75], [-20, 349.0], [-19, 344.25], [-18, 339.5], [-16, 313.75], [-15, 305.25], [-14, 298.5], [-12, 279.75], [-11, 278.75], [-9, 259.25], [-8, 253.5], [-7, 247.75], [-6, 240.5], [-5, 241.25]]}