{"heading": -46.6, "target": -15.86917217881956, "gap_dist": 587.7604025300623, "gap_info": [{"width": 498.8273106793081, "center_angle": -100.47585953743045, "edge_a": [-101.640625, 797.0], "edge_b": [-97.375, 299.5], "depth": 797.0, "passable": true, "chosen": false}, {"width": 587.7604025300623, "center_angle": -15.86917217881956, "edge_a": [-29.109375, 212.5], "edge_b": [-12.328125, 788.0], "depth": 788.0, "passable": true, "chosen": true}], "scan": [[-1.921875, 705.5], [-1.234375, 696.0], [-0.546875, 689.0], [0.140625, 681.5], [0.859375, 676.0], [1.546875, 672.0], [2.25, 670.5], [2.9375, 666.5], [3.640625, 663.0], [4.328125, 668.0], [5.03125, 672.0], [5.71875, 680.0], [7.09375, 623.5], [7.78125, 618.5], [8.46875, 618.0], [9.171875, 626.5], [9.859375, 630.5], [10.546875, 627.0], [11.234375, 619.0], [12.875, 582.5], [13.625, 592.0], [14.359375, 592.0], [14.9375, 583.5], [16.328125, 561.5], [17.015625, 559.5], [17.734375, 555.5], [18.421875, 551.5], [19.125, 547.0], [19.8125, 543.5], [20.546875, 541.0], [21.25, 538.5], [21.953125, 536.5], [22.65625, 534.0], [23.34375, 530.5], [24.03125, 528.0], [24.734375, 527.5], [25.421875, 525.5], [26.125, 523.0], [26.8125, 522.0], [27.515625, 520.5], [28.203125, 519.0], [28.703125, 518.5], [29.34375, 515.5], [29.984375, 513.5], [30.625, 512.5], [31.46875, 509.0], [32.15625, 507.0], [32.84375, 508.0], [33.53125, 506.5], [34.21875, 504.5], [34.90625, 505.0], [35.59375, 504.5], [36.28125, 504.5], [37.0, 503.5], [37.6875, 502.0], [38.390625, 501.5], [39.078125, 501.5], [39.75, 502.0], [40.4375, 500.0], [41.125, 500.0], [41.8125, 501.5], [42.515625, 501.5], [43.203125, 501.5], [43.890625, 502.0], [44.578125, 502.5], [45.28125, 503.5], [45.96875, 504.5], [46.65625, 503.5], [47.34375, 505.0], [48.3125, 506.5], [49.0625, 507.0], [49.828125, 509.0], [50.578125, 511.5], [51.125, 514.0], [51.828125, 516.5], [52.53125, 518.0], [53.234375, 518.5], [53.90625, 520.0], [54.59375, 521.5], [55.296875, 522.5], [55.984375, 524.0], [56.703125, 525.0], [57.390625, 525.5], [58.09375, 528.0], [58.78125, 530.5], [59.515625, 531.0], [60.21875, 532.5], [60.921875, 534.5], [61.625, 537.5], [62.3125, 541.5], [63.0, 544.5], [63.703125, 544.5], [64.390625, 545.0], [65.0, 547.5], [65.671875, 551.0], [66.34375, 554.0], [67.015625, 558.0], [67.78125, 562.0], [68.46875, 564.5], [69.171875, 567.5], [69.859375, 571.0], [70.5625, 576.5], [71.25, 580.5], [71.953125, 584.5], [72.640625, 589.5], [73.328125, 593.5], [74.015625, 598.0], [74.703125, 602.5], [75.390625, 606.0], [76.140625, 612.0], [76.84375, 620.0], [77.546875, 624.5], [78.25, 628.0], [78.921875, 633.5], [81.703125, 2712.0], [82.390625, 2721.0], [83.78125, 4164.0], [86.359375, 3080.0], [87.140625, 3083.5], [89.203125, 2899.5], [94.046875, 3158.5], [97.484375, 5596.0], [101.890625, 4307.5], [102.625, 4310.5], [106.03125, 5802.5], [107.40625, 2845.0], [108.09375, 2830.0], [108.78125, 2824.0], [109.53125, 2837.0], [110.9375, 2696.0], [113.015625, 2675.5], [113.71875, 2656.0], [118.578125, 14617.5], [119.265625, 14574.0], [119.953125, 14542.0], [120.484375, 14501.0], [121.125, 14460.5], [121.78125, 14447.0], [122.421875, 14424.5], [123.25, 14397.0], [123.9375, 14373.0], [124.625, 14352.5], [125.3125, 14334.0], [126.015625, 14317.0], [126.703125, 14305.0], [127.390625, 14294.0], [128.078125, 14283.5], [130.15625, 11160.0], [131.546875, 10731.5], [132.234375, 10719.5], [132.921875, 10773.5], [134.3125, 4708.0], [135.6875, 2864.5], [136.375, 2858.5], [137.28125, 2864.0], [138.015625, 2885.0], [149.125, 1929.5], [149.828125, 1931.0], [150.515625, 1943.0], [152.625, 1755.0], [153.3125, 1702.5], [153.984375, 1654.0], [154.671875, 1610.0], [155.359375, 1569.0], [156.046875, 1530.0], [156.765625, 1492.0], [157.453125, 1456.5], [158.15625, 1433.5], [159.5625, 1234.5], [160.25, 1207.5], [160.953125, 1181.0], [161.640625, 1159.0], [162.34375, 1135.5], [163.03125, 1113.5], [163.734375, 1093.0], [164.421875, 1069.5], [165.125, 1051.5], [165.8125, 1035.0], [166.515625, 1018.5], [167.203125, 1002.0], [167.90625, 987.0], [168.59375, 969.5], [169.296875, 953.0], [169.984375, 941.0], [170.703125, 927.0], [171.390625, 912.5], [172.09375, 901.5], [172.78125, 889.5], [173.453125, 872.5], [174.140625, 860.5], [174.828125, 853.0], [175.515625, 842.5], [176.21875, 835.0], [176.90625, 827.0], [177.59375, 819.0], [178.28125, 813.5], [179.0, 806.0], [179.6875, 803.5], [-179.609375, 800.5], [-178.921875, 795.0], [-178.21875, 790.5], [-177.53125, 789.5], [-176.828125, 783.0], [-176.140625, 769.0], [-175.4375, 765.0], [-174.75, 768.0], [-174.046875, 759.5], [-173.359375, 748.0], [-172.671875, 742.0], [-171.984375, 739.0], [-171.296875, 741.5], [-170.609375, 737.5], [-169.71875, 726.5], [-168.984375, 718.5], [-168.25, 716.0], [-167.515625, 715.0], [-166.921875, 704.0], [-166.234375, 698.5], [-165.53125, 698.0], [-164.84375, 693.5], [-164.109375, 693.0], [-163.40625, 687.5], [-162.703125, 682.5], [-162.0, 675.5], [-161.3125, 674.0], [-160.625, 672.0], [-159.921875, 670.5], [-159.234375, 669.0], [-158.515625, 657.0], [-157.828125, 649.5], [-157.125, 645.5], [-156.4375, 642.5], [-155.6875, 637.5], [-154.984375, 637.5], [-154.28125, 638.0], [-153.578125, 634.0], [-152.890625, 633.0], [-152.203125, 630.5], [-151.5, 629.5], [-150.8125, 629.5], [-150.15625, 625.0], [-149.484375, 621.5], [-148.796875, 621.0], [-148.125, 620.5], [-147.34375, 620.5], [-146.640625, 619.0], [-145.9375, 618.5], [-145.234375, 616.5], [-144.546875, 615.5], [-143.859375, 618.0], [-143.15625, 615.5], [-142.46875, 610.5], [-141.765625, 609.0], [-141.078125, 610.5], [-140.375, 613.0], [-139.6875, 613.0], [-138.96875, 612.5], [-138.28125, 614.0], [-137.578125, 614.0], [-136.890625, 612.5], [-136.171875, 611.0], [-135.484375, 612.0], [-134.78125, 614.0], [-134.09375, 614.5], [-133.515625, 618.0], [-132.859375, 621.5], [-132.1875, 621.0], [-131.53125, 624.5], [-130.734375, 625.5], [-130.046875, 625.5], [-129.34375, 628.5], [-128.65625, 633.0], [-127.96875, 634.0], [-127.28125, 634.5], [-126.59375, 637.5], [-125.90625, 639.5], [-125.1875, 639.5], [-124.5, 640.5], [-123.796875, 646.5], [-123.109375, 646.0], [-122.421875, 646.5], [-121.734375, 654.5], [-121.046875, 659.5], [-120.359375, 663.0], [-119.65625, 666.5], [-118.96875, 665.0], [-118.28125, 672.0], [-117.59375, 679.5], [-116.859375, 684.5], [-116.171875, 689.5], [-115.46875, 692.5], [-114.78125, 694.0], [-114.109375, 695.0], [-113.421875, 702.5], [-112.734375, 713.5], [-112.046875, 722.5], [-111.328125, 722.5], [-110.640625, 725.5], [-109.9375, 727.5], [-109.25, 731.0], [-108.5625, 740.0], [-107.875, 745.0], [-107.1875, 747.5], [-106.5, 752.5], [-105.765625, 757.5], [-105.078125, 762.0], [-104.375, 771.0], [-103.6875, 777.5], [-103.015625, 783.0], [-102.328125, 790.5], [-101.640625, 797.0], [-100.953125, 803.5], [-100.234375, 813.5], [-99.546875, 825.0], [-98.84375, 833.5], [-97.375, 299.5], [-96.671875, 296.0], [-95.953125, 292.0], [-95.25, 288.5], [-94.59375, 284.5], [-93.90625, 280.5], [-93.203125, 276.5], [-92.515625, 272.5], [-91.8125, 269.5], [-91.125, 266.5], [-90.421875, 264.0], [-89.734375, 261.5], [-89.03125, 259.0], [-88.34375, 257.0], [-87.640625, 254.5], [-86.953125, 252.0], [-86.234375, 249.5], [-85.546875, 245.5], [-84.84375, 242.0], [-84.15625, 241.0], [-83.453125, 239.0], [-82.765625, 236.5], [-82.0625, 233.5], [-81.375, 230.5], [-80.671875, 230.0], [-79.984375, 228.5], [-79.28125, 226.5], [-78.59375, 226.0], [-77.859375, 224.0], [-77.15625, 222.0], [-76.453125, 222.0], [-75.109375, 214.5], [-74.421875, 215.0], [-73.734375, 214.5], [-73.046875, 214.0], [-72.3125, 213.5], [-71.625, 211.5], [-70.921875, 209.5], [-70.234375, 208.5], [-69.515625, 207.5], [-68.828125, 206.0], [-68.125, 205.0], [-67.4375, 204.5], [-66.734375, 204.0], [-66.046875, 202.5], [-65.34375, 201.5], [-64.65625, 200.5], [-63.953125, 199.0], [-63.265625, 198.5], [-62.5625, 197.5], [-61.875, 198.0], [-61.140625, 198.5], [-60.4375, 197.5], [-59.734375, 197.0], [-59.03125, 197.0], [-58.34375, 196.0], [-57.65625, 195.5], 