{"heading": -43.9, "target": -92.05257790219551, "gap_dist": 449.34447541162336, "gap_info": [{"width": 449.34447541162336, "center_angle": -92.05257790219551, "edge_a": [-106, 323.5], "edge_b": [-86, 739.5], "depth": 739.5, "passable": true, "chosen": true}, {"width": 192.05833256607468, "center_angle": -29.762006565080803, "edge_a": [-31, 639.0], "edge_b": [-28, 449.0], "depth": 639.0, "passable": false, "chosen": false}], "scan": [[-4, 236.5], [-3, 243.5], [-2, 242.0], [-1, 237.5], [0, 236.0], [1, 232.0], [2, 231.0], [3, 226.5], [4, 225.0], [5, 223.5], [6, 220.0], [7, 218.5], [8, 215.5], [9, 212.5], [10, 212.5], [11, 209.5], [12, 207.5], [13, 206.0], [14, 205.0], [15, 203.5], [16, 201.0], [17, 201.0], [18, 199.5], [19, 199.0], [20, 199.0], [21, 198.0], [22, 198.5], [23, 196.5], [24, 195.5], [25, 195.5], [26, 194.0], [27, 194.0], [28, 193.5], [29, 192.5], [30, 192.5], [31, 192.0], [32, 191.5], [33, 191.5], [34, 192.0], [35, 193.5], [36, 191.0], [37, 192.5], [38, 194.0], [39, 192.5], [40, 192.0], [41, 192.0], [42, 193.5], [43, 193.0], [44, 195.5], [45, 195.5], [46, 196.5], [47, 198.0], [48, 199.0], [49, 200.5], [50, 200.5], [51, 205.5], [52, 207.5], [54, 230.0], [55, 230.0], [56, 230.5], [57, 233.0], [58, 234.0], [59, 230.0], [61, 239.0], [63, 248.5], [64, 248.0], [65, 257.0], [66, 259.0], [67, 262.5], [68, 264.0], [70, 260.5], [71, 267.0], [72, 269.5], [73, 272.0], [75, 291.5], [77, 311.5], [78, 315.0], [79, 326.0], [81, 312.5], [83, 354.0], [85, 344.0], [86, 348.5], [87, 355.0], [88, 369.5], [89, 373.0], [90, 368.5], [91, 366.0], [92, 362.0], [93, 358.0], [94, 352.5], [95, 349.5], [96, 342.5], [97, 339.5], [98, 336.0], [99, 334.0], [100, 331.0], [101, 328.0], [102, 325.5], [103, 324.0], [104, 318.0], [105, 317.5], [106, 314.5], [107, 313.0], [108, 310.5], [109, 309.5], [110, 308.0], [111, 305.5], [112, 304.0], [113, 301.5], [114, 300.5], [115, 299.5], [116, 298.0], [117, 296.0], [118, 296.0], [119, 295.0], [120, 295.0], [121, 294.5], [122, 293.0], [123, 292.5], [124, 290.5], [125, 293.0], [126, 292.0], [127, 291.5], [128, 292.0], [129, 293.0], [130, 293.5], [131, 291.5], [132, 294.5], [133, 295.5], [134, 295.5], [135, 296.0], [136, 297.5], [137, 299.0], [138, 301.0], [139, 302.0], [140, 304.5], [143, 1705.0], [144, 1694.0], [145, 1716.5], [150, 2114.5], [151, 2007.5], [152, 1957.5], [153, 1910.5], [154, 1827.0], [155, 1788.5], [156, 1716.5], [157, 1681.5], [158, 1621.5], [159, 1592.5], [160, 1563.0], [161, 1511.0], [162, 1487.0], [163, 1436.0], [164, 1415.5], [165, 1374.5], [166, 1356.0], [167, 1336.0], [168, 1301.5], [169, 1284.0], [170, 1253.5], [171, 1238.0], [172, 1224.0], [173, 1197.5], [174, 1184.0], [175, 1161.5], [176, 1150.0], [177, 1124.5], [178, 1115.5], [179, 1106.5], [180, 1096.0], [-180, 1088.0], [-179, 1078.0], [-178, 1061.5], [-177, 1055.0], [-176, 1036.0], [-175, 1029.0], [-174, 1023.0], [-173, 1011.5], [-172, 1004.0], [-171, 986.0], [-170, 981.0], [-169, 976.5], [-168, 965.5], [-167, 960.5], [-166, 948.0], [-165, 944.0], [-164, 938.0], [-163, 930.0], [-162, 926.5], [-161, 919.5], [-160, 915.5], [-159, 912.0], [-158, 906.0], [-157, 904.5], [-156, 904.0], [-155, 902.0], [-154, 900.5], [-153, 899.0], [-152, 895.5], [-151, 894.5], [-150, 893.0], [-149, 893.5], [-148, 893.0], [-147, 894.5], [-145, 256.0], [-144, 250.5], [-143, 252.0], [-142, 251.5], [-141, 250.0], [-140, 251.0], [-139, 252.5], [-138, 254.0], [-137, 254.0], [-136, 255.5], [-135, 256.5], [-134, 257.5], [-133, 259.0], [-132, 260.0], [-131, 261.5], [-130, 261.0], [-129, 263.5], [-128, 264.0], [-127, 265.5], [-126, 267.0], [-125, 268.0], [-124, 269.0], [-123, 270.5], [-122, 273.5], [-121, 276.0], [-120, 277.0], [-119, 280.5], [-118, 281.5], [-117, 285.0], [-116, 287.5], [-115, 292.0], [-114, 294.5], [-113, 298.0], [-112, 300.5], [-111, 304.0], [-110, 307.0], [-109, 310.5], [-108, 319.0], [-107, 321.5], [-106, 323.5], [-104, 1156.0], [-103, 1182.5], [-102, 1198.0], [-101, 1222.0], [-100, 1236.0], [-99, 1250.0], [-98, 1280.5], [-97, 1296.0], [-96, 1329.0], [-95, 1348.0], [-94, 1366.0], [-93, 1403.0], [-92, 1422.5], [-91, 1469.0], [-90, 1495.0], [-89, 1519.0], [-88, 1573.5], [-86, 739.5], [-85, 727.75], [-84, 721.5], [-83, 714.0], [-82, 701.5], [-81, 696.5], [-80, 689.5], [-79, 685.0], [-78, 674.25], [-77, 667.5], [-76, 666.0], [-75, 662.5], [-74, 659.5], [-73, 652.75], [-72, 649.0], [-71, 646.0], [-70, 642.0], [-69, 639.0], [-68, 633.0], [-67, 632.0], [-66, 628.0], [-65, 627.5], [-64, 625.0], [-63, 619.0], [-62, 612.5], [-61, 608.5], [-60, 608.0], [-59, 606.5], [-58, 604.5], [-57, 604.0], [-56, 603.0], [-55, 602.5], [-54, 600.5], [-53, 603.0], [-52, 602.0], [-51, 605.0], [-50, 606.5], [-49, 608.0], [-48, 609.5], [-47, 609.5], [-46, 613.0], [-45, 613.0], [-44, 613.5], [-43, 616.5], [-42, 618.0], [-41, 621.5], [-40, 622.5], [-39, 626.5], [-38, 629.5], [-37, 632.0], [-36, 636.5], [-35, 640.5], [-34, 649.5], [-33, 638.5], [-31, 639.0], [-28, 449.0], [-24, 377.5], [-23, 380.5], [-22, 380.0], [-18, 335.0], [-16, 299.0], [-15, 295.0], [-14, 290.5], [-13, 280.5], [-12, 277.5], [-11, 269.0], [-10, 264.0], [-9, 261.0], [-8, 254.0], [-7, 252.5], [-6, 246.0], [-5, 243.0]]}