{"heading": 42.6, "target": -22.942804643886845, "gap_dist": 505.4850741548961, "gap_info": [{"width": 587.748791916435, "center_angle": -154.40107857017554, "edge_a": [-162.5, 792.0], "edge_b": [-129.5, 265.0], "depth": 792.0, "passable": true, "chosen": false}, {"width": 424.1171648693853, "center_angle": -71.32192258740218, "edge_a": [-83.8125, 417.5], "edge_b": [-64.8125, 796.5], "depth": 796.5, "passable": true, "chosen": false}, {"width": 505.4850741548961, "center_angle": -22.942804643886845, "edge_a": [-27.484375, 797.5], "edge_b": [-11.265625, 312.0], "depth": 797.5, "passable": true, "chosen": true}], "scan": [[-1.765625, 258.0], [-1.0625, 254.5], [-0.359375, 252.5], [0.34375, 251.25], [1.03125, 248.75], [1.71875, 246.5], [2.421875, 244.0], [3.109375, 241.0], [3.84375, 238.5], [4.546875, 234.0], [5.25, 230.0], [5.953125, 228.5], [6.65625, 227.0], [7.359375, 226.0], [8.0625, 225.0], [8.765625, 223.0], [9.46875, 221.5], [10.171875, 220.0], [10.875, 218.5], [11.578125, 217.0], [12.453125, 214.5], [13.1875, 213.0], [13.9375, 211.0], [14.671875, 209.5], [15.296875, 209.0], [16.0, 207.5], [16.71875, 207.0], [17.421875, 205.0], [18.125, 203.5], [18.828125, 203.5], [19.53125, 202.0], [20.234375, 200.5], [20.96875, 199.5], [21.671875, 199.0], [22.390625, 198.5], [23.09375, 197.0], [23.796875, 195.0], [24.5, 193.5], [25.203125, 193.5], [25.90625, 194.0], [26.640625, 194.0], [27.34375, 193.5], [28.0625, 192.5], [28.765625, 192.0], [29.1875, 192.0], [29.8125, 192.5], [30.453125, 192.0], [31.078125, 189.5], [31.984375, 189.0], [32.671875, 189.5], [33.375, 189.0], [34.0625, 189.0], [34.78125, 188.5], [35.46875, 187.5], [36.171875, 187.0], [36.859375, 186.5], [37.578125, 186.0], [38.265625, 184.0], [38.96875, 183.0], [39.65625, 183.0], [40.375, 181.5], [41.0625, 181.0], [41.765625, 183.0], [42.453125, 187.0], [43.171875, 188.5], [43.859375, 187.5], [44.5625, 188.5], [45.25, 190.0], [46.203125, 190.5], [46.953125, 193.5], [49.03125, 202.5], [51.140625, 188.0], [51.875, 189.0], [52.578125, 190.5], [53.296875, 191.0], [54.0, 191.0], [54.703125, 192.0], [55.40625, 192.5], [56.109375, 193.5], [56.8125, 195.5], [57.53125, 195.0], [58.234375, 195.0], [58.9375, 196.0], [59.640625, 196.5], [60.359375, 197.5], [61.0625, 197.5], [61.765625, 198.0], [62.46875, 199.5], [63.1875, 200.0], [63.890625, 200.5], [64.59375, 201.5], [65.296875, 203.0], [65.890625, 205.0], [66.5625, 205.5], [67.234375, 206.0], [67.90625, 207.5], [68.703125, 208.5], [69.40625, 209.5], [70.109375, 211.0], [70.8125, 212.5], [71.515625, 214.0], [72.21875, 216.5], [72.921875, 219.0], [73.625, 220.5], [74.328125, 222.5], [75.03125, 224.0], [75.734375, 224.5], [76.4375, 227.0], [77.15625, 230.0], [77.859375, 232.5], [78.5625, 235.5], [79.265625, 238.0], [79.96875, 240.5], [80.671875, 243.5], [81.375, 246.0], [82.078125, 248.5], [82.6875, 251.5], [83.359375, 254.5], [84.046875, 257.5], [84.71875, 260.5], [85.484375, 263.5], [86.171875, 267.5], [86.875, 272.0], [87.5625, 275.5], [88.265625, 278.5], [88.953125, 283.0], [89.65625, 289.5], [90.34375, 294.5], [91.078125, 298.0], [91.78125, 302.25], [92.484375, 307.25], [93.1875, 312.5], [93.890625, 317.5], [94.59375, 323.0], [95.296875, 327.5], [96.0, 332.5], [96.6875, 339.5], [97.375, 345.0], [98.078125, 350.5], [98.765625, 357.5], [99.484375, 365.5], [100.171875, 374.0], [100.875, 382.5], [101.5625, 387.5], [102.453125, 388.5], [103.1875, 387.0], [103.9375, 383.0], [104.671875, 378.5], [105.296875, 376.0], [106.0, 374.0], [106.71875, 369.5], [107.421875, 368.0], [108.109375, 369.5], [108.8125, 367.0], [109.515625, 364.0], [110.21875, 363.0], [110.9375, 360.0], [111.640625, 355.5], [112.34375, 353.5], [113.046875, 352.5], [113.75, 349.0], [114.453125, 348.5], [115.15625, 349.5], [115.859375, 346.5], [116.578125, 345.0], [117.28125, 346.0], [117.984375, 344.0], [118.6875, 341.0], [119.1875, 340.0], [119.828125, 339.5], [120.484375, 339.5], [121.125, 339.0], [121.984375, 339.0], [122.671875, 338.5], [123.375, 338.0], [124.0625, 338.5], [124.796875, 337.0], [125.5, 336.5], [126.203125, 336.5], [126.90625, 336.0], [127.578125, 336.0], [128.265625, 335.5], [128.96875, 336.0], [129.65625, 336.0], [130.390625, 335.0], [131.09375, 334.5], [131.796875, 335.0], [132.5, 336.0], [133.21875, 336.0], [133.921875, 337.5], [134.625, 338.5], [135.328125, 337.0], [136.140625, 336.5], [136.859375, 337.5], [137.59375, 338.0], [138.3125, 338.5], [138.96875, 339.0], [139.671875, 339.0], [140.375, 339.5], [141.078125, 340.5], [141.78125, 340.5], [142.484375, 342.0], [143.1875, 343.0], [143.890625, 343.5], [144.609375, 345.0], [145.3125, 345.5], [146.015625, 346.5], [146.71875, 347.5], [147.421875, 348.0], [148.125, 349.5], [148.828125, 352.5], [149.53125, 354.5], [150.265625, 355.5], [150.96875, 357.0], [151.6875, 359.0], [152.390625, 359.5], [153.0625, 360.0], [153.75, 361.5], [154.453125, 364.5], [155.140625, 367.0], [155.84375, 368.0], [156.53125, 370.0], [157.234375, 372.5], [157.921875, 373.5], [158.671875, 375.5], [159.375, 377.5], [160.078125, 379.5], [160.78125, 382.75], [161.46875, 383.75], [162.15625, 386.5], [162.859375, 390.5], [163.546875, 393.0], [164.296875, 395.5], [165.0, 398.75], [165.703125, 401.5], [166.40625, 406.25], [167.09375, 410.5], [167.78125, 411.75], [168.484375, 414.25], [169.171875, 418.5], [169.890625, 424.25], [170.578125, 427.0], [171.28125, 430.0], [171.96875, 436.0], [172.703125, 441.5], [173.40625, 446.0], [174.109375, 451.0], [174.8125, 461.0], [175.5, 466.5], [176.1875, 466.5], [176.890625, 470.5], [177.578125, 472.0], [178.296875, 473.5], [178.984375, 478.0], [179.6875, 484.5], [-178.875, 514.5], [-176.765625, 530.0], [-176.078125, 535.0], [-175.390625, 542.0], [-174.0, 571.0], [-172.5625, 595.0], [-171.859375, 599.5], [-170.4375, 635.0], [-169.734375, 637.5], [-169.03125, 648.0], [-168.328125, 664.0], [-167.46875, 680.5], [-166.734375, 700.5], [-165.984375, 716.5], [-165.25, 730.0], [-164.625, 742.5], [-163.921875, 755.0], [-163.203125, 772.0], [-162.5, 792.0], [-161.796875, 814.5], [-161.09375, 835.0], [-158.953125, 921.0], [-158.25, 928.0], [-157.53125, 938.0], [-156.828125, 962.5], [-156.125, 991.5], [-155.421875, 1022.0], [-151.1875, 1317.0], [-150.484375, 1306.0], [-149.78125, 1302.0], [-149.078125, 1298.0], [-148.375, 1292.5], [-147.671875, 1285.5], [-146.96875, 1288.0], [-146.265625, 1315.0], [-144.84375, 1590.0], [-143.4375, 15142.5], [-142.734375, 15126.5], [-142.015625, 15107.5], [-141.3125, 15088.5], [-140.609375, 15073.5], [-139.90625, 15062.5], [-138.484375, 2457.5], [-137.78125, 2437.5], [-137.078125, 2430.0], [-136.375, 2403.5], [-135.671875, 2389.0], [-134.96875, 2429.5], [-134.265625, 2446.0], [-133.6875, 2412.0], [-133.015625, 2390.5], [-129.5, 265.0], [-128.8125, 264.5], [-128.078125, 265.0], [-127.375, 265.5], [-126.671875, 267.0], [-125.96875, 267.5], [-125.28125, 267.0], [-124.59375, 267.5], [-123.890625, 268.5], [-123.203125, 269.5], [-122.484375, 270.0], [-121.796875, 271.0], [-121.09375, 272.0], [-120.40625, 272.5], [-119.671875, 273.5], [-118.96875, 273.5], [-118.265625, 273.5], [-117.5625, 275.0], [-116.875, 277.0], [-116.1875, 278.0], [-115.484375, 279.5], [-114.796875, 281.0], [-114.0625, 281.5], [-113.359375, 283.0], [-112.65625, 285.0], [-111.953125, 287.0], [-111.25, 288.5], [-110.546875, 290.0], [-109.84375, 292.5], [-109.140625, 295.0], [-108.46875, 296.0], [-107.78125, 297.0], [-107.078125, 300.0], [-106.390625, 302.5], [-105.671875, 303.5], [-104.984375, 305.0], [-104.28125, 307.0], [-103.59375, 310.0], [-102.859375, 313.0], [-102.15625, 315.5], [-101.453125, 317.25], [-100.75, 320.25], [-100.0625, 323.5], [-99.375, 326.0], [-98.671875, 329.5], [-97.984375, 332.5], [-97.171875, 335.0], [-96.453125, 337.5], [-95.734375, 341.0], [-95.015625, 344.0], [-94.359375, 347.5], [-93.65625, 351.5], [-92.953125, 355.5], [-92.25, 360.0], [-91.546875, 365.0], [-90.84375, 369.0], [-90.140625, 372.5], [-89.4375, 378.5], [-88.75, 383.0], [-88.0625, 386.5], [-87.359375, 392.0], [-86.671875, 396.5], [-85.921875, 