{"heading": -45.6, "target": 35.870415436581965, "gap_dist": 401.50888582452586, "gap_info": [{"width": 401.50888582452586, "center_angle": 35.870415436581965, "edge_a": [-14, 278.0], "edge_b": [72, 360.5], "depth": 360.5, "passable": true, "chosen": true}], "scan": [[-3, 848.0], [-2, 829.0], [-1, 818.75], [0, 810.75], [1, 797.0], [2, 791.0], [3, 789.5], [4, 779.0], [5, 765.0], [6, 746.5], [7, 740.0], [8, 731.25], [9, 722.75], [10, 715.75], [11, 702.0], [12, 697.5], [13, 693.25], [14, 683.5], [15, 679.0], [16, 669.5], [17, 660.75], [18, 656.0], [19, 651.75], [20, 647.75], [21, 640.0], [22, 637.0], [23, 633.0], [24, 632.5], [25, 630.0], [26, 627.5], [27, 625.5], [28, 621.5], [29, 624.5], [30, 627.5], [31, 625.0], [32, 613.5], [33, 615.0], [34, 617.5], [35, 616.5], [36, 612.5], [37, 605.5], [38, 602.0], [39, 602.0], [40, 604.5], [41, 607.5], [42, 607.5], [43, 600.5], [44, 600.0], [45, 600.0], [46, 609.0], [47, 609.0], [48, 602.0], [49, 594.5], [50, 594.0], [51, 596.0], [52, 604.5], [53, 609.5], [54, 614.5], [55, 615.0], [56, 610.5], [57, 612.5], [58, 618.0], [59, 629.0], [60, 638.5], [61, 638.5], [62, 633.0], [64, 657.5], [65, 654.0], [66, 650.5], [67, 660.0], [68, 662.5], [69, 671.5], [70, 675.0], [72, 360.5], [73, 343.0], [74, 336.0], [75, 330.0], [76, 314.0], [77, 309.0], [78, 299.5], [79, 292.0], [80, 286.5], [81, 278.5], [82, 275.0], [84, 258.5], [85, 253.5], [86, 250.0], [87, 247.0], [88, 241.5], [89, 237.5], [90, 231.5], [91, 228.5], [92, 225.0], [93, 220.5], [94, 219.0], [95, 213.0], [96, 212.0], [97, 210.0], [98, 205.5], [99, 203.5], [100, 202.0], [101, 198.5], [102, 197.5], [103, 194.5], [104, 192.0], [105, 190.5], [106, 187.5], [107, 187.0], [108, 185.0], [109, 183.5], [110, 182.0], [111, 180.5], [112, 179.5], [113, 179.5], [114, 179.0], [115, 178.0], [116, 175.0], [118, 168.5], [119, 172.5], [120, 175.0], [121, 180.0], [131, 2051.5], [132, 2045.0], [133, 2050.0], [134, 2064.0], [135, 2070.0], [136, 2120.75], [139, 2134.5], [142, 3390.0], [144, 2574.5], [147, 726.0], [149, 638.5], [150, 642.5], [151, 645.0], [152, 650.0], [153, 651.5], [154, 657.0], [155, 660.5], [156, 667.0], [157, 669.5], [158, 672.0], [159, 678.5], [160, 682.0], [161, 689.5], [162, 694.5], [163, 698.0], [164, 705.5], [165, 710.5], [166, 721.5], [167, 727.5], [168, 733.5], [169, 744.5], [170, 750.5], [171, 766.0], [172, 783.0], [173, 774.5], [174, 762.5], [175, 732.5], [176, 725.5], [178, 699.0], [179, 694.5], [180, 695.5], [-180, 690.0], [-179, 686.0], [-178, 684.0], [-177, 665.25], [-176, 661.0], [-175, 652.0], [-174, 643.0], [-172, 624.5], [-170, 601.5], [-169, 597.5], [-168, 593.0], [-167, 583.5], [-166, 576.5], [-165, 571.5], [-164, 565.5], [-163, 559.0], [-162, 551.0], [-161, 547.5], [-160, 542.5], [-159, 534.0], [-158, 532.0], [-157, 526.5], [-156, 525.5], [-155, 520.5], [-154, 517.0], [-153, 510.0], [-151, 331.5], [-149, 310.0], [-148, 304.5], [-147, 294.0], [-146, 288.75], [-145, 283.25], [-144, 275.5], [-143, 271.5], [-142, 263.0], [-141, 259.0], [-140, 255.5], [-139, 248.0], [-138, 244.5], [-137, 238.0], [-136, 235.0], [-135, 232.5], [-134, 227.0], [-133, 222.75], [-132, 218.5], [-131, 217.5], [-130, 212.0], [-129, 210.0], [-128, 208.5], [-127, 204.25], [-126, 204.5], [-125, 200.25], [-124, 198.25], [-123, 196.75], [-122, 194.5], [-121, 193.0], [-120, 191.25], [-119, 190.75], [-118, 187.75], [-117, 184.0], [-116, 183.0], [-115, 181.75], [-114, 180.75], [-113, 179.25], [-112, 178.0], [-111, 176.5], [-110, 176.25], [-109, 175.75], [-108, 174.5], [-107, 173.5], [-106, 172.75], [-105, 172.25], [-104, 172.25], [-103, 172.0], [-102, 172.25], [-101, 172.25], [-100, 171.25], [-99, 171.5], [-98, 169.25], [-97, 168.5], [-96, 169.25], [-95, 170.5], [-94, 168.75], [-92, 155.0], [-91, 154.5], [-90, 152.0], [-89, 150.5], [-88, 150.0], [-87, 149.5], [-86, 150.0], [-85, 149.5], [-84, 149.0], [-83, 147.5], [-82, 148.5], [-81, 148.5], [-80, 148.0], [-79, 147.5], [-78, 145.5], [-77, 144.5], [-76, 144.0], [-75, 140.5], [-74, 140.0], [-73, 141.0], [-72, 143.0], [-71, 143.5], [-70, 143.5], [-69, 145.0], [-68, 145.5], [-67, 147.5], [-66, 147.5], [-65, 148.0], [-64, 148.0], [-63, 148.0], [-62, 148.0], [-61, 148.0], [-60, 149.0], [-59, 150.5], [-58, 151.0], [-57, 152.0], [-56, 151.5], [-55, 151.5], [-54, 154.0], [-53, 154.0], [-52, 155.5], [-51, 156.5], [-50, 157.0], [-49, 158.0], [-48, 158.5], [-47, 161.0], [-46, 161.5], [-45, 162.0], [-44, 165.5], [-43, 166.0], [-42, 167.5], [-41, 169.0], [-40, 170.5], [-39, 174.0], [-38, 175.0], [-37, 178.0], [-36, 181.0], [-35, 182.0], [-34, 185.0], [-33, 187.5], [-32, 191.5], [-31, 194.5], [-30, 196.5], [-29, 200.0], [-28, 201.5], [-27, 207.0], [-26, 208.5], [-25, 212.0], [-24, 218.5], [-23, 222.0], [-22, 230.0], [-21, 234.5], [-20, 238.5], [-19, 246.5], [-18, 251.0], [-17, 259.0], [-16, 264.0], [-15, 269.5], [-14, 278.0], [-12, 1052.5], [-11, 1037.0], [-9, 967.5], [-8, 937.0], [-7, 922.0], [-6, 895.0], [-5, 884.0], [-4, 871.0]]}