{"heading": -47.4, "target": -10.230694637303412, "gap_dist": 595.4007432268972, "gap_info": [{"width": 125.91406309112547, "center_angle": -126.0984872199811, "edge_a": [-127.921875, 499.75], "edge_b": [-123.6875, 378.0], "depth": 499.75, "passable": false, "chosen": false}, {"width": 595.4007432268972, "center_angle": -10.230694637303412, "edge_a": [-11.953125, 172.5], "edge_b": [-9.84375, 767.75], "depth": 767.75, "passable": true, "chosen": true}, {"width": 452.31546908678257, "center_angle": 151.32662759701458, "edge_a": [131.359375, 531.25], "edge_b": [164.59375, 790.5], "depth": 790.5, "passable": true, "chosen": false}], "scan": [[-3.328125, 707.25], [-2.640625, 702.5], [-1.9375, 698.75], [-1.25, 692.25], [-0.53125, 686.5], [0.15625, 681.25], [0.859375, 675.0], [1.546875, 670.25], [2.25, 677.25], [2.9375, 692.0], [5.0625, 651.25], [5.765625, 660.5], [6.46875, 668.5], [7.171875, 659.0], [7.859375, 649.5], [9.25, 618.5], [9.9375, 616.5], [10.8125, 616.5], [11.546875, 623.0], [12.28125, 624.5], [13.015625, 620.25], [13.625, 616.25], [15.03125, 589.25], [15.734375, 588.5], [16.46875, 585.5], [17.171875, 583.25], [17.890625, 583.25], [18.59375, 586.25], [19.28125, 589.25], [19.984375, 589.5], [20.6875, 585.5], [21.390625, 578.5], [22.109375, 576.5], [22.8125, 575.5], [23.515625, 574.75], [24.21875, 575.25], [24.921875, 573.75], [25.625, 574.5], [26.328125, 573.5], [27.03125, 572.75], [27.765625, 570.75], [28.46875, 569.25], [29.1875, 570.25], [29.890625, 570.25], [30.3125, 571.25], [30.9375, 572.0], [31.578125, 571.5], [32.203125, 572.25], [33.09375, 572.5], [33.78125, 572.5], [34.484375, 569.75], [35.171875, 568.5], [35.875, 571.5], [36.5625, 571.25], [37.265625, 571.5], [37.953125, 572.0], [38.65625, 571.25], [39.34375, 573.25], [40.046875, 574.5], [40.734375, 576.25], [41.453125, 577.75], [42.140625, 578.25], [42.84375, 579.0], [43.53125, 580.0], [44.234375, 582.0], [44.921875, 582.75], [45.625, 583.25], [46.3125, 585.5], [47.28125, 588.25], [48.03125, 590.0], [48.796875, 590.5], [49.546875, 591.75], [50.109375, 595.75], [50.8125, 600.0], [51.515625, 602.0], [52.21875, 603.25], [52.953125, 606.25], [53.65625, 609.75], [54.375, 613.25], [55.078125, 616.5], [55.765625, 621.0], [56.46875, 623.75], [57.171875, 625.5], [57.875, 628.0], [58.578125, 630.5], [59.28125, 633.75], [59.984375, 638.0], [60.6875, 642.75], [61.40625, 646.25], [62.109375, 650.75], [62.8125, 657.0], [63.515625, 662.0], [64.140625, 666.0], [64.8125, 671.5], [65.5, 677.0], [66.171875, 684.5], [66.9375, 693.5], [67.625, 700.5], [68.328125, 697.5], [69.015625, 691.0], [69.78125, 694.0], [70.484375, 700.0], [71.90625, 732.0], [72.546875, 741.75], [73.234375, 747.25], [73.921875, 749.75], [74.609375, 751.25], [76.0625, 787.0], [76.765625, 780.0], [77.46875, 764.75], [78.171875, 753.0], [78.875, 742.75], [79.578125, 733.5], [80.28125, 725.0], [80.96875, 716.75], [81.65625, 708.25], [82.359375, 700.5], [83.046875, 693.0], [83.6875, 686.5], [84.359375, 680.5], [85.046875, 673.75], [85.71875, 667.5], [86.484375, 660.5], [87.171875, 654.75], [87.875, 649.75], [88.5625, 643.75], [89.265625, 638.5], [89.953125, 633.25], [90.65625, 627.25], [91.34375, 621.5], [92.078125, 616.0], [92.78125, 612.5], [93.484375, 608.75], [94.1875, 604.25], [94.875, 599.75], [95.5625, 596.0], [96.265625, 592.0], [96.953125, 588.0], [97.65625, 585.25], [98.34375, 576.75], [99.046875, 565.75], [99.734375, 560.5], [100.640625, 556.5], [101.375, 553.25], [102.125, 551.25], [102.859375, 548.0], [103.484375, 544.5], [104.1875, 541.25], [104.90625, 539.5], [105.609375, 538.25], [106.296875, 537.0], [107.0, 535.75], [107.703125, 533.75], [108.40625, 530.75], [109.109375, 528.0], [109.8125, 527.0], [110.515625, 525.25], [111.21875, 523.5], [111.9375, 523.5], [112.640625, 522.25], [113.34375, 519.0], [114.046875, 518.75], [114.765625, 519.25], [115.46875, 518.5], [116.171875, 517.5], [116.875, 518.25], [117.578125, 517.5], [118.28125, 515.25], [118.984375, 515.0], [119.6875, 514.5], [120.1875, 514.0], [120.828125, 514.5], [121.484375, 514.5], [122.125, 514.5], [122.96875, 514.0], [123.65625, 513.75], [124.359375, 515.0], [125.046875, 516.0], [125.78125, 516.0], [126.484375, 516.75], [127.1875, 519.25], [127.890625, 520.75], [128.5625, 521.0], [129.25, 521.5], [129.953125, 522.75], [130.640625, 524.0], [131.359375, 531.25], [133.4375, 3390.25], [134.15625, 3363.0], [144.21875, 1511.5], [146.328125, 1371.75], [147.03125, 1334.25], [148.453125, 1255.75], [149.15625, 1226.25], [149.859375, 1199.5], [150.5625, 1167.25], [151.28125, 1135.75], [151.984375, 1109.0], [152.6875, 1084.25], [153.390625, 1059.0], [154.046875, 1031.25], [154.734375, 1007.75], [155.421875, 989.5], [156.109375, 970.0], [156.859375, 952.5], [157.5625, 935.5], [158.265625, 918.25], [158.96875, 901.25], [159.671875, 885.0], [160.375, 867.5], [161.078125, 853.5], [161.78125, 842.25], [162.484375, 828.75], [163.1875, 815.25], [163.890625, 801.5], [164.59375, 790.5], [165.296875, 780.5], [166.0, 769.75], [166.703125, 761.5], [167.40625, 751.0], [168.109375, 741.25], [168.8125, 736.5], [169.515625, 729.0], [170.21875, 718.5], [170.921875, 707.5], [171.625, 699.0], [172.328125, 694.5], [173.03125, 694.0], [173.6875, 688.25], [174.375, 678.75], [175.0625, 677.0], [175.75, 669.0], [176.484375, 660.5], [177.171875, 651.75], [177.875, 644.25], [178.5625, 646.75], [179.28125, 647.25], [179.96875, 644.5], [-179.328125, 643.5], [-178.640625, 636.75], [-177.890625, 628.5], [-177.1875, 619.75], [-176.484375, 612.25], [-175.78125, 609.75], [-175.09375, 605.0], [-174.40625, 599.5], [-173.703125, 599.5], [-173.015625, 595.75], [-172.28125, 587.75], [-171.578125, 583.5], [-170.875, 577.25], [-170.171875, 578.75], [-169.296875, 578.0], [-168.5625, 569.25], [-167.8125, 565.25], [-167.078125, 563.75], [-166.484375, 559.5], [-165.78125, 557.0], [-165.078125, 556.25], [-164.375, 552.0], [-163.671875, 546.75], [-162.96875, 543.0], [-162.265625, 540.5], [-161.5625, 536.25], [-160.84375, 531.0], [-160.140625, 532.5], [-159.4375, 531.25], [-158.734375, 526.25], [-158.015625, 522.75], [-157.3125, 521.0], [-156.609375, 518.5], [-155.90625, 516.0], [-155.15625, 514.5], [-154.453125, 513.75], [-153.734375, 513.75], [-153.03125, 511.5], [-152.34375, 512.5], [-151.640625, 514.0], [-150.9375, 511.25], [-150.234375, 508.75], [-149.578125, 508.25], [-148.890625, 508.0], [-148.203125, 507.0], [-147.515625, 507.75], [-146.75, 507.5], [-146.046875, 506.75], [-145.34375, 507.5], [-144.640625, 507.5], [-143.921875, 507.75], [-143.21875, 508.0], [-142.515625, 509.0], [-141.8125, 508.25], [-141.109375, 509.25], [-140.40625, 509.5], [-139.703125, 509.0], [-139.0, 509.0], [-138.296875, 510.5], [-137.59375, 514.25], [-136.890625, 515.25], [-136.1875, 519.0], [-135.453125, 518.5], [-134.75, 516.0], [-134.03125, 520.75], [-133.328125, 522.25], [-132.796875, 522.25], [-132.140625, 526.5], [-131.46875, 530.25], [-130.8125, 530.25], [-130.0, 531.25], [-128.609375, 508.5], [-127.921875, 499.75], [-123.6875, 378.0], [-122.28125, 361.0], [-120.921875, 340.0], [-120.21875, 331.0], [-119.53125, 323.25], [-118.09375, 304.75], [-117.390625, 297.25], [-116.0, 283.0], [-115.3125, 277.25], [-114.609375, 270.25], [-113.921875, 264.5], [-113.21875, 259.5], [-112.53125, 254.5], [-109.734375, 218.5], [-109.03125, 215.0], [-108.34375, 212.5], [-107.609375, 209.0], [-106.90625, 205.5], [-106.203125, 201.5], [-105.5, 199.0], [-104.828125, 197.5], [-104.140625, 194.0], [-103.4375, 191.0], [-102.75, 189.5], [-102.015625, 188.0], [-101.3125, 185.5], [-100.609375, 182.5], [-99.90625, 180.5], [-99.21875, 179.0], [-98.53125, 177.0], [-97.828125, 174.5], [-97.140625, 172.0], [-96.359375, 170.75], [-95.65625, 169.25], [-94.9375, 167.75], [-94.234375, 167.25], [-93.546875, 167.0], [-92.140625, 162.0], [-91.4375, 161.5], [-90.75, 159.75], [-90.0625, 158.0], [-89.359375, 157.0], [-88.671875, 156.0], [-87.9375, 155.75], [-87.234375, 155.0], [-86.53125, 153.5], [-85.828125, 152.25], [-85.125, 151.0], [-84.421875, 149.5], [-83.71875, 