{"heading": 9.4, "target": 94.00508948609159, "gap_dist": 464.3346646815646, "gap_info": [{"width": 464.3346646815646, "center_angle": 94.00508948609159, "edge_a": [3, 189.5], "edge_b": [124, 379.0], "depth": 379.0, "passable": true, "chosen": true}, {"width": 246.7203417330667, "center_angle": 155.73337625458197, "edge_a": [151, 471.0], "edge_b": [174, 124.0], "depth": 471.0, "passable": false, "chosen": false}], "scan": [[-2, 191.0], [-1, 189.5], [0, 188.0], [1, 189.0], [2, 188.5], [3, 189.5], [7, 3950.0], [8, 3894.5], [9, 3793.0], [10, 3741.0], [11, 3693.5], [12, 3606.5], [13, 3563.0], [14, 3523.0], [15, 3447.0], [16, 3411.0], [17, 3344.5], [18, 3314.5], [19, 3285.5], [20, 3221.5], [21, 3197.5], [22, 3216.5], [23, 3331.5], [24, 3394.5], [25, 3458.5], [26, 3597.5], [27, 3677.0], [28, 3839.5], [29, 3923.5], [30, 4110.5], [31, 4320.5], [33, 1545.0], [34, 1535.5], [35, 1526.0], [36, 1563.0], [37, 1589.5], [38, 1575.0], [40, 944.0], [41, 940.0], [42, 940.5], [43, 941.5], [44, 938.0], [45, 938.0], [46, 960.5], [47, 964.5], [49, 840.5], [50, 833.5], [51, 839.0], [52, 836.0], [53, 802.5], [54, 793.5], [55, 791.5], [56, 790.5], [60, 3292.5], [63, 1484.5], [64, 1487.5], [68, 1519.0], [69, 1526.0], [70, 1532.5], [71, 1540.0], [72, 1509.0], [73, 1496.0], [75, 1585.5], [76, 1607.5], [77, 1622.0], [78, 1631.5], [80, 1919.5], [81, 1957.0], [82, 1905.5], [84, 1768.0], [86, 1796.0], [87, 1804.5], [88, 1840.5], [90, 1907.0], [91, 1927.0], [92, 1945.0], [93, 1974.0], [94, 1971.0], [96, 2066.0], [97, 2089.5], [98, 2138.5], [100, 2047.5], [102, 2233.5], [103, 2278.5], [104, 2290.5], [106, 3157.5], [107, 3149.0], [108, 3107.0], [111, 2658.0], [113, 2887.0], [115, 2608.5], [117, 1932.5], [118, 1919.0], [119, 1891.5], [120, 1870.5], [121, 1859.5], [122, 1844.5], [124, 379.0], [125, 369.0], [126, 363.5], [127, 359.0], [128, 349.0], [129, 341.5], [130, 326.0], [131, 323.0], [132, 324.5], [133, 331.5], [134, 334.5], [135, 339.5], [136, 348.0], [137, 352.5], [138, 358.5], [139, 363.5], [140, 369.5], [141, 380.0], [142, 384.5], [143, 396.0], [144, 402.5], [145, 407.0], [146, 418.0], [147, 425.5], [148, 440.5], [149, 446.5], [150, 456.0], [151, 471.0], [153, 2504.5], [154, 2525.5], [155, 2542.0], [156, 2548.0], [157, 2553.0], [158, 2567.5], [159, 2573.5], [160, 2592.0], [163, 62.0], [165, 70.75], [174, 124.0], [175, 125.5], [176, 128.0], [177, 126.0], [178, 124.5], [179, 121.5], [180, 121.5], [-170, 74.5], [-169, 72.5], [-166, 2129.5], [-165, 2068.5], [-164, 2057.5], [-162, 4176.0], [-161, 4248.0], [-160, 4320.5], [-159, 4474.0], [-156, 550.0], [-155, 550.5], [-154, 556.5], [-153, 559.0], [-152, 563.0], [-151, 566.5], [-150, 568.5], [-149, 572.5], [-148, 576.5], [-147, 580.0], [-146, 584.5], [-145, 590.0], [-144, 594.5], [-143, 600.0], [-142, 604.0], [-141, 607.5], [-140, 613.5], [-139, 617.0], [-138, 626.0], [-137, 633.0], [-134, 791.0], [-133, 789.5], [-132, 788.0], [-131, 786.0], [-130, 782.0], [-129, 783.0], [-128, 783.0], [-127, 781.5], [-126, 781.0], [-125, 780.5], [-124, 781.0], [-123, 781.0], [-122, 784.0], [-121, 783.0], [-120, 784.0], [-119, 787.0], [-117, 2375.0], [-116, 2382.5], [-115, 2394.5], [-114, 2371.5], [-113, 2358.0], [-112, 2356.0], [-104, 5018.0], [-103, 5067.0], [-102, 5093.5], [-101, 5148.5], [-100, 5179.0], [-98, 4005.0], [-97, 3825.0], [-96, 3741.0], [-95, 3583.5], [-94, 3513.5], [-93, 3445.0], [-92, 3320.0], [-91, 3259.5], [-90, 3152.5], [-88, 1635.0], [-87, 1631.0], [-86, 1631.5], [-84, 2782.5], [-83, 2715.5], [-82, 2680.0], [-81, 2615.5], [-80, 2585.5], [-79, 2553.5], [-77, 1500.5], [-76, 1458.0], [-75, 1453.5], [-74, 1454.0], [-72, 2307.0], [-71, 2275.5], [-70, 2258.0], [-69, 2225.0], [-68, 2208.5], [-67, 2175.5], [-63, 389.0], [-62, 368.0], [-61, 360.0], [-60, 345.5], [-59, 337.5], [-58, 330.0], [-57, 317.0], [-56, 311.5], [-55, 299.0], [-54, 294.5], [-53, 286.0], [-52, 283.0], [-51, 281.0], [-49, 262.5], [-48, 254.5], [-47, 250.0], [-46, 244.0], [-45, 241.5], [-44, 238.5], [-43, 230.5], [-42, 226.5], [-41, 222.5], [-40, 220.0], [-39, 213.0], [-38, 211.0], [-37, 209.5], [-36, 205.0], [-35, 203.0], [-34, 200.0], [-33, 198.0], [-32, 194.5], [-31, 195.0], [-30, 192.5], [-29, 190.0], [-28, 187.5], [-27, 186.0], [-26, 184.5], [-25, 182.5], [-24, 180.5], [-23, 180.0], [-22, 178.0], [-21, 177.0], [-20, 175.0], [-19, 175.5], [-18, 173.0], [-17, 171.0], [-16, 170.5], [-15, 170.0], [-14, 169.5], [-13, 168.5], [-12, 167.0], [-11, 167.5], [-10, 167.5], [-9, 167.0], [-8, 165.0], [-7, 164.5], [-6, 163.5], [-5, 165.5], [-4, 163.0], [-3, 159.5]]}