{"heading": 55.0, "target": 85.29512616066194, "gap_dist": 291.0388512029614, "gap_info": [{"width": 377.78653290267556, "center_angle": -63.93267115849925, "edge_a": [-97, 218.0], "edge_b": [-50, 494.0], "depth": 494.0, "passable": true, "chosen": false}, {"width": 98.95513304516972, "center_angle": -11.13383008947963, "edge_a": [-12, 430.0], "edge_b": [-10, 328.5], "depth": 430.0, "passable": false, "chosen": false}, {"width": 19.074155522113397, "center_angle": 50.56046719321166, "edge_a": [49, 190.5], "edge_b": [52, 206.5], "depth": 206.5, "passable": false, "chosen": false}, {"width": 291.0388512029614, "center_angle": 85.29512616066194, "edge_a": [52, 206.5], "edge_b": [103, 372.75], "depth": 372.75, "passable": true, "chosen": true}], "scan": [[-2, 320.5], [-1, 316.0], [0, 306.0], [1, 302.0], [2, 292.0], [3, 288.0], [4, 278.0], [5, 275.0], [6, 272.0], [7, 266.5], [8, 263.5], [9, 255.5], [10, 252.5], [11, 251.0], [12, 246.5], [13, 243.5], [14, 240.0], [15, 236.5], [16, 234.5], [17, 230.0], [18, 229.0], [19, 226.5], [20, 223.0], [21, 221.0], [22, 217.0], [23, 214.5], [24, 212.5], [25, 210.5], [26, 208.5], [27, 205.5], [28, 205.0], [29, 203.5], [30, 203.5], [31, 201.5], [32, 200.0], [33, 199.0], [34, 199.0], [35, 198.0], [36, 196.0], [37, 195.5], [38, 194.5], [39, 194.0], [40, 192.0], [41, 192.0], [42, 192.5], [43, 190.5], [44, 191.0], [45, 191.0], [46, 191.0], [47, 191.5], [48, 192.0], [49, 190.5], [52, 206.5], [58, 1229.5], [59, 1235.0], [60, 1235.5], [61, 1234.5], [62, 1236.0], [64, 766.5], [65, 761.5], [66, 750.0], [67, 743.5], [68, 733.5], [69, 728.0], [70, 718.5], [71, 711.5], [72, 707.0], [73, 699.0], [74, 695.5], [75, 690.0], [76, 685.0], [77, 682.0], [78, 675.0], [79, 672.5], [80, 666.5], [81, 664.5], [82, 661.0], [83, 659.0], [84, 655.0], [85, 655.0], [91, 1760.0], [92, 1669.0], [93, 1627.5], [94, 1563.0], [95, 1535.5], [97, 1396.0], [98, 1363.5], [99, 1294.5], [100, 1267.0], [101, 1237.5], [103, 372.75], [104, 370.0], [105, 368.5], [106, 366.5], [107, 364.0], [108, 361.5], [109, 358.0], [110, 357.0], [111, 356.5], [112, 353.0], [113, 353.0], [114, 350.0], [115, 350.0], [116, 347.5], [117, 346.5], [118, 346.0], [119, 345.0], [120, 343.0], [121, 343.5], [122, 344.0], [123, 343.5], [124, 342.5], [125, 340.5], [126, 338.5], [127, 339.5], [128, 342.0], [129, 344.5], [130, 345.5], [131, 346.0], [132, 345.5], [133, 347.5], [134, 348.5], [135, 349.5], [136, 351.5], [138, 676.5], [139, 682.0], [140, 689.0], [141, 681.0], [142, 670.0], [143, 660.5], [144, 668.5], [145, 660.0], [146, 649.5], [147, 647.0], [148, 646.0], [149, 643.0], [150, 641.5], [151, 641.0], [152, 641.0], [153, 639.5], [154, 639.5], [155, 639.0], [156, 639.5], [157, 640.5], [158, 639.5], [159, 640.5], [160, 641.0], [161, 641.5], [162, 643.0], [163, 645.0], [164, 645.0], [165, 646.0], [166, 649.5], [167, 650.5], [168, 654.0], [169, 654.5], [170, 656.5], [171, 660.0], [172, 661.0], [173, 668.0], [174, 675.5], [175, 669.0], [176, 659.5], [177, 657.0], [178, 658.0], [-180, 694.5], [-179, 697.5], [-178, 693.0], [-177, 691.0], [-175, 731.0], [-174, 727.5], [-173, 720.0], [-171, 747.0], [-170, 744.0], [-169, 742.0], [-168, 748.5], [-167, 757.5], [-166, 763.5], [-165, 771.5], [-164, 780.0], [-163, 788.0], [-162, 802.5], [-161, 809.5], [-160, 828.5], [-158, 320.0], [-157, 314.5], [-156, 306.0], [-155, 303.0], [-154, 298.0], [-153, 290.0], [-152, 286.5], [-151, 279.5], [-150, 276.0], [-149, 272.5], [-148, 267.5], [-147, 264.5], [-146, 260.0], [-145, 258.0], [-144, 254.0], [-143, 251.0], [-142, 248.0], [-141, 244.5], [-140, 242.5], [-139, 239.5], [-138, 238.5], [-137, 235.5], [-136, 232.5], [-135, 230.75], [-134, 228.25], [-133, 226.25], [-132, 224.0], [-131, 222.5], [-130, 222.0], [-129, 220.0], [-128, 219.5], [-127, 214.5], [-126, 214.0], [-125, 213.5], [-124, 212.5], [-123, 211.0], [-122, 210.0], [-121, 209.75], [-120, 207.5], [-119, 207.0], [-118, 207.0], [-117, 207.0], [-116, 206.5], [-115, 204.0], [-114, 204.5], [-113, 205.0], [-112, 204.0], [-111, 202.5], [-110, 201.0], [-109, 202.5], [-108, 203.0], [-107, 204.5], [-106, 205.5], [-105, 205.0], [-104, 205.0], [-103, 207.5], [-102, 208.5], [-101, 208.5], [-100, 209.5], [-99, 211.0], [-98, 211.5], [-97, 218.0], [-89, 1215.5], [-88, 1144.5], [-87, 1114.5], [-86, 1059.5], [-85, 1037.0], [-84, 995.5], [-82, 942.0], [-81, 905.5], [-80, 895.5], [-79, 863.0], [-78, 850.5], [-77, 838.0], [-76, 804.5], [-75, 801.5], [-73, 752.0], [-71, 718.5], [-70, 705.5], [-69, 688.5], [-68, 681.0], [-67, 663.0], [-66, 644.5], [-65, 634.0], [-64, 621.5], [-63, 605.5], [-62, 592.0], [-61, 589.5], [-60, 581.0], [-58, 552.0], [-57, 548.0], [-56, 544.0], [-55, 530.5], [-54, 526.5], [-53, 521.0], [-52, 506.5], [-51, 502.5], [-50, 494.0], [-49, 489.5], [-48, 485.5], [-47, 479.0], [-46, 478.0], [-45, 473.0], [-44, 472.0], [-43, 469.5], [-42, 462.5], [-41, 459.0], [-40, 454.5], [-39, 452.5], [-38, 448.5], [-37, 446.5], [-36, 445.5], [-35, 439.0], [-34, 438.0], [-33, 435.5], [-32, 433.0], [-31, 431.0], [-30, 428.5], [-29, 428.5], [-28, 428.0], [-27, 426.0], [-26, 423.0], [-25, 422.0], [-24, 424.0], [-23, 422.0], [-22, 423.5], [-21, 424.0], [-20, 423.0], [-19, 423.5], [-18, 424.0], [-17, 423.5], [-16, 424.5], [-15, 426.0], [-14, 426.0], [-13, 425.5], [-12, 430.0], [-10, 328.5], [-9, 322.5], [-8, 309.0], [-7, 304.0], [-6, 294.0], [-5, 288.0], [-4, 279.5], [-3, 274.5]]}