{"heading": 33.6, "target": 150.50373816786126, "gap_dist": 274.47012455891297, "gap_info": [{"width": 266.40979629332594, "center_angle": -35.17126151392569, "edge_a": [-180, 118.5], "edge_b": [-14, 189.0], "depth": 189.0, "passable": false, "chosen": false}, {"width": 224.00666612424334, "center_angle": 54.98115559030979, "edge_a": [25, 224.0], "edge_b": [84, 230.75], "depth": 230.75, "passable": false, "chosen": false}, {"width": 202.0080309189079, "center_angle": 105.91598761174919, "edge_a": [89, 231.5], "edge_b": [114, 479.0], "depth": 479.0, "passable": false, "chosen": false}, {"width": 274.47012455891297, "center_angle": 150.50373816786126, "edge_a": [146, 490.5], "edge_b": [171, 110.0], "depth": 490.5, "passable": true, "chosen": true}], "scan": [[-4, 150.0], [-3, 148.0], [-2, 177.0], [-1, 176.0], [0, 173.0], [1, 173.5], [2, 175.0], [3, 174.5], [4, 174.5], [5, 176.0], [6, 177.0], [7, 177.0], [8, 178.0], [9, 179.0], [10, 181.5], [11, 182.0], [12, 182.0], [13, 185.5], [14, 186.0], [15, 189.0], [16, 191.0], [17, 191.0], [18, 195.0], [19, 197.0], [20, 201.0], [21, 203.0], [22, 211.0], [23, 215.5], [24, 220.0], [25, 224.0], [36, 8217.5], [38, 7691.5], [40, 771.5], [42, 4869.0], [53, 3296.5], [54, 3297.5], [56, 3013.0], [57, 2933.5], [59, 2577.0], [60, 2462.0], [61, 2407.5], [62, 2355.0], [63, 2258.0], [64, 2215.0], [65, 2132.5], [66, 2094.5], [68, 702.0], [69, 698.0], [71, 1869.5], [72, 1821.0], [74, 1441.0], [75, 1414.0], [76, 1363.0], [77, 1341.5], [78, 1301.25], [79, 1283.25], [80, 1263.0], [82, 1220.5], [84, 230.75], [85, 231.5], [86, 228.5], [87, 228.0], [88, 229.0], [89, 231.5], [92, 873.5], [93, 864.0], [94, 851.0], [95, 842.5], [96, 825.0], [97, 817.5], [98, 806.0], [99, 800.0], [100, 794.5], [101, 792.5], [102, 816.0], [103, 831.5], [104, 846.0], [105, 884.5], [106, 907.0], [107, 954.0], [109, 1032.5], [110, 1032.0], [111, 1027.5], [114, 479.0], [115, 453.0], [116, 442.0], [117, 420.5], [118, 412.0], [119, 395.0], [120, 385.5], [121, 369.5], [122, 362.0], [123, 347.0], [124, 343.0], [125, 344.5], [126, 341.0], [127, 344.0], [128, 347.0], [129, 353.5], [130, 357.0], [131, 364.5], [132, 368.5], [133, 379.0], [134, 383.0], [135, 392.25], [136, 397.5], [137, 401.25], [138, 411.25], [139, 416.75], [140, 422.5], [141, 436.5], [142, 442.5], [143, 457.0], [144, 465.5], [145, 480.25], [146, 490.5], [147, 500.5], [148, 520.5], [149, 532.0], [150, 554.0], [152, 858.0], [153, 871.0], [154, 887.5], [155, 918.5], [156, 935.0], [157, 976.0], [160, 1356.0], [166, 67.5], [171, 110.0], [173, 117.5], [174, 119.75], [176, 126.5], [177, 126.0], [178, 124.25], [179, 121.0], [180, 119.0], [-180, 118.5], [-170, 77.0], [-168, 70.25], [-166, 2900.0], [-165, 2890.5], [-164, 2889.0], [-163, 2885.5], [-162, 2879.5], [-155, 2639.5], [-152, 2704.0], [-150, 6884.0], [-149, 6911.5], [-148, 6946.5], [-145, 9415.5], [-144, 9412.0], [-142, 10504.5], [-141, 10600.0], [-140, 10603.0], [-132, 2223.5], [-130, 2345.5], [-129, 2326.0], [-122, 4519.5], [-121, 4504.0], [-117, 2795.0], [-116, 2760.0], [-112, 2448.5], [-110, 8807.0], [-87, 3108.0], [-82, 6638.5], [-76, 6448.5], [-75, 6483.5], [-72, 6409.5], [-71, 6391.5], [-70, 6358.0], [-69, 6344.0], [-67, 6298.5], [-65, 6259.5], [-64, 6256.5], [-62, 4760.0], [-60, 6070.0], [-54, 1399.5], [-53, 1418.5], [-52, 1429.0], [-49, 2839.0], [-48, 2875.0], [-46, 6358.0], [-42, 6473.5], [-41, 6493.5], [-39, 1499.5], [-38, 1493.0], [-37, 1488.0], [-35, 6760.0], [-32, 6730.5], [-19, 2790.5], [-18, 2814.0], [-17, 2928.5], [-14, 189.0], [-13, 188.0], [-12, 184.0], [-10, 166.5], [-8, 155.0], [-7, 154.0], [-5, 151.5]]}