{"heading": 52.1, "target": 8.456217880773654, "gap_dist": 594.9994602578676, "gap_info": [{"width": 558.47381515613, "center_angle": -156.21301180162396, "edge_a": [-165.53125, 784.0], "edge_b": [-131.53125, 304.0], "depth": 784.0, "passable": true, "chosen": false}, {"width": 594.9994602578676, "center_angle": 8.456217880773654, "edge_a": [4.421875, 794.0], "edge_b": [23.515625, 215.0], "depth": 794.0, "passable": true, "chosen": true}], "scan": [[-3.1875, 726.5], [-2.5, 732.0], [-1.796875, 737.5], [-1.109375, 741.5], [-0.40625, 746.5], [0.28125, 758.0], [0.984375, 771.0], [1.671875, 770.0], [2.359375, 767.5], [3.046875, 778.0], [3.734375, 788.0], [4.421875, 794.0], [5.140625, 808.0], [5.828125, 823.0], [6.53125, 827.5], [7.21875, 829.0], [7.921875, 834.5], [8.609375, 849.5], [9.3125, 856.5], [10.0, 857.5], [10.890625, 866.0], [11.625, 872.5], [12.375, 877.5], [13.109375, 884.5], [13.6875, 892.0], [14.375, 900.0], [15.078125, 910.0], [15.765625, 922.0], [16.5, 935.0], [17.203125, 946.0], [17.90625, 958.5], [18.609375, 977.0], [19.296875, 997.0], [19.984375, 1013.5], [20.6875, 1032.5], [21.375, 1052.0], [22.109375, 1070.0], [23.515625, 215.0], [24.90625, 210.5], [25.59375, 209.0], [26.296875, 207.5], [26.984375, 206.5], [27.71875, 205.0], [28.421875, 203.0], [29.125, 201.5], [29.828125, 200.0], [30.25, 198.5], [30.875, 198.5], [31.515625, 197.5], [32.140625, 196.0], [33.015625, 194.5], [33.703125, 192.0], [34.390625, 190.75], [35.078125, 189.75], [35.78125, 190.0], [36.46875, 189.25], [37.15625, 189.25], [37.84375, 190.0], [38.5625, 188.5], [39.25, 186.5], [39.953125, 185.5], [40.640625, 185.0], [41.328125, 184.0], [42.015625, 184.5], [42.703125, 183.0], [43.390625, 182.0], [44.09375, 182.5], [44.78125, 181.0], [45.46875, 181.0], [46.15625, 181.0], [47.125, 180.0], [47.875, 179.0], [48.640625, 178.5], [49.390625, 178.5], [49.9375, 179.0], [50.640625, 178.5], [51.34375, 176.0], [52.046875, 175.0], [52.734375, 174.0], [53.421875, 173.0], [54.125, 172.5], [54.8125, 172.0], [55.546875, 173.0], [56.25, 174.5], [56.953125, 175.0], [57.65625, 174.5], [58.34375, 175.5], [59.03125, 177.0], [59.734375, 177.0], [60.421875, 177.0], [61.15625, 176.5], [61.859375, 177.0], [62.5625, 177.5], [63.265625, 177.5], [63.859375, 179.0], [64.53125, 179.0], [65.203125, 178.0], [65.875, 177.5], [66.65625, 178.0], [67.34375, 180.5], [68.046875, 182.5], [68.734375, 183.0], [69.4375, 182.5], [70.125, 184.0], [70.828125, 186.5], [71.515625, 187.5], [72.21875, 187.25], [72.90625, 187.25], [73.609375, 189.5], [74.296875, 191.0], [75.015625, 191.25], [75.703125, 191.75], [76.40625, 192.5], [77.09375, 193.5], [77.796875, 194.0], [78.484375, 195.0], [79.1875, 196.5], [79.875, 197.0], [80.59375, 197.5], [81.28125, 199.0], [81.984375, 200.5], [82.671875, 202.0], [83.296875, 204.5], [83.96875, 206.0], [84.640625, 207.0], [85.3125, 208.5], [86.0625, 210.0], [86.75, 211.5], [87.4375, 214.0], [88.125, 216.0], [88.84375, 216.5], [89.53125, 218.5], [90.234375, 221.0], [90.921875, 223.5], [91.625, 226.0], [92.3125, 227.5], [93.015625, 229.5], [93.703125, 232.0], [94.40625, 234.5], [95.09375, 237.5], [95.796875, 240.0], [96.484375, 242.5], [97.171875, 246.0], [97.859375, 248.5], [98.546875, 251.0], [99.234375, 255.5], [100.140625, 259.0], [101.625, 276.5], [102.359375, 280.5], [102.921875, 284.0], [103.609375, 289.0], [104.3125, 294.5], [105.0, 298.5], [105.71875, 301.0], [106.40625, 304.5], [107.109375, 310.5], [107.796875, 316.0], [108.53125, 321.5], [109.234375, 327.0], [109.9375, 332.0], [110.640625, 337.5], [111.3125, 343.5], [112.0, 349.5], [112.703125, 355.0], [113.390625, 361.5], [114.140625, 369.5], [114.84375, 378.0], [115.546875, 384.5], [116.25, 391.5], [116.921875, 401.0], [117.609375, 409.5], [118.3125, 419.0], [119.0, 430.0], [119.484375, 441.5], [120.125, 455.0], [121.40625, 483.0], [123.671875, 528.5], [125.03125, 520.5], [126.40625, 547.0], [127.09375, 540.5], [127.828125, 535.0], [128.515625, 532.5], [129.21875, 531.0], [129.90625, 533.5], [130.578125, 534.5], [131.265625, 531.0], [131.953125, 533.0], [133.34375, 518.5], [134.03125, 517.0], [134.71875, 514.5], [135.40625, 512.0], [136.3125, 511.0], [137.046875, 512.5], [137.796875, 520.0], [139.140625, 506.5], [139.84375, 502.5], [140.546875, 498.0], [141.25, 497.5], [141.921875, 497.5], [142.609375, 497.0], [143.3125, 495.5], [144.0, 495.0], [144.71875, 494.5], [145.40625, 494.0], [146.109375, 495.0], [146.796875, 495.0], [147.53125, 495.5], [148.234375, 496.5], [148.9375, 496.0], [149.640625, 495.0], [150.3125, 495.0], [151.0, 495.0], [151.703125, 496.5], [152.390625, 497.0], [153.125, 497.0], [153.828125, 498.5], [154.53125, 501.5], [155.234375, 503.0], [155.859375, 502.0], [156.53125, 502.0], [157.21875, 504.5], [157.890625, 509.0], [158.65625, 510.5], [159.34375, 510.5], [160.046875, 513.5], [160.734375, 515.25], [161.4375, 516.0], [162.125, 519.5], [162.828125, 523.0], [163.515625, 525.75], [164.25, 527.75], [164.953125, 528.5], [165.65625, 531.0], [166.359375, 535.5], [167.03125, 538.5], [167.71875, 540.0], [168.421875, 543.0], [169.109375, 547.5], [169.828125, 551.5], [170.515625, 555.5], [171.21875, 558.5], [171.90625, 560.5], [172.5625, 564.5], [173.234375, 570.0], [173.921875, 574.0], [174.59375, 577.5], [175.34375, 582.0], [176.03125, 588.0], [176.734375, 592.0], [177.421875, 594.0], [178.140625, 599.0], [178.828125, 608.0], [179.53125, 615.5], [-179.78125, 620.5], [-179.078125, 625.0], [-178.390625, 630.5], [-177.6875, 635.0], [-177.0, 638.0], [-176.296875, 648.5], [-175.609375, 657.0], [-174.90625, 662.0], [-174.21875, 670.5], [-173.515625, 679.5], [-172.828125, 688.5], [-172.125, 694.5], [-171.4375, 702.0], [-170.71875, 710.5], [-170.03125, 719.0], [-168.640625, 756.5], [-167.75, 770.0], [-167.015625, 771.5], [-166.265625, 766.5], [-165.53125, 784.0], [-164.953125, 802.0], [-164.265625, 805.5], [-163.5625, 812.0], [-162.875, 833.0], [-162.140625, 840.0], [-161.4375, 840.5], [-160.734375, 853.0], [-160.03125, 867.5], [-159.34375, 883.0], [-158.65625, 898.0], [-157.953125, 915.0], [-157.265625, 935.0], [-156.53125, 953.5], [-155.828125, 974.0], [-155.125, 998.5], [-154.421875, 1021.0], [-153.71875, 1041.5], [-153.015625, 1066.0], [-152.3125, 1095.5], [-150.265625, 1199.5], [-149.578125, 1221.5], [-148.15625, 1287.5], [-147.46875, 1310.5], [-146.765625, 1346.5], [-146.078125, 1384.5], [-145.359375, 1425.5], [-139.078125, 6537.5], [-136.953125, 2727.0], [-131.53125, 304.0], [-130.875, 301.5], [-130.203125, 301.0], [-129.546875, 300.0], [-128.75, 300.0], [-128.0625, 300.0], [-127.359375, 298.0], [-126.671875, 296.0], [-125.984375, 294.0], [-125.296875, 294.5], [-124.609375, 296.5], [-123.921875, 296.5], [-123.1875, 296.0], [-122.5, 297.0], [-121.796875, 299.0], [-121.109375, 299.5], [-120.40625, 299.0], [-119.71875, 299.5], [-119.015625, 300.0], [-118.328125, 300.5], [-117.640625, 302.0], [-116.953125, 302.5], [-116.265625, 302.0], [-115.578125, 303.0], [-114.875, 305.0], [-114.1875, 305.5], [-113.5, 305.5], [-112.8125, 306.5], [-112.109375, 307.5], [-111.421875, 308.0], [-110.734375, 308.5], [-110.046875, 309.5], [-109.328125, 311.0], [-108.640625, 312.5], [-107.9375, 314.0], [-107.25, 315.5], [-106.546875, 317.5], [-105.859375, 318.5], [-105.15625, 319.25], [-104.46875, 321.5], [-103.78125, 323.5], [-103.09375, 326.0], [-102.40625, 326.75], [-101.71875, 327.5], [-101.0, 331.0], [-100.3125, 333.5], [-99.609375, 335.5], [-98.921875, 337.5], [-98.140625, 339.5], [-97.4375, 342.75], [-96.71875, 346.0], [-96.015625, 346.75], [-95.359375, 348.5], [-94.671875, 352.0], [-93.96875, 355.0], [-93.28125, 358.0], [-92.5625, 360.5], [-91.875, 364.0], [-91.171875, 366.5], [-90.484375, 370.0], [-89.765625, 374.5], [-89.078125, 377.0], [-88.375, 381.0], [-87.6875, 385.0], [-87.0, 388.0], [-86.3125, 392.0], [-85.625, 397.0], [-84.9375, 403.5], [-84.203125, 413.5], [-83.515625, 422.5], [-82.8125, 428.0], [-82.125, 433.5], [-81.421875, 439.5], [-80.734375, 444.5], [-80.03125, 449.5], [-79.34375, 455.0], [-78.640625, 461.0], 