{"heading": 13.6, "target": -59.18934726854512, "gap_dist": 365.86765688041794, "gap_info": [{"width": 365.86765688041794, "center_angle": -59.18934726854512, "edge_a": [-88, 345.0], "edge_b": [-4, 202.5], "depth": 345.0, "passable": true, "chosen": true}, {"width": 135.1256018280753, "center_angle": 69.81601991849458, "edge_a": [68, 289.5], "edge_b": [71, 444.0], "depth": 444.0, "passable": false, "chosen": false}], "scan": [[-4, 202.5], [-3, 201.5], [-2, 199.0], [-1, 199.5], [0, 198.5], [1, 196.5], [2, 196.0], [3, 195.0], [4, 195.0], [5, 193.0], [6, 191.5], [7, 191.5], [8, 189.5], [9, 190.0], [10, 191.0], [11, 187.5], [12, 187.0], [13, 186.0], [14, 185.0], [15, 183.0], [16, 183.0], [17, 182.5], [18, 183.0], [19, 184.0], [20, 183.0], [21, 183.5], [22, 185.5], [23, 185.5], [24, 186.5], [25, 187.0], [26, 187.5], [27, 188.5], [28, 188.5], [29, 189.5], [30, 191.0], [31, 193.5], [32, 193.0], [33, 194.0], [34, 194.5], [35, 196.5], [36, 198.0], [37, 198.5], [38, 199.0], [39, 200.0], [40, 202.5], [41, 203.5], [42, 205.0], [43, 206.5], [44, 208.0], [45, 210.0], [46, 211.5], [47, 213.0], [48, 215.5], [49, 218.0], [50, 220.0], [51, 223.5], [52, 224.5], [53, 228.0], [54, 229.0], [55, 230.5], [56, 236.0], [57, 238.0], [58, 243.5], [59, 245.0], [60, 247.0], [61, 255.0], [62, 258.5], [63, 263.5], [64, 267.5], [65, 275.0], [66, 279.0], [67, 285.25], [68, 289.5], [71, 444.0], [72, 441.0], [73, 434.5], [75, 425.5], [76, 424.0], [77, 421.0], [78, 413.0], [79, 407.5], [80, 406.0], [81, 402.0], [82, 400.5], [83, 392.5], [84, 390.0], [85, 388.0], [86, 385.0], [87, 380.5], [88, 378.5], [89, 377.0], [90, 371.0], [91, 369.0], [92, 365.0], [93, 362.5], [94, 364.5], [95, 358.5], [96, 357.0], [97, 353.0], [98, 353.0], [99, 352.5], [100, 348.5], [101, 347.0], [102, 347.0], [103, 346.5], [104, 346.5], [105, 345.5], [106, 346.5], [107, 346.5], [108, 347.5], [109, 347.0], [110, 347.0], [111, 346.0], [112, 346.0], [113, 346.5], [114, 348.0], [115, 349.0], [116, 349.5], [117, 349.5], [118, 349.5], [119, 351.5], [120, 353.0], [121, 354.5], [122, 356.0], [123, 357.5], [124, 361.0], [125, 363.25], [126, 365.0], [127, 369.0], [128, 371.0], [129, 375.0], [130, 377.5], [131, 382.0], [132, 385.25], [133, 390.25], [134, 388.0], [135, 390.5], [136, 399.0], [137, 399.5], [138, 401.5], [139, 403.5], [140, 415.0], [141, 416.5], [142, 421.0], [143, 425.0], [144, 430.5], [145, 437.5], [146, 445.0], [147, 447.0], [148, 454.5], [150, 471.0], [151, 471.0], [152, 480.5], [153, 485.0], [154, 498.5], [155, 509.5], [156, 521.0], [157, 524.5], [158, 543.5], [159, 551.5], [160, 559.5], [161, 573.0], [162, 580.0], [163, 606.5], [164, 617.5], [165, 624.0], [166, 650.0], [167, 661.5], [169, 700.0], [170, 707.0], [171, 712.5], [172, 723.5], [173, 758.5], [175, 812.0], [176, 836.5], [177, 888.5], [178, 912.0], [-179, 677.5], [-178, 674.5], [-177, 671.5], [-176, 668.0], [-175, 666.5], [-174, 664.0], [-173, 661.0], [-172, 660.0], [-171, 659.0], [-170, 657.5], [-169, 655.0], [-168, 652.5], [-167, 653.0], [-166, 653.0], [-165, 652.0], [-164, 651.0], [-163, 652.0], [-162, 650.5], [-161, 652.0], [-160, 653.0], [-159, 652.5], [-158, 656.0], [-157, 656.5], [-156, 656.5], [-155, 657.5], [-154, 658.0], [-153, 660.0], [-148, 1213.5], [-147, 1214.0], [-146, 1218.0], [-145, 1218.0], [-144, 1220.0], [-143, 1227.5], [-142, 1230.5], [-141, 1236.5], [-140, 1240.0], [-139, 1245.0], [-138, 1252.0], [-137, 1257.5], [-136, 1266.5], [-135, 1273.5], [-133, 1677.0], [-132, 1601.5], [-131, 1567.5], [-130, 1508.0], [-129, 1481.0], [-127, 1377.0], [-126, 1328.5], [-125, 1308.0], [-124, 1288.5], [-123, 1253.0], [-122, 1238.0], [-121, 1208.0], [-120, 1193.0], [-119, 1178.5], [-118, 1161.5], [-116, 432.5], [-115, 427.0], [-114, 416.5], [-113, 411.0], [-112, 405.5], [-111, 397.0], [-110, 390.5], [-109, 382.0], [-108, 377.0], [-107, 369.0], [-106, 365.5], [-105, 361.0], [-104, 353.5], [-103, 349.0], [-102, 343.0], [-101, 339.5], [-100, 333.25], [-99, 330.0], [-98, 327.5], [-97, 323.75], [-96, 321.5], [-95, 319.0], [-94, 316.5], [-93, 315.5], [-92, 314.5], [-91, 315.5], [-90, 319.5], [-88, 345.0], [-78, 757.0], [-77, 756.0], [-76, 756.5], [-75, 754.0], [-74, 752.0], [-73, 746.0], [-72, 744.5], [-71, 742.0], [-70, 742.5], [-69, 741.0], [-68, 737.0], [-67, 738.0], [-66, 740.0], [-65, 740.0], [-64, 738.5], [-63, 738.5], [-62, 742.0], [-61, 743.5], [-60, 748.0], [-59, 748.5], [-58, 749.5], [-57, 753.5], [-56, 754.5], [-55, 758.5], [-54, 761.0], [-53, 766.5], [-52, 768.5], [-51, 770.5], [-50, 781.5], [-49, 784.0], [-48, 790.0], [-47, 795.5], [-46, 798.5], [-45, 806.5], [-44, 812.5], [-43, 823.0], [-42, 823.5], [-41, 820.5], [-40, 818.5], [-39, 819.0], [-38, 833.0], [-37, 835.0], [-36, 847.0], [-35, 854.5], [-34, 861.5], [-33, 876.0], [-32, 880.0], [-31, 900.0], [-30, 904.5], [-29, 919.5], [-28, 927.5], [-27, 939.0], [-26, 961.0], [-25, 972.5], [-24, 997.5], [-23, 1009.5], [-21, 779.5], [-20, 770.0], [-19, 770.5], [-18, 770.0], [-17, 774.5], [-16, 775.0], [-15, 775.5], [-14, 781.0], [-13, 782.5], [-12, 785.5], [-11, 787.0], [-10, 789.0], [-9, 795.5], [-8, 799.0], [-7, 804.0], [-6, 807.5], [-5, 811.5]]}