{"heading": 38.6, "target": 92.82368689979124, "gap_dist": 520.8918541909937, "gap_info": [{"width": 150.6228862025052, "center_angle": -108.82698644033384, "edge_a": [-111, 618.5], "edge_b": [-106, 475.5], "depth": 618.5, "passable": false, "chosen": false}, {"width": 182.9221782773638, "center_angle": 26.895807454656556, "edge_a": [24, 469.5], "edge_b": [29, 646.0], "depth": 646.0, "passable": false, "chosen": false}, {"width": 520.8918541909937, "center_angle": 92.82368689979124, "edge_a": [85, 769.0], "edge_b": [113, 303.5], "depth": 769.0, "passable": true, "chosen": true}], "scan": [[-3, 255.0], [-2, 274.0], [-1, 271.0], [0, 280.0], [1, 283.0], [2, 283.5], [4, 297.5], [6, 313.0], [7, 317.5], [8, 320.5], [9, 334.0], [10, 334.5], [12, 349.0], [13, 352.5], [14, 357.0], [16, 379.5], [17, 388.0], [18, 393.5], [19, 412.5], [20, 418.0], [22, 448.5], [24, 469.5], [29, 646.0], [31, 689.5], [34, 668.0], [35, 663.0], [36, 657.5], [37, 655.5], [38, 653.0], [39, 650.0], [40, 647.5], [41, 646.5], [42, 643.5], [43, 643.5], [44, 642.0], [45, 638.5], [46, 638.5], [47, 639.5], [48, 634.5], [49, 633.5], [50, 631.0], [51, 630.0], [52, 631.5], [53, 634.0], [54, 635.0], [55, 636.0], [56, 638.5], [57, 638.5], [58, 639.0], [59, 639.5], [60, 641.0], [64, 647.0], [65, 649.5], [66, 655.0], [67, 657.0], [68, 660.0], [69, 666.5], [70, 668.5], [71, 676.0], [72, 680.0], [73, 683.0], [74, 687.0], [75, 691.0], [76, 700.0], [77, 704.0], [78, 715.5], [79, 722.5], [80, 727.5], [81, 738.0], [82, 744.5], [83, 754.0], [84, 760.0], [85, 769.0], [87, 1514.5], [88, 1446.5], [89, 1432.0], [90, 1404.5], [91, 1347.5], [92, 1336.5], [94, 1283.5], [95, 1251.0], [97, 1197.5], [98, 1184.0], [99, 1171.5], [100, 1148.5], [101, 1135.0], [102, 1114.0], [103, 1102.5], [104, 1093.5], [105, 1072.5], [106, 1065.0], [107, 1050.0], [108, 1042.0], [109, 1033.5], [110, 1029.0], [111, 1017.5], [113, 303.5], [114, 297.0], [115, 295.0], [116, 291.0], [117, 289.5], [118, 287.5], [119, 284.5], [120, 282.0], [121, 281.0], [122, 278.5], [123, 277.5], [124, 277.5], [125, 275.0], [126, 274.5], [127, 273.5], [128, 272.0], [129, 269.5], [130, 269.0], [131, 269.0], [132, 268.5], [133, 268.0], [134, 268.0], [135, 267.5], [136, 265.0], [137, 264.5], [138, 263.5], [139, 263.0], [140, 264.0], [141, 263.0], [142, 265.0], [143, 264.0], [144, 266.5], [145, 266.5], [146, 265.0], [147, 268.0], [148, 268.0], [149, 270.0], [150, 270.5], [151, 271.0], [152, 272.0], [153, 274.0], [154, 276.5], [157, 934.5], [158, 943.0], [159, 946.0], [160, 953.0], [161, 955.5], [162, 961.0], [163, 970.5], [164, 976.5], [165, 988.5], [166, 995.0], [167, 1009.5], [168, 1017.0], [169, 1032.0], [170, 1043.0], [171, 1044.5], [172, 1038.0], [173, 1040.5], [174, 1057.0], [175, 1065.0], [176, 1086.5], [177, 1094.5], [178, 1113.5], [179, 1123.5], [180, 1135.0], [-180, 1146.5], [-179, 1158.0], [-178, 1170.5], [-177, 1196.0], [-172, 4666.0], [-168, 3550.5], [-163, 6296.0], [-156, 3476.5], [-150, 1742.0], [-149, 1741.0], [-147, 1570.0], [-146, 1577.0], [-145, 1593.5], [-142, 1593.5], [-140, 14948.5], [-139, 14890.5], [-138, 14863.5], [-135, 14787.5], [-125, 2281.5], [-124, 2288.0], [-114, 716.5], [-113, 696.5], [-111, 618.5], [-106, 475.5], [-104, 445.0], [-102, 419.0], [-100, 393.0], [-98, 371.5], [-97, 363.0], [-96, 349.5], [-94, 330.5], [-93, 326.5], [-92, 321.0], [-91, 319.0], [-89, 304.5], [-87, 285.0], [-86, 286.5], [-84, 272.5], [-83, 265.5], [-82, 265.0], [-79, 249.0], [-77, 238.0], [-76, 236.5], [-75, 238.0], [-74, 230.5], [-73, 229.0], [-72, 229.0], [-70, 219.5], [-69, 216.0], [-68, 215.0], [-67, 215.0], [-66, 213.5], [-65, 208.5], [-64, 205.5], [-61, 199.5], [-60, 199.0], [-59, 197.5], [-58, 197.5], [-55, 191.0], [-53, 187.0], [-52, 188.0], [-51, 184.5], [-50, 183.5], [-49, 183.0], [-48, 183.5], [-47, 182.5], [-46, 183.0], [-45, 182.0], [-44, 183.0], [-43, 183.5], [-42, 181.0], [-41, 182.5], [-40, 183.0], [-39, 183.0], [-38, 183.0], [-37, 184.5], [-36, 185.0], [-35, 183.5], [-34, 183.0], [-33, 182.5], [-32, 182.5], [-31, 183.0], [-30, 185.0], [-29, 187.5], [-28, 190.0], [-25, 195.5], [-24, 195.5], [-22, 200.0], [-21, 199.5], [-20, 201.5], [-19, 210.0], [-18, 209.5], [-17, 210.5], [-16, 210.5], [-14, 220.5], [-13, 222.0], [-12, 227.0], [-11, 228.0], [-10, 226.5], [-9, 230.5], [-8, 230.5], [-7, 240.0], [-6, 242.0], [-5, 242.5]]}