{"heading": -29.3, "target": -24.894218159966222, "gap_dist": 349.64932238808564, "gap_info": [{"width": 304.6814409352353, "center_angle": -87.23988137421422, "edge_a": [-118, 272.0], "edge_b": [-66, 384.0], "depth": 384.0, "passable": true, "chosen": false}, {"width": 349.64932238808564, "center_angle": -24.894218159966222, "edge_a": [-32, 406.0], "edge_b": [-21, 739.5], "depth": 739.5, "passable": true, "chosen": true}, {"width": 87.4231563133294, "center_angle": 113.81619604311683, "edge_a": [110, 365.5], "edge_b": [117, 438.0], "depth": 438.0, "passable": false, "chosen": false}, {"width": 137.50437198953702, "center_angle": 119.26373261736803, "edge_a": [117, 438.0], "edge_b": [121, 571.0], "depth": 571.0, "passable": false, "chosen": false}], "scan": [[-2, 320.0], [-1, 314.5], [1, 327.75], [3, 309.5], [7, 279.5], [8, 274.75], [9, 272.75], [12, 247.0], [13, 240.5], [14, 238.5], [15, 237.0], [16, 232.5], [17, 230.0], [18, 225.0], [19, 223.5], [20, 221.0], [21, 218.5], [22, 216.5], [23, 212.5], [24, 211.5], [25, 210.0], [26, 206.5], [27, 206.0], [28, 204.5], [29, 204.0], [30, 202.0], [31, 200.5], [32, 198.5], [33, 197.0], [34, 196.0], [35, 194.5], [36, 193.0], [37, 192.5], [38, 191.5], [39, 191.0], [40, 189.0], [41, 188.5], [42, 187.5], [43, 187.0], [44, 185.5], [45, 185.5], [46, 186.5], [47, 186.0], [48, 185.0], [49, 184.0], [50, 184.5], [51, 184.5], [52, 184.0], [53, 184.0], [54, 186.5], [55, 184.5], [56, 184.0], [57, 185.5], [58, 186.0], [59, 185.0], [60, 185.0], [61, 185.5], [62, 186.0], [63, 186.5], [64, 187.5], [65, 190.5], [66, 189.5], [67, 190.5], [68, 190.5], [69, 193.5], [70, 193.5], [71, 195.0], [72, 197.5], [73, 198.5], [74, 200.5], [75, 201.5], [76, 202.0], [77, 204.0], [78, 205.0], [79, 207.0], [80, 208.5], [82, 207.0], [83, 213.0], [84, 218.5], [85, 219.5], [86, 223.0], [87, 224.5], [88, 227.0], [89, 233.0], [90, 235.5], [91, 243.5], [92, 250.5], [93, 255.5], [94, 253.0], [95, 255.5], [96, 259.0], [97, 259.5], [98, 262.5], [99, 268.0], [100, 273.0], [102, 300.5], [103, 304.0], [104, 310.5], [106, 310.0], [110, 365.5], [117, 438.0], [121, 571.0], [122, 580.0], [123, 594.5], [124, 595.5], [125, 590.0], [126, 575.5], [127, 566.0], [128, 547.0], [129, 535.5], [130, 519.0], [131, 511.0], [132, 501.5], [133, 489.0], [134, 483.0], [135, 468.5], [136, 464.5], [137, 460.5], [138, 455.0], [139, 447.0], [140, 442.0], [141, 434.5], [142, 430.5], [143, 426.5], [144, 418.0], [145, 415.5], [146, 408.0], [147, 407.0], [148, 403.5], [149, 398.5], [150, 395.5], [151, 397.0], [152, 403.0], [153, 411.0], [154, 421.0], [157, 488.5], [158, 501.5], [160, 566.0], [162, 3090.0], [168, 2210.0], [169, 2086.5], [170, 2028.0], [171, 1922.5], [172, 1876.0], [173, 1833.0], [175, 1031.0], [176, 1010.5], [177, 1000.5], [178, 989.0], [179, 968.0], [-180, 959.5], [-179, 946.0], [-178, 938.0], [-177, 930.5], [-176, 920.0], [-175, 912.5], [-174, 900.0], [-173, 894.0], [-172, 890.5], [-171, 882.0], [-170, 893.5], [-169, 912.0], [-164, 1117.5], [-163, 1091.0], [-162, 1080.5], [-161, 1071.5], [-160, 1051.0], [-158, 320.5], [-157, 317.0], [-156, 315.0], [-155, 311.0], [-154, 309.0], [-153, 305.5], [-152, 301.5], [-151, 301.0], [-150, 297.0], [-149, 295.0], [-148, 292.5], [-147, 289.5], [-146, 288.0], [-145, 287.5], [-144, 286.0], [-143, 284.5], [-142, 282.0], [-141, 281.0], [-140, 278.5], [-139, 276.0], [-138, 275.5], [-137, 274.5], [-136, 273.5], [-135, 271.5], [-134, 271.5], [-133, 270.5], [-132, 270.0], [-131, 269.0], [-130, 269.5], [-129, 269.0], [-128, 268.5], [-127, 268.0], [-126, 267.0], [-125, 265.5], [-124, 264.0], [-123, 265.5], [-122, 267.5], [-121, 267.0], [-120, 269.5], [-119, 271.5], [-118, 272.0], [-114, 872.0], [-113, 874.5], [-112, 876.5], [-111, 881.0], [-110, 884.5], [-109, 894.0], [-108, 895.5], [-107, 903.5], [-106, 908.0], [-105, 916.0], [-104, 920.0], [-103, 924.0], [-102, 935.5], [-101, 941.0], [-100, 949.5], [-99, 954.5], [-98, 962.0], [-97, 974.0], [-96, 980.0], [-95, 986.5], [-94, 1000.0], [-93, 1009.0], [-92, 1026.0], [-91, 1036.5], [-90, 1045.5], [-89, 1064.5], [-88, 1073.0], [-87, 1093.5], [-86, 1103.5], [-85, 1114.5], [-84, 1136.5], [-83, 1099.0], [-82, 1082.0], [-81, 1064.0], [-80, 1033.5], [-79, 1019.5], [-78, 995.5], [-77, 982.5], [-76, 969.5], [-75, 948.0], [-74, 939.0], [-73, 918.5], [-72, 910.0], [-71, 904.5], [-70, 907.5], [-69, 935.5], [-68, 949.5], [-66, 384.0], [-65, 375.5], [-64, 371.0], [-63, 365.0], [-62, 361.0], [-61, 358.0], [-60, 354.5], [-59, 351.5], [-58, 345.5], [-57, 343.0], [-56, 340.5], [-55, 336.0], [-54, 334.0], [-53, 332.0], [-52, 329.0], [-51, 326.0], [-50, 322.0], [-49, 322.0], [-48, 319.5], [-47, 318.0], [-46, 316.5], [-45, 315.5], [-44, 314.0], [-43, 312.0], [-42, 312.5], [-41, 312.0], [-40, 310.0], [-39, 308.5], [-38, 306.0], [-37, 304.0], [-36, 302.5], [-35, 303.0], [-34, 305.5], [-32, 406.0], [-21, 739.5], [-20, 699.0], [-16, 590.5], [-14, 546.5], [-11, 469.5], [-9, 419.25], [-7, 392.5], [-5, 354.0]]}