{"heading": 6.4, "target": -69.47023548946541, "gap_dist": 545.633334133628, "gap_info": [{"width": 545.633334133628, "center_angle": -69.47023548946541, "edge_a": [-93, 474.5], "edge_b": [19, 189.5], "depth": 474.5, "passable": true, "chosen": true}, {"width": 284.51182060537457, "center_angle": 101.52375265908809, "edge_a": [88, 453.5], "edge_b": [170, 114.0], "depth": 453.5, "passable": true, "chosen": false}], "scan": [[-3, 737.5], [-2, 736.5], [-1, 747.5], [0, 743.5], [1, 740.5], [2, 738.5], [3, 735.0], [4, 734.0], [5, 731.0], [9, 1335.0], [10, 1328.0], [11, 1325.5], [12, 1322.0], [13, 1315.0], [14, 1313.5], [15, 1310.0], [16, 1308.5], [17, 1307.5], [19, 189.5], [20, 190.5], [21, 190.0], [22, 189.5], [23, 188.0], [24, 190.0], [25, 190.0], [26, 190.5], [27, 190.5], [28, 192.5], [29, 191.5], [30, 191.0], [31, 192.5], [32, 192.5], [33, 193.0], [34, 194.0], [35, 194.5], [36, 195.5], [37, 196.0], [38, 196.5], [39, 196.5], [40, 197.5], [41, 200.5], [42, 201.0], [43, 204.0], [44, 204.5], [45, 204.0], [46, 206.5], [47, 208.0], [48, 209.0], [49, 211.0], [50, 212.5], [51, 214.5], [52, 215.5], [53, 218.0], [54, 222.0], [55, 223.5], [56, 226.0], [57, 229.0], [58, 231.5], [59, 234.0], [60, 237.0], [61, 239.5], [62, 242.0], [63, 249.0], [64, 251.0], [65, 253.5], [66, 257.5], [67, 264.0], [68, 267.5], [69, 271.5], [71, 282.0], [72, 290.0], [73, 292.0], [74, 294.5], [76, 311.0], [77, 319.5], [78, 324.5], [79, 334.0], [81, 348.0], [82, 362.0], [84, 392.0], [86, 423.0], [88, 453.5], [91, 500.0], [93, 540.5], [97, 1567.5], [98, 1559.5], [104, 1826.5], [105, 1829.5], [106, 1836.5], [112, 1522.0], [113, 1519.5], [114, 1523.5], [117, 1544.0], [131, 3295.5], [135, 9681.0], [141, 4655.0], [147, 4667.0], [148, 4753.5], [150, 3266.5], [170, 114.0], [171, 113.5], [173, 121.0], [174, 124.0], [175, 125.75], [176, 128.25], [177, 128.0], [178, 125.75], [179, 123.75], [180, 124.0], [-175, 70.75], [-168, 72.25], [-165, 1085.0], [-164, 1100.5], [-163, 1098.5], [-161, 2902.0], [-160, 2746.5], [-159, 2668.5], [-158, 2597.0], [-156, 2273.0], [-155, 2167.0], [-154, 2117.0], [-153, 2023.0], [-152, 1981.0], [-151, 1941.0], [-150, 1866.5], [-149, 1833.0], [-148, 1764.5], [-147, 1735.5], [-146, 1680.0], [-145, 1667.5], [-141, 1281.0], [-140, 1273.5], [-139, 1273.5], [-138, 1294.0], [-137, 1315.5], [-135, 1406.0], [-133, 1023.0], [-132, 1025.5], [-130, 382.0], [-129, 379.5], [-128, 378.5], [-127, 379.5], [-126, 381.5], [-125, 383.5], [-124, 385.5], [-123, 386.0], [-122, 388.5], [-121, 388.5], [-120, 390.5], [-119, 391.5], [-118, 392.0], [-117, 394.0], [-116, 395.5], [-115, 397.5], [-114, 398.5], [-113, 402.0], [-112, 405.0], [-111, 406.0], [-110, 408.5], [-109, 411.0], [-108, 413.5], [-107, 416.5], [-106, 420.0], [-105, 422.5], [-104, 425.5], [-103, 429.0], [-102, 431.5], [-101, 438.0], [-100, 441.0], [-99, 446.5], [-98, 451.0], [-97, 457.0], [-96, 461.0], [-95, 465.0], [-94, 471.5], [-93, 474.5], [-91, 1036.5], [-90, 1027.0], [-89, 1031.0], [-88, 1032.0], [-87, 1032.5], [-86, 1033.0], [-85, 1036.0], [-84, 1037.5], [-83, 1040.5], [-82, 1045.5], [-81, 1048.5], [-80, 1052.5], [-79, 1054.5], [-78, 1058.0], [-77, 1064.0], [-76, 1068.5], [-75, 1074.5], [-74, 1078.5], [-73, 1087.5], [-72, 1093.5], [-71, 1102.0], [-70, 1106.5], [-69, 1110.5], [-68, 1125.0], [-67, 1132.0], [-66, 1143.5], [-64, 672.0], [-63, 672.0], [-62, 672.0], [-61, 672.5], [-60, 675.0], [-59, 675.0], [-58, 677.0], [-57, 677.5], [-56, 678.0], [-55, 680.0], [-54, 685.0], [-53, 686.5], [-52, 688.5], [-51, 690.0], [-50, 693.0], [-49, 701.0], [-48, 702.5], [-47, 707.0], [-45, 1497.0], [-44, 1517.5], [-43, 1538.5], [-42, 1580.5], [-41, 1604.0], [-40, 1654.5], [-39, 1683.5], [-38, 1711.5], [-37, 1768.0], [-33, 1376.5], [-32, 1367.0], [-31, 1374.0], [-30, 1386.0], [-29, 1393.5], [-28, 1409.0], [-27, 1419.0], [-26, 1435.0], [-25, 1443.0], [-23, 933.0], [-22, 932.75], [-21, 912.75], [-20, 876.5], [-19, 881.0], [-18, 880.0], [-16, 854.0], [-15, 829.5], [-14, 816.0], [-13, 805.0], [-12, 798.5], [-11, 793.0], [-10, 782.0], [-9, 777.5], [-8, 769.5], [-7, 765.0], [-6, 755.0], [-5, 749.0], [-4, 745.0]]}