{"heading": 66.4, "target": 71.75689128248757, "gap_dist": 378.12057784155434, "gap_info": [{"width": 27.003224721992005, "center_angle": 29.551653100425128, "edge_a": [28, 301.5], "edge_b": [31, 323.0], "depth": 323.0, "passable": false, "chosen": false}, {"width": 378.12057784155434, "center_angle": 71.75689128248757, "edge_a": [49, 487.5], "edge_b": [100, 398.5], "depth": 487.5, "passable": true, "chosen": true}, {"width": 45.29950598414572, "center_angle": 137.5834654149503, "edge_a": [136, 348.0], "edge_b": [139, 389.0], "depth": 389.0, "passable": false, "chosen": false}], "scan": [[-2, 219.0], [-1, 218.5], [0, 219.0], [1, 222.5], [2, 224.0], [3, 224.5], [4, 226.0], [5, 227.5], [6, 229.5], [7, 231.0], [8, 233.0], [9, 234.0], [10, 237.5], [11, 243.5], [12, 245.0], [13, 246.5], [14, 248.5], [15, 248.0], [16, 251.5], [17, 256.0], [18, 262.0], [19, 265.0], [20, 265.5], [21, 271.5], [22, 273.5], [23, 276.0], [24, 279.5], [25, 285.0], [26, 293.5], [28, 301.5], [31, 323.0], [32, 327.0], [33, 329.0], [35, 347.5], [36, 350.5], [37, 352.5], [39, 374.5], [40, 379.5], [41, 388.5], [43, 409.5], [44, 416.5], [45, 425.5], [46, 435.0], [47, 444.0], [49, 487.5], [51, 527.0], [52, 540.5], [54, 594.0], [56, 649.5], [58, 695.0], [59, 710.5], [65, 982.0], [66, 949.0], [67, 931.0], [68, 916.0], [69, 889.5], [70, 873.5], [71, 849.0], [72, 838.5], [73, 835.0], [74, 841.0], [75, 856.75], [76, 868.5], [77, 893.5], [78, 906.5], [79, 931.0], [80, 946.0], [81, 963.0], [82, 995.5], [83, 1012.5], [84, 1052.5], [86, 11829.5], [91, 10474.0], [92, 10489.5], [100, 398.5], [101, 379.5], [102, 370.0], [103, 362.5], [104, 354.5], [105, 338.5], [106, 329.5], [107, 319.0], [108, 314.0], [109, 302.0], [110, 296.5], [111, 287.0], [112, 283.5], [113, 278.0], [114, 270.25], [115, 266.0], [116, 259.0], [117, 256.0], [118, 252.5], [119, 248.0], [120, 243.5], [121, 243.5], [122, 247.0], [123, 249.0], [124, 256.0], [125, 259.5], [126, 268.0], [127, 271.5], [128, 283.0], [129, 288.5], [130, 297.0], [131, 304.0], [132, 310.0], [133, 320.5], [134, 327.5], [135, 344.5], [136, 348.0], [139, 389.0], [140, 399.5], [142, 433.0], [143, 460.0], [146, 926.5], [147, 919.0], [148, 914.0], [149, 909.0], [150, 906.5], [151, 903.0], [152, 900.5], [153, 898.5], [154, 893.5], [155, 891.0], [156, 886.5], [157, 886.5], [158, 885.0], [159, 884.5], [160, 883.5], [161, 882.0], [162, 882.5], [163, 883.0], [164, 887.5], [165, 885.0], [166, 880.0], [167, 877.0], [168, 875.0], [169, 876.5], [170, 878.0], [171, 882.5], [172, 880.0], [173, 881.0], [174, 883.0], [175, 884.5], [176, 891.0], [177, 894.5], [178, 899.0], [179, 902.0], [-180, 907.5], [-179, 910.5], [-178, 912.5], [-177, 918.5], [-175, 931.5], [-172, 667.0], [-171, 670.0], [-170, 675.0], [-169, 678.5], [-168, 686.5], [-167, 690.5], [-166, 693.0], [-165, 696.0], [-164, 702.0], [-163, 706.0], [-162, 716.0], [-161, 720.5], [-160, 733.5], [-159, 738.0], [-158, 741.0], [-157, 752.5], [-156, 759.5], [-155, 773.0], [-154, 781.5], [-153, 794.5], [-152, 801.0], [-150, 1214.0], [-149, 1227.5], [-148, 1261.0], [-147, 1276.0], [-146, 1312.0], [-145, 1333.0], [-144, 1350.0], [-143, 1380.5], [-142, 1401.0], [-141, 1442.5], [-140, 1464.5], [-139, 1488.5], [-138, 1539.5], [-126, 1609.5], [-125, 1604.0], [-124, 1594.0], [-123, 1601.0], [-120, 11898.5], [-116, 721.0], [-115, 702.0], [-114, 669.0], [-113, 654.5], [-112, 625.0], [-111, 612.0], [-110, 586.5], [-109, 578.5], [-108, 574.5], [-107, 576.5], [-106, 588.25], [-105, 593.5], [-104, 606.0], [-103, 611.0], [-102, 624.0], [-101, 631.5], [-100, 638.5], [-99, 657.0], [-98, 667.0], [-97, 678.0], [-96, 691.5], [-95, 702.0], [-94, 717.5], [-93, 727.5], [-92, 752.5], [-91, 765.0], [-90, 780.5], [-89, 779.5], [-88, 791.0], [-87, 805.5], [-77, 453.0], [-75, 418.0], [-74, 403.5], [-72, 385.5], [-71, 377.5], [-70, 372.5], [-68, 345.0], [-67, 334.5], [-66, 329.5], [-65, 324.5], [-64, 319.5], [-63, 313.5], [-62, 304.0], [-61, 298.0], [-60, 290.0], [-59, 288.0], [-57, 279.0], [-56, 274.5], [-55, 271.0], [-53, 257.5], [-52, 256.5], [-51, 254.0], [-50, 246.0], [-49, 247.5], [-47, 237.5], [-46, 236.5], [-45, 236.5], [-44, 235.5], [-43, 229.0], [-42, 228.0], [-41, 225.5], [-40, 225.5], [-39, 221.5], [-38, 221.5], [-37, 220.0], [-35, 210.5], [-34, 210.0], [-33, 208.5], [-32, 206.0], [-31, 205.5], [-30, 202.5], [-29, 199.5], [-28, 199.0], [-27, 199.0], [-26, 197.5], [-25, 197.5], [-24, 196.0], [-23, 197.0], [-22, 197.0], [-21, 195.5], [-20, 194.5], [-19, 195.5], [-18, 197.0], [-17, 197.5], [-16, 196.5], [-15, 195.5], [-14, 196.0], [-13, 195.5], [-12, 194.5], [-11, 196.0], [-10, 195.5], [-9, 197.0], [-8, 198.5], [-7, 196.0], [-6, 195.5], [-5, 198.0], [-4, 198.0], [-3, 198.0]]}