{"heading": 17.5, "target": -26.75053573727427, "gap_dist": 445.61337630506745, "gap_info": [{"width": 445.61337630506745, "center_angle": -26.75053573727427, "edge_a": [-44, 482.0], "edge_b": [25, 182.0], "depth": 482.0, "passable": true, "chosen": true}], "scan": [[-3, 787.5], [-2, 784.0], [-1, 780.5], [0, 777.5], [1, 773.5], [2, 771.0], [3, 770.0], [4, 767.0], [5, 764.0], [6, 761.0], [7, 759.0], [8, 757.5], [9, 756.5], [10, 757.0], [11, 771.0], [12, 771.0], [13, 769.5], [14, 763.0], [15, 762.0], [16, 759.0], [17, 757.0], [18, 755.0], [19, 755.0], [20, 755.0], [21, 750.0], [25, 182.0], [26, 178.0], [27, 176.0], [28, 177.0], [29, 178.5], [30, 180.5], [31, 180.5], [32, 181.5], [33, 181.5], [34, 183.0], [35, 185.0], [36, 185.0], [37, 187.5], [38, 189.5], [39, 189.5], [40, 192.5], [41, 192.5], [42, 194.5], [43, 195.0], [44, 197.0], [45, 198.0], [46, 198.5], [47, 202.0], [48, 203.5], [49, 205.5], [50, 209.0], [51, 209.0], [52, 212.5], [53, 216.0], [54, 221.0], [55, 222.5], [56, 224.5], [57, 229.0], [58, 231.5], [59, 236.5], [60, 239.5], [61, 243.0], [62, 248.0], [63, 252.5], [64, 257.0], [65, 260.5], [66, 267.0], [67, 270.0], [68, 279.0], [69, 282.5], [70, 287.5], [71, 295.5], [72, 301.5], [73, 312.5], [74, 318.5], [75, 332.0], [76, 338.5], [77, 344.0], [78, 357.0], [80, 424.5], [82, 466.0], [85, 524.0], [89, 698.0], [90, 694.5], [91, 703.0], [92, 702.5], [93, 697.0], [94, 694.0], [95, 691.0], [96, 689.0], [97, 686.5], [99, 656.0], [100, 654.5], [101, 653.5], [102, 653.5], [103, 655.5], [104, 653.0], [105, 651.0], [106, 647.0], [107, 645.5], [108, 650.0], [109, 651.5], [110, 650.5], [111, 649.5], [112, 646.5], [113, 652.0], [114, 651.5], [115, 653.5], [116, 653.0], [117, 653.5], [118, 656.0], [119, 658.5], [120, 662.0], [121, 665.0], [122, 668.5], [123, 670.5], [124, 675.5], [125, 679.5], [126, 686.0], [127, 688.0], [128, 691.0], [129, 697.5], [130, 702.5], [131, 711.5], [132, 714.5], [133, 726.5], [134, 731.0], [135, 735.0], [136, 741.5], [137, 746.5], [138, 752.5], [139, 764.0], [140, 771.0], [141, 782.5], [142, 789.0], [143, 794.0], [144, 802.0], [145, 807.5], [146, 819.0], [147, 826.0], [148, 840.5], [149, 848.0], [150, 855.5], [151, 869.0], [152, 878.0], [153, 896.5], [154, 905.0], [155, 928.5], [156, 940.0], [158, 4411.5], [160, 1595.5], [161, 1583.0], [162, 1577.5], [163, 1581.5], [164, 1584.5], [165, 1597.0], [169, 1565.0], [170, 1569.0], [171, 1575.5], [172, 1587.5], [174, 1496.5], [175, 1486.5], [180, 1832.5], [-180, 1841.0], [-178, 2435.0], [-177, 2460.5], [-173, 1801.0], [-172, 1794.0], [-171, 1788.5], [-170, 1784.0], [-169, 1799.0], [-167, 1909.0], [-166, 1903.5], [-165, 1920.5], [-164, 1929.5], [-163, 1945.0], [-161, 3004.5], [-159, 1872.0], [-158, 1882.5], [-157, 1881.5], [-156, 1882.0], [-152, 1547.5], [-151, 1520.5], [-150, 1507.5], [-149, 1523.5], [-138, 1085.5], [-137, 1056.5], [-136, 1004.5], [-135, 976.5], [-134, 936.0], [-133, 913.0], [-132, 872.5], [-131, 858.5], [-130, 839.5], [-129, 821.5], [-128, 820.0], [-126, 788.5], [-124, 753.0], [-123, 734.0], [-121, 698.0], [-120, 683.0], [-117, 629.5], [-116, 625.0], [-115, 604.0], [-114, 597.0], [-113, 586.0], [-112, 576.5], [-111, 568.0], [-110, 564.5], [-109, 556.0], [-108, 537.0], [-107, 534.0], [-106, 521.5], [-105, 516.5], [-104, 505.5], [-103, 499.5], [-102, 488.5], [-101, 487.5], [-99, 477.0], [-98, 479.0], [-97, 470.5], [-96, 466.5], [-95, 465.0], [-94, 459.0], [-93, 462.0], [-92, 453.5], [-91, 450.5], [-90, 447.0], [-89, 440.0], [-88, 439.0], [-87, 437.0], [-86, 435.0], [-85, 431.0], [-84, 429.0], [-83, 429.0], [-82, 426.5], [-81, 424.5], [-80, 420.0], [-79, 419.0], [-78, 419.0], [-77, 418.5], [-76, 420.5], [-75, 417.5], [-74, 417.0], [-73, 415.5], [-72, 416.0], [-71, 416.0], [-70, 415.5], [-69, 417.0], [-68, 418.0], [-67, 417.5], [-66, 417.0], [-65, 419.5], [-64, 421.5], [-63, 423.5], [-62, 423.5], [-61, 424.0], [-60, 429.0], [-59, 433.0], [-58, 434.0], [-57, 435.0], [-56, 437.0], [-55, 443.0], [-54, 443.5], [-53, 449.0], [-52, 452.0], [-51, 456.0], [-50, 457.0], [-49, 460.0], [-48, 465.5], [-47, 469.0], [-46, 474.5], [-45, 479.0], [-44, 482.0], [-42, 502.5], [-41, 505.0], [-40, 511.5], [-39, 515.0], [-38, 515.0], [-37, 518.0], [-36, 530.5], [-34, 552.0], [-33, 558.0], [-32, 563.0], [-31, 582.0], [-30, 589.0], [-29, 601.0], [-28, 606.5], [-27, 626.5], [-26, 637.0], [-25, 641.0], [-24, 657.0], [-22, 687.5], [-21, 704.5], [-20, 714.5], [-19, 743.0], [-18, 756.0], [-17, 778.5], [-16, 784.0], [-15, 805.0], [-14, 829.0], [-13, 839.0], [-12, 818.5], [-11, 800.5], [-10, 797.0], [-9, 792.5], [-8, 785.0], [-7, 782.5], [-6, 774.5], [-5, 770.5], [-4, 762.5]]}