{"heading": -40.5, "target": -81.92413921232698, "gap_dist": 395.4679182492507, "gap_info": [{"width": 395.4679182492507, "center_angle": -81.92413921232698, "edge_a": [-112, 277.25], "edge_b": [-67, 539.5], "depth": 539.5, "passable": true, "chosen": true}, {"width": 234.77678607647064, "center_angle": -31.515954745822555, "edge_a": [-38, 599.5], "edge_b": [-22, 409.5], "depth": 599.5, "passable": false, "chosen": false}, {"width": 219.33222753505686, "center_angle": 115.24905000273918, "edge_a": [112, 652.5], "edge_b": [120, 446.5], "depth": 652.5, "passable": false, "chosen": false}], "scan": [[-3, 250.0], [-2, 247.0], [-1, 244.5], [0, 239.5], [1, 238.5], [2, 234.0], [3, 231.5], [4, 227.0], [5, 224.0], [6, 221.5], [7, 219.0], [8, 217.0], [9, 211.5], [10, 211.5], [11, 214.0], [12, 215.25], [14, 212.0], [16, 205.0], [17, 203.5], [18, 198.0], [19, 196.5], [20, 194.0], [21, 193.0], [22, 188.5], [23, 187.5], [24, 189.0], [25, 187.0], [26, 187.0], [27, 183.5], [28, 185.0], [29, 185.0], [30, 184.0], [31, 183.0], [32, 182.5], [33, 182.5], [34, 181.5], [35, 182.0], [36, 180.5], [37, 182.0], [38, 183.0], [39, 184.0], [40, 184.0], [41, 183.5], [42, 182.0], [43, 182.0], [44, 186.5], [45, 185.5], [46, 183.5], [47, 183.5], [48, 183.5], [49, 182.5], [50, 184.5], [51, 185.0], [52, 188.0], [53, 188.0], [54, 190.0], [55, 192.5], [57, 198.5], [60, 197.0], [61, 201.5], [62, 204.0], [63, 207.5], [64, 211.0], [66, 216.5], [67, 218.0], [69, 219.0], [70, 222.0], [71, 224.5], [72, 225.5], [73, 228.0], [74, 234.5], [75, 235.5], [76, 241.0], [77, 243.0], [78, 248.5], [79, 250.5], [80, 251.5], [81, 259.0], [82, 262.0], [83, 269.5], [84, 274.0], [85, 279.5], [86, 283.5], [87, 293.0], [88, 297.0], [89, 302.0], [90, 312.0], [91, 317.0], [92, 329.0], [93, 334.0], [94, 338.5], [95, 352.5], [96, 358.0], [97, 374.0], [98, 382.5], [99, 397.5], [100, 407.0], [101, 418.0], [102, 440.0], [103, 453.0], [105, 490.0], [106, 493.5], [108, 524.0], [110, 593.5], [112, 652.5], [120, 446.5], [121, 443.0], [122, 436.5], [123, 432.5], [124, 430.0], [125, 424.5], [126, 423.5], [127, 418.0], [128, 416.5], [129, 411.5], [130, 410.0], [131, 407.5], [132, 406.5], [133, 405.5], [134, 403.0], [135, 402.0], [136, 397.0], [137, 396.0], [138, 395.5], [139, 394.5], [140, 393.0], [141, 392.5], [142, 390.5], [143, 389.5], [144, 388.5], [145, 389.5], [146, 388.5], [147, 387.0], [148, 387.5], [149, 388.0], [150, 387.0], [151, 387.0], [152, 387.5], [153, 388.0], [154, 389.0], [155, 391.5], [156, 390.5], [157, 391.5], [158, 391.0], [159, 391.5], [160, 396.0], [163, 1708.5], [164, 1678.5], [165, 1649.5], [166, 1594.5], [167, 1567.5], [168, 1516.0], [169, 1493.0], [170, 1471.0], [171, 1427.0], [172, 1408.0], [173, 1368.0], [174, 1351.0], [175, 1315.0], [176, 1296.5], [177, 1280.5], [178, 1250.5], [179, 1238.0], [180, 1223.0], [-180, 1208.5], [-179, 1195.5], [-178, 1174.0], [-177, 1164.0], [-176, 1151.5], [-175, 1131.0], [-174, 1119.0], [-173, 1102.0], [-172, 1095.5], [-171, 1077.5], [-170, 1068.5], [-169, 1059.5], [-168, 1051.5], [-167, 1037.5], [-166, 1032.0], [-165, 1020.5], [-164, 1015.0], [-163, 1002.5], [-162, 997.5], [-161, 993.5], [-160, 981.5], [-159, 977.0], [-158, 968.0], [-157, 965.0], [-156, 962.5], [-155, 956.5], [-154, 952.5], [-153, 946.5], [-152, 943.5], [-150, 336.0], [-149, 336.0], [-148, 328.0], [-147, 326.0], [-146, 320.5], [-145, 318.0], [-144, 316.0], [-143, 313.5], [-142, 312.0], [-141, 309.5], [-140, 306.0], [-139, 302.0], [-138, 300.0], [-137, 299.5], [-136, 295.5], [-135, 293.5], [-134, 292.5], [-133, 290.0], [-132, 288.0], [-131, 287.0], [-130, 284.5], [-129, 283.5], [-128, 283.5], [-127, 281.0], [-126, 280.0], [-125, 280.0], [-124, 280.0], [-123, 280.5], [-122, 279.0], [-121, 278.5], [-120, 278.5], [-119, 278.5], [-118, 275.0], [-117, 273.25], [-116, 273.75], [-115, 275.5], [-114, 278.0], [-113, 279.0], [-112, 277.25], [-110, 1031.0], [-109, 1039.5], [-108, 1046.0], [-107, 1060.5], [-106, 1068.5], [-105, 1085.0], [-104, 1093.0], [-103, 1110.5], [-102, 1118.0], [-101, 1127.5], [-100, 1148.5], [-99, 1159.5], [-98, 1178.5], [-97, 1190.0], [-96, 1203.0], [-95, 1225.0], [-94, 1239.5], [-93, 1270.0], [-92, 1284.0], [-91, 1315.0], [-90, 1331.5], [-89, 1349.0], [-88, 1384.5], [-87, 1403.0], [-86, 1445.0], [-85, 1466.5], [-84, 1488.0], [-83, 1537.0], [-82, 1562.0], [-81, 1618.5], [-80, 1647.5], [-79, 1713.5], [-78, 1749.5], [-76, 1207.0], [-75, 1184.5], [-74, 1174.5], [-73, 1165.5], [-72, 1143.5], [-71, 1134.0], [-70, 1115.5], [-69, 1106.5], [-67, 539.5], [-66, 537.5], [-65, 536.0], [-64, 535.0], [-63, 534.5], [-62, 537.0], [-61, 537.0], [-60, 536.5], [-59, 538.0], [-58, 539.5], [-57, 541.5], [-56, 542.5], [-55, 543.5], [-54, 544.5], [-53, 546.5], [-52, 546.5], [-51, 548.5], [-50, 552.5], [-49, 556.0], [-48, 560.5], [-47, 561.0], [-46, 566.0], [-45, 568.5], [-44, 571.5], [-43, 575.5], [-42, 579.5], [-41, 586.5], [-40, 589.5], [-39, 592.0], [-38, 599.5], [-33, 841.5], [-22, 409.5], [-21, 398.5], [-20, 380.5], [-19, 371.5], [-18, 355.5], [-17, 347.5], [-16, 340.5], [-15, 330.5], [-14, 322.5], [-13, 308.0], [-12, 302.5], [-11, 294.0], [-9, 279.5], [-8, 271.0], [-7, 269.5], [-6, 263.0], [-5, 260.0], [-4, 252.5]]}