{"heading": -4.5, "target": -7.56618116955441, "gap_dist": 584.1947585073729, "gap_info": [{"width": 215.95857430309948, "center_angle": -18.906482104322478, "edge_a": [-23, 499.0], "edge_b": [-16, 702.5], "depth": 702.5, "passable": false, "chosen": false}, {"width": 584.1947585073729, "center_angle": -7.56618116955441, "edge_a": [-14, 782.5], "edge_b": [24, 167.5], "depth": 782.5, "passable": true, "chosen": true}, {"width": 403.8724755492248, "center_angle": 104.52950711349895, "edge_a": [73, 371.5], "edge_b": [129, 469.0], "depth": 469.0, "passable": true, "chosen": false}], "scan": [[8, 1392.0], [9, 1384.0], [10, 1389.5], [11, 1402.0], [12, 1417.5], [15, 6837.0], [16, 6834.0], [24, 167.5], [25, 166.5], [26, 168.5], [27, 171.0], [28, 172.0], [29, 173.0], [30, 174.5], [31, 176.0], [32, 177.0], [33, 177.0], [34, 179.0], [35, 181.0], [36, 182.5], [37, 182.5], [38, 183.5], [39, 187.0], [40, 188.0], [41, 189.5], [42, 192.0], [43, 194.5], [44, 196.5], [45, 199.0], [46, 202.5], [47, 204.5], [48, 209.0], [49, 211.0], [50, 214.0], [51, 217.5], [52, 221.5], [53, 224.0], [54, 229.0], [55, 232.0], [56, 235.0], [57, 241.0], [58, 246.5], [59, 252.5], [60, 257.0], [61, 266.0], [62, 266.0], [64, 282.5], [65, 288.0], [66, 297.5], [67, 304.0], [68, 315.0], [69, 322.0], [70, 330.0], [71, 345.0], [72, 354.0], [73, 371.5], [76, 926.5], [77, 919.5], [78, 913.5], [79, 909.5], [80, 902.5], [81, 898.5], [82, 892.0], [83, 886.5], [84, 882.5], [85, 884.0], [86, 883.5], [87, 877.0], [88, 875.0], [89, 872.0], [90, 877.0], [91, 874.5], [92, 875.0], [93, 867.5], [94, 852.5], [95, 853.0], [96, 849.5], [97, 849.5], [98, 848.5], [99, 849.0], [100, 847.5], [101, 848.0], [102, 848.5], [103, 850.0], [104, 848.5], [105, 854.5], [106, 859.5], [107, 861.0], [108, 864.0], [109, 866.0], [110, 872.0], [111, 874.0], [112, 878.5], [113, 882.0], [114, 887.5], [115, 895.5], [116, 899.5], [117, 904.5], [118, 912.0], [119, 915.5], [120, 925.5], [121, 936.0], [122, 943.0], [123, 949.5], [125, 1011.0], [126, 1038.5], [127, 1045.0], [129, 469.0], [130, 461.5], [131, 456.5], [132, 447.5], [133, 443.5], [134, 440.5], [135, 434.0], [136, 432.0], [137, 430.0], [138, 423.0], [139, 420.0], [140, 416.75], [141, 414.75], [142, 412.5], [143, 407.75], [144, 404.75], [145, 402.75], [146, 403.0], [147, 400.25], [148, 396.25], [149, 394.0], [150, 392.5], [151, 391.25], [152, 390.0], [153, 389.0], [154, 387.5], [155, 386.0], [156, 385.5], [157, 384.5], [158, 383.5], [159, 383.5], [160, 381.5], [161, 380.0], [162, 377.5], [163, 377.0], [164, 377.5], [165, 380.0], [167, 363.25], [168, 362.0], [169, 358.25], [170, 355.75], [171, 354.75], [172, 353.5], [173, 352.5], [174, 351.25], [175, 350.0], [176, 347.0], [177, 346.5], [178, 346.0], [179, 345.0], [180, 344.0], [-179, 344.0], [-178, 343.0], [-177, 339.0], [-176, 336.5], [-175, 336.5], [-174, 335.5], [-173, 337.0], [-172, 338.5], [-171, 341.5], [-170, 344.0], [-169, 345.0], [-168, 345.0], [-167, 346.0], [-166, 347.0], [-165, 349.0], [-164, 349.0], [-163, 350.0], [-162, 352.0], [-161, 353.5], [-160, 356.5], [-159, 358.5], [-158, 361.0], [-157, 361.5], [-156, 363.5], [-155, 367.5], [-154, 370.0], [-153, 375.5], [-152, 376.5], [-151, 378.5], [-150, 383.5], [-149, 385.0], [-146, 414.0], [-145, 410.5], [-144, 397.0], [-143, 389.5], [-142, 377.5], [-141, 374.0], [-140, 369.0], [-137, 323.0], [-136, 322.5], [-135, 316.5], [-134, 308.5], [-133, 303.5], [-132, 293.0], [-131, 289.0], [-130, 281.0], [-129, 276.5], [-128, 273.0], [-127, 270.0], [-126, 266.5], [-125, 261.0], [-124, 256.5], [-123, 255.5], [-122, 249.5], [-121, 246.5], [-118, 241.0], [-117, 237.5], [-116, 234.0], [-115, 230.5], [-114, 229.5], [-113, 224.0], [-112, 221.0], [-111, 217.5], [-110, 217.0], [-108, 209.0], [-107, 211.5], [-106, 210.5], [-105, 209.0], [-104, 207.0], [-103, 203.0], [-102, 204.0], [-101, 200.5], [-100, 199.0], [-99, 198.0], [-98, 199.0], [-97, 197.5], [-96, 193.5], [-95, 195.5], [-94, 196.0], [-93, 196.0], [-92, 195.0], [-91, 193.5], [-90, 196.0], [-89, 195.5], [-88, 194.75], [-87, 194.5], [-86, 194.5], [-85, 194.75], [-84, 194.5], [-83, 195.5], [-82, 193.75], [-81, 193.75], [-80, 195.25], [-79, 196.75], [-78, 199.5], [-77, 200.0], [-76, 200.0], [-75, 202.5], [-74, 203.5], [-73, 204.25], [-72, 205.25], [-71, 206.0], [-70, 209.0], [-69, 210.5], [-68, 209.0], [-65, 220.5], [-64, 219.0], [-63, 225.5], [-62, 225.0], [-61, 227.0], [-60, 231.0], [-59, 233.0], [-58, 238.0], [-57, 238.5], [-56, 246.0], [-55, 247.0], [-54, 248.0], [-53, 254.5], [-52, 257.5], [-51, 261.5], [-50, 264.5], [-48, 273.5], [-46, 289.5], [-45, 287.5], [-44, 296.0], [-43, 303.5], [-41, 317.0], [-40, 319.5], [-39, 326.0], [-37, 341.0], [-36, 346.5], [-35, 355.0], [-34, 365.0], [-33, 375.5], [-32, 381.0], [-30, 402.5], [-29, 415.5], [-28, 424.0], [-26, 455.5], [-25, 462.0], [-23, 499.0], [-16, 702.5], [-14, 782.5]]}