{"heading": -2.8, "target": -31.997940481108095, "gap_dist": 585.1927697182033, "gap_info": [{"width": 467.71480571354516, "center_angle": -144.34373534377247, "edge_a": [-153.84375, 782.0], "edge_b": [-125.640625, 402.5], "depth": 782.0, "passable": true, "chosen": false}, {"width": 698.827582910555, "center_angle": -51.82910784269249, "edge_a": [-94.515625, 376.5], "edge_b": [-33.125, 796.0], "depth": 796.0, "passable": true, "chosen": false}, {"width": 585.1927697182033, "center_angle": -31.997940481108095, "edge_a": [-32.4375, 799.5], "edge_b": [-30.359375, 214.5], "depth": 799.5, "passable": true, "chosen": true}], "scan": [[-1.71875, 203.5], [-1.03125, 203.0], [-0.34375, 203.0], [0.34375, 202.5], [1.03125, 201.5], [1.71875, 201.5], [2.40625, 202.0], [3.09375, 201.5], [3.765625, 200.5], [4.4375, 198.5], [5.125, 198.0], [5.796875, 198.0], [6.515625, 197.5], [7.203125, 197.5], [7.890625, 197.0], [8.578125, 197.0], [9.25, 197.0], [9.921875, 198.0], [10.609375, 198.5], [11.28125, 199.0], [12.1875, 198.5], [12.921875, 196.5], [13.65625, 197.5], [14.390625, 200.0], [14.953125, 200.5], [15.640625, 200.5], [16.328125, 199.0], [17.015625, 198.0], [17.71875, 199.0], [18.40625, 200.0], [19.09375, 203.5], [19.78125, 205.0], [20.5, 204.5], [21.1875, 205.5], [21.890625, 206.0], [22.578125, 205.5], [23.265625, 205.5], [23.953125, 206.5], [24.640625, 207.5], [25.328125, 208.0], [26.03125, 209.0], [26.71875, 210.5], [27.40625, 210.5], [28.09375, 211.5], [28.59375, 213.5], [29.234375, 214.0], [29.875, 215.5], [30.515625, 217.0], [31.34375, 218.0], [32.03125, 219.5], [32.71875, 221.0], [33.40625, 221.5], [34.078125, 222.0], [34.75, 223.5], [35.4375, 225.0], [36.109375, 227.0], [36.8125, 229.0], [37.484375, 230.5], [38.171875, 232.0], [38.84375, 234.0], [39.5625, 236.0], [40.25, 238.0], [40.9375, 240.5], [41.625, 241.5], [42.296875, 243.0], [42.96875, 247.0], [43.65625, 248.5], [44.328125, 251.0], [45.03125, 254.5], [45.703125, 256.5], [46.390625, 260.0], [47.0625, 261.5], [51.46875, 352.5], [52.84375, 367.5], [53.53125, 364.0], [54.21875, 359.0], [54.90625, 354.5], [55.59375, 350.0], [56.328125, 344.0], [57.015625, 336.0], [58.40625, 313.5], [59.109375, 312.0], [59.796875, 306.5], [60.5, 304.0], [61.1875, 303.0], [61.875, 304.0], [62.5625, 308.5], [63.25, 309.5], [63.9375, 305.5], [64.546875, 304.5], [65.203125, 304.0], [65.875, 300.5], [67.3125, 279.5], [68.0, 279.75], [68.6875, 276.25], [69.375, 271.5], [70.046875, 272.25], [70.71875, 274.0], [71.40625, 272.0], [72.078125, 271.0], [72.8125, 269.5], [73.5, 267.5], [74.1875, 266.5], [74.875, 267.0], [76.265625, 252.5], [76.953125, 249.5], [77.640625, 246.0], [78.328125, 241.5], [79.015625, 238.5], [79.703125, 238.5], [80.390625, 237.75], [81.078125, 235.25], [81.765625, 232.5], [82.453125, 232.5], [83.140625, 234.5], [83.75, 235.0], [84.40625, 232.5], [85.078125, 229.0], [85.734375, 228.5], [86.484375, 229.0], [87.15625, 227.25], [87.84375, 225.75], [88.515625, 226.25], [89.234375, 226.75], [89.921875, 226.5], [90.609375, 227.0], [91.296875, 228.5], [91.984375, 228.5], [92.671875, 226.5], [93.359375, 225.5], [94.046875, 225.5], [94.71875, 224.25], [95.390625, 224.75], [96.078125, 226.5], [96.75, 226.0], [97.46875, 225.5], [98.15625, 225.0], [98.84375, 224.0], [99.53125, 225.5], [100.390625, 224.5], [101.109375, 224.5], [101.84375, 227.0], [102.5625, 226.5], [103.15625, 226.5], [103.84375, 226.5], [104.53125, 226.0], [105.21875, 226.5], [105.921875, 227.5], [106.609375, 228.0], [107.296875, 227.0], [107.984375, 227.0], [108.6875, 227.25], [109.375, 227.0], [110.0625, 227.0], [110.75, 227.5], [112.15625, 236.25], [112.859375, 237.5], [113.546875, 236.0], [114.234375, 234.5], [114.921875, 235.0], [116.296875, 241.5], [117.0, 242.5], [117.6875, 245.0], [118.375, 246.5], [119.0625, 250.5], [120.859375, 252.5], [121.5, 253.75], [122.3125, 254.75], [122.984375, 256.0], [123.671875, 257.0], [124.34375, 259.5], [125.0625, 261.75], [125.75, 263.75], [126.4375, 264.5], [127.125, 265.5], [127.8125, 268.5], [128.5, 272.0], [129.1875, 273.5], [129.875, 274.0], [130.546875, 276.5], [131.21875, 278.5], [131.90625, 280.0], [132.578125, 282.5], [133.296875, 286.0], [133.984375, 289.5], [134.671875, 293.0], [135.359375, 295.5], [136.21875, 297.0], [136.9375, 301.0], [137.671875, 305.5], [138.390625, 307.5], [139.015625, 310.0], [139.703125, 314.5], [140.40625, 318.5], [141.09375, 322.0], [141.765625, 325.0], [142.453125, 329.0], [143.140625, 334.0], [143.828125, 339.0], [144.546875, 344.5], [145.234375, 349.5], [145.9375, 352.0], [146.625, 356.0], [147.296875, 363.0], [147.984375, 369.5], [148.671875, 374.5], [149.359375, 380.5], [150.078125, 386.5], [150.765625, 391.0], [151.46875, 397.5], [152.15625, 405.5], [152.828125, 413.75], [153.515625, 422.25], [154.203125, 432.0], [154.890625, 441.0], [155.5625, 449.5], [156.234375, 460.0], [156.921875, 473.5], [157.59375, 486.0], [158.328125, 494.0], [159.015625, 497.5], [159.703125, 500.5], [160.390625, 511.0], [163.859375, 593.0], [164.546875, 607.5], [165.921875, 660.5], [167.296875, 702.0], [167.984375, 710.5], [168.671875, 731.0], [169.40625, 751.5], [179.6875, 2612.0], [-178.234375, 812.5], [-177.546875, 804.0], [-176.859375, 795.0], [-176.171875, 785.5], [-175.484375, 777.0], [-174.796875, 767.5], [-174.09375, 758.5], [-173.40625, 750.25], [-172.71875, 743.25], [-172.03125, 736.5], [-171.34375, 726.25], [-170.65625, 716.25], [-169.96875, 712.5], [-169.28125, 709.0], [-168.421875, 701.5], [-167.703125, 695.0], [-166.96875, 688.0], [-166.25, 682.5], [-165.65625, 677.0], [-164.96875, 668.5], [-164.28125, 662.0], [-163.59375, 655.0], [-162.875, 649.0], [-162.1875, 645.0], [-161.484375, 640.0], [-160.796875, 637.5], [-160.078125, 638.5], [-159.390625, 646.5], [-158.6875, 660.0], [-158.0, 674.0], [-157.3125, 690.0], [-156.625, 707.0], [-155.9375, 724.0], [-155.25, 743.0], [-154.53125, 762.5], [-153.84375, 782.0], [-153.140625, 802.5], [-150.4375, 2228.5], [-148.34375, 1211.5], [-147.65625, 1175.0], [-146.96875, 1143.0], [-146.265625, 1122.5], [-145.578125, 1117.5], [-144.890625, 1121.0], [-144.203125, 1126.5], [-143.484375, 1132.5], [-142.796875, 1138.5], [-142.09375, 1145.0], [-141.40625, 1152.5], [-140.71875, 1160.5], [-140.03125, 1168.0], [-139.34375, 1175.5], [-138.65625, 1180.5], [-137.9375, 1188.5], [-137.25, 1199.0], [-136.546875, 1208.0], [-135.859375, 1218.0], [-135.171875, 1227.5], [-134.484375, 1238.0], [-133.796875, 1250.0], [-133.109375, 1273.5], [-132.515625, 1291.0], [-131.859375, 1279.0], [-131.1875, 1255.0], [-130.53125, 1234.5], [-129.765625, 1219.5], [-129.078125, 1203.5], [-128.390625, 1187.5], [-127.703125, 1174.0], [-127.015625, 1161.5], [-125.640625, 402.5], [-124.953125, 400.0], [-124.265625, 396.5], [-123.578125, 395.0], [-122.890625, 393.0], [-122.203125, 392.5], [-121.515625, 392.0], [-120.828125, 389.0], [-120.140625, 387.0], [-119.453125, 386.5], [-118.765625, 385.5], [-118.078125, 384.5], [-117.390625, 382.5], [-116.703125, 381.5], [-116.015625, 381.0], [-115.328125, 380.0], [-114.640625, 379.5], [-113.953125, 378.5], [-113.28125, 377.5], [-112.609375, 376.0], [-111.921875, 375.5], [-111.25, 375.0], [-110.515625, 374.0], [-109.828125, 373.5], [-109.140625, 374.0], [-108.453125, 374.0], [-107.765625, 373.0], [-107.078125, 373.0], [-106.390625, 371.0], [-105.703125, 368.5], [-105.03125, 367.5], [-104.359375, 368.5], [-103.671875, 369.5], [-103.0, 369.0], [-102.265625, 370.5], [-101.578125, 372.0], [-100.890625, 373.5], [-100.203125, 375.0], [-99.5, 374.0], [-98.8125, 373.0], [-98.125, 374.0], [-97.4375, 376.0], [-96.640625, 376.5], [-95.9375, 376.5], [-95.21875, 374.0], [-94.515625, 376.5], [-93.234375, 835.5], [-92.546875, 836.0], [-91.875, 834.5], [-91.15625, 832.5], [-90.46875, 832.5], [-89.78125, 832.5], [-89.09375, 832.5], [-88.390625, 833.0], [-87.703125, 833.0], [-87.015625, 833.0], [-86.328125, 833.5], [-85.640625, 832.5], [-84.953125, 835.0], [-84.265625, 836.5], [-83.578125, 834.0], [-82.875, 832.0], [-82.1875, 831.5], [-81.5, 834.0], [-80.8125, 