{"heading": 27.1, "target": 135.7488263297502, "gap_dist": 416.94450725920615, "gap_info": [{"width": 225.92466859535676, "center_angle": 22.401963863530273, "edge_a": [15, 759.0], "edge_b": [55, 181.5], "depth": 759.0, "passable": false, "chosen": false}, {"width": 416.94450725920615, "center_angle": 135.7488263297502, "edge_a": [104, 357.5], "edge_b": [157, 519.0], "depth": 519.0, "passable": true, "chosen": true}], "scan": [[-1, 377.0], [0, 382.5], [2, 403.5], [6, 477.0], [7, 487.5], [9, 539.25], [12, 637.5], [14, 742.0], [15, 759.0], [29, 2583.0], [31, 1347.5], [32, 1341.0], [33, 1344.0], [34, 1356.0], [35, 1374.0], [42, 10452.5], [43, 10420.0], [55, 181.5], [57, 168.5], [58, 162.5], [61, 148.75], [62, 147.25], [63, 145.0], [64, 146.5], [65, 147.0], [66, 147.5], [67, 148.5], [68, 151.5], [69, 152.0], [70, 153.5], [71, 155.0], [72, 156.0], [73, 160.0], [74, 161.5], [75, 162.5], [76, 166.5], [77, 169.5], [78, 173.5], [79, 175.0], [80, 177.5], [81, 182.5], [82, 185.5], [83, 189.5], [84, 192.5], [85, 196.5], [86, 200.5], [88, 214.0], [89, 216.5], [90, 225.5], [91, 229.5], [92, 239.5], [93, 244.0], [94, 249.5], [95, 260.0], [97, 272.0], [99, 299.0], [100, 307.5], [101, 316.5], [102, 336.0], [103, 346.5], [104, 357.5], [107, 924.0], [108, 920.5], [109, 916.0], [110, 913.0], [111, 910.0], [112, 904.0], [113, 903.0], [114, 903.5], [115, 899.0], [116, 893.5], [117, 893.0], [118, 894.5], [119, 895.5], [120, 892.5], [121, 891.5], [122, 886.0], [123, 882.5], [124, 880.5], [125, 879.0], [126, 882.5], [127, 886.5], [128, 884.5], [129, 885.0], [130, 887.0], [131, 892.5], [132, 894.5], [133, 900.5], [134, 901.0], [135, 902.5], [136, 907.5], [137, 910.0], [138, 915.0], [139, 923.0], [140, 927.0], [141, 932.5], [142, 935.0], [143, 938.5], [144, 946.5], [145, 948.5], [146, 958.0], [147, 962.0], [148, 968.0], [149, 982.0], [150, 988.0], [151, 1002.0], [152, 1019.0], [153, 1047.0], [154, 1084.5], [155, 1088.0], [157, 519.0], [158, 514.5], [159, 510.0], [160, 500.0], [161, 495.5], [162, 488.5], [163, 484.0], [164, 478.0], [165, 476.0], [166, 472.5], [167, 467.0], [168, 464.5], [169, 458.5], [170, 456.0], [171, 453.0], [172, 448.5], [173, 449.5], [174, 446.0], [175, 443.0], [176, 439.5], [177, 437.5], [178, 436.5], [179, 434.0], [180, 433.0], [-179, 431.0], [-178, 430.0], [-177, 429.0], [-176, 427.5], [-175, 426.0], [-174, 426.5], [-173, 426.0], [-172, 423.5], [-171, 422.5], [-170, 423.0], [-169, 418.5], [-168, 410.5], [-167, 406.0], [-166, 400.5], [-165, 399.0], [-164, 395.0], [-163, 394.0], [-162, 393.0], [-161, 390.0], [-160, 388.5], [-159, 385.75], [-158, 385.25], [-157, 383.5], [-156, 383.0], [-155, 382.0], [-154, 379.5], [-153, 378.5], [-152, 377.75], [-151, 378.0], [-150, 378.0], [-149, 377.5], [-148, 376.0], [-147, 371.0], [-146, 371.5], [-145, 372.0], [-144, 371.0], [-143, 373.0], [-142, 373.0], [-141, 376.0], [-140, 376.0], [-139, 377.0], [-138, 377.5], [-137, 378.5], [-136, 380.0], [-135, 380.5], [-134, 383.5], [-133, 384.5], [-132, 385.0], [-131, 385.0], [-130, 387.5], [-129, 390.5], [-128, 390.5], [-127, 393.5], [-126, 396.5], [-125, 399.0], [-122, 431.5], [-120, 406.5], [-119, 401.5], [-118, 399.0], [-115, 329.0], [-114, 323.0], [-113, 315.0], [-112, 301.5], [-111, 297.0], [-110, 293.5], [-108, 279.0], [-107, 268.0], [-106, 263.0], [-105, 259.5], [-104, 251.0], [-103, 249.5], [-102, 242.5], [-99, 233.0], [-97, 227.5], [-96, 227.5], [-94, 216.5], [-93, 212.5], [-92, 207.5], [-90, 197.5], [-89, 201.0], [-87, 194.5], [-86, 193.5], [-84, 190.0], [-81, 181.75], [-80, 175.5], [-77, 176.0], [-75, 169.0], [-74, 168.5], [-73, 169.25], [-71, 166.25], [-70, 167.25], [-69, 161.75], [-68, 160.0], [-67, 161.5], [-66, 162.5], [-65, 161.0], [-64, 157.0], [-63, 158.0], [-62, 158.0], [-61, 157.0], [-60, 157.0], [-59, 156.0], [-58, 156.5], [-57, 158.5], [-56, 158.0], [-55, 157.0], [-54, 157.0], [-53, 156.0], [-52, 155.5], [-51, 157.5], [-50, 159.0], [-49, 159.5], [-48, 157.5], [-46, 158.5], [-45, 160.5], [-44, 162.0], [-43, 160.0], [-42, 162.0], [-41, 164.0], [-40, 162.5], [-39, 162.5], [-38, 164.5], [-37, 169.5], [-36, 169.5], [-35, 171.5], [-34, 171.5], [-33, 174.5], [-32, 175.0], [-29, 178.5], [-28, 185.0], [-27, 187.0], [-26, 188.0], [-25, 188.5], [-21, 201.5], [-20, 199.0], [-16, 217.5], [-14, 227.0], [-13, 224.5], [-12, 223.0], [-11, 228.0], [-9, 245.0], [-8, 244.5], [-7, 247.5], [-6, 252.0], [-4, 264.5]]}