{"heading": -310.6, "target": 114.17375568044099, "gap_dist": 260.4974893003247, "gap_info": [{"width": 134.134912308855, "center_angle": 53.391758773678625, "edge_a": [36, 172.0], "edge_b": [65, 255.5], "depth": 255.5, "passable": false, "chosen": false}, {"width": 260.4974893003247, "center_angle": 114.17375568044099, "edge_a": [96, 290.5], "edge_b": [171, 108.25], "depth": 290.5, "passable": true, "chosen": true}], "scan": [[-2, 155.5], [-1, 157.5], [0, 154.0], [1, 151.0], [2, 150.0], [3, 150.5], [4, 154.0], [5, 155.5], [6, 156.0], [7, 154.0], [8, 154.5], [9, 156.0], [10, 156.0], [12, 154.5], [13, 153.5], [14, 153.5], [15, 156.0], [16, 151.0], [17, 150.0], [18, 146.0], [19, 147.5], [20, 148.5], [21, 149.0], [22, 149.5], [23, 150.0], [24, 151.5], [25, 154.5], [26, 156.5], [28, 157.5], [29, 162.5], [30, 159.0], [31, 160.0], [32, 162.0], [33, 163.0], [35, 169.5], [36, 172.0], [43, 2783.0], [44, 2683.5], [45, 2640.0], [46, 2596.0], [47, 2558.0], [49, 2132.0], [50, 2111.0], [51, 2099.5], [52, 2113.0], [53, 2143.0], [54, 2204.5], [55, 2235.5], [56, 2301.0], [57, 2332.5], [59, 2442.0], [60, 2480.5], [61, 2558.5], [62, 2604.5], [65, 255.5], [66, 254.0], [67, 253.5], [68, 257.0], [69, 260.0], [70, 261.25], [71, 267.5], [73, 248.5], [74, 247.5], [75, 249.5], [76, 252.25], [77, 253.0], [78, 255.25], [79, 257.25], [80, 256.75], [81, 261.75], [82, 262.5], [83, 261.5], [85, 251.0], [86, 250.5], [87, 251.5], [88, 250.5], [89, 253.5], [90, 262.0], [91, 264.5], [92, 273.0], [93, 277.5], [94, 281.0], [95, 285.5], [96, 290.5], [99, 1753.5], [100, 1759.5], [101, 1752.0], [102, 1752.0], [103, 1762.0], [104, 1765.0], [105, 1770.5], [106, 1779.5], [107, 1782.5], [108, 1792.5], [109, 1802.5], [110, 1819.0], [111, 1828.0], [112, 1836.0], [113, 1824.5], [114, 1788.0], [116, 1863.5], [117, 1872.5], [118, 1909.5], [120, 1929.0], [121, 1942.0], [122, 1974.0], [123, 2004.5], [124, 1987.0], [129, 2071.5], [131, 5190.0], [132, 5099.0], [133, 4984.0], [134, 5026.0], [135, 5075.5], [136, 5159.0], [137, 5205.5], [139, 2286.0], [140, 2296.0], [143, 4092.5], [144, 3991.0], [145, 3940.5], [146, 3848.0], [147, 3805.5], [148, 3766.5], [149, 3686.5], [150, 3649.5], [151, 3577.5], [152, 3543.0], [153, 3511.5], [154, 3448.5], [155, 3420.5], [156, 3365.5], [157, 3338.0], [158, 3289.0], [159, 3267.0], [160, 3246.0], [164, 70.0], [165, 70.75], [171, 108.25], [172, 112.25], [174, 125.0], [175, 126.25], [176, 127.0], [177, 126.25], [179, 121.75], [180, 121.5], [-175, 69.75], [-173, 60.75], [-169, 77.25], [-168, 77.0], [-166, 616.0], [-165, 618.5], [-163, 2840.5], [-162, 2850.0], [-161, 2857.0], [-160, 2869.5], [-158, 2592.0], [-157, 2603.0], [-155, 1375.5], [-154, 1363.0], [-153, 1355.0], [-152, 1346.5], [-151, 1335.0], [-150, 1329.0], [-149, 1318.5], [-148, 1316.5], [-147, 1310.0], [-146, 1297.0], [-145, 1293.5], [-144, 1289.5], [-143, 1283.0], [-142, 1281.5], [-141, 1275.0], [-140, 1272.0], [-139, 1270.0], [-135, 5517.5], [-134, 5421.5], [-133, 5249.0], [-132, 5094.0], [-131, 5016.5], [-130, 4941.0], [-129, 4800.5], [-128, 4733.0], [-127, 4607.5], [-126, 4548.5], [-125, 4490.5], [-121, 673.25], [-120, 674.5], [-119, 677.25], [-118, 681.0], [-117, 683.5], [-116, 691.5], [-115, 693.5], [-105, 3368.5], [-104, 3343.5], [-103, 3324.5], [-102, 3288.0], [-101, 3271.5], [-100, 3240.5], [-99, 3228.0], [-98, 3265.0], [-93, 2035.5], [-91, 2194.5], [-88, 2079.0], [-86, 6483.0], [-85, 6473.0], [-82, 2034.0], [-81, 2035.0], [-80, 2031.5], [-79, 2022.0], [-78, 2022.0], [-77, 2028.0], [-76, 2029.5], [-75, 2035.5], [-74, 2041.0], [-73, 2049.0], [-72, 2059.5], [-71, 2067.0], [-70, 2079.0], [-69, 2091.5], [-68, 2122.0], [-67, 2130.5], [-66, 2119.0], [-63, 2144.5], [-62, 2176.0], [-61, 2225.5], [-60, 2214.5], [-59, 2224.5], [-58, 2239.0], [-57, 2234.5], [-56, 2244.5], [-55, 2305.5], [-50, 1626.5], [-49, 1554.5], [-48, 1522.0], [-47, 1487.5], [-46, 1432.5], [-45, 1407.5], [-44, 1355.5], [-43, 1333.5], [-42, 1310.5], [-41, 1268.5], [-40, 1241.5], [-39, 1238.0], [-38, 1259.0], [-37, 1271.5], [-36, 1285.0], [-35, 1317.0], [-34, 1333.5], [-33, 1363.5], [-32, 1380.0], [-31, 1400.5], [-30, 1433.5], [-29, 1456.5], [-28, 1478.0], [-27, 1521.0], [-26, 1544.5], [-25, 1596.5], [-24, 1623.5], [-23, 1614.0], [-22, 1637.0], [-20, 1554.5], [-19, 1549.0], [-18, 1536.0], [-17, 1531.0], [-16, 1519.5], [-15, 1514.0], [-14, 1519.5], [-12, 1668.5], [-11, 1662.0], [-10, 1640.0], [-9, 1631.5], [-8, 1616.0], [-7, 1610.0], [-6, 1602.5], [-5, 1589.0], [-4, 1582.5], [-3, 1577.5]]}