{"heading": -50.8, "target": -75.05081199604244, "gap_dist": 417.76272521104295, "gap_info": [{"width": 503.11452543688614, "center_angle": -132.5152632995041, "edge_a": [-137, 256.0], "edge_b": [-131, 757.0], "depth": 757.0, "passable": true, "chosen": false}, {"width": 372.23149028582736, "center_angle": -107.51294026285245, "edge_a": [-121, 798.0], "edge_b": [-94, 796.5], "depth": 798.0, "passable": true, "chosen": false}, {"width": 417.76272521104295, "center_angle": -75.05081199604244, "edge_a": [-78, 798.0], "edge_b": [-69, 389.5], "depth": 798.0, "passable": true, "chosen": true}, {"width": 399.79433942140787, "center_angle": -16.771185188181082, "edge_a": [-22, 204.0], "edge_b": [-15, 601.5], "depth": 601.5, "passable": true, "chosen": false}], "scan": [[-4, 488.5], [-3, 483.0], [-2, 533.5], [-1, 522.0], [0, 515.5], [1, 503.0], [2, 500.5], [3, 495.0], [4, 487.0], [5, 483.5], [6, 475.5], [7, 472.5], [8, 468.5], [9, 460.5], [10, 458.5], [11, 456.5], [12, 448.5], [13, 446.0], [14, 439.5], [15, 436.5], [16, 434.5], [17, 432.5], [18, 430.0], [19, 427.0], [20, 425.5], [21, 420.0], [22, 419.5], [23, 418.0], [24, 415.0], [25, 413.0], [26, 411.5], [27, 412.5], [28, 412.5], [29, 416.0], [30, 410.5], [31, 409.0], [32, 405.5], [33, 405.5], [34, 405.0], [35, 404.5], [36, 405.0], [37, 404.0], [38, 403.5], [39, 403.5], [40, 405.5], [41, 406.5], [42, 405.5], [43, 406.0], [44, 406.0], [45, 409.0], [46, 408.5], [47, 409.0], [48, 411.5], [49, 414.0], [50, 415.0], [51, 415.0], [52, 417.0], [53, 427.0], [54, 430.5], [55, 427.5], [56, 428.0], [57, 430.5], [58, 434.0], [59, 437.0], [60, 441.0], [61, 445.0], [62, 448.5], [63, 453.5], [64, 456.0], [65, 462.0], [66, 465.5], [67, 471.0], [68, 475.0], [69, 482.0], [70, 486.5], [71, 490.5], [72, 499.0], [73, 504.5], [74, 517.5], [75, 523.5], [76, 533.75], [77, 540.75], [78, 548.0], [79, 564.5], [80, 571.0], [81, 590.0], [82, 595.5], [83, 614.5], [84, 627.5], [85, 641.0], [86, 644.5], [87, 652.5], [88, 678.0], [89, 688.5], [90, 715.0], [91, 728.5], [92, 743.5], [93, 764.0], [94, 775.5], [95, 804.0], [96, 817.0], [97, 851.0], [98, 867.5], [100, 1208.0], [101, 1197.5], [102, 1187.0], [103, 1183.0], [104, 1179.5], [105, 1183.0], [106, 1182.5], [107, 1197.5], [110, 5750.5], [117, 14803.0], [118, 14757.0], [119, 14731.5], [120, 14701.5], [121, 14689.5], [122, 14683.0], [123, 14667.0], [126, 8019.5], [127, 8023.0], [129, 3243.0], [130, 3241.0], [131, 3246.5], [132, 3250.5], [133, 3262.5], [135, 1205.5], [136, 1199.5], [137, 1199.5], [138, 1216.0], [139, 1234.5], [143, 2323.0], [150, 1240.0], [151, 1236.0], [152, 1212.0], [153, 1221.25], [155, 1365.5], [156, 1308.5], [157, 1284.5], [158, 1259.5], [159, 1215.0], [160, 1194.5], [161, 1156.5], [162, 1136.5], [163, 1120.0], [164, 1089.5], [165, 1073.0], [166, 1043.0], [167, 1029.5], [168, 1004.5], [169, 991.5], [170, 979.0], [171, 954.5], [172, 943.5], [173, 922.5], [174, 914.0], [175, 896.0], [176, 887.0], [177, 880.0], [178, 864.0], [179, 856.0], [180, 851.5], [-180, 848.0], [-179, 842.0], [-178, 833.0], [-177, 826.0], [-176, 818.5], [-175, 808.5], [-174, 801.5], [-172, 351.5], [-171, 350.5], [-170, 341.5], [-169, 337.5], [-168, 334.5], [-167, 326.5], [-166, 324.0], [-165, 316.0], [-164, 313.0], [-163, 308.0], [-162, 306.0], [-161, 302.0], [-160, 297.0], [-159, 295.0], [-158, 289.0], [-157, 287.5], [-156, 284.0], [-155, 281.0], [-154, 278.5], [-153, 275.5], [-152, 273.5], [-151, 271.5], [-150, 268.0], [-149, 267.0], [-148, 267.5], [-147, 265.5], [-146, 263.5], [-145, 262.5], [-144, 260.0], [-143, 258.5], [-142, 256.5], [-141, 255.0], [-140, 255.0], [-139, 255.0], [-138, 255.5], [-137, 256.0], [-131, 757.0], [-130, 753.0], [-129, 751.0], [-128, 765.0], [-127, 771.0], [-126, 778.0], [-125, 778.5], [-124, 779.0], [-123, 788.0], [-122, 791.5], [-121, 798.0], [-120, 801.0], [-119, 803.5], [-118, 812.0], [-117, 817.0], [-116, 828.0], [-115, 834.5], [-114, 848.0], [-113, 855.5], [-112, 862.0], [-111, 877.5], [-110, 886.0], [-109, 901.5], [-108, 911.5], [-107, 923.0], [-106, 941.0], [-105, 951.5], [-104, 975.0], [-103, 988.0], [-102, 1011.5], [-101, 1025.0], [-100, 1039.0], [-99, 1066.5], [-98, 1082.0], [-97, 1112.0], [-96, 1126.5], [-94, 796.5], [-93, 786.25], [-92, 787.0], [-91, 785.5], [-90, 781.0], [-89, 780.5], [-88, 780.5], [-87, 780.5], [-86, 780.75], [-85, 783.5], [-84, 787.5], [-83, 789.5], [-82, 792.0], [-81, 791.5], [-80, 793.5], [-79, 795.5], [-78, 798.0], [-77, 802.5], [-76, 803.5], [-75, 808.0], [-74, 808.5], [-73, 811.0], [-69, 389.5], [-68, 373.0], [-67, 366.0], [-66, 352.0], [-65, 346.5], [-64, 334.0], [-63, 328.0], [-62, 322.0], [-61, 310.5], [-60, 305.5], [-59, 297.5], [-58, 292.5], [-57, 287.5], [-55, 269.0], [-54, 269.0], [-53, 266.5], [-52, 263.5], [-51, 257.0], [-50, 254.5], [-49, 247.5], [-48, 244.5], [-47, 242.0], [-46, 238.5], [-45, 236.0], [-44, 230.5], [-43, 229.0], [-42, 226.0], [-41, 224.0], [-40, 222.0], [-39, 217.5], [-38, 215.5], [-37, 212.5], [-36, 210.5], [-35, 209.0], [-34, 206.0], [-33, 203.0], [-32, 203.0], [-31, 200.5], [-30, 200.5], [-29, 198.5], [-28, 196.5], [-27, 194.0], [-26, 194.5], [-25, 196.5], [-24, 198.0], [-23, 200.5], [-22, 204.0], [-15, 601.5], [-13, 581.0], [-10, 536.0], [-9, 530.0], [-8, 522.5], [-7, 507.5], [-6, 502.0], [-5, 493.5]]}