{"heading": 9.6, "target": 46.86983381485177, "gap_dist": 318.2235849435618, "gap_info": [{"width": 365.02113335130747, "center_angle": -86.360480245412, "edge_a": [-110, 451.0], "edge_b": [-65, 496.5], "depth": 496.5, "passable": true, "chosen": false}, {"width": 341.7789783447012, "center_angle": -52.88672073561209, "edge_a": [-62, 496.0], "edge_b": [-30, 202.0], "depth": 496.0, "passable": true, "chosen": false}, {"width": 318.2235849435618, "center_angle": 46.86983381485177, "edge_a": [25, 211.5], "edge_b": [56, 496.5], "depth": 496.5, "passable": true, "chosen": true}, {"width": 78.22420232570187, "center_angle": 136.48868721629972, "edge_a": [132, 499.5], "edge_b": [141, 497.0], "depth": 499.5, "passable": false, "chosen": false}], "scan": [[-3, 187.5], [-2, 185.0], [-1, 185.0], [0, 184.0], [1, 182.5], [2, 182.5], [3, 183.0], [4, 183.5], [5, 186.0], [6, 186.0], [7, 187.5], [8, 188.5], [9, 190.5], [10, 191.0], [11, 190.5], [12, 191.5], [13, 191.0], [14, 192.5], [15, 194.5], [16, 193.5], [17, 194.5], [18, 194.5], [19, 195.5], [20, 197.0], [21, 198.0], [22, 201.0], [23, 203.5], [24, 207.5], [25, 211.5], [29, 883.0], [30, 839.5], [31, 831.5], [32, 834.0], [33, 826.5], [36, 748.5], [37, 748.5], [41, 646.5], [42, 635.0], [43, 624.5], [44, 605.5], [45, 596.5], [46, 582.5], [47, 572.5], [48, 566.0], [49, 558.5], [50, 543.5], [51, 535.5], [52, 524.0], [53, 521.0], [54, 505.0], [55, 501.0], [56, 496.5], [57, 488.5], [58, 483.5], [59, 476.0], [60, 473.5], [61, 469.5], [62, 462.5], [63, 460.0], [64, 453.5], [65, 451.5], [66, 446.0], [67, 446.0], [68, 443.5], [69, 443.5], [70, 438.0], [71, 427.0], [72, 422.5], [73, 418.5], [74, 416.0], [75, 418.0], [76, 416.0], [77, 415.5], [78, 410.0], [79, 405.5], [80, 400.5], [81, 399.5], [82, 400.0], [83, 397.0], [84, 397.0], [85, 392.5], [86, 392.25], [87, 390.5], [88, 388.5], [89, 388.5], [90, 388.0], [91, 388.0], [92, 386.75], [93, 387.25], [94, 385.5], [95, 386.5], [96, 387.0], [97, 388.5], [98, 388.5], [99, 389.0], [100, 390.5], [101, 391.0], [102, 391.0], [103, 393.0], [104, 393.0], [105, 395.0], [106, 395.5], [107, 399.0], [108, 401.0], [109, 401.5], [110, 405.0], [111, 406.5], [112, 409.0], [113, 410.5], [114, 413.0], [115, 415.0], [116, 418.0], [117, 423.0], [118, 425.0], [119, 429.5], [120, 433.0], [121, 438.5], [122, 441.0], [123, 446.5], [124, 450.0], [125, 454.0], [126, 461.0], [127, 467.0], [128, 474.5], [129, 478.5], [130, 487.5], [131, 493.5], [132, 499.5], [133, 516.0], [134, 523.5], [135, 531.5], [136, 539.0], [137, 548.0], [139, 523.5], [140, 503.0], [141, 497.0], [142, 484.0], [143, 480.0], [144, 469.0], [145, 463.5], [146, 459.5], [147, 453.0], [148, 448.0], [149, 438.5], [150, 435.0], [151, 430.5], [152, 427.0], [153, 425.0], [154, 417.5], [155, 414.5], [156, 408.5], [157, 406.5], [158, 405.5], [159, 405.5], [160, 408.0], [161, 415.0], [162, 437.0], [164, 476.0], [165, 489.0], [166, 503.5], [176, 4081.5], [177, 4039.5], [179, 1955.5], [180, 1955.5], [-180, 1952.5], [-179, 1950.5], [-177, 2141.5], [-175, 1071.5], [-174, 1071.5], [-173, 1073.0], [-172, 1072.5], [-171, 1072.5], [-170, 1072.0], [-169, 1074.0], [-168, 1074.0], [-167, 1077.5], [-166, 1079.5], [-165, 1081.5], [-164, 1085.0], [-163, 1088.0], [-162, 1093.0], [-161, 1095.5], [-160, 1102.5], [-159, 1109.5], [-157, 1498.0], [-152, 1988.5], [-148, 484.0], [-147, 472.0], [-146, 450.0], [-145, 440.0], [-144, 421.5], [-143, 413.5], [-142, 397.0], [-141, 389.0], [-140, 380.5], [-139, 366.5], [-138, 359.5], [-137, 349.0], [-136, 342.5], [-135, 337.0], [-134, 327.5], [-133, 323.0], [-132, 316.5], [-131, 307.0], [-130, 302.5], [-129, 299.5], [-128, 297.5], [-127, 301.0], [-126, 304.5], [-125, 311.0], [-124, 316.0], [-123, 319.0], [-122, 328.25], [-121, 334.5], [-120, 345.25], [-119, 348.75], [-118, 354.25], [-117, 366.0], [-116, 373.0], [-115, 388.5], [-114, 397.0], [-113, 413.5], [-112, 421.0], [-111, 440.5], [-110, 451.0], [-108, 781.5], [-107, 773.5], [-106, 771.0], [-105, 759.5], [-104, 756.0], [-103, 750.5], [-102, 747.0], [-101, 744.5], [-100, 740.0], [-99, 738.5], [-98, 735.5], [-97, 731.75], [-96, 728.75], [-95, 727.5], [-94, 726.0], [-93, 721.0], [-92, 718.5], [-91, 714.5], [-90, 714.0], [-89, 714.0], [-88, 712.5], [-87, 711.5], [-86, 710.5], [-85, 710.5], [-84, 708.0], [-83, 708.5], [-82, 709.0], [-81, 708.5], [-80, 712.0], [-79, 709.5], [-78, 711.0], [-77, 712.0], [-76, 713.0], [-75, 715.0], [-74, 716.0], [-73, 719.0], [-72, 720.0], [-71, 725.5], [-70, 714.5], [-69, 712.0], [-65, 496.5], [-64, 493.0], [-63, 493.0], [-62, 496.0], [-61, 500.0], [-60, 502.5], [-59, 506.5], [-58, 511.0], [-57, 516.5], [-56, 519.5], [-55, 523.5], [-54, 530.5], [-53, 533.0], [-52, 540.5], [-51, 545.0], [-50, 554.5], [-49, 556.5], [-48, 562.5], [-47, 575.0], [-46, 580.5], [-45, 591.5], [-44, 596.0], [-43, 609.0], [-42, 613.0], [-41, 621.5], [-40, 633.5], [-39, 638.0], [-38, 655.0], [-36, 1007.5], [-35, 1021.0], [-34, 1034.5], [-33, 1062.0], [-32, 1076.0], [-30, 202.0], [-29, 201.0], [-28, 200.0], [-27, 198.0], [-26, 196.5], [-25, 193.5], [-24, 192.5], [-23, 190.0], [-22, 186.5], [-21, 185.5], [-20, 185.0], [-19, 184.0], [-18, 182.5], [-17, 180.0], [-16, 178.5], [-15, 176.5], [-14, 176.0], [-13, 173.5], [-12, 173.5], [-11, 172.5], [-10, 171.0], [-9, 169.5], [-8, 168.5], [-7, 168.5], [-6, 166.5], [-5, 165.5], [-4, 163.5]]}