{"heading": 50.8, "target": 17.32886509053526, "gap_dist": 304.5212843418739, "gap_info": [{"width": 304.5212843418739, "center_angle": 17.32886509053526, "edge_a": [-21, 237.0], "edge_b": [45, 316.5], "depth": 316.5, "passable": true, "chosen": true}], "scan": [[-2, 612.5], [-1, 616.5], [0, 622.5], [1, 624.5], [2, 648.0], [3, 651.5], [4, 660.5], [5, 676.0], [6, 689.0], [7, 700.0], [8, 708.5], [9, 731.0], [10, 733.5], [11, 743.0], [12, 761.0], [13, 765.5], [14, 774.0], [15, 787.5], [16, 788.5], [17, 794.0], [18, 801.5], [19, 819.5], [20, 831.0], [21, 844.5], [22, 886.0], [23, 899.0], [24, 932.0], [25, 951.5], [26, 971.0], [27, 1014.0], [28, 1034.5], [29, 1079.0], [30, 1102.0], [31, 1161.5], [32, 1220.5], [33, 1252.5], [35, 1367.0], [45, 316.5], [46, 310.5], [47, 304.5], [48, 301.0], [49, 291.5], [50, 287.0], [51, 278.0], [52, 273.5], [53, 268.0], [54, 264.5], [55, 262.0], [56, 255.5], [57, 253.0], [58, 248.0], [59, 244.5], [60, 240.5], [61, 238.0], [62, 236.5], [63, 231.5], [64, 230.5], [65, 226.0], [66, 224.5], [67, 218.0], [68, 216.0], [69, 212.5], [70, 213.0], [71, 213.0], [72, 209.0], [73, 207.5], [74, 204.0], [75, 201.5], [76, 202.0], [77, 200.5], [78, 199.5], [79, 197.0], [80, 198.0], [81, 195.5], [82, 194.5], [83, 193.0], [84, 191.5], [85, 190.5], [86, 191.0], [87, 190.5], [88, 188.5], [89, 188.0], [90, 186.5], [91, 186.5], [92, 186.0], [93, 185.5], [94, 185.5], [95, 182.0], [96, 181.0], [97, 182.0], [98, 182.0], [99, 181.5], [100, 182.5], [101, 183.5], [102, 185.5], [103, 187.0], [104, 187.5], [105, 188.0], [106, 188.5], [107, 186.0], [108, 188.0], [109, 191.0], [110, 193.0], [111, 193.0], [113, 719.0], [114, 704.0], [115, 699.5], [116, 697.5], [117, 691.5], [118, 687.5], [119, 678.0], [120, 670.0], [121, 664.0], [122, 659.5], [123, 655.5], [124, 650.5], [125, 644.5], [126, 641.0], [127, 635.5], [128, 632.0], [129, 628.5], [130, 627.0], [131, 626.0], [132, 622.5], [133, 622.0], [134, 614.0], [135, 611.5], [136, 608.5], [137, 609.5], [138, 610.5], [139, 608.0], [140, 605.0], [141, 601.5], [142, 599.5], [143, 598.5], [144, 600.5], [145, 603.0], [146, 599.5], [147, 597.0], [148, 597.5], [149, 600.0], [150, 600.5], [151, 598.0], [152, 598.0], [153, 599.0], [154, 601.0], [155, 602.5], [156, 602.5], [157, 607.0], [158, 608.0], [159, 611.0], [160, 612.0], [161, 615.0], [162, 618.5], [163, 624.5], [164, 628.0], [165, 630.5], [166, 637.5], [167, 639.5], [168, 643.5], [169, 646.0], [170, 650.5], [171, 657.0], [172, 659.5], [173, 666.0], [174, 672.0], [175, 682.0], [176, 685.5], [177, 690.5], [178, 701.0], [179, 709.5], [-180, 713.5], [-179, 718.0], [-178, 727.0], [-177, 733.0], [-176, 738.5], [-175, 751.0], [-174, 758.5], [-173, 772.5], [-172, 780.5], [-171, 795.5], [-170, 803.0], [-169, 813.5], [-168, 834.5], [-167, 845.0], [-166, 854.0], [-165, 875.5], [-164, 888.0], [-162, 3501.5], [-161, 3576.5], [-156, 8524.0], [-137, 11082.5], [-135, 14893.0], [-134, 14801.0], [-133, 14770.5], [-132, 14722.5], [-131, 14695.0], [-130, 14672.5], [-129, 14633.5], [-128, 14618.5], [-126, 1324.0], [-125, 1320.0], [-124, 1330.0], [-123, 1351.5], [-122, 1384.0], [-121, 1423.5], [-119, 1246.5], [-118, 1243.5], [-117, 1258.5], [-116, 1281.0], [-109, 2171.0], [-105, 1809.5], [-100, 1255.5], [-99, 1190.0], [-98, 1160.0], [-97, 1105.0], [-96, 1081.0], [-95, 1056.5], [-94, 1009.5], [-93, 990.0], [-92, 953.0], [-91, 938.0], [-90, 908.0], [-89, 895.5], [-88, 886.0], [-87, 859.0], [-86, 849.0], [-85, 835.5], [-84, 824.5], [-83, 799.0], [-82, 790.0], [-81, 781.0], [-79, 151.5], [-78, 150.0], [-77, 150.0], [-76, 152.0], [-75, 152.0], [-74, 152.0], [-73, 150.5], [-72, 149.5], [-71, 148.5], [-70, 148.5], [-69, 148.5], [-68, 150.0], [-67, 150.5], [-66, 152.0], [-65, 153.5], [-64, 154.5], [-63, 155.0], [-62, 155.5], [-61, 153.5], [-60, 153.5], [-59, 155.0], [-58, 157.0], [-57, 156.0], [-56, 156.5], [-55, 158.0], [-54, 157.5], [-53, 158.5], [-52, 159.5], [-51, 161.0], [-50, 161.0], [-49, 163.0], [-48, 163.5], [-47, 165.5], [-46, 166.5], [-45, 167.0], [-44, 172.0], [-43, 172.5], [-42, 173.5], [-41, 175.0], [-40, 178.0], [-39, 179.5], [-38, 180.5], [-37, 183.0], [-36, 184.0], [-35, 188.5], [-34, 190.0], [-33, 193.5], [-32, 195.5], [-31, 197.0], [-30, 200.5], [-29, 202.5], [-28, 209.5], [-27, 213.0], [-26, 218.5], [-25, 221.5], [-24, 223.5], [-22, 233.5], [-21, 237.0], [-19, 501.0], [-18, 506.5], [-17, 509.5], [-16, 516.5], [-15, 518.5], [-14, 520.0], [-13, 523.0], [-12, 532.0], [-11, 533.5], [-10, 539.0], [-9, 542.5], [-7, 571.0], [-6, 572.0], [-5, 577.5], [-4, 584.0]]}