{"heading": -346.4, "target": 119.59176616910872, "gap_dist": 437.9306264011975, "gap_info": [{"width": 63.4316561327913, "center_angle": -2.8524710833110736, "edge_a": [-4, 261.5], "edge_b": [-2, 352.0], "depth": 352.0, "passable": false, "chosen": false}, {"width": 93.78603415065197, "center_angle": 5.652693368444688, "edge_a": [4, 311.0], "edge_b": [8, 219.0], "depth": 311.0, "passable": false, "chosen": false}, {"width": 437.9306264011975, "center_angle": 119.59176616910872, "edge_a": [69, 249.5], "edge_b": [144, 466.5], "depth": 466.5, "passable": true, "chosen": true}, {"width": 308.4918230924725, "center_angle": 159.0800627163221, "edge_a": [155, 446.0], "edge_b": [174, 123.25], "depth": 446.0, "passable": true, "chosen": false}], "scan": [[-2, 352.0], [-1, 347.0], [0, 336.25], [1, 331.5], [2, 320.0], [3, 314.5], [4, 311.0], [8, 219.0], [9, 211.0], [10, 205.0], [12, 193.0], [13, 193.0], [14, 195.0], [15, 199.5], [16, 200.0], [17, 199.5], [18, 198.0], [19, 196.0], [20, 194.0], [21, 191.5], [22, 190.5], [23, 189.0], [24, 186.5], [25, 186.5], [26, 184.5], [27, 183.5], [28, 182.0], [29, 181.5], [30, 180.5], [31, 180.5], [32, 180.5], [33, 180.0], [34, 179.0], [35, 178.0], [36, 176.5], [37, 175.5], [38, 178.0], [39, 176.0], [40, 177.0], [41, 178.5], [42, 179.0], [43, 178.0], [44, 181.0], [45, 183.0], [46, 185.5], [47, 187.5], [48, 190.0], [49, 191.5], [50, 192.5], [51, 195.0], [52, 195.5], [53, 196.5], [54, 198.0], [55, 199.5], [56, 202.0], [57, 204.0], [58, 206.0], [59, 209.5], [60, 213.5], [61, 216.0], [62, 219.0], [63, 220.5], [64, 223.0], [65, 229.5], [66, 228.0], [67, 236.0], [69, 249.5], [72, 1881.0], [73, 1886.0], [74, 1897.0], [75, 1905.5], [76, 1924.0], [78, 1954.5], [79, 1960.0], [80, 1978.5], [81, 2012.0], [82, 2025.0], [83, 2048.5], [88, 4981.0], [90, 2159.5], [91, 2163.5], [93, 5257.5], [95, 3990.0], [96, 3890.0], [97, 3843.0], [98, 3750.0], [99, 3703.5], [100, 3660.5], [101, 3580.0], [102, 3540.5], [103, 3470.0], [104, 3434.5], [105, 3402.5], [106, 3341.0], [107, 3310.0], [108, 3252.5], [109, 3225.5], [110, 3176.0], [111, 3152.5], [112, 3130.5], [113, 3082.5], [114, 3061.0], [115, 3022.0], [116, 3000.0], [117, 2981.0], [118, 2945.5], [119, 2929.5], [122, 589.75], [123, 592.25], [124, 594.5], [125, 596.5], [126, 597.5], [127, 602.0], [128, 604.0], [129, 606.5], [130, 610.0], [131, 614.0], [132, 617.5], [133, 620.0], [134, 628.5], [135, 632.0], [136, 639.5], [137, 643.5], [138, 640.0], [139, 619.0], [144, 466.5], [145, 453.0], [147, 415.5], [148, 414.5], [149, 418.0], [150, 422.0], [151, 427.0], [152, 430.0], [153, 434.5], [154, 442.0], [155, 446.0], [157, 2700.0], [158, 2722.0], [160, 2501.5], [165, 70.75], [166, 70.0], [174, 123.25], [175, 126.75], [176, 127.25], [177, 125.75], [178, 124.25], [179, 122.5], [180, 120.5], [-170, 78.5], [-165, 4170.5], [-164, 4122.0], [-163, 4158.5], [-162, 4223.0], [-161, 4354.5], [-160, 4425.0], [-157, 743.5], [-152, 597.0], [-151, 598.0], [-150, 602.5], [-149, 611.0], [-148, 616.5], [-147, 625.5], [-146, 631.5], [-144, 3262.5], [-143, 3243.0], [-142, 3228.5], [-141, 3214.5], [-140, 3204.5], [-136, 3990.5], [-135, 3954.0], [-134, 3940.5], [-128, 2078.5], [-125, 2054.0], [-124, 2042.5], [-123, 2043.5], [-122, 2049.5], [-121, 2075.5], [-119, 2097.0], [-118, 2117.5], [-117, 2150.0], [-116, 2206.0], [-115, 2172.5], [-114, 2165.0], [-113, 2187.5], [-112, 2165.5], [-111, 2164.0], [-110, 2191.0], [-109, 2207.0], [-108, 2208.5], [-107, 2202.0], [-106, 2162.5], [-105, 2139.5], [-102, 2316.0], [-101, 2303.5], [-100, 2319.0], [-99, 2332.0], [-98, 2334.5], [-97, 2352.0], [-95, 3171.0], [-93, 3045.5], [-92, 3067.0], [-90, 1732.0], [-89, 1663.5], [-88, 1631.5], [-87, 1575.5], [-86, 1552.0], [-85, 1528.0], [-84, 1484.0], [-83, 1464.5], [-82, 1425.5], [-81, 1405.0], [-80, 1370.5], [-79, 1379.0], [-78, 1391.0], [-77, 1413.0], [-76, 1448.0], [-75, 1465.5], [-74, 1509.0], [-73, 1529.5], [-72, 1550.5], [-71, 1596.5], [-70, 1621.5], [-69, 1674.0], [-68, 1701.5], [-67, 1765.5], [-66, 1799.0], [-65, 1783.0], [-64, 1811.5], [-63, 1813.5], [-61, 1699.0], [-60, 1703.5], [-59, 1724.0], [-58, 1733.5], [-57, 1730.0], [-55, 1837.0], [-54, 1811.0], [-53, 1801.5], [-52, 1794.5], [-51, 1779.5], [-50, 1771.0], [-49, 1756.0], [-48, 1751.0], [-47, 1744.0], [-46, 1731.0], [-45, 1726.0], [-44, 1708.5], [-43, 1692.5], [-42, 1688.0], [-41, 1703.0], [-40, 1711.0], [-39, 1735.5], [-38, 1757.0], [-37, 1764.0], [-36, 1767.5], [-35, 1761.0], [-34, 1756.0], [-33, 1747.5], [-32, 1731.5], [-31, 1729.0], [-30, 1731.5], [-29, 1752.0], [-28, 1757.0], [-26, 12143.5], [-25, 12168.0], [-24, 12193.5], [-14, 1804.5], [-13, 1808.0], [-8, 261.5], [-7, 258.5], [-6, 255.0], [-5, 261.0], [-4, 261.5]]}