{"heading": 98.8, "target": 109.5295677260647, "gap_dist": 278.67593265759695, "gap_info": [{"width": 451.3262566191739, "center_angle": -64.5234526160914, "edge_a": [-100, 367.5], "edge_b": [-39, 495.0], "depth": 495.0, "passable": true, "chosen": false}, {"width": 60.18284357611908, "center_angle": -37.58825538835113, "edge_a": [-39, 495.0], "edge_b": [-36, 440.0], "depth": 495.0, "passable": false, "chosen": false}, {"width": 278.67593265759695, "center_angle": 109.5295677260647, "edge_a": [93, 487.5], "edge_b": [127, 462.0], "depth": 487.5, "passable": true, "chosen": true}], "scan": [[-4, 214.5], [-3, 213.5], [-2, 211.5], [-1, 225.5], [0, 224.0], [1, 221.0], [2, 220.5], [3, 220.0], [4, 215.0], [5, 215.5], [6, 214.0], [7, 213.0], [8, 211.0], [9, 210.5], [10, 208.5], [11, 207.0], [12, 206.0], [13, 206.0], [14, 205.5], [15, 204.5], [16, 203.5], [17, 203.5], [18, 202.5], [19, 202.0], [20, 201.0], [21, 201.0], [22, 201.0], [23, 200.5], [24, 200.5], [25, 200.5], [26, 199.5], [27, 199.0], [28, 199.0], [29, 199.0], [30, 200.5], [31, 200.0], [32, 201.5], [33, 201.5], [34, 203.0], [35, 203.0], [36, 203.0], [37, 203.5], [38, 204.5], [39, 205.5], [40, 206.0], [41, 206.5], [42, 207.0], [43, 209.0], [44, 209.5], [45, 211.5], [46, 212.0], [47, 212.5], [48, 213.0], [49, 214.0], [50, 216.5], [51, 220.0], [52, 220.5], [53, 223.0], [54, 224.5], [55, 226.0], [56, 227.5], [57, 229.5], [58, 231.5], [59, 236.5], [60, 238.5], [61, 241.5], [62, 244.0], [63, 248.0], [64, 250.5], [65, 254.5], [66, 257.5], [67, 260.5], [68, 265.5], [69, 269.0], [70, 274.0], [71, 278.0], [72, 281.5], [73, 289.5], [74, 292.0], [75, 299.5], [76, 305.0], [77, 310.0], [78, 319.0], [79, 323.0], [80, 333.5], [81, 339.5], [82, 345.5], [83, 356.0], [84, 363.0], [85, 376.5], [86, 385.0], [87, 404.5], [88, 413.5], [89, 430.0], [90, 441.5], [91, 452.5], [92, 473.5], [93, 487.5], [94, 517.5], [95, 533.5], [97, 593.0], [107, 1184.0], [108, 1157.0], [109, 1154.0], [110, 1148.0], [111, 1143.0], [112, 1141.5], [113, 1139.5], [114, 1138.5], [115, 1135.0], [116, 1132.5], [117, 1135.5], [118, 1137.5], [120, 2900.0], [121, 2876.0], [125, 1180.5], [127, 462.0], [128, 462.0], [129, 463.0], [130, 466.5], [131, 467.0], [132, 472.0], [133, 473.0], [134, 473.5], [135, 478.5], [136, 479.5], [137, 486.5], [138, 487.5], [139, 489.0], [140, 491.0], [141, 496.5], [142, 499.0], [143, 505.0], [144, 507.0], [145, 513.5], [146, 517.5], [147, 523.0], [148, 529.0], [149, 534.0], [151, 1640.5], [152, 1591.0], [153, 1564.0], [154, 1515.5], [155, 1495.5], [156, 1465.5], [157, 1446.0], [158, 1410.5], [159, 1373.5], [160, 1350.5], [161, 1305.0], [162, 1290.0], [163, 1261.5], [164, 1248.5], [165, 1237.5], [167, 907.0], [168, 890.0], [169, 882.5], [170, 875.0], [171, 858.5], [172, 851.0], [173, 835.5], [174, 829.5], [175, 815.5], [176, 809.5], [177, 804.0], [178, 792.0], [179, 788.5], [180, 783.0], [-180, 778.0], [-179, 773.5], [-178, 762.5], [-177, 757.5], [-176, 756.5], [-175, 765.0], [-170, 954.0], [-169, 963.5], [-168, 958.5], [-167, 950.5], [-166, 946.0], [-165, 943.0], [-164, 938.5], [-163, 934.0], [-162, 929.5], [-161, 931.0], [-160, 930.5], [-159, 926.0], [-158, 914.0], [-157, 910.5], [-156, 912.0], [-155, 913.0], [-154, 912.5], [-153, 912.5], [-152, 913.0], [-151, 914.0], [-150, 914.5], [-149, 917.0], [-148, 917.0], [-147, 919.5], [-146, 922.5], [-145, 923.5], [-144, 924.0], [-143, 928.5], [-133, 251.0], [-132, 251.5], [-131, 249.5], [-130, 249.5], [-129, 251.0], [-128, 253.0], [-127, 254.0], [-126, 255.0], [-125, 258.0], [-124, 260.5], [-123, 263.5], [-122, 265.0], [-121, 267.0], [-120, 269.5], [-119, 273.0], [-118, 277.0], [-117, 279.0], [-116, 285.0], [-115, 289.0], [-114, 292.0], [-113, 296.5], [-112, 297.5], [-111, 305.0], [-110, 308.5], [-109, 316.0], [-108, 319.5], [-107, 323.5], [-106, 329.5], [-105, 333.5], [-104, 344.5], [-103, 349.5], [-102, 353.0], [-101, 364.0], [-100, 367.5], [-98, 1147.0], [-97, 1134.5], [-96, 1124.5], [-95, 1135.0], [-93, 2690.5], [-92, 2690.5], [-91, 2715.5], [-89, 4005.0], [-86, 1024.0], [-85, 1023.0], [-84, 1024.5], [-83, 1017.0], [-82, 1009.0], [-81, 1000.0], [-80, 1002.0], [-79, 1018.0], [-77, 3746.5], [-75, 3178.5], [-73, 3009.0], [-72, 3009.0], [-70, 1310.5], [-69, 1291.5], [-68, 1298.0], [-67, 1311.5], [-66, 1329.5], [-65, 1378.0], [-63, 1162.0], [-62, 1155.5], [-61, 1145.5], [-60, 1137.5], [-59, 1132.5], [-58, 1142.0], [-57, 1159.5], [-39, 495.0], [-36, 440.0], [-35, 420.0], [-34, 409.5], [-33, 398.0], [-32, 378.5], [-31, 371.5], [-30, 356.0], [-29, 348.0], [-28, 335.5], [-27, 328.5], [-26, 321.5], [-25, 312.0], [-24, 306.0], [-23, 295.5], [-22, 291.0], [-21, 287.5], [-20, 278.5], [-19, 275.0], [-18, 266.5], [-17, 264.5], [-16, 261.5], [-15, 255.0], [-14, 251.0], [-13, 245.5], [-12, 242.0], [-11, 239.0], [-10, 234.5], [-9, 232.0], [-8, 227.5], [-7, 225.0], [-6, 220.5], [-5, 219.0]]}