{"heading": 6.9, "target": -32.055634154517804, "gap_dist": 350.63609969231453, "gap_info": [{"width": 105.73915925473148, "center_angle": -117.39116042667416, "edge_a": [-120, 254.0], "edge_b": [-113, 151.0], "depth": 254.0, "passable": false, "chosen": false}, {"width": 350.63609969231453, "center_angle": -32.055634154517804, "edge_a": [-62, 355.0], "edge_b": [-1, 343.5], "depth": 355.0, "passable": true, "chosen": true}, {"width": 128.92005470627782, "center_angle": 47.1083573803884, "edge_a": [43, 322.5], "edge_b": [50, 458.0], "depth": 458.0, "passable": false, "chosen": false}, {"width": 31.285762064872003, "center_angle": 144.5371414685504, "edge_a": [143, 423.5], "edge_b": [146, 445.0], "depth": 445.0, "passable": false, "chosen": false}], "scan": [[-1, 343.5], [0, 334.5], [1, 321.5], [3, 304.5], [4, 292.5], [5, 287.0], [6, 275.5], [7, 270.5], [8, 261.5], [9, 257.5], [10, 253.0], [11, 245.0], [12, 241.5], [13, 237.0], [14, 230.0], [15, 227.5], [16, 219.5], [17, 218.0], [18, 212.0], [19, 209.0], [20, 204.5], [21, 200.5], [22, 198.5], [23, 195.0], [24, 193.0], [25, 191.0], [26, 190.5], [27, 194.5], [28, 195.5], [30, 208.5], [31, 213.0], [32, 217.5], [33, 228.5], [34, 233.0], [35, 243.5], [36, 250.5], [37, 263.0], [38, 269.5], [40, 295.0], [42, 323.5], [43, 322.5], [50, 458.0], [51, 464.0], [52, 465.5], [53, 462.0], [54, 451.0], [55, 449.0], [57, 428.0], [59, 407.5], [60, 402.5], [61, 388.5], [62, 388.0], [63, 379.5], [64, 377.0], [65, 374.5], [66, 371.75], [67, 367.5], [68, 353.5], [69, 351.5], [70, 347.25], [71, 345.25], [72, 342.5], [73, 340.25], [74, 337.25], [75, 337.0], [76, 332.75], [77, 326.5], [78, 326.0], [79, 324.5], [80, 319.25], [81, 318.0], [82, 313.0], [83, 311.0], [84, 308.5], [85, 309.5], [86, 307.5], [87, 306.5], [88, 305.5], [89, 305.0], [90, 303.0], [91, 302.0], [92, 300.5], [93, 300.0], [94, 300.5], [95, 298.25], [96, 298.25], [97, 299.0], [98, 299.0], [99, 298.0], [100, 298.0], [101, 300.5], [102, 299.0], [103, 298.5], [104, 300.0], [105, 300.0], [106, 299.5], [107, 301.5], [108, 300.0], [109, 303.5], [110, 304.5], [111, 307.5], [112, 309.0], [113, 308.0], [114, 310.5], [115, 314.0], [116, 317.5], [117, 317.5], [118, 319.0], [119, 322.5], [120, 326.5], [121, 329.0], [122, 330.0], [123, 335.0], [124, 338.5], [125, 346.5], [126, 346.0], [127, 349.5], [128, 351.0], [129, 355.0], [130, 363.0], [131, 364.5], [132, 372.5], [133, 373.5], [134, 380.0], [135, 378.5], [136, 383.0], [137, 390.0], [138, 391.5], [139, 405.0], [140, 414.5], [141, 415.5], [142, 422.5], [143, 423.5], [146, 445.0], [147, 462.0], [148, 467.0], [149, 481.5], [150, 483.0], [151, 495.5], [152, 506.5], [155, 560.5], [157, 592.5], [159, 625.0], [161, 666.0], [163, 733.0], [164, 743.5], [165, 753.5], [166, 788.5], [168, 856.5], [169, 879.0], [-176, 1250.0], [-175, 1255.5], [-174, 1257.5], [-173, 1260.5], [-172, 1263.0], [-171, 1268.5], [-170, 1270.5], [-169, 1272.0], [-168, 1282.0], [-167, 1303.0], [-164, 597.5], [-163, 600.5], [-162, 601.5], [-161, 602.0], [-160, 606.5], [-159, 608.0], [-158, 612.5], [-157, 615.5], [-156, 617.5], [-155, 622.0], [-154, 624.0], [-153, 629.5], [-152, 633.0], [-151, 642.5], [-150, 646.0], [-149, 649.0], [-148, 656.0], [-147, 658.5], [-146, 672.0], [-145, 676.0], [-144, 680.0], [-143, 690.5], [-142, 694.0], [-141, 706.5], [-139, 746.5], [-138, 730.0], [-137, 726.0], [-136, 732.5], [-135, 732.5], [-134, 735.0], [-133, 736.5], [-132, 740.0], [-131, 741.0], [-130, 741.5], [-129, 745.5], [-128, 748.5], [-127, 754.5], [-126, 756.0], [-125, 760.0], [-124, 763.0], [-123, 767.5], [-122, 771.0], [-120, 254.0], [-113, 151.0], [-112, 149.0], [-111, 148.0], [-110, 148.0], [-109, 146.5], [-108, 148.75], [-107, 149.0], [-106, 151.0], [-105, 152.0], [-104, 152.0], [-103, 152.0], [-102, 154.5], [-101, 157.0], [-100, 156.5], [-99, 159.5], [-98, 161.0], [-97, 162.0], [-96, 164.5], [-95, 166.0], [-94, 168.5], [-93, 170.5], [-92, 173.0], [-91, 175.0], [-90, 178.0], [-89, 181.0], [-88, 183.25], [-87, 185.75], [-86, 189.0], [-85, 191.5], [-84, 196.0], [-83, 198.0], [-82, 204.0], [-81, 206.5], [-80, 209.5], [-79, 218.5], [-78, 222.0], [-77, 229.5], [-76, 233.5], [-75, 238.5], [-74, 239.5], [-72, 259.0], [-71, 263.5], [-70, 276.0], [-69, 281.5], [-68, 286.0], [-67, 300.0], [-66, 306.5], [-65, 323.5], [-64, 332.0], [-63, 346.5], [-62, 355.0], [-60, 841.5], [-59, 845.5], [-58, 852.5], [-57, 857.0], [-56, 861.5], [-55, 871.0], [-54, 877.0], [-53, 889.5], [-52, 895.5], [-51, 901.0], [-50, 912.5], [-49, 919.0], [-48, 938.0], [-47, 945.5], [-46, 959.5], [-45, 967.0], [-44, 975.5], [-43, 997.5], [-42, 1007.0], [-41, 1014.5], [-40, 1026.0], [-39, 1037.0], [-38, 1059.5], [-37, 1072.0], [-36, 1095.5], [-35, 1108.0], [-34, 1121.5], [-33, 1151.5], [-32, 1166.0], [-31, 1204.5], [-24, 8843.0], [-6, 11282.5]]}