{"heading": -191.7, "target": 173.2350947030169, "gap_dist": 270.08411584303167, "gap_info": [{"width": 587.39476894499, "center_angle": 17.24706093877294, "edge_a": [-7, 260.0], "edge_b": [25, 791.5], "depth": 791.5, "passable": true, "chosen": false}, {"width": 570.278933267499, "center_angle": 46.91651898765971, "edge_a": [37, 731.5], "edge_b": [78, 244.0], "depth": 731.5, "passable": true, "chosen": false}, {"width": 321.2432119406898, "center_angle": 134.43854049723657, "edge_a": [116, 328.0], "edge_b": [145, 566.0], "depth": 566.0, "passable": true, "chosen": false}, {"width": 270.08411584303167, "center_angle": 173.2350947030169, "edge_a": [165, 523.5], "edge_b": [179, 746.5], "depth": 746.5, "passable": true, "chosen": true}], "scan": [[7, 2143.0], [8, 2024.0], [9, 1968.5], [10, 1916.0], [11, 1821.0], [12, 1778.0], [13, 1696.0], [14, 1661.5], [15, 1627.0], [16, 1565.0], [17, 1534.5], [19, 849.5], [20, 844.5], [21, 827.0], [22, 822.0], [23, 810.0], [24, 804.5], [25, 791.5], [26, 789.0], [27, 784.0], [28, 772.0], [29, 765.0], [30, 760.0], [31, 752.0], [32, 750.0], [33, 747.0], [34, 740.5], [35, 738.0], [36, 732.5], [37, 731.5], [42, 977.5], [43, 967.0], [44, 958.0], [45, 948.0], [46, 929.5], [47, 924.0], [48, 920.0], [49, 909.0], [50, 903.5], [51, 892.0], [52, 884.5], [53, 875.0], [54, 872.0], [55, 867.0], [56, 856.5], [57, 852.5], [58, 851.5], [59, 850.0], [60, 846.0], [61, 838.5], [62, 836.0], [63, 831.5], [64, 829.0], [65, 826.0], [66, 825.5], [67, 824.0], [68, 823.5], [69, 824.0], [70, 822.5], [71, 821.0], [72, 818.5], [73, 818.5], [74, 819.5], [78, 244.0], [79, 240.5], [80, 238.5], [81, 240.0], [82, 241.5], [83, 242.0], [84, 244.5], [85, 245.5], [86, 245.5], [87, 247.0], [88, 247.5], [89, 250.0], [90, 251.5], [91, 254.5], [92, 255.0], [93, 255.5], [94, 258.0], [95, 259.5], [96, 262.0], [97, 264.0], [98, 266.0], [99, 268.5], [100, 271.0], [101, 274.0], [102, 275.25], [103, 277.5], [104, 281.0], [105, 284.25], [106, 288.0], [107, 290.5], [108, 292.0], [109, 297.0], [110, 300.5], [111, 307.5], [112, 310.5], [113, 314.0], [114, 317.0], [115, 322.0], [116, 328.0], [119, 1194.0], [120, 1222.5], [121, 1240.5], [122, 1236.5], [123, 1207.0], [124, 1195.0], [125, 1183.0], [126, 1161.0], [127, 1150.0], [128, 1131.0], [129, 1119.5], [130, 1101.0], [131, 1092.0], [132, 1076.0], [133, 1069.5], [134, 1069.0], [135, 1082.0], [136, 1132.0], [137, 1158.5], [138, 1186.0], [140, 2158.5], [145, 566.0], [146, 563.5], [147, 557.0], [148, 555.0], [149, 551.5], [150, 549.5], [151, 547.0], [152, 541.5], [153, 539.0], [154, 533.5], [155, 533.0], [156, 533.0], [157, 529.5], [158, 529.0], [159, 527.5], [160, 526.0], [161, 525.5], [162, 525.0], [163, 523.0], [164, 521.5], [165, 523.5], [179, 746.5], [-180, 701.5], [-177, 595.0], [-173, 507.0], [-171, 459.5], [-170, 463.5], [-168, 410.5], [-167, 403.5], [-166, 396.0], [-165, 383.0], [-164, 375.0], [-163, 361.5], [-162, 355.5], [-161, 350.5], [-160, 340.5], [-159, 336.0], [-158, 324.5], [-157, 320.0], [-156, 316.5], [-155, 309.5], [-154, 308.0], [-153, 299.0], [-152, 296.5], [-151, 290.5], [-150, 286.0], [-149, 282.0], [-148, 279.0], [-147, 276.0], [-146, 272.0], [-145, 268.0], [-144, 265.0], [-143, 262.0], [-142, 260.5], [-141, 255.0], [-140, 254.0], [-139, 250.5], [-138, 249.5], [-137, 248.0], [-136, 246.5], [-135, 245.0], [-134, 239.5], [-133, 239.0], [-132, 238.5], [-131, 235.5], [-130, 232.0], [-129, 233.0], [-128, 230.5], [-127, 230.0], [-126, 228.75], [-125, 227.0], [-124, 230.0], [-123, 232.0], [-122, 231.0], [-121, 235.0], [-119, 226.5], [-118, 223.0], [-117, 220.5], [-116, 218.5], [-115, 219.5], [-114, 220.5], [-113, 219.5], [-112, 219.0], [-111, 219.0], [-110, 219.5], [-109, 218.0], [-108, 220.5], [-107, 220.0], [-106, 220.5], [-105, 220.5], [-104, 220.0], [-103, 221.0], [-102, 222.0], [-101, 223.0], [-100, 225.0], [-99, 226.0], [-98, 225.5], [-97, 227.0], [-96, 230.5], [-95, 228.0], [-94, 230.0], [-93, 233.5], [-92, 237.0], [-91, 238.0], [-89, 244.0], [-86, 246.0], [-85, 251.0], [-82, 270.0], [-81, 275.0], [-80, 278.5], [-79, 272.5], [-78, 272.0], [-77, 278.5], [-76, 281.5], [-75, 285.5], [-74, 288.5], [-73, 295.0], [-72, 297.5], [-71, 302.0], [-70, 308.5], [-69, 313.0], [-68, 321.0], [-67, 325.0], [-66, 328.5], [-65, 337.0], [-64, 343.0], [-63, 355.0], [-62, 362.5], [-61, 375.0], [-60, 384.0], [-59, 393.0], [-58, 409.0], [-57, 414.0], [-56, 419.0], [-55, 416.5], [-54, 401.0], [-51, 350.0], [-49, 321.5], [-47, 297.5], [-46, 291.0], [-44, 273.0], [-43, 264.0], [-42, 259.5], [-41, 255.0], [-40, 246.5], [-39, 241.5], [-38, 233.5], [-37, 228.5], [-36, 221.0], [-35, 218.0], [-34, 215.0], [-33, 208.0], [-32, 206.5], [-31, 200.5], [-30, 199.0], [-29, 194.0], [-28, 192.5], [-27, 190.5], [-26, 186.5], [-25, 184.0], [-24, 180.5], [-23, 178.5], [-22, 177.5], [-21, 173.0], [-20, 173.5], [-19, 175.0], [-18, 174.5], [-17, 175.0], [-16, 180.5], [-15, 183.0], [-14, 186.0], [-13, 195.5], [-11, 213.0], [-10, 219.5], [-7, 260.0]]}