{"heading": 11.9, "target": 77.18924194655202, "gap_dist": 561.6887551551494, "gap_info": [{"width": 561.6887551551494, "center_angle": 77.18924194655202, "edge_a": [68, 245.5], "edge_b": [80, 799.5], "depth": 799.5, "passable": true, "chosen": true}, {"width": 424.7803881191022, "center_angle": 118.58158243739314, "edge_a": [116, 798.75], "edge_b": [124, 381.0], "depth": 798.75, "passable": true, "chosen": false}], "scan": [[-2, 244.0], [-1, 240.5], [0, 238.5], [1, 237.0], [2, 231.5], [3, 228.5], [4, 227.0], [5, 226.0], [6, 224.0], [7, 219.5], [8, 218.0], [9, 217.0], [10, 215.0], [11, 213.0], [12, 211.0], [13, 210.0], [14, 209.0], [15, 207.5], [16, 206.5], [17, 205.0], [18, 204.5], [19, 203.5], [20, 200.5], [21, 202.0], [22, 201.5], [23, 200.0], [24, 199.5], [25, 198.5], [26, 198.0], [27, 197.0], [28, 196.0], [29, 195.5], [30, 193.5], [31, 191.5], [32, 194.0], [33, 194.0], [34, 194.5], [35, 195.5], [36, 197.5], [37, 198.5], [38, 198.5], [39, 199.5], [40, 198.5], [41, 200.0], [42, 200.0], [43, 201.0], [44, 202.5], [45, 203.5], [46, 203.5], [47, 204.0], [48, 205.0], [49, 206.0], [50, 209.0], [51, 208.5], [52, 210.5], [53, 211.0], [54, 211.5], [55, 214.0], [56, 214.0], [57, 219.0], [58, 219.5], [59, 221.0], [60, 224.0], [61, 225.5], [62, 227.5], [63, 231.5], [64, 234.0], [65, 237.5], [66, 239.0], [67, 244.0], [68, 245.5], [71, 850.0], [72, 835.5], [73, 830.0], [74, 821.0], [75, 816.5], [76, 815.0], [77, 805.0], [78, 802.5], [79, 800.0], [80, 799.5], [81, 790.0], [82, 780.25], [83, 778.5], [84, 777.0], [85, 777.5], [86, 770.5], [87, 771.25], [88, 774.25], [89, 779.5], [90, 775.25], [91, 770.0], [92, 771.0], [93, 772.5], [94, 760.0], [95, 761.0], [96, 759.25], [97, 757.5], [98, 758.5], [99, 758.5], [100, 760.0], [101, 760.25], [102, 761.25], [103, 762.25], [104, 765.5], [105, 762.5], [106, 765.0], [107, 766.0], [108, 768.0], [109, 768.75], [110, 771.25], [111, 777.0], [112, 779.5], [113, 783.0], [114, 791.0], [115, 795.5], [116, 798.75], [117, 808.5], [118, 813.0], [119, 809.0], [120, 808.0], [121, 806.5], [122, 809.5], [124, 381.0], [125, 380.0], [126, 382.5], [127, 382.0], [128, 382.5], [129, 384.5], [130, 386.0], [131, 386.0], [132, 388.5], [133, 389.5], [134, 391.0], [135, 392.0], [136, 395.5], [137, 396.0], [138, 399.0], [139, 402.0], [140, 405.0], [141, 406.5], [142, 410.0], [143, 412.0], [144, 414.5], [145, 418.5], [146, 420.5], [147, 427.0], [148, 430.0], [149, 433.5], [150, 440.0], [151, 444.5], [153, 1207.0], [154, 1231.5], [155, 1283.0], [156, 1314.5], [162, 4123.5], [168, 2158.0], [169, 2152.0], [176, 1983.5], [177, 1992.5], [180, 2158.5], [-179, 15160.5], [-177, 15079.0], [-176, 15059.5], [-175, 15021.0], [-174, 15010.0], [-169, 3524.0], [-168, 3551.0], [-161, 2536.0], [-160, 2547.5], [-150, 1046.5], [-148, 949.5], [-146, 875.5], [-145, 855.5], [-144, 821.0], [-143, 800.0], [-142, 784.0], [-141, 751.5], [-140, 733.0], [-138, 677.0], [-137, 667.0], [-135, 627.0], [-134, 625.0], [-132, 586.0], [-131, 563.5], [-130, 563.0], [-128, 522.0], [-127, 511.5], [-126, 504.0], [-125, 499.5], [-123, 475.25], [-122, 472.25], [-121, 459.25], [-120, 453.5], [-119, 446.75], [-118, 445.25], [-116, 428.5], [-115, 422.5], [-114, 414.5], [-113, 408.0], [-112, 405.0], [-111, 400.0], [-110, 394.5], [-109, 389.5], [-108, 386.0], [-107, 384.5], [-106, 380.5], [-105, 378.5], [-104, 375.25], [-103, 372.25], [-102, 369.5], [-101, 368.0], [-100, 365.0], [-99, 359.5], [-98, 356.5], [-97, 355.25], [-96, 354.25], [-95, 352.0], [-94, 349.25], [-93, 348.25], [-92, 348.25], [-91, 345.5], [-90, 344.0], [-89, 342.5], [-88, 342.75], [-87, 340.75], [-86, 341.0], [-85, 341.5], [-84, 342.5], [-83, 339.5], [-82, 341.5], [-81, 338.5], [-80, 338.0], [-79, 338.5], [-78, 339.5], [-77, 338.0], [-76, 337.0], [-75, 343.75], [-74, 341.0], [-73, 340.5], [-72, 341.5], [-71, 343.0], [-70, 345.0], [-69, 346.25], [-68, 345.5], [-67, 347.5], [-66, 350.25], [-65, 350.75], [-64, 353.0], [-63, 357.0], [-62, 360.5], [-61, 362.0], [-60, 361.75], [-59, 367.75], [-58, 370.75], [-57, 376.0], [-56, 378.0], [-55, 381.5], [-54, 387.75], [-53, 387.25], [-52, 394.0], [-51, 399.25], [-50, 400.0], [-49, 404.25], [-48, 407.5], [-47, 419.0], [-46, 426.0], [-45, 429.5], [-44, 434.5], [-43, 440.0], [-42, 447.25], [-41, 455.5], [-40, 464.25], [-39, 470.25], [-38, 472.0], [-37, 490.5], [-36, 492.0], [-35, 493.0], [-34, 490.5], [-33, 484.0], [-32, 461.0], [-30, 425.0], [-29, 414.0], [-28, 403.0], [-27, 386.5], [-26, 378.5], [-25, 363.0], [-24, 359.0], [-23, 351.5], [-22, 340.0], [-21, 333.5], [-20, 320.5], [-19, 316.0], [-18, 312.0], [-17, 302.0], [-16, 295.5], [-15, 288.5], [-14, 285.5], [-13, 281.5], [-12, 274.0], [-11, 272.0], [-10, 266.0], [-9, 263.0], [-8, 259.5], [-7, 256.5], [-4, 231.0], [-3, 225.5]]}