{"heading": -45.8, "target": -9.420875316982832, "gap_dist": 597.0706544443118, "gap_info": [{"width": 125.16520126088216, "center_angle": -124.57625078766887, "edge_a": [-126.40625, 496.5], "edge_b": [-122.15625, 375.5], "depth": 496.5, "passable": false, "chosen": false}, {"width": 597.0706544443118, "center_angle": -9.420875316982832, "edge_a": [-10.578125, 177.0], "edge_b": [-9.15625, 774.0], "depth": 774.0, "passable": true, "chosen": true}, {"width": 454.66142037634506, "center_angle": 152.8382614833444, "edge_a": [132.96875, 530.5], "edge_b": [165.921875, 796.5], "depth": 796.5, "passable": true, "chosen": false}], "scan": [[-2.203125, 711.0], [-1.5, 704.0], [-0.78125, 698.0], [-0.078125, 692.5], [0.625, 688.0], [1.328125, 683.5], [2.03125, 677.5], [2.734375, 673.5], [3.46875, 670.0], [4.890625, 685.0], [6.3125, 647.0], [7.734375, 665.5], [8.4375, 657.0], [9.171875, 660.0], [10.59375, 617.5], [11.296875, 613.0], [12.1875, 611.0], [12.9375, 616.25], [13.6875, 620.75], [14.4375, 615.5], [15.046875, 612.5], [16.46875, 588.25], [17.171875, 583.75], [17.921875, 583.5], [18.640625, 583.25], [19.359375, 581.75], [20.078125, 585.0], [20.78125, 587.75], [21.484375, 587.0], [22.203125, 584.25], [22.90625, 578.5], [23.671875, 577.0], [24.390625, 574.5], [25.109375, 574.5], [25.828125, 576.25], [26.53125, 574.25], [27.234375, 574.0], [27.953125, 572.5], [28.65625, 571.0], [29.140625, 569.5], [29.78125, 568.0], [30.4375, 568.5], [31.078125, 568.75], [31.96875, 569.25], [32.671875, 569.75], [33.375, 569.75], [34.078125, 570.75], [34.8125, 570.0], [35.515625, 568.75], [36.234375, 568.5], [36.9375, 568.0], [37.625, 568.25], [38.328125, 569.5], [39.03125, 570.5], [39.734375, 570.5], [40.453125, 571.25], [41.15625, 572.25], [41.859375, 573.25], [42.5625, 574.25], [43.296875, 576.5], [44.0, 577.5], [44.71875, 577.25], [45.421875, 579.25], [46.359375, 580.75], [47.125, 581.25], [47.890625, 583.0], [48.65625, 585.0], [49.234375, 587.5], [49.953125, 588.5], [50.671875, 591.0], [51.390625, 594.5], [52.09375, 597.75], [52.796875, 599.75], [53.515625, 600.0], [54.21875, 604.5], [54.96875, 608.5], [55.6875, 610.75], [56.40625, 611.75], [57.125, 614.5], [57.84375, 621.0], [58.5625, 624.25], [59.28125, 626.0], [60.0, 628.25], [60.703125, 630.25], [61.40625, 634.0], [62.125, 638.0], [62.828125, 644.25], [63.578125, 647.75], [64.296875, 653.0], [65.015625, 659.5], [65.734375, 663.0], [66.3125, 669.5], [66.984375, 675.5], [67.671875, 682.75], [68.34375, 690.25], [69.15625, 698.0], [69.859375, 698.0], [70.578125, 692.0], [71.28125, 691.5], [72.0, 698.0], [73.421875, 731.5], [74.125, 738.75], [74.875, 745.75], [75.59375, 748.75], [76.3125, 750.75], [77.703125, 787.0], [78.40625, 780.0], [79.109375, 763.5], [79.8125, 752.5], [80.5625, 742.0], [81.265625, 734.5], [81.984375, 727.0], [82.6875, 716.0], [83.296875, 707.0], [83.96875, 700.0], [84.65625, 691.5], [85.328125, 685.5], [86.125, 680.5], [86.828125, 672.5], [87.53125, 666.5], [88.234375, 660.25], [88.953125, 653.25], [89.65625, 648.0], [90.359375, 640.75], [91.0625, 634.75], [91.8125, 630.25], [92.515625, 624.75], [93.234375, 620.5], [93.9375, 615.5], [94.625, 611.0], [95.328125, 606.75], [96.03125, 600.75], [96.734375, 597.0], [97.46875, 593.75], [98.171875, 590.25], [98.890625, 587.0], [99.59375, 583.5], [100.453125, 574.5], [101.1875, 563.5], [101.9375, 557.25], [102.671875, 553.0], [103.3125, 551.5], [104.015625, 551.0], [104.734375, 546.75], [105.4375, 542.25], [106.1875, 541.75], [106.90625, 541.5], [107.625, 538.0], [108.34375, 534.75], [109.03125, 533.25], [109.734375, 532.25], [110.453125, 529.75], [111.15625, 527.5], [111.890625, 526.0], [112.59375, 524.25], [113.3125, 523.0], [114.015625, 522.5], [114.734375, 522.0], [115.4375, 520.25], [116.15625, 519.25], [116.859375, 520.0], [117.625, 520.0], [118.34375, 517.5], [119.0625, 516.0], [119.78125, 515.75], [120.296875, 515.5], [120.953125, 514.5], [121.625, 514.5], [122.28125, 513.75], [123.078125, 513.0], [123.765625, 514.75], [124.46875, 514.75], [125.15625, 514.75], [125.890625, 516.25], [126.59375, 517.5], [127.296875, 519.5], [128.0, 520.75], [128.734375, 520.25], [129.4375, 521.0], [130.15625, 522.25], [130.859375, 523.0], [131.5625, 523.5], [132.265625, 524.5], [132.96875, 530.5], [135.09375, 3352.0], [135.796875, 3365.5], [147.4375, 1402.0], [149.578125, 1275.0], [150.296875, 1241.5], [151.0, 1211.5], [151.734375, 1179.5], [152.4375, 1150.0], [153.15625, 1124.0], [153.859375, 1095.0], [154.53125, 1071.0], [155.21875, 1048.0], [155.921875, 1021.5], [156.609375, 1000.5], [157.375, 981.5], [158.078125, 960.5], [158.796875, 941.5], [159.5, 924.5], [160.234375, 907.5], [160.9375, 890.5], [161.65625, 875.0], [162.359375, 862.0], [163.078125, 849.0], [163.78125, 834.5], [164.5, 820.5], [165.203125, 807.5], [165.921875, 796.5], [166.625, 787.5], [167.34375, 775.5], [168.046875, 766.0], [168.78125, 756.5], [169.484375, 742.75], [170.203125, 734.5], [170.90625, 728.5], [171.625, 720.25], [172.328125, 712.5], [173.046875, 708.5], [173.75, 700.5], [174.421875, 694.5], [175.109375, 692.0], [175.8125, 681.5], [176.5, 668.25], [177.25, 659.5], [177.953125, 658.0], [178.65625, 659.75], [179.359375, 657.0], [-179.921875, 657.0], [-179.21875, 653.25], [-178.515625, 654.5], [-177.8125, 654.5], [-177.0625, 642.5], [-176.359375, 632.75], [-175.640625, 626.75], [-174.9375, 620.0], [-174.234375, 607.5], [-173.53125, 603.0], [-172.828125, 600.5], [-172.125, 598.75], [-171.390625, 596.0], [-170.6875, 590.5], [-169.96875, 585.0], [-169.265625, 577.75], [-168.359375, 578.0], [-167.609375, 576.5], [-166.84375, 569.75], [-166.09375, 564.0], [-165.5, 562.0], [-164.796875, 562.0], [-164.078125, 556.75], [-163.375, 551.0], [-162.640625, 552.0], [-161.9375, 547.75], [-161.21875, 542.25], [-160.515625, 543.5], [-159.78125, 539.5], [-159.078125, 536.5], [-158.359375, 534.5], [-157.65625, 532.0], [-156.90625, 529.0], [-156.1875, 525.0], [-155.46875, 524.0], [-154.75, 523.75], [-154.046875, 524.0], [-153.34375, 522.0], [-152.625, 518.75], [-151.921875, 517.5], [-151.21875, 516.5], [-150.515625, 514.5], [-149.8125, 513.25], [-149.109375, 513.75], [-148.359375, 514.25], [-147.65625, 513.25], [-146.9375, 510.25], [-146.234375, 509.75], [-145.5, 510.0], [-144.796875, 508.0], [-144.078125, 507.5], [-143.375, 507.5], [-142.625, 507.75], [-141.90625, 511.0], [-141.1875, 512.25], [-140.46875, 510.75], [-139.78125, 509.25], [-139.078125, 510.0], [-138.359375, 512.0], [-137.65625, 514.25], [-136.921875, 515.75], [-136.21875, 515.75], [-135.5, 515.25], [-134.796875, 515.25], [-134.0625, 520.0], [-133.359375, 525.25], [-132.640625, 526.75], [-131.9375, 529.0], [-131.375, 530.25], [-130.703125, 530.0], [-130.03125, 535.5], [-129.359375, 538.75], [-128.53125, 536.0], [-127.109375, 506.75], [-126.40625, 496.5], [-122.15625, 375.5], [-121.4375, 366.5], [-120.734375, 356.75], [-118.625, 328.0], [-117.203125, 309.5], [-116.5, 302.0], [-115.09375, 285.25], [-114.375, 279.0], [-113.671875, 273.5], [-112.96875, 268.0], [-112.265625, 261.0], [-111.53125, 255.0], [-108.6875, 222.25], [-107.265625, 212.25], [-106.5625, 208.25], [-105.859375, 205.0], [-105.15625, 202.75], [-104.453125, 200.0], [-103.75, 198.5], [-103.046875, 195.5], [-102.34375, 191.75], [-101.640625, 189.0], [-100.9375, 186.25], [-100.203125, 184.5], [-99.5, 182.5], [-98.78125, 180.25], [-98.078125, 178.5], [-97.28125, 176.25], [-96.5625, 174.25], [-95.828125, 171.5], [-95.109375, 169.75], [-94.46875, 169.0], [-93.765625, 167.75], [-93.0625, 166.5], [-92.359375, 164.5], [-91.625, 163.25], [-90.921875, 161.75], [-90.203125, 160.5], [-89.5, 159.75], [-88.78125, 158.5], [-88.078125, 157.0], [-87.359375, 156.0], [-86.65625, 154.75], [-85.9375, 153.25], [-85.234375, 152.5], [-84.515625, 152.0], [-83.8125, 151.0], [-83.09375, 149.5], [-82.390625, 149.5], [-81.671875, 149.5], [-80.96875, 148.5], [-80.25, 146.75], [-79.546875, 146.0], [-78.828125, 145.0], [-78.125, 143.5], [-77.40625, 143.25], [-76.703125, 143.5], [-75.984375, 143.75], [-75.28125, 