{"heading": -21.1, "target": 10.434710114460303, "gap_dist": 397.8483197635233, "gap_info": [{"width": 281.7641559427664, "center_angle": -141.23016136308962, "edge_a": [-142, 751.0], "edge_b": [-140, 470.0], "depth": 751.0, "passable": true, "chosen": false}, {"width": 332.14537468793264, "center_angle": -95.74911017084683, "edge_a": [-99, 383.5], "edge_b": [-94, 712.5], "depth": 712.5, "passable": true, "chosen": false}, {"width": 494.84339068272277, "center_angle": -71.55448256911, "edge_a": [-81, 798.0], "edge_b": [-51, 373.0], "depth": 798.0, "passable": true, "chosen": false}, {"width": 397.8483197635233, "center_angle": 10.434710114460303, "edge_a": [-6, 215.5], "edge_b": [15, 766.0], "depth": 766.0, "passable": true, "chosen": true}], "scan": [[5, 932.0], [6, 898.0], [7, 883.5], [8, 872.0], [9, 873.0], [10, 876.5], [12, 804.5], [13, 814.5], [15, 766.0], [17, 714.5], [18, 693.5], [19, 684.5], [20, 675.0], [21, 658.0], [22, 648.5], [23, 634.0], [24, 630.0], [25, 617.5], [26, 611.0], [27, 607.5], [28, 598.0], [29, 591.5], [30, 580.0], [31, 570.0], [32, 566.5], [33, 561.5], [34, 551.5], [35, 547.0], [36, 537.5], [37, 533.5], [38, 528.5], [39, 525.5], [40, 523.0], [41, 520.5], [42, 517.5], [43, 510.0], [44, 503.5], [45, 496.5], [46, 498.0], [47, 499.0], [48, 500.0], [49, 492.0], [50, 487.0], [51, 482.0], [52, 479.0], [53, 478.5], [54, 478.5], [55, 475.5], [56, 474.5], [57, 471.0], [58, 468.5], [59, 468.5], [60, 467.5], [61, 467.0], [62, 465.5], [63, 467.0], [64, 466.0], [65, 466.5], [66, 465.5], [67, 466.0], [68, 466.5], [69, 466.0], [70, 467.5], [71, 468.5], [72, 468.5], [73, 468.5], [74, 470.0], [75, 472.0], [76, 472.5], [77, 475.0], [78, 476.0], [79, 477.0], [80, 480.0], [81, 481.0], [82, 484.5], [83, 485.0], [84, 490.5], [85, 493.0], [86, 497.0], [87, 500.0], [88, 502.0], [89, 504.0], [90, 506.0], [91, 514.0], [92, 517.0], [93, 524.0], [94, 527.0], [95, 536.5], [96, 540.25], [97, 548.25], [98, 554.5], [99, 562.5], [100, 564.0], [101, 563.0], [102, 564.0], [103, 574.0], [104, 582.25], [105, 590.5], [106, 596.0], [107, 607.0], [108, 613.0], [109, 619.0], [110, 632.0], [111, 638.5], [112, 651.5], [113, 657.0], [114, 676.5], [115, 688.0], [116, 698.0], [117, 716.5], [118, 727.0], [119, 747.0], [128, 8006.5], [130, 7856.5], [132, 7725.5], [142, 10944.0], [146, 1224.0], [148, 14614.5], [149, 14599.0], [150, 14557.0], [151, 14541.5], [152, 14532.0], [153, 14515.0], [155, 1041.5], [156, 1028.5], [157, 1027.0], [158, 1040.5], [159, 1052.0], [162, 3081.0], [168, 1107.0], [173, 2177.5], [174, 2154.0], [179, 1730.0], [180, 1681.5], [-179, 1454.5], [-178, 1418.0], [-177, 1350.5], [-176, 1319.5], [-175, 1263.0], [-174, 1238.5], [-173, 1213.0], [-172, 1166.0], [-171, 1145.5], [-170, 1106.0], [-169, 1088.0], [-168, 1069.0], [-167, 1035.0], [-166, 1019.5], [-165, 991.0], [-164, 977.0], [-163, 962.5], [-162, 935.5], [-161, 921.0], [-160, 897.5], [-159, 888.0], [-158, 868.0], [-157, 855.0], [-156, 846.5], [-155, 835.0], [-154, 831.5], [-153, 815.0], [-152, 812.0], [-151, 805.0], [-150, 805.0], [-149, 802.0], [-148, 782.0], [-147, 778.5], [-146, 772.5], [-145, 772.5], [-144, 763.5], [-143, 756.5], [-142, 751.0], [-140, 470.0], [-139, 459.5], [-138, 440.5], [-137, 431.0], [-136, 415.5], [-135, 408.0], [-134, 396.0], [-133, 390.5], [-132, 376.5], [-131, 370.0], [-130, 362.5], [-129, 357.0], [-128, 351.5], [-127, 342.0], [-126, 339.5], [-125, 329.0], [-124, 324.0], [-123, 315.5], [-122, 313.0], [-121, 311.0], [-120, 302.5], [-119, 300.5], [-118, 293.5], [-117, 291.0], [-116, 285.0], [-115, 283.5], [-114, 281.0], [-113, 276.0], [-112, 275.0], [-111, 269.5], [-110, 269.0], [-109, 267.5], [-108, 270.0], [-107, 275.5], [-106, 287.0], [-105, 295.0], [-104, 303.5], [-103, 320.25], [-101, 349.0], [-99, 383.5], [-94, 712.5], [-93, 720.0], [-92, 717.5], [-91, 721.0], [-90, 725.5], [-89, 739.0], [-88, 747.0], [-87, 751.0], [-86, 757.5], [-85, 764.5], [-84, 765.0], [-83, 777.5], [-82, 790.5], [-81, 798.0], [-80, 805.5], [-79, 817.0], [-78, 822.5], [-77, 836.0], [-76, 847.0], [-75, 851.0], [-74, 858.0], [-73, 861.5], [-72, 876.0], [-71, 885.0], [-70, 905.5], [-69, 916.5], [-68, 937.0], [-67, 950.0], [-66, 964.0], [-65, 993.5], [-64, 1011.5], [-63, 1041.0], [-62, 1059.0], [-61, 1097.5], [-60, 1115.5], [-59, 1134.5], [-58, 1175.0], [-57, 1196.0], [-56, 1244.5], [-55, 1268.5], [-54, 1294.0], [-51, 373.0], [-50, 353.0], [-49, 344.5], [-48, 337.0], [-47, 320.0], [-46, 314.0], [-45, 300.5], [-44, 295.0], [-42, 275.5], [-41, 271.0], [-40, 262.5], [-39, 257.5], [-38, 250.0], [-37, 245.0], [-36, 234.5], [-35, 231.0], [-34, 228.5], [-33, 221.5], [-32, 217.5], [-31, 212.5], [-30, 210.0], [-29, 204.0], [-28, 202.5], [-27, 200.0], [-26, 196.0], [-25, 193.5], [-24, 190.0], [-23, 187.5], [-22, 185.0], [-21, 182.5], [-20, 181.5], [-19, 179.0], [-17, 172.5], [-16, 171.5], [-15, 171.0], [-14, 170.0], [-13, 171.0], [-12, 172.0], [-11, 177.5], [-10, 182.0], [-8, 195.0], [-6, 215.5]]}