{"heading": -10.9, "target": -43.52152406175176, "gap_dist": 339.21164490642553, "gap_info": [{"width": 363.0657386648013, "center_angle": -84.66216964189158, "edge_a": [-110, 420.0], "edge_b": [-62, 466.5], "depth": 466.5, "passable": true, "chosen": false}, {"width": 339.21164490642553, "center_angle": -43.52152406175176, "edge_a": [-52, 497.5], "edge_b": [-21, 191.5], "depth": 497.5, "passable": true, "chosen": true}, {"width": 325.22853685544464, "center_angle": 54.22922122211133, "edge_a": [32, 222.5], "edge_b": [64, 496.0], "depth": 496.0, "passable": true, "chosen": false}, {"width": 121.24883791188789, "center_angle": 133.97524119817066, "edge_a": [127, 499.0], "edge_b": [141, 495.5], "depth": 499.0, "passable": false, "chosen": false}], "scan": [[-2, 193.5], [-1, 193.0], [0, 191.5], [1, 192.0], [2, 192.5], [3, 192.5], [4, 192.0], [5, 192.0], [6, 193.0], [7, 192.5], [8, 192.0], [9, 195.0], [10, 196.5], [11, 196.0], [12, 197.0], [13, 198.0], [14, 198.0], [15, 198.5], [16, 199.0], [17, 199.5], [18, 199.5], [19, 202.0], [20, 203.0], [21, 204.0], [22, 205.0], [23, 206.0], [24, 207.5], [25, 208.0], [26, 210.5], [27, 211.5], [28, 212.0], [29, 212.0], [30, 218.0], [31, 219.0], [32, 222.5], [35, 856.5], [40, 768.5], [42, 725.25], [44, 685.25], [45, 673.0], [46, 663.75], [47, 644.25], [48, 633.75], [49, 616.5], [50, 608.0], [51, 596.5], [52, 588.5], [53, 582.5], [54, 567.5], [55, 561.0], [56, 548.5], [57, 545.0], [58, 539.0], [59, 527.0], [60, 523.5], [61, 514.0], [62, 508.5], [63, 503.5], [64, 496.0], [65, 491.5], [66, 487.0], [67, 484.5], [68, 480.5], [69, 478.0], [70, 474.5], [71, 474.5], [72, 473.0], [73, 460.0], [74, 454.5], [75, 452.0], [76, 453.0], [77, 455.5], [78, 447.0], [79, 447.0], [80, 438.5], [81, 435.0], [82, 431.5], [83, 431.0], [84, 428.0], [85, 431.25], [86, 428.5], [87, 426.0], [88, 425.0], [89, 425.5], [90, 422.0], [91, 420.5], [92, 419.0], [93, 421.0], [94, 418.0], [95, 420.5], [96, 422.0], [97, 420.5], [98, 420.5], [99, 422.0], [100, 423.0], [101, 423.5], [102, 423.0], [103, 422.0], [104, 424.0], [105, 427.0], [106, 427.0], [107, 427.5], [108, 431.0], [109, 433.0], [110, 433.25], [111, 435.25], [112, 438.0], [113, 441.0], [114, 441.5], [115, 448.0], [116, 448.5], [117, 452.0], [118, 455.5], [119, 458.5], [120, 463.5], [121, 470.5], [122, 474.0], [123, 478.5], [124, 481.0], [125, 484.5], [126, 493.5], [127, 499.0], [128, 508.75], [129, 515.75], [130, 521.0], [131, 531.0], [132, 542.0], [133, 547.5], [134, 556.5], [135, 569.5], [136, 564.5], [137, 550.0], [138, 529.0], [139, 520.0], [140, 503.0], [141, 495.5], [142, 484.0], [143, 477.5], [144, 468.5], [145, 463.5], [146, 459.0], [147, 448.5], [148, 445.0], [149, 438.0], [150, 433.5], [151, 429.5], [152, 425.0], [153, 421.5], [154, 415.5], [155, 414.5], [156, 414.5], [157, 420.5], [158, 428.5], [159, 448.0], [160, 458.5], [161, 470.5], [162, 495.0], [164, 523.0], [166, 575.0], [169, 672.0], [178, 1945.5], [179, 1956.5], [180, 1961.0], [-180, 1957.5], [-179, 1968.0], [-178, 1985.5], [-177, 1991.5], [-175, 1063.0], [-174, 1063.0], [-173, 1062.5], [-172, 1061.5], [-171, 1061.0], [-170, 1063.5], [-169, 1062.0], [-168, 1065.5], [-167, 1067.5], [-166, 1069.0], [-165, 1070.0], [-164, 1074.0], [-163, 1075.5], [-162, 1080.0], [-161, 1084.5], [-160, 1089.0], [-158, 1381.0], [-157, 1390.5], [-156, 1392.5], [-149, 441.5], [-148, 419.0], [-147, 408.5], [-146, 390.0], [-145, 381.0], [-144, 371.0], [-143, 354.0], [-142, 346.5], [-141, 340.0], [-140, 326.5], [-139, 321.0], [-138, 310.0], [-137, 304.0], [-136, 293.5], [-135, 290.0], [-134, 286.5], [-133, 276.5], [-132, 271.0], [-131, 270.0], [-130, 271.0], [-129, 272.5], [-128, 278.0], [-127, 281.5], [-126, 287.0], [-125, 291.0], [-124, 296.0], [-123, 303.5], [-122, 309.5], [-121, 319.5], [-120, 324.5], [-119, 333.5], [-118, 339.0], [-117, 345.5], [-116, 355.5], [-115, 363.5], [-114, 380.0], [-113, 386.5], [-112, 402.5], [-111, 409.5], [-110, 420.0], [-108, 747.0], [-107, 744.0], [-106, 738.0], [-105, 732.5], [-104, 728.0], [-103, 721.0], [-102, 717.0], [-101, 711.0], [-100, 708.0], [-99, 705.0], [-98, 700.5], [-97, 699.5], [-96, 695.0], [-95, 692.75], [-94, 690.25], [-93, 686.0], [-92, 685.0], [-91, 684.0], [-90, 682.25], [-89, 680.75], [-88, 680.0], [-87, 679.75], [-86, 678.75], [-85, 677.0], [-84, 676.5], [-83, 676.5], [-82, 676.0], [-81, 674.5], [-80, 676.0], [-79, 676.5], [-78, 676.5], [-77, 676.5], [-76, 678.5], [-75, 679.5], [-74, 680.0], [-73, 680.5], [-72, 682.0], [-71, 684.5], [-70, 686.5], [-69, 688.0], [-68, 687.0], [-67, 678.5], [-62, 466.5], [-61, 467.0], [-60, 467.0], [-59, 469.0], [-58, 472.0], [-57, 476.5], [-56, 480.5], [-55, 484.0], [-54, 488.5], [-53, 491.0], [-52, 497.5], [-51, 502.0], [-50, 506.5], [-49, 513.0], [-48, 518.0], [-47, 528.0], [-46, 529.5], [-45, 532.0], [-44, 548.0], [-43, 554.5], [-42, 565.5], [-41, 570.5], [-40, 582.5], [-39, 587.5], [-38, 593.0], [-37, 604.0], [-36, 613.5], [-35, 624.5], [-33, 984.5], [-32, 1012.5], [-31, 1028.5], [-30, 1061.0], [-29, 1077.5], [-28, 1093.0], [-27, 1126.0], [-26, 1145.5], [-25, 1189.0], [-24, 1212.0], [-23, 1256.0], [-21, 191.5], [-20, 189.5], [-19, 187.0], [-18, 186.0], [-17, 186.0], [-16, 183.0], [-15, 182.0], [-14, 180.0], [-13, 178.5], [-12, 176.0], [-11, 176.0], [-10, 174.5], [-9, 173.0], [-8, 172.5], [-7, 172.5], [-6, 171.5], [-5, 169.5], [-4, 168.5]]}