{"heading": 16.3, "target": 14.522707563147913, "gap_dist": 307.2205988804168, "gap_info": [{"width": 361.2487608205806, "center_angle": -98.63584658242793, "edge_a": [-116, 470.0], "edge_b": [-63, 240.75], "depth": 470.0, "passable": true, "chosen": false}, {"width": 307.2205988804168, "center_angle": 14.522707563147913, "edge_a": [-7, 222.5], "edge_b": [24, 495.75], "depth": 495.75, "passable": true, "chosen": true}, {"width": 238.7788823993914, "center_angle": 47.98552640124268, "edge_a": [34, 494.0], "edge_b": [62, 493.0], "depth": 494.0, "passable": false, "chosen": false}], "scan": [[6, 11630.0], [9, 6254.0], [11, 1848.0], [12, 1820.5], [13, 1832.0], [14, 1871.5], [16, 620.5], [17, 592.5], [18, 582.0], [19, 569.0], [20, 549.5], [21, 540.5], [22, 522.0], [23, 513.0], [24, 495.75], [25, 489.5], [26, 483.5], [27, 469.0], [28, 464.5], [29, 458.0], [30, 457.5], [31, 466.0], [32, 471.5], [33, 480.0], [34, 494.0], [35, 501.0], [36, 518.5], [37, 527.0], [38, 537.0], [39, 557.5], [40, 571.0], [42, 606.5], [43, 638.5], [44, 655.0], [46, 709.0], [47, 708.5], [48, 703.0], [49, 729.0], [50, 732.5], [51, 730.5], [56, 572.5], [57, 562.5], [59, 530.0], [60, 521.0], [61, 508.0], [62, 493.0], [63, 487.0], [64, 479.5], [65, 471.0], [67, 446.5], [68, 440.0], [69, 431.0], [70, 426.5], [71, 422.5], [73, 412.5], [74, 405.5], [75, 408.0], [76, 394.5], [77, 390.5], [78, 381.0], [79, 379.5], [80, 377.5], [81, 372.5], [82, 371.5], [83, 367.5], [84, 363.0], [85, 356.5], [86, 355.5], [87, 354.0], [88, 348.0], [89, 345.5], [90, 341.0], [91, 340.5], [92, 338.5], [93, 335.0], [94, 332.0], [95, 330.5], [96, 330.5], [97, 328.5], [98, 325.5], [99, 323.0], [100, 323.5], [101, 322.0], [102, 323.5], [103, 321.5], [104, 321.0], [105, 321.5], [106, 321.0], [107, 320.0], [108, 321.0], [109, 321.0], [110, 321.5], [111, 321.0], [112, 320.5], [113, 322.0], [114, 321.5], [115, 322.5], [116, 323.0], [117, 323.0], [118, 321.0], [119, 323.0], [120, 326.0], [121, 326.0], [122, 327.0], [123, 330.0], [124, 331.0], [125, 333.5], [126, 334.0], [127, 337.0], [128, 338.0], [129, 345.5], [130, 345.5], [131, 349.5], [132, 351.5], [133, 356.5], [134, 360.0], [135, 361.0], [136, 367.0], [137, 368.0], [138, 371.0], [139, 376.5], [140, 380.5], [141, 384.0], [142, 387.5], [143, 391.0], [144, 397.5], [145, 399.0], [146, 405.5], [147, 409.0], [148, 422.0], [149, 423.0], [150, 424.5], [151, 444.5], [152, 448.0], [153, 450.0], [155, 469.5], [156, 474.25], [157, 476.25], [158, 489.5], [159, 499.0], [160, 512.0], [162, 551.0], [163, 554.0], [166, 600.0], [167, 625.5], [168, 639.5], [170, 676.0], [171, 691.5], [172, 706.5], [173, 723.5], [174, 758.5], [175, 771.0], [176, 797.5], [178, 849.5], [179, 897.5], [-180, 960.0], [-168, 1002.5], [-167, 995.0], [-166, 996.0], [-165, 995.0], [-164, 1000.5], [-163, 1001.5], [-162, 1002.5], [-161, 1006.0], [-160, 1007.5], [-159, 1014.0], [-158, 1016.5], [-157, 1023.5], [-152, 330.0], [-151, 328.5], [-150, 330.5], [-149, 333.5], [-148, 333.5], [-147, 335.0], [-146, 335.5], [-145, 337.5], [-144, 340.0], [-143, 342.5], [-142, 345.0], [-141, 347.0], [-140, 349.5], [-139, 351.0], [-138, 353.0], [-137, 357.5], [-136, 359.5], [-135, 363.5], [-134, 365.5], [-133, 370.5], [-132, 373.5], [-131, 378.0], [-130, 382.0], [-129, 386.5], [-128, 391.5], [-127, 395.0], [-126, 401.5], [-125, 405.5], [-124, 412.0], [-123, 416.0], [-122, 420.5], [-121, 431.5], [-120, 437.0], [-119, 446.0], [-118, 451.0], [-117, 464.0], [-116, 470.0], [-114, 504.0], [-113, 506.5], [-112, 510.5], [-111, 512.0], [-110, 513.5], [-109, 515.0], [-108, 516.0], [-107, 519.0], [-106, 520.0], [-105, 525.5], [-104, 527.5], [-103, 532.5], [-102, 535.0], [-101, 538.5], [-100, 543.5], [-99, 546.5], [-98, 552.5], [-97, 556.0], [-96, 559.5], [-95, 565.5], [-94, 568.5], [-93, 578.0], [-92, 583.5], [-91, 590.5], [-90, 595.5], [-89, 599.5], [-88, 609.0], [-87, 614.0], [-85, 778.0], [-84, 778.5], [-83, 778.0], [-82, 777.0], [-81, 782.0], [-80, 783.5], [-79, 785.5], [-78, 786.0], [-77, 781.5], [-76, 782.5], [-75, 774.0], [-74, 772.0], [-73, 769.0], [-72, 770.5], [-71, 769.5], [-70, 765.5], [-69, 768.0], [-68, 768.0], [-67, 768.5], [-66, 766.0], [-65, 766.5], [-63, 240.75], [-62, 239.5], [-61, 235.5], [-60, 232.0], [-59, 229.0], [-58, 226.5], [-57, 224.5], [-56, 220.5], [-55, 219.5], [-54, 215.5], [-53, 213.5], [-52, 212.5], [-51, 211.5], [-50, 210.0], [-49, 207.5], [-48, 205.5], [-47, 204.5], [-46, 203.0], [-45, 201.5], [-44, 201.5], [-43, 200.5], [-42, 198.5], [-41, 199.5], [-40, 198.0], [-39, 198.5], [-38, 198.5], [-37, 196.0], [-36, 194.0], [-35, 193.5], [-34, 193.5], [-33, 192.0], [-32, 189.5], [-31, 187.0], [-30, 187.0], [-29, 187.0], [-28, 187.5], [-27, 187.0], [-26, 187.5], [-25, 188.5], [-24, 191.0], [-23, 192.0], [-22, 193.0], [-21, 194.0], [-20, 194.0], [-19, 194.0], [-18, 195.0], [-17, 196.5], [-16, 197.5], [-15, 198.5], [-14, 199.0], [-13, 200.5], [-12, 200.5], [-11, 201.5], [-10, 204.5], [-9, 206.0], [-7, 222.5]]}