{"heading": -21.1, "target": 132.60046540891378, "gap_dist": 307.43022168041114, "gap_info": [{"width": 79.31141841375748, "center_angle": -63.74500219917165, "edge_a": [-69, 179.0], "edge_b": [-60, 251.0], "depth": 251.0, "passable": false, "chosen": false}, {"width": 127.94653457106187, "center_angle": -11.727961719719108, "edge_a": [-14, 394.0], "edge_b": [-10, 518.0], "depth": 518.0, "passable": false, "chosen": false}, {"width": 73.78206500734709, "center_angle": -2.7175283251183764, "edge_a": [-5, 412.5], "edge_b": [0, 346.5], "depth": 412.5, "passable": false, "chosen": false}, {"width": 307.43022168041114, "center_angle": 132.60046540891378, "edge_a": [127, 454.5], "edge_b": [136, 748.0], "depth": 748.0, "passable": true, "chosen": true}], "scan": [[0, 346.5], [1, 339.5], [3, 320.0], [4, 318.0], [5, 306.0], [6, 303.0], [7, 295.0], [8, 291.0], [10, 276.0], [12, 258.5], [13, 256.0], [14, 253.0], [15, 246.0], [17, 236.5], [19, 230.5], [20, 228.5], [21, 225.5], [22, 221.5], [23, 219.5], [24, 215.0], [25, 212.0], [26, 207.5], [27, 204.5], [28, 205.0], [32, 197.0], [33, 194.5], [34, 192.0], [35, 191.0], [36, 190.0], [38, 184.5], [39, 181.5], [42, 176.5], [43, 174.5], [44, 174.5], [46, 170.5], [47, 170.0], [48, 169.5], [49, 171.0], [50, 170.5], [52, 166.5], [53, 166.5], [54, 164.0], [55, 165.0], [56, 165.5], [57, 164.5], [58, 164.0], [59, 163.0], [61, 164.5], [62, 164.0], [63, 165.5], [65, 167.5], [66, 167.0], [67, 166.0], [68, 167.0], [69, 166.0], [70, 166.5], [71, 169.0], [72, 170.0], [74, 172.0], [77, 177.5], [78, 178.5], [79, 180.0], [80, 181.5], [81, 183.0], [82, 184.0], [83, 185.5], [84, 188.0], [85, 189.0], [86, 191.0], [88, 200.5], [89, 203.5], [90, 203.5], [91, 206.0], [92, 204.5], [93, 202.0], [95, 214.5], [97, 225.0], [98, 228.5], [99, 227.0], [100, 234.5], [101, 236.0], [102, 237.0], [103, 238.0], [105, 248.5], [106, 251.0], [108, 261.5], [109, 267.5], [111, 286.5], [112, 291.5], [113, 296.5], [114, 301.5], [116, 323.0], [117, 328.5], [118, 334.0], [120, 358.0], [122, 385.5], [123, 393.0], [125, 419.0], [127, 454.5], [136, 748.0], [150, 2878.0], [151, 2883.5], [152, 2891.5], [153, 2895.5], [154, 2902.0], [155, 2909.0], [161, 1971.5], [162, 1944.5], [163, 1887.0], [164, 1891.5], [165, 1895.0], [170, 1809.0], [171, 1803.5], [172, 1800.0], [173, 1800.0], [174, 1841.0], [177, 1160.0], [178, 1153.0], [179, 1145.0], [180, 1138.0], [-180, 1131.0], [-179, 1122.5], [-178, 1108.5], [-177, 1102.5], [-176, 1089.5], [-175, 1083.0], [-174, 1085.5], [-173, 1106.0], [-169, 1352.5], [-168, 1367.5], [-167, 1334.0], [-165, 488.0], [-164, 483.0], [-163, 472.5], [-162, 467.5], [-161, 462.5], [-160, 453.5], [-159, 449.0], [-158, 441.5], [-157, 437.5], [-156, 434.0], [-155, 426.5], [-154, 423.5], [-153, 415.0], [-152, 411.5], [-151, 412.0], [-150, 410.0], [-149, 407.0], [-148, 400.5], [-147, 399.0], [-146, 396.5], [-145, 393.0], [-144, 390.0], [-143, 389.0], [-142, 386.0], [-141, 384.0], [-140, 380.5], [-139, 379.5], [-138, 377.0], [-137, 375.5], [-136, 373.0], [-135, 372.0], [-134, 371.0], [-133, 370.5], [-132, 370.0], [-130, 324.5], [-129, 310.5], [-128, 306.0], [-127, 301.5], [-126, 292.0], [-125, 285.5], [-124, 277.5], [-123, 273.0], [-122, 266.0], [-121, 263.0], [-120, 258.5], [-119, 252.0], [-118, 248.0], [-117, 242.0], [-116, 238.5], [-115, 236.5], [-114, 229.0], [-113, 228.0], [-112, 224.5], [-111, 223.0], [-110, 219.0], [-109, 217.0], [-108, 213.5], [-107, 209.5], [-106, 207.5], [-105, 205.5], [-104, 203.0], [-103, 200.5], [-102, 199.0], [-101, 198.0], [-100, 196.5], [-99, 195.5], [-98, 191.5], [-97, 191.5], [-96, 189.0], [-95, 188.0], [-94, 187.5], [-93, 184.5], [-92, 184.0], [-91, 183.5], [-90, 181.5], [-89, 181.0], [-88, 180.0], [-87, 181.0], [-86, 179.0], [-85, 178.0], [-84, 177.0], [-83, 178.0], [-82, 176.5], [-81, 176.0], [-80, 175.5], [-79, 174.5], [-78, 171.5], [-77, 170.0], [-76, 169.5], [-75, 168.5], [-74, 169.0], [-73, 172.0], [-72, 174.0], [-71, 175.5], [-70, 179.0], [-69, 179.0], [-60, 251.0], [-58, 229.5], [-56, 199.0], [-55, 193.0], [-54, 190.0], [-53, 194.0], [-52, 194.5], [-51, 195.5], [-50, 197.0], [-49, 197.5], [-48, 199.0], [-47, 200.5], [-46, 205.5], [-45, 206.5], [-44, 210.0], [-43, 213.0], [-42, 216.5], [-41, 220.0], [-40, 223.0], [-39, 227.5], [-38, 229.0], [-37, 231.0], [-36, 237.0], [-35, 240.0], [-34, 245.5], [-33, 249.0], [-32, 254.5], [-31, 258.0], [-30, 262.0], [-29, 268.0], [-28, 272.5], [-27, 281.0], [-26, 285.5], [-25, 289.5], [-23, 305.0], [-22, 317.0], [-21, 323.0], [-20, 330.0], [-19, 343.5], [-18, 349.5], [-17, 362.0], [-16, 368.5], [-15, 377.5], [-14, 394.0], [-10, 518.0], [-7, 450.5], [-5, 412.5]]}