{"heading": 8.7, "target": 19.489282582822224, "gap_dist": 503.9148113539093, "gap_info": [{"width": 129.09282527850482, "center_angle": -96.2511086623005, "edge_a": [-99.625, 315.0], "edge_b": [-93.828125, 438.5], "depth": 438.5, "passable": false, "chosen": false}, {"width": 290.5276840795082, "center_angle": -22.23264888065533, "edge_a": [-27.125, 790.0], "edge_b": [-14.984375, 534.0], "depth": 790.0, "passable": true, "chosen": false}, {"width": 503.9148113539093, "center_angle": 19.489282582822224, "edge_a": [14.109375, 646.5], "edge_b": [40.90625, 166.0], "depth": 646.5, "passable": true, "chosen": true}, {"width": 347.18730926683423, "center_angle": 112.05321381741632, "edge_a": [111.078125, 313.0], "edge_b": [112.515625, 660.0], "depth": 660.0, "passable": true, "chosen": false}], "scan": [[-3.90625, 573.5], [-3.203125, 574.5], [-2.5, 573.5], [-1.796875, 576.0], [-1.03125, 579.5], [-0.3125, 580.5], [0.40625, 582.0], [1.125, 584.0], [1.796875, 586.0], [2.5, 588.0], [3.203125, 591.0], [3.90625, 593.5], [4.625, 597.0], [5.328125, 600.5], [6.03125, 603.0], [6.734375, 605.5], [7.484375, 608.0], [8.1875, 610.5], [8.90625, 614.0], [9.609375, 619.0], [10.515625, 621.5], [11.265625, 622.0], [12.03125, 624.5], [12.78125, 629.0], [13.390625, 635.0], [14.109375, 646.5], [16.984375, 11597.0], [19.859375, 1136.0], [20.578125, 1131.0], [21.296875, 1132.5], [22.015625, 1136.0], [22.734375, 1139.5], [23.453125, 1143.0], [24.171875, 1146.5], [24.90625, 1150.0], [25.625, 1154.5], [26.34375, 1160.5], [27.0625, 1165.0], [27.765625, 1170.0], [28.46875, 1176.0], [29.1875, 1179.5], [29.890625, 1183.5], [30.3125, 1189.0], [30.9375, 1196.0], [31.578125, 1204.0], [32.203125, 1211.0], [33.140625, 1218.5], [34.546875, 1355.5], [35.96875, 1299.5], [37.375, 1249.5], [39.5, 1144.5], [40.90625, 166.0], [43.015625, 149.0], [43.71875, 150.0], [44.4375, 150.5], [45.140625, 149.0], [45.84375, 148.0], [46.546875, 147.0], [47.578125, 147.0], [48.359375, 146.5], [49.140625, 146.5], [49.921875, 146.5], [50.4375, 146.5], [51.140625, 146.5], [51.859375, 147.0], [52.5625, 148.0], [53.3125, 148.5], [54.03125, 148.5], [54.75, 148.5], [55.46875, 150.0], [56.1875, 151.5], [56.90625, 151.5], [57.625, 150.5], [58.34375, 150.0], [59.0625, 150.5], [59.78125, 151.0], [60.5, 152.0], [61.21875, 153.0], [61.9375, 152.5], [62.65625, 153.0], [63.375, 153.5], [64.09375, 153.5], [64.6875, 154.0], [65.375, 155.5], [66.0625, 157.0], [66.75, 157.0], [67.546875, 157.0], [68.25, 157.0], [68.96875, 158.0], [69.671875, 159.5], [70.390625, 160.0], [71.09375, 160.5], [71.8125, 161.0], [72.515625, 162.5], [73.25, 162.5], [73.953125, 162.0], [74.671875, 163.5], [75.375, 165.5], [76.09375, 168.5], [76.796875, 169.0], [77.515625, 168.5], [78.21875, 169.5], [78.953125, 170.5], [79.65625, 172.0], [80.375, 173.0], [81.078125, 173.5], [81.796875, 175.0], [82.5, 175.5], [83.21875, 177.0], [83.921875, 180.0], [84.546875, 182.0], [85.234375, 183.0], [85.921875, 185.0], [86.609375, 187.5], [87.390625, 190.0], [88.09375, 191.5], [88.8125, 189.5], [89.515625, 188.0], [90.234375, 190.0], [90.9375, 194.5], [92.359375, 206.5], [93.0625, 208.5], [93.765625, 210.0], [94.46875, 212.5], [95.171875, 214.5], [95.921875, 217.0], [96.625, 220.5], [97.34375, 224.0], [98.046875, 229.0], [98.734375, 233.0], [99.4375, 235.0], [100.140625, 239.0], [100.84375, 243.5], [101.765625, 247.5], [102.515625, 251.5], [103.28125, 254.0], [104.03125, 258.0], [104.625, 263.5], [105.328125, 269.5], [106.046875, 274.5], [106.75, 278.5], [107.484375, 283.5], [108.1875, 288.5], [108.90625, 295.5], [109.609375, 303.0], [110.359375, 309.0], [111.078125, 313.0], [112.515625, 660.0], [113.203125, 662.0], [113.90625, 673.0], [114.625, 681.0], [115.328125, 685.5], [116.0625, 680.0], [116.765625, 674.5], [118.1875, 703.5], [118.765625, 705.0], [119.4375, 696.5], [120.109375, 690.0], [120.78125, 696.0], [121.578125, 700.0], [122.28125, 702.5], [122.984375, 705.5], [123.6875, 711.0], [124.421875, 715.5], [125.125, 718.5], [125.84375, 724.0], [126.546875, 729.5], [127.25, 737.0], [127.953125, 746.0], [128.65625, 751.5], [129.359375, 755.5], [130.078125, 762.5], [130.78125, 767.5], [131.484375, 772.5], [132.1875, 781.0], [132.90625, 789.0], [133.609375, 796.0], [134.3125, 804.0], [135.015625, 813.0], [135.96875, 821.5], [136.734375, 830.0], [137.5, 838.0], [138.265625, 847.0], [138.828125, 860.5], [139.53125, 873.5], [140.25, 880.5], [140.953125, 885.5], [141.703125, 892.5], [142.421875, 903.0], [143.140625, 914.5], [143.859375, 926.0], [144.5625, 939.0], [145.265625, 954.0], [145.984375, 969.5], [146.6875, 985.5], [147.4375, 1001.5], [148.15625, 1020.0], [148.875, 1038.0], [149.59375, 1056.0], [150.296875, 1076.0], [151.0, 1096.0], [152.421875, 1753.5], [153.859375, 1531.5], [154.578125, 1521.0], [155.28125, 1535.0], [155.984375, 1562.5], [158.84375, 1689.5], [166.75, 8146.5], [167.46875, 8092.5], [171.0, 6158.5], [171.703125, 6183.5], [172.40625, 6224.5], [173.078125, 6261.0], [175.15625, 1377.0], [175.921875, 1365.5], [176.625, 1363.5], [177.34375, 1371.0], [178.046875, 1389.0], [178.78125, 1410.5], [179.484375, 1437.0], [-178.375, 1691.5], [-176.25, 14819.0], [-175.515625, 14809.5], [-172.6875, 9798.5], [-171.984375, 9804.5], [-171.28125, 9825.0], [-168.890625, 3349.0], [-167.375, 1340.5], [-166.765625, 1348.5], [-160.296875, 2379.0], [-159.578125, 2380.5], [-158.859375, 2386.5], [-146.640625, 280.0], [-145.9375, 273.0], [-145.21875, 267.0], [-143.75, 251.5], [-143.03125, 246.0], [-142.3125, 241.0], [-141.59375, 235.0], [-140.15625, 220.5], [-138.71875, 210.5], [-138.0, 206.0], [-137.28125, 201.0], [-136.5625, 197.0], [-135.84375, 193.5], [-135.125, 189.0], [-134.40625, 185.0], [-133.6875, 181.5], [-132.96875, 179.0], [-132.40625, 176.0], [-131.734375, 172.5], [-131.046875, 169.5], [-130.375, 166.5], [-129.546875, 165.5], [-128.84375, 165.5], [-128.125, 164.0], [-127.421875, 161.0], [-126.703125, 159.0], [-126.0, 157.5], [-125.28125, 157.0], [-124.578125, 157.5], [-123.859375, 157.0], [-123.15625, 158.0], [-122.4375, 159.5], [-121.734375, 161.0], [-121.0, 163.0], [-120.296875, 164.5], [-119.578125, 166.5], [-118.875, 170.0], [-118.140625, 172.0], [-117.4375, 173.0], [-116.71875, 175.5], [-116.015625, 179.0], [-115.296875, 182.0], [-114.59375, 184.5], [-113.171875, 194.0], [-112.46875, 197.0], [-111.765625, 200.0], [-110.359375, 210.5], [-109.609375, 214.0], [-108.90625, 217.5], [-108.1875, 223.0], [-107.484375, 229.0], [-106.75, 235.5], [-106.046875, 242.0], [-105.328125, 247.5], [-103.90625, 263.5], [-103.203125, 269.5], [-102.484375, 275.5], [-99.625, 315.0], [-93.828125, 438.5], [-93.125, 433.5], [-91.703125, 447.5], [-90.984375, 449.0], [-90.28125, 449.0], [-89.53125, 446.5], [-88.8125, 445.5], [-88.09375, 447.0], [-87.375, 445.0], [-86.671875, 443.5], [-85.96875, 442.0], [-85.25, 440.5], [-84.546875, 441.5], [-83.796875, 443.0], [-83.078125, 445.0], [-82.359375, 444.0], [-81.640625, 442.0], [-80.9375, 441.5], [-80.234375, 441.5], [-79.515625, 442.5], [-78.8125, 443.0], [-78.046875, 443.5], [-77.328125, 442.0], [-76.609375, 442.5], [-75.890625, 445.5], [-75.1875, 445.5], [-74.484375, 444.5], [-73.765625, 445.0], [-73.0625, 448.0], [-72.3125, 448.0], [-71.59375, 449.5], [-70.875, 453.0], [-70.15625, 451.0], [-69.453125, 451.5], [-68.75, 454.5], [-68.03125, 456.5], [-67.328125, 458.0], [-66.578125, 463.75], [-65.859375, 465.75], [-65.140625, 467.0], [-64.421875, 471.5], [-63.734375, 474.0], [-63.03125, 475.5], [-62.3125, 476.0], [-61.609375, 481.0], [-60.859375, 484.0], [-60.140625, 485.0], [-59.421875, 487.5], [-58.703125, 491.25], [-58.015625, 494.75], [-57.3125, 497.5], [-56.59375, 501.0], [-55.890625, 504.5], [-55.140625, 511.75], [-54.421875, 517.25], [-53.703125, 521.5], [-52.984375, 521.0], [-51.578125, 534.5], [-50.859375, 534.5], [-50.15625, 538.5], [-49.421875, 544.0], [-48.71875, 548.0], [-48.0, 554.5], [-47.296875, 561.5], [-45.859375, 577.0], [-44.4375, 587.75], [-42.890625, 605.5], [-42.15625, 607.0], [-41.421875, 614.5], [-40.765625, 622.5], 