{"heading": 8.3, "target": -3.7180605010350227, "gap_dist": 342.85726936742475, "gap_info": [{"width": 342.85726936742475, "center_angle": -3.7180605010350227, "edge_a": [-16, 275.5], "edge_b": [1, 712.5], "depth": 712.5, "passable": true, "chosen": true}, {"width": 85.17573750853397, "center_angle": 29.951755400756536, "edge_a": [27, 790.5], "edge_b": [33, 765.5], "depth": 790.5, "passable": false, "chosen": false}, {"width": 71.67848989951533, "center_angle": 167.58436177403408, "edge_a": [166, 545.5], "edge_b": [169, 610.5], "depth": 610.5, "passable": false, "chosen": false}], "scan": [[-2, 1825.0], [1, 712.5], [2, 699.0], [3, 672.0], [4, 658.0], [5, 645.0], [6, 623.0], [7, 613.75], [8, 593.0], [9, 584.5], [10, 568.5], [11, 571.5], [12, 576.0], [13, 582.5], [14, 595.0], [15, 602.0], [16, 619.5], [17, 627.0], [18, 642.5], [19, 650.0], [20, 659.5], [21, 678.5], [22, 687.0], [23, 709.5], [24, 724.0], [25, 748.0], [26, 763.0], [27, 790.5], [33, 765.5], [34, 766.0], [36, 703.5], [38, 622.0], [40, 564.5], [42, 525.0], [43, 516.5], [45, 479.5], [47, 443.5], [48, 434.0], [49, 429.0], [50, 417.5], [51, 407.5], [52, 400.0], [53, 392.0], [54, 386.5], [56, 372.0], [57, 369.5], [58, 357.5], [59, 353.5], [60, 350.5], [61, 340.5], [62, 335.5], [63, 329.0], [64, 328.5], [65, 320.0], [66, 319.0], [67, 310.5], [68, 306.5], [69, 303.0], [70, 301.0], [71, 297.0], [72, 289.5], [73, 287.5], [74, 286.5], [75, 284.0], [76, 277.0], [77, 278.0], [78, 272.0], [79, 270.0], [80, 270.0], [81, 262.25], [82, 262.0], [83, 259.0], [84, 257.5], [85, 253.5], [86, 253.0], [87, 249.5], [88, 247.5], [89, 247.5], [90, 245.75], [91, 245.75], [92, 243.5], [93, 240.5], [94, 240.0], [95, 242.5], [96, 239.5], [97, 241.0], [98, 242.0], [99, 241.5], [100, 241.0], [101, 240.5], [102, 240.0], [103, 240.5], [104, 241.0], [105, 241.0], [106, 241.5], [107, 241.5], [108, 242.0], [109, 240.5], [110, 241.0], [111, 243.0], [112, 242.0], [113, 241.5], [114, 242.5], [115, 245.0], [116, 245.5], [117, 246.0], [118, 249.5], [119, 249.75], [120, 251.5], [121, 253.25], [122, 257.0], [123, 258.5], [124, 261.0], [125, 266.0], [126, 265.25], [128, 270.5], [129, 272.25], [130, 274.75], [131, 283.0], [132, 284.5], [133, 292.0], [134, 292.0], [135, 297.25], [136, 298.25], [137, 302.5], [138, 307.0], [139, 309.5], [140, 312.75], [141, 317.5], [142, 321.0], [143, 335.25], [144, 333.0], [145, 343.5], [146, 349.5], [148, 363.5], [149, 364.0], [150, 369.75], [151, 376.25], [152, 382.25], [154, 401.5], [155, 406.25], [156, 414.25], [158, 439.75], [159, 443.0], [160, 448.0], [161, 466.75], [163, 501.0], [164, 511.0], [165, 538.0], [166, 545.5], [169, 610.5], [170, 633.0], [172, 682.5], [173, 700.5], [174, 734.0], [175, 751.0], [-174, 1069.5], [-170, 875.5], [-169, 869.0], [-168, 870.0], [-167, 880.0], [-166, 894.0], [-164, 1854.0], [-163, 1866.5], [-162, 1868.0], [-161, 1872.0], [-160, 1881.0], [-159, 1887.0], [-158, 1895.5], [-157, 1901.0], [-153, 1050.5], [-152, 1073.5], [-151, 1067.5], [-150, 1052.5], [-149, 1054.0], [-148, 1065.0], [-147, 1068.0], [-146, 1072.5], [-142, 8180.0], [-140, 4184.0], [-134, 11604.0], [-133, 11512.5], [-129, 2479.5], [-109, 2782.0], [-108, 2791.0], [-104, 2630.0], [-102, 2447.5], [-97, 880.5], [-96, 852.0], [-95, 849.75], [-94, 846.5], [-93, 835.0], [-92, 830.75], [-91, 828.5], [-90, 830.5], [-89, 823.5], [-88, 820.5], [-87, 820.0], [-86, 817.5], [-85, 815.0], [-84, 813.0], [-83, 812.0], [-82, 808.0], [-81, 808.5], [-80, 806.5], [-79, 807.0], [-78, 806.5], [-77, 809.0], [-76, 807.0], [-75, 809.0], [-74, 808.5], [-73, 808.5], [-72, 810.0], [-71, 809.0], [-70, 813.0], [-69, 817.5], [-68, 815.5], [-67, 814.0], [-66, 824.0], [-65, 829.5], [-63, 151.0], [-62, 152.5], [-61, 151.0], [-60, 151.5], [-59, 151.5], [-58, 152.5], [-57, 153.5], [-56, 155.5], [-55, 155.0], [-54, 156.5], [-53, 157.0], [-52, 158.5], [-51, 159.0], [-50, 161.5], [-49, 161.5], [-48, 161.0], [-47, 164.0], [-46, 164.5], [-45, 167.0], [-44, 168.5], [-43, 170.5], [-42, 172.0], [-41, 175.0], [-40, 176.0], [-39, 176.0], [-38, 179.5], [-37, 181.0], [-36, 186.5], [-35, 187.5], [-34, 192.0], [-33, 193.5], [-32, 195.0], [-31, 199.0], [-30, 199.5], [-29, 207.0], [-28, 210.0], [-27, 213.5], [-26, 217.5], [-25, 222.5], [-24, 228.0], [-23, 232.0], [-22, 237.0], [-21, 241.0], [-20, 250.5], [-19, 254.5], [-18, 264.5], [-17, 269.0], [-16, 275.5], [-14, 1143.5], [-13, 1121.5], [-12, 1086.0], [-11, 1077.0], [-10, 1080.5], [-9, 1101.0], [-8, 1110.5], [-7, 1121.0], [-6, 1142.5], [-5, 1153.0]]}