{"heading": -172.3, "target": -110.04863818503719, "gap_dist": 296.68656060063444, "gap_info": [{"width": 296.68656060063444, "center_angle": -110.04863818503719, "edge_a": [-112, 351.5], "edge_b": [-109, 654.0], "depth": 654.0, "passable": true, "chosen": true}, {"width": 394.8724649517832, "center_angle": -62.42634876605984, "edge_a": [-63, 767.0], "edge_b": [-61, 308.5], "depth": 767.0, "passable": true, "chosen": false}, {"width": 379.6091474857497, "center_angle": 28.147736006014554, "edge_a": [13, 199.0], "edge_b": [32, 774.0], "depth": 774.0, "passable": true, "chosen": false}, {"width": 112.60742715280195, "center_angle": 143.90572923332263, "edge_a": [140, 783.0], "edge_b": [148, 747.0], "depth": 783.0, "passable": false, "chosen": false}], "scan": [[-2, 178.5], [-1, 189.0], [0, 188.0], [1, 189.5], [2, 191.0], [3, 192.5], [4, 193.0], [5, 194.0], [6, 194.5], [7, 196.0], [8, 196.5], [9, 197.0], [10, 196.0], [11, 198.0], [12, 199.0], [13, 199.0], [16, 1163.0], [17, 1173.0], [18, 1182.0], [22, 1013.5], [23, 1007.0], [24, 997.0], [28, 872.0], [30, 806.5], [32, 774.0], [34, 733.0], [35, 711.5], [36, 701.5], [37, 680.5], [38, 670.5], [39, 655.0], [40, 648.5], [41, 644.5], [42, 623.0], [43, 618.0], [44, 604.0], [45, 597.0], [46, 589.0], [47, 582.0], [48, 571.5], [49, 568.5], [50, 553.5], [51, 549.5], [52, 542.5], [53, 536.5], [54, 534.0], [55, 529.0], [56, 531.5], [58, 500.0], [59, 496.0], [60, 488.5], [61, 484.5], [62, 479.5], [63, 476.0], [64, 474.0], [65, 469.0], [66, 464.5], [67, 461.5], [68, 458.5], [69, 456.5], [70, 454.5], [71, 452.0], [72, 452.0], [73, 451.0], [74, 448.0], [75, 447.0], [76, 445.5], [77, 445.5], [78, 443.5], [79, 444.0], [80, 442.5], [81, 441.5], [82, 443.5], [83, 443.5], [84, 442.5], [85, 441.0], [86, 443.5], [87, 444.0], [88, 443.0], [89, 445.0], [90, 445.5], [91, 446.0], [92, 446.5], [93, 447.5], [94, 449.5], [95, 450.0], [96, 450.75], [97, 452.5], [98, 454.5], [99, 453.5], [100, 457.0], [101, 462.0], [102, 467.0], [103, 471.0], [104, 471.5], [105, 468.5], [106, 472.5], [107, 474.5], [108, 481.0], [109, 490.0], [110, 494.5], [111, 497.0], [112, 494.0], [113, 498.5], [114, 505.5], [115, 513.0], [116, 514.5], [117, 514.0], [118, 518.0], [119, 521.0], [121, 563.5], [122, 565.5], [123, 568.0], [124, 565.0], [126, 599.5], [128, 619.0], [129, 615.0], [131, 649.5], [132, 650.0], [133, 665.5], [134, 675.5], [135, 687.5], [136, 711.5], [137, 725.5], [138, 738.0], [139, 765.0], [140, 783.0], [141, 809.5], [142, 817.5], [143, 832.0], [144, 857.5], [146, 929.5], [148, 747.0], [149, 731.5], [150, 699.5], [151, 687.0], [152, 659.5], [153, 647.0], [154, 637.0], [155, 614.0], [156, 604.5], [157, 585.0], [158, 576.0], [159, 558.5], [160, 550.5], [161, 543.0], [162, 529.5], [163, 521.5], [164, 511.0], [165, 514.5], [166, 523.5], [167, 541.0], [168, 550.5], [169, 561.0], [170, 582.5], [171, 595.0], [172, 615.5], [173, 627.0], [174, 657.0], [175, 673.5], [-174, 1383.0], [-173, 1378.0], [-172, 1362.0], [-171, 1359.5], [-170, 1344.5], [-169, 1337.5], [-168, 1332.0], [-167, 1323.5], [-163, 1641.5], [-161, 1538.0], [-159, 1413.5], [-158, 1380.5], [-157, 1319.5], [-156, 1292.0], [-155, 1238.5], [-154, 1214.0], [-153, 1164.0], [-152, 1142.5], [-151, 1122.5], [-150, 1084.0], [-149, 1064.5], [-147, 310.0], [-146, 308.5], [-145, 307.5], [-144, 306.0], [-143, 303.25], [-142, 301.0], [-141, 298.5], [-140, 299.0], [-139, 301.5], [-138, 303.5], [-137, 307.5], [-136, 307.25], [-135, 308.0], [-134, 308.0], [-133, 310.0], [-132, 310.5], [-131, 312.0], [-130, 313.5], [-129, 315.5], [-128, 315.5], [-127, 317.0], [-126, 319.0], [-125, 320.0], [-124, 322.5], [-123, 324.0], [-122, 325.5], [-121, 327.5], [-120, 328.5], [-119, 334.5], [-118, 336.0], [-117, 337.0], [-116, 342.0], [-115, 343.5], [-114, 348.0], [-113, 351.0], [-112, 351.5], [-109, 654.0], [-108, 652.5], [-107, 650.5], [-106, 647.0], [-105, 646.0], [-104, 643.0], [-103, 639.0], [-102, 636.5], [-101, 638.0], [-100, 638.0], [-99, 637.0], [-98, 637.5], [-97, 637.0], [-96, 638.0], [-95, 637.0], [-94, 637.5], [-93, 638.75], [-92, 640.5], [-91, 645.0], [-90, 645.0], [-89, 650.5], [-88, 651.0], [-87, 651.0], [-86, 659.0], [-85, 661.5], [-84, 660.0], [-83, 665.0], [-82, 669.0], [-81, 678.5], [-80, 680.0], [-79, 687.0], [-78, 691.0], [-77, 695.0], [-75, 718.5], [-74, 723.5], [-73, 724.5], [-72, 733.5], [-71, 738.0], [-70, 745.0], [-69, 745.5], [-68, 752.0], [-67, 760.5], [-66, 763.5], [-65, 758.5], [-64, 760.0], [-63, 767.0], [-61, 308.5], [-60, 302.0], [-59, 298.0], [-58, 288.5], [-57, 284.0], [-56, 275.0], [-55, 272.0], [-54, 263.0], [-53, 260.0], [-52, 257.0], [-51, 252.0], [-50, 249.0], [-49, 243.0], [-48, 240.5], [-47, 237.5], [-46, 230.0], [-45, 227.5], [-44, 224.0], [-43, 221.0], [-42, 216.5], [-41, 214.5], [-40, 213.5], [-39, 209.5], [-38, 208.0], [-37, 205.5], [-36, 203.5], [-35, 199.5], [-34, 198.5], [-33, 197.5], [-32, 195.5], [-31, 194.5], [-30, 192.0], [-29, 191.0], [-28, 191.0], [-27, 188.0], [-26, 186.0], [-25, 184.0], [-24, 183.0], [-23, 183.0], [-22, 183.0], [-21, 183.0], [-20, 181.5], [-19, 182.5], [-18, 180.5], [-17, 181.5], [-16, 179.5], [-15, 179.0], [-14, 179.5], [-13, 176.0], [-12, 174.0], [-11, 174.5], [-10, 174.0], [-9, 173.5], [-8, 174.5], [-7, 174.0], [-6, 175.5], [-5, 177.0], [-4, 178.5], [-3, 180.0]]}