{"heading": -131.2, "target": 121.73626809086515, "gap_dist": 931.2532560632919, "gap_info": [{"width": 474.39661625076707, "center_angle": -141.28866173968376, "edge_a": [-164.125, 522.0], "edge_b": [-125.734375, 755.5], "depth": 755.5, "passable": true, "chosen": false}, {"width": 221.40418356149277, "center_angle": -123.40862581616435, "edge_a": [-125.734375, 755.5], "edge_b": [-120.171875, 543.0], "depth": 755.5, "passable": false, "chosen": false}, {"width": 931.2532560632919, "center_angle": 121.73626809086515, "edge_a": [9.28125, 379.5], "edge_b": [158.609375, 584.5], "depth": 584.5, "passable": true, "chosen": true}], "scan": [[-3.3125, 291.0], [-2.625, 294.0], [-1.921875, 298.5], [-1.234375, 301.5], [-0.53125, 305.0], [0.15625, 310.0], [0.859375, 315.0], [1.546875, 319.5], [2.28125, 325.0], [2.984375, 330.0], [3.6875, 334.0], [4.390625, 338.5], [5.0625, 344.25], [5.75, 350.25], [6.453125, 356.5], [7.140625, 362.5], [7.875, 368.25], [8.578125, 374.75], [9.28125, 379.5], [14.390625, 4140.0], [15.09375, 4121.5], [15.796875, 4117.0], [20.0, 5516.5], [22.140625, 2687.5], [22.84375, 2667.0], [23.546875, 2658.5], [24.25, 2656.0], [24.96875, 2667.75], [26.375, 2538.5], [27.078125, 2521.0], [27.78125, 2511.5], [28.484375, 2506.5], [29.1875, 2514.0], [29.890625, 2530.0], [31.0, 14422.5], [31.640625, 14387.0], [32.28125, 14350.0], [33.140625, 14327.0], [33.828125, 14310.5], [34.53125, 14293.0], [35.21875, 14274.0], [35.9375, 14257.5], [36.625, 14243.5], [37.328125, 14233.0], [38.015625, 14225.5], [38.71875, 14219.0], [39.40625, 14212.0], [41.5, 15011.0], [42.890625, 10755.5], [43.578125, 10694.5], [44.296875, 10732.5], [44.984375, 10753.0], [48.0625, 4679.0], [52.953125, 2842.5], [58.59375, 2930.0], [62.125, 2476.0], [62.828125, 2402.5], [63.53125, 2334.5], [64.140625, 2271.5], [64.8125, 2208.5], [65.5, 2151.0], [66.171875, 2098.5], [66.9375, 2046.0], [67.625, 2004.0], [68.328125, 1994.5], [69.015625, 2011.25], [69.734375, 2000.25], [71.125, 1890.0], [71.8125, 1850.5], [72.546875, 1814.5], [73.25, 1779.5], [73.953125, 1745.5], [74.65625, 1712.0], [75.359375, 1681.0], [76.0625, 1651.5], [76.765625, 1624.5], [77.46875, 1600.0], [78.15625, 1573.0], [78.84375, 1547.5], [79.546875, 1524.0], [80.234375, 1505.0], [81.640625, 1374.0], [82.34375, 1357.0], [83.03125, 1341.0], [83.640625, 1320.0], [84.3125, 1299.0], [84.984375, 1282.5], [85.65625, 1267.5], [86.4375, 1252.5], [87.125, 1238.0], [87.828125, 1221.5], [88.515625, 1209.0], [89.234375, 1199.5], [89.921875, 1187.0], [90.625, 1173.5], [91.3125, 1160.5], [92.015625, 1148.0], [92.703125, 1137.0], [93.40625, 1127.5], [94.09375, 1116.0], [94.796875, 1107.0], [95.484375, 1098.5], [96.1875, 1088.5], [96.875, 1080.5], [97.59375, 1071.5], [98.28125, 1061.5], [98.984375, 1054.5], [99.671875, 1048.5], [100.59375, 1038.0], [101.34375, 1027.5], [102.09375, 1022.0], [102.84375, 1016.5], [103.359375, 1009.0], [104.046875, 1003.0], [104.734375, 996.5], [105.421875, 988.5], [106.171875, 984.0], [106.875, 979.0], [107.578125, 971.0], [108.28125, 964.0], [108.984375, 959.5], [109.6875, 955.0], [110.390625, 950.5], [111.09375, 948.0], [111.796875, 945.75], [112.5, 941.0], [113.203125, 936.25], [113.90625, 933.25], [114.609375, 930.25], [115.3125, 927.5], [116.015625, 922.75], [116.71875, 919.75], [117.421875, 919.75], [118.125, 916.25], [118.828125, 912.5], [119.53125, 909.5], [120.015625, 906.0], [120.65625, 903.5], [121.3125, 902.5], [121.953125, 902.5], [122.796875, 902.0], [123.484375, 900.5], [124.1875, 900.5], [124.875, 899.5], [125.609375, 898.0], [126.3125, 900.0], [127.015625, 900.0], [127.71875, 899.0], [128.375, 901.0], [129.0625, 901.0], [129.75, 899.5], [130.4375, 901.5], [131.15625, 902.5], [131.84375, 902.5], [132.546875, 905.0], [133.234375, 906.5], [133.9375, 906.5], [134.625, 907.0], [135.328125, 909.0], [136.015625, 911.5], [136.90625, 913.0], [137.640625, 916.5], [138.390625, 920.5], [139.125, 922.5], [139.71875, 923.5], [140.421875, 927.0], [141.125, 930.5], [141.828125, 934.0], [142.53125, 938.0], [143.234375, 936.5], [143.9375, 936.5], [144.640625, 942.0], [145.34375, 944.5], [146.046875, 946.0], [146.75, 949.5], [147.453125, 951.5], [148.15625, 954.5], [148.859375, 959.0], [149.5625, 964.0], [150.265625, 968.5], [150.96875, 973.0], [151.671875, 979.5], [152.375, 984.5], [153.078125, 987.0], [153.78125, 991.0], [154.484375, 996.0], [155.1875, 1002.0], [155.890625, 1010.5], [156.546875, 1017.0], [157.234375, 1021.0], [158.609375, 584.5], [159.359375, 569.5], [160.0625, 553.0], [160.765625, 539.5], [161.46875, 527.25], [162.171875, 513.75], [162.875, 501.0], [163.578125, 489.75], [164.28125, 480.25], [164.96875, 471.5], [165.65625, 463.5], [166.359375, 456.0], [167.046875, 448.5], [167.765625, 440.5], [168.453125, 432.5], [169.15625, 426.0], [169.84375, 418.25], [170.59375, 411.25], [171.296875, 406.0], [172.0, 401.0], [172.703125, 395.5], [173.3125, 390.0], [173.984375, 386.5], [174.671875, 380.5], [175.34375, 374.0], [176.125, 370.5], [176.828125, 366.0], [177.53125, 360.0], [178.234375, 356.5], [178.90625, 354.0], [179.59375, 350.0], [-179.703125, 349.5], [-179.015625, 352.5], [-178.296875, 355.5], [-177.609375, 359.5], [-176.90625, 364.5], [-176.21875, 369.0], [-175.515625, 375.5], [-174.828125, 382.5], [-174.125, 387.5], [-173.4375, 393.5], [-172.703125, 401.0], [-172.0, 408.0], [-171.296875, 415.5], [-170.59375, 424.0], [-169.765625, 432.5], [-169.03125, 441.5], [-168.296875, 452.0], [-167.5625, 463.0], [-166.9375, 474.0], [-166.234375, 484.5], [-164.828125, 510.5], [-164.125, 522.0], [-162.71875, 1041.5], [-162.015625, 1038.0], [-161.28125, 1034.0], [-160.578125, 1028.0], [-159.859375, 1025.0], [-159.15625, 1022.5], [-158.46875, 1018.0], [-157.765625, 1015.5], [-157.0625, 1015.0], [-156.359375, 1028.0], [-153.546875, 1714.5], [-152.828125, 1708.5], [-152.125, 1703.0], [-151.421875, 1698.5], [-150.71875, 1695.5], [-150.078125, 1694.0], [-149.390625, 1690.0], [-148.703125, 1685.0], [-148.015625, 1681.0], [-147.265625, 1678.0], [-146.5625, 1676.0], [-145.859375, 1674.0], [-145.15625, 1676.5], [-144.453125, 1681.5], [-143.75, 1680.0], [-143.046875, 1681.0], [-142.34375, 1686.5], [-141.640625, 1686.5], [-140.9375, 1686.5], [-140.234375, 1689.0], [-139.53125, 1690.0], [-138.828125, 1690.5], [-138.125, 1689.0], [-137.421875, 1686.0], [-136.71875, 1683.5], [-136.03125, 1681.5], [-135.34375, 1683.5], [-134.640625, 1688.5], [-133.953125, 1698.5], [-125.734375, 755.5], [-120.171875, 543.0], [-119.46875, 537.5], [-118.78125, 532.0], [-118.078125, 522.5], [-116.65625, 541.5], [-115.25, 448.0], [-114.546875, 449.0], [-113.890625, 453.0], [-113.203125, 447.5], [-111.828125, 396.5], [-111.125, 396.0], [-110.4375, 398.5], [-108.328125, 357.5], [-107.640625, 351.5], [-106.9375, 345.0], [-106.25, 339.5], [-105.5625, 335.0], [-104.875, 329.0], [-104.1875, 323.0], [-103.5, 318.5], [-102.765625, 312.5], [-102.078125, 306.5], [-101.375, 302.5], [-100.6875, 297.5], [-100.0, 292.5], [-99.3125, 288.5], [-98.625, 284.0], [-97.9375, 280.0], [-97.109375, 277.0], [-96.390625, 273.0], [-95.671875, 267.5], [-94.953125, 265.0], [-94.3125, 263.0], [-93.625, 259.5], [-92.921875, 256.5], [-92.234375, 253.0], [-91.515625, 251.5], [-90.828125, 250.5], [-90.125, 247.5], [-89.4375, 245.0], [-88.75, 242.5], [-88.0625, 239.5], [-87.375, 237.0], [-86.6875, 235.5], [-85.9375, 231.5], [-85.234375, 228.5], [-84.53125, 230.0], [-83.828125, 227.5], [-83.140625, 224.0], [-82.453125, 223.0], [-81.75, 222.0], [-81.0625, 221.0], [-80.34375, 219.0], [-79.65625, 217.0], [-78.953125, 216.0], [-78.265625, 215.0], [-77.578125, 213.0], [-76.890625, 212.5], [-76.203125, 211.0], [-75.515625, 208.0], [-74.78125, 207.0], [-74.09375, 206.5], [-73.390625, 205.5], [-72.703125, 204.5], [-71.984375, 203.5], [-71.296875, 202.0], [-70.59375, 200.5], [-69.90625, 200.0], [-69.1875, 199.0], [-68.5, 199.0], [-67.796875, 199.0], [-67.109375, 197.0], [-66.40625, 195.5], [-65.71875, 196.0], [-65.015625, 196.0], [-64.328125, 193.0], [-63.609375, 191.5], [-62.921875, 