{"heading": 3.4, "target": -44.447878737559, "gap_dist": 308.34199693253163, "gap_info": [{"width": 168.82303792347372, "center_angle": -114.15915773253181, "edge_a": [-117, 366.5], "edge_b": [-109, 202.0], "depth": 366.5, "passable": false, "chosen": false}, {"width": 308.34199693253163, "center_angle": -44.447878737559, "edge_a": [-72, 331.5], "edge_b": [-20, 370.5], "depth": 370.5, "passable": true, "chosen": true}], "scan": [[-3, 242.5], [-2, 244.5], [-1, 242.25], [0, 239.0], [1, 234.5], [2, 229.5], [3, 225.0], [4, 222.0], [5, 220.5], [6, 217.5], [7, 214.0], [8, 211.5], [9, 210.0], [10, 206.5], [11, 204.0], [12, 204.0], [13, 202.0], [14, 200.0], [15, 198.5], [16, 198.0], [17, 195.5], [18, 195.0], [19, 193.0], [20, 192.5], [21, 189.5], [22, 184.0], [23, 186.0], [24, 189.0], [25, 194.0], [26, 200.0], [34, 873.5], [35, 873.0], [37, 823.5], [38, 823.5], [42, 751.5], [43, 743.0], [44, 727.0], [45, 719.5], [46, 700.5], [47, 693.5], [48, 687.5], [49, 681.0], [50, 665.0], [51, 653.5], [52, 647.5], [53, 643.0], [54, 630.5], [55, 625.0], [56, 615.5], [57, 610.5], [58, 603.5], [59, 600.5], [60, 590.0], [61, 588.0], [62, 584.5], [63, 577.0], [64, 574.0], [65, 567.0], [66, 565.5], [67, 563.5], [68, 557.5], [69, 546.5], [70, 543.5], [71, 540.25], [72, 540.75], [73, 542.0], [74, 537.0], [75, 529.75], [76, 523.5], [77, 521.5], [78, 519.0], [79, 519.5], [80, 519.0], [81, 517.5], [82, 517.0], [83, 514.0], [84, 510.25], [85, 508.75], [86, 512.0], [87, 507.5], [88, 509.75], [89, 510.25], [90, 510.25], [91, 510.5], [92, 510.25], [93, 511.0], [94, 512.0], [95, 512.0], [96, 513.0], [97, 515.0], [98, 515.5], [99, 518.75], [100, 519.75], [101, 520.0], [102, 523.0], [103, 527.25], [104, 529.5], [105, 530.5], [106, 531.5], [107, 535.0], [108, 537.5], [109, 542.5], [110, 544.0], [111, 550.0], [112, 554.0], [113, 556.5], [114, 564.5], [115, 568.0], [116, 574.0], [117, 578.5], [118, 586.5], [119, 590.5], [120, 601.0], [121, 610.0], [122, 611.5], [123, 613.0], [124, 624.0], [125, 629.0], [126, 641.5], [127, 646.5], [128, 652.0], [129, 667.0], [130, 675.0], [131, 691.5], [132, 699.5], [134, 727.5], [135, 745.5], [136, 754.5], [137, 765.0], [138, 785.5], [139, 796.0], [142, 873.5], [143, 880.0], [144, 881.0], [145, 902.5], [147, 5805.5], [159, 7796.0], [165, 10934.0], [166, 11000.5], [168, 14816.5], [169, 14726.5], [170, 14692.5], [171, 14660.0], [172, 14637.0], [173, 14586.5], [174, 14571.5], [175, 14554.5], [177, 1252.5], [178, 1250.5], [179, 1261.5], [180, 1266.5], [-179, 1323.5], [-177, 4944.5], [-175, 3081.0], [-172, 1117.5], [-171, 1117.0], [-170, 1133.5], [-169, 1152.5], [-165, 1249.5], [-163, 2139.5], [-159, 1745.5], [-158, 1693.0], [-157, 1647.5], [-155, 1370.5], [-154, 1302.0], [-153, 1271.5], [-152, 1213.0], [-151, 1187.5], [-150, 1140.5], [-149, 1117.5], [-148, 1096.0], [-147, 1055.0], [-146, 1036.0], [-145, 1003.0], [-144, 987.5], [-143, 957.5], [-142, 944.5], [-141, 930.0], [-140, 908.0], [-139, 890.5], [-138, 872.0], [-137, 860.0], [-136, 834.0], [-135, 823.0], [-134, 821.0], [-133, 814.0], [-132, 795.5], [-131, 787.5], [-130, 777.5], [-129, 771.5], [-128, 774.0], [-127, 759.5], [-126, 751.5], [-125, 738.0], [-124, 728.5], [-123, 723.5], [-122, 712.5], [-121, 700.0], [-117, 366.5], [-109, 202.0], [-108, 200.5], [-107, 201.0], [-106, 201.5], [-105, 202.5], [-104, 203.5], [-103, 204.5], [-102, 207.0], [-101, 207.5], [-100, 209.5], [-99, 211.5], [-98, 213.0], [-97, 217.5], [-96, 219.5], [-95, 222.5], [-94, 225.0], [-93, 228.0], [-92, 230.0], [-91, 232.5], [-90, 237.5], [-89, 239.0], [-88, 242.0], [-87, 246.0], [-86, 253.0], [-85, 256.0], [-84, 258.5], [-83, 264.0], [-82, 265.75], [-81, 273.5], [-80, 275.5], [-79, 283.0], [-78, 288.5], [-77, 292.0], [-76, 301.0], [-75, 305.0], [-74, 312.5], [-73, 319.5], [-72, 331.5], [-70, 630.0], [-69, 634.0], [-68, 635.5], [-67, 638.0], [-66, 642.0], [-65, 654.5], [-64, 651.0], [-63, 661.0], [-62, 667.0], [-61, 671.5], [-60, 677.0], [-59, 681.0], [-58, 694.5], [-57, 700.0], [-56, 706.5], [-55, 718.0], [-54, 728.0], [-53, 734.0], [-52, 743.0], [-51, 751.0], [-50, 760.0], [-49, 783.5], [-48, 789.0], [-47, 802.0], [-46, 812.0], [-45, 829.5], [-44, 837.0], [-43, 848.5], [-42, 864.5], [-41, 875.5], [-40, 896.0], [-39, 905.0], [-38, 930.0], [-37, 946.0], [-36, 960.0], [-35, 993.0], [-34, 1008.5], [-33, 1043.0], [-32, 1063.0], [-31, 1102.5], [-30, 1124.5], [-29, 1171.5], [-28, 1197.0], [-27, 1224.0], [-26, 1278.5], [-25, 1308.5], [-24, 1375.0], [-23, 1411.5], [-22, 1490.5], [-20, 370.5], [-18, 347.0], [-17, 340.0], [-16, 327.5], [-15, 319.5], [-14, 307.5], [-13, 302.0], [-12, 291.0], [-11, 285.5], [-10, 281.5], [-9, 272.5], [-8, 269.0], [-7, 262.0], [-6, 257.5], [-5, 249.5], [-4, 246.5]]}