{"heading": 51.1, "target": 77.01326078145337, "gap_dist": 689.7446677664368, "gap_info": [{"width": 86.80513991798678, "center_angle": 45.708916923771895, "edge_a": [43, 422.5], "edge_b": [48, 499.5], "depth": 499.5, "passable": false, "chosen": false}, {"width": 140.80001813532405, "center_angle": 50.791959969964914, "edge_a": [48, 499.5], "edge_b": [53, 631.5], "depth": 631.5, "passable": false, "chosen": false}, {"width": 689.7446677664368, "center_angle": 77.01326078145337, "edge_a": [57, 773.0], "edge_b": [120, 388.0], "depth": 773.0, "passable": true, "chosen": true}], "scan": [[-2, 207.0], [-1, 209.0], [0, 211.0], [1, 213.5], [4, 221.5], [5, 222.0], [6, 227.5], [7, 229.0], [8, 228.0], [9, 233.0], [10, 235.0], [11, 238.5], [12, 241.0], [13, 243.0], [14, 247.0], [15, 249.0], [16, 250.5], [17, 251.5], [18, 253.5], [19, 262.0], [20, 262.5], [21, 269.0], [22, 270.5], [23, 272.0], [24, 282.5], [25, 285.0], [26, 292.5], [27, 297.0], [28, 299.0], [29, 304.0], [31, 319.0], [32, 324.0], [33, 331.5], [34, 333.5], [36, 355.5], [37, 357.5], [38, 366.5], [40, 395.0], [42, 416.5], [43, 422.5], [48, 499.5], [53, 631.5], [55, 721.5], [57, 773.0], [71, 2437.5], [72, 2444.5], [74, 1466.5], [78, 1375.0], [79, 1374.5], [80, 1381.0], [81, 1440.0], [82, 1434.0], [83, 1431.0], [84, 1427.5], [85, 1421.0], [86, 1412.0], [87, 1414.0], [90, 10662.5], [98, 1847.0], [99, 1813.5], [100, 1811.0], [101, 1829.0], [103, 2249.0], [105, 2057.0], [106, 2049.5], [107, 2034.5], [117, 1224.5], [118, 1203.0], [120, 388.0], [121, 385.75], [122, 383.0], [123, 376.0], [124, 373.0], [125, 367.0], [126, 364.0], [127, 361.5], [128, 354.0], [129, 352.0], [130, 346.5], [131, 344.0], [132, 348.5], [133, 359.5], [134, 366.0], [136, 397.5], [137, 406.5], [146, 957.5], [147, 944.5], [148, 943.5], [149, 942.5], [150, 923.0], [151, 927.5], [152, 925.5], [153, 921.5], [154, 916.5], [155, 913.0], [156, 911.0], [157, 910.0], [158, 907.5], [159, 905.0], [160, 904.5], [161, 901.0], [162, 898.0], [163, 899.5], [164, 900.5], [165, 898.5], [166, 897.5], [167, 899.5], [168, 903.0], [169, 906.0], [170, 915.5], [171, 906.0], [172, 901.5], [173, 902.0], [174, 902.5], [175, 909.5], [176, 916.5], [177, 920.5], [178, 924.0], [179, 929.5], [180, 935.0], [-179, 938.5], [-178, 949.0], [-177, 955.0], [-176, 965.0], [-175, 970.5], [-174, 977.5], [-173, 988.0], [-172, 995.5], [-171, 1009.5], [-170, 1017.0], [-169, 1024.5], [-168, 1039.0], [-167, 1046.0], [-166, 1054.0], [-165, 1074.0], [-164, 1083.0], [-163, 1110.5], [-161, 514.0], [-160, 506.0], [-159, 492.0], [-158, 485.0], [-157, 469.5], [-156, 463.5], [-155, 459.5], [-154, 447.0], [-153, 442.5], [-152, 431.5], [-151, 427.0], [-150, 417.5], [-149, 414.0], [-148, 410.5], [-147, 405.0], [-146, 400.5], [-145, 394.5], [-144, 392.0], [-143, 389.0], [-142, 382.5], [-141, 379.5], [-140, 374.5], [-139, 371.0], [-138, 369.5], [-137, 364.5], [-136, 363.0], [-135, 360.0], [-134, 358.0], [-133, 354.25], [-132, 348.75], [-130, 332.5], [-129, 327.5], [-128, 323.0], [-127, 320.5], [-126, 319.0], [-125, 318.0], [-124, 317.0], [-123, 316.0], [-122, 316.0], [-121, 313.0], [-120, 312.5], [-119, 311.0], [-118, 311.0], [-117, 310.0], [-116, 308.0], [-115, 306.5], [-114, 304.5], [-113, 305.0], [-112, 303.5], [-111, 302.75], [-110, 302.0], [-109, 304.25], [-108, 306.25], [-107, 308.0], [-106, 310.5], [-105, 311.0], [-104, 310.5], [-103, 309.5], [-102, 312.5], [-101, 315.5], [-100, 316.0], [-99, 318.5], [-98, 319.0], [-97, 320.0], [-96, 321.0], [-95, 322.0], [-94, 327.0], [-93, 329.0], [-92, 331.5], [-91, 332.0], [-90, 334.0], [-89, 337.5], [-88, 339.0], [-87, 345.0], [-86, 347.5], [-85, 349.0], [-84, 355.5], [-83, 358.5], [-82, 363.5], [-81, 366.5], [-79, 362.0], [-78, 366.5], [-77, 372.0], [-76, 365.0], [-75, 360.0], [-74, 351.0], [-72, 326.0], [-71, 316.5], [-68, 289.0], [-67, 288.0], [-65, 272.0], [-64, 264.5], [-63, 260.0], [-62, 257.5], [-60, 249.5], [-59, 245.5], [-57, 242.0], [-56, 238.0], [-54, 228.0], [-52, 219.5], [-51, 222.0], [-49, 216.0], [-48, 216.0], [-46, 213.0], [-45, 205.0], [-44, 202.0], [-43, 202.0], [-42, 201.5], [-41, 199.0], [-40, 198.0], [-39, 197.5], [-38, 191.0], [-37, 190.0], [-36, 189.5], [-35, 188.5], [-34, 185.0], [-33, 183.0], [-32, 181.5], [-31, 182.5], [-30, 182.5], [-29, 180.0], [-28, 181.0], [-27, 180.0], [-26, 179.0], [-25, 179.5], [-24, 180.0], [-23, 177.5], [-22, 177.5], [-21, 178.0], [-20, 178.5], [-19, 179.5], [-18, 177.0], [-17, 175.5], [-15, 178.5], [-14, 178.5], [-13, 181.0], [-12, 181.5], [-11, 182.5], [-10, 184.0], [-9, 183.5], [-8, 184.0], [-7, 185.5], [-6, 188.5]]}