{"heading": -188.6, "target": 115.05054903534996, "gap_dist": 517.9753415570924, "gap_info": [{"width": 304.75903170378484, "center_angle": -42.5010284385877, "edge_a": [-44, 530.5], "edge_b": [-39, 227.25], "depth": 530.5, "passable": true, "chosen": false}, {"width": 408.38688285315754, "center_angle": 54.37832101962599, "edge_a": [24, 195.0], "edge_b": [65, 535.0], "depth": 535.0, "passable": true, "chosen": false}, {"width": 517.9753415570924, "center_angle": 115.05054903534996, "edge_a": [97, 638.5], "edge_b": [151, 337.0], "depth": 638.5, "passable": true, "chosen": true}], "scan": [[-3, 159.5], [-2, 158.5], [-1, 183.5], [0, 183.5], [1, 183.5], [2, 182.5], [3, 183.0], [4, 183.0], [5, 180.5], [6, 178.0], [7, 178.5], [8, 178.0], [9, 178.0], [10, 177.0], [11, 177.5], [12, 180.0], [13, 181.0], [14, 180.5], [15, 181.5], [16, 183.0], [17, 184.0], [18, 183.5], [19, 184.0], [20, 185.0], [21, 188.0], [22, 190.0], [23, 190.5], [24, 195.0], [26, 981.0], [27, 987.0], [28, 990.5], [29, 996.5], [30, 1010.5], [32, 1165.5], [33, 1152.5], [34, 1128.0], [35, 1119.0], [36, 1109.5], [37, 1090.0], [38, 1080.0], [39, 1059.75], [40, 1048.25], [41, 1040.5], [42, 1025.0], [43, 1015.0], [44, 1001.0], [45, 992.5], [46, 984.5], [47, 977.0], [48, 966.5], [49, 962.0], [50, 950.0], [51, 942.5], [52, 928.5], [53, 927.0], [54, 919.0], [55, 909.5], [56, 904.0], [57, 899.0], [58, 894.5], [59, 893.0], [60, 889.0], [61, 884.5], [65, 535.0], [66, 520.5], [68, 482.0], [69, 470.0], [70, 449.5], [71, 439.5], [72, 421.0], [73, 414.0], [74, 408.0], [75, 409.5], [76, 411.0], [77, 415.25], [78, 424.0], [79, 427.5], [80, 436.5], [81, 443.0], [82, 448.0], [83, 460.0], [84, 465.0], [85, 477.5], [86, 483.5], [87, 495.5], [88, 502.0], [90, 526.5], [91, 536.5], [92, 554.0], [93, 563.5], [94, 573.5], [95, 597.0], [96, 610.5], [97, 638.5], [99, 962.0], [100, 976.5], [101, 981.0], [102, 986.5], [103, 1000.0], [104, 1008.5], [105, 1023.0], [106, 1029.0], [107, 1037.5], [108, 1058.5], [109, 1068.5], [110, 1087.0], [111, 1098.0], [112, 1110.0], [113, 1135.0], [114, 1147.0], [115, 1171.5], [116, 1183.0], [117, 1196.5], [118, 1229.0], [119, 1245.5], [120, 1277.5], [121, 1294.0], [122, 1332.5], [123, 1353.5], [124, 1392.0], [125, 1417.0], [126, 1440.0], [127, 1487.0], [128, 1515.0], [129, 1570.5], [130, 1604.5], [131, 1668.5], [134, 1823.5], [135, 1872.0], [136, 1962.5], [139, 2130.5], [140, 2261.5], [141, 2329.5], [151, 337.0], [152, 340.0], [153, 341.0], [154, 344.5], [155, 347.5], [156, 348.0], [157, 352.0], [158, 354.0], [159, 357.5], [160, 360.0], [161, 362.0], [162, 368.0], [163, 371.0], [164, 375.0], [165, 379.5], [166, 383.5], [167, 389.5], [168, 394.0], [169, 400.0], [170, 403.5], [171, 407.5], [172, 416.5], [173, 420.5], [174, 431.0], [175, 436.0], [176, 447.5], [177, 454.0], [178, 460.5], [179, 472.5], [180, 478.5], [-180, 486.0], [-179, 494.0], [-178, 502.0], [-177, 511.5], [-176, 517.0], [-175, 514.5], [-174, 509.5], [-173, 497.5], [-172, 473.0], [-171, 463.0], [-170, 443.0], [-169, 434.5], [-168, 427.5], [-167, 420.5], [-166, 409.5], [-165, 403.0], [-164, 396.0], [-163, 393.0], [-162, 391.0], [-161, 388.0], [-160, 384.0], [-159, 368.0], [-158, 360.5], [-157, 348.5], [-156, 343.5], [-155, 338.5], [-154, 331.0], [-153, 326.0], [-152, 318.0], [-151, 315.0], [-150, 307.5], [-149, 303.0], [-148, 299.0], [-147, 293.5], [-146, 290.5], [-145, 287.5], [-144, 282.0], [-143, 280.5], [-142, 271.5], [-141, 271.75], [-140, 271.75], [-139, 267.75], [-138, 266.25], [-137, 263.5], [-136, 261.5], [-135, 258.5], [-134, 255.5], [-133, 255.0], [-132, 251.75], [-131, 252.0], [-130, 246.0], [-129, 246.0], [-128, 245.0], [-127, 243.5], [-126, 242.5], [-125, 241.5], [-124, 242.0], [-123, 240.5], [-122, 239.5], [-121, 238.5], [-120, 238.5], [-119, 237.5], [-118, 237.0], [-117, 236.0], [-116, 236.0], [-115, 235.25], [-114, 235.5], [-113, 234.0], [-112, 234.5], [-111, 234.5], [-110, 234.0], [-109, 234.0], [-108, 233.0], [-107, 233.5], [-106, 234.0], [-105, 233.0], [-104, 232.5], [-103, 232.5], [-102, 232.5], [-101, 233.0], [-100, 233.5], [-99, 235.5], [-98, 238.0], [-97, 237.5], [-96, 235.0], [-95, 236.5], [-94, 235.5], [-93, 236.5], [-92, 237.0], [-91, 238.5], [-90, 238.5], [-89, 240.0], [-88, 244.0], [-87, 246.5], [-86, 247.5], [-85, 255.0], [-84, 251.0], [-82, 259.5], [-81, 259.0], [-80, 265.0], [-79, 268.5], [-76, 288.5], [-74, 279.5], [-73, 280.0], [-71, 295.5], [-70, 299.0], [-69, 304.5], [-68, 310.5], [-67, 312.5], [-66, 313.0], [-65, 316.5], [-63, 325.5], [-61, 350.0], [-60, 355.0], [-59, 367.0], [-58, 363.5], [-57, 359.5], [-56, 369.5], [-54, 407.5], [-51, 422.0], [-49, 449.0], [-48, 456.5], [-47, 479.0], [-46, 488.5], [-44, 530.5], [-39, 227.25], [-38, 221.0], [-37, 218.0], [-36, 213.5], [-35, 209.0], [-34, 206.5], [-33, 204.0], [-32, 201.5], [-31, 197.5], [-30, 195.5], [-29, 193.5], [-28, 190.0], [-27, 189.0], [-26, 185.0], [-25, 183.5], [-24, 182.0], [-23, 181.5], [-22, 181.0], [-21, 177.0], [-20, 175.0], [-19, 172.5], [-18, 172.0], [-17, 171.0], [-16, 170.0], [-15, 171.0], [-14, 168.5], [-13, 168.0], [-12, 167.0], [-11, 165.5], [-10, 165.0], [-9, 162.0], [-8, 161.5], [-7, 162.0], [-6, 162.0], [-5, 161.5], [-4, 160.0]]}