{"heading": 23.2, "target": -52.27384098979683, "gap_dist": 336.7575162289235, "gap_info": [{"width": 336.7575162289235, "center_angle": -52.27384098979683, "edge_a": [-83, 366.0], "edge_b": [24, 192.5], "depth": 366.0, "passable": true, "chosen": true}, {"width": 31.31761042693529, "center_angle": 108.46117270149223, "edge_a": [106, 343.5], "edge_b": [111, 333.0], "depth": 343.5, "passable": false, "chosen": false}], "scan": [[-4, 1196.5], [-3, 1215.0], [-2, 1426.0], [-1, 1488.5], [0, 1523.0], [1, 1590.5], [2, 1631.5], [3, 1670.5], [4, 1758.5], [5, 1808.5], [7, 1534.5], [8, 1523.5], [9, 1513.5], [10, 1510.0], [11, 1518.5], [12, 1577.5], [16, 1542.0], [17, 1534.5], [18, 1502.5], [19, 1507.5], [20, 1515.5], [21, 1519.0], [24, 192.5], [25, 190.5], [26, 190.0], [28, 182.0], [29, 182.5], [30, 185.5], [31, 187.0], [32, 187.5], [33, 189.5], [34, 191.0], [35, 191.5], [36, 192.0], [37, 193.0], [38, 192.5], [39, 193.5], [40, 194.0], [41, 195.0], [42, 196.0], [43, 196.0], [44, 196.0], [45, 198.0], [46, 198.0], [47, 199.0], [48, 201.0], [49, 203.5], [50, 204.0], [51, 205.0], [52, 206.5], [53, 208.0], [54, 211.5], [55, 212.5], [56, 217.0], [57, 218.5], [58, 220.5], [59, 221.0], [60, 223.25], [61, 228.0], [62, 230.5], [63, 232.5], [64, 238.0], [65, 240.0], [66, 244.0], [67, 247.0], [68, 250.0], [69, 256.0], [70, 259.0], [71, 264.0], [72, 266.25], [73, 272.0], [74, 274.75], [75, 279.75], [76, 289.5], [77, 293.5], [78, 304.0], [79, 308.5], [80, 313.0], [81, 323.5], [82, 330.5], [83, 340.75], [85, 405.5], [86, 413.0], [87, 419.0], [89, 396.0], [90, 393.0], [92, 369.5], [93, 368.0], [94, 367.5], [95, 370.5], [96, 368.0], [97, 365.5], [98, 364.0], [100, 348.0], [101, 345.0], [102, 345.5], [103, 343.0], [104, 342.0], [105, 340.5], [106, 343.5], [111, 333.0], [112, 327.5], [113, 327.0], [114, 327.0], [115, 327.0], [116, 326.5], [117, 326.5], [118, 325.5], [119, 326.0], [120, 325.5], [121, 325.5], [122, 324.5], [123, 325.5], [124, 326.5], [125, 326.5], [126, 327.5], [127, 327.0], [128, 327.0], [129, 328.5], [130, 330.0], [131, 330.0], [132, 332.0], [133, 331.5], [134, 335.5], [135, 338.5], [136, 340.0], [137, 338.5], [138, 341.5], [139, 343.0], [140, 350.0], [141, 351.0], [142, 349.5], [143, 354.5], [144, 355.0], [145, 361.5], [146, 362.5], [147, 363.5], [148, 369.0], [149, 370.5], [150, 374.5], [151, 378.5], [152, 380.75], [153, 388.75], [154, 389.75], [155, 398.0], [156, 399.75], [157, 409.0], [158, 411.5], [159, 415.0], [160, 426.0], [161, 430.0], [162, 434.0], [163, 445.5], [164, 450.5], [165, 461.0], [166, 468.0], [167, 479.5], [168, 484.5], [169, 492.0], [170, 507.0], [171, 516.0], [172, 535.5], [173, 544.0], [178, 693.0], [-179, 779.0], [-178, 773.0], [-177, 766.0], [-176, 758.0], [-175, 753.0], [-174, 746.0], [-173, 742.5], [-172, 740.5], [-171, 736.0], [-170, 733.0], [-169, 729.5], [-168, 726.5], [-167, 720.0], [-166, 716.0], [-165, 716.0], [-164, 711.5], [-163, 707.5], [-162, 706.5], [-161, 703.5], [-160, 702.0], [-159, 701.5], [-158, 701.0], [-157, 700.0], [-156, 699.0], [-155, 696.5], [-154, 701.5], [-153, 716.0], [-152, 723.5], [-151, 721.5], [-150, 720.5], [-149, 720.5], [-148, 721.0], [-147, 726.0], [-146, 727.0], [-145, 729.5], [-144, 732.0], [-143, 732.5], [-142, 733.5], [-141, 734.0], [-140, 734.5], [-139, 738.0], [-127, 176.0], [-126, 168.0], [-125, 164.5], [-124, 160.5], [-123, 159.5], [-122, 159.5], [-121, 162.0], [-120, 162.75], [-119, 163.75], [-118, 166.0], [-117, 167.0], [-116, 169.5], [-115, 172.0], [-114, 172.5], [-113, 176.5], [-112, 178.5], [-111, 182.5], [-110, 184.5], [-109, 185.5], [-108, 190.5], [-107, 192.5], [-106, 197.5], [-105, 200.5], [-104, 202.5], [-103, 208.0], [-102, 212.0], [-101, 218.0], [-100, 222.0], [-99, 225.5], [-98, 233.0], [-97, 237.5], [-96, 245.5], [-95, 250.5], [-94, 256.0], [-93, 263.5], [-92, 268.5], [-91, 281.0], [-90, 286.0], [-89, 292.5], [-88, 306.5], [-87, 314.0], [-86, 330.5], [-85, 338.0], [-84, 347.5], [-83, 366.0], [-74, 731.5], [-73, 728.0], [-72, 743.0], [-71, 749.5], [-70, 743.0], [-69, 741.0], [-68, 740.5], [-67, 735.5], [-66, 732.0], [-65, 723.0], [-64, 716.5], [-63, 710.5], [-62, 708.0], [-61, 706.0], [-60, 705.5], [-59, 709.0], [-58, 709.5], [-57, 711.0], [-56, 716.0], [-55, 716.0], [-54, 720.0], [-53, 719.5], [-52, 713.0], [-51, 719.5], [-50, 728.0], [-49, 736.0], [-48, 736.5], [-47, 738.0], [-46, 749.5], [-45, 753.5], [-44, 759.5], [-43, 760.0], [-42, 769.0], [-41, 770.0], [-40, 774.0], [-39, 779.5], [-38, 778.5], [-37, 785.5], [-36, 790.5], [-35, 792.0], [-34, 799.0], [-33, 801.0], [-32, 803.0], [-31, 805.0], [-30, 806.5], [-29, 814.0], [-28, 816.5], [-27, 831.0], [-26, 836.5], [-25, 844.0], [-24, 858.5], [-23, 866.5], [-22, 873.0], [-21, 887.0], [-20, 895.5], [-19, 911.5], [-18, 922.0], [-17, 944.0], [-16, 953.5], [-15, 960.0], [-14, 986.0], [-13, 998.5], [-12, 1026.0], [-11, 1036.5], [-10, 1048.5], [-9, 1079.0], [-8, 1095.0], [-7, 1125.0], [-6, 1142.0], [-5, 1178.0]]}