{"heading": -20.3, "target": 13.36759151513664, "gap_dist": 581.0556293672771, "gap_info": [{"width": 521.9128956701566, "center_angle": -76.46887779090804, "edge_a": [-78.046875, 796.0], "edge_b": [-71.921875, 276.5], "depth": 796.0, "passable": true, "chosen": false}, {"width": 581.0556293672771, "center_angle": 13.36759151513664, "edge_a": [3.71875, 222.0], "edge_b": [16.046875, 796.0], "depth": 796.0, "passable": true, "chosen": true}, {"width": 137.6196846064446, "center_angle": 115.92159357866933, "edge_a": [111.921875, 664.5], "edge_b": [119.390625, 766.0], "depth": 766.0, "passable": false, "chosen": false}], "scan": [[-1.640625, 211.0], [-0.96875, 212.0], [-0.296875, 214.5], [0.375, 217.0], [1.046875, 217.0], [1.71875, 218.0], [2.390625, 220.0], [3.0625, 221.0], [3.71875, 222.0], [6.421875, 1019.0], [7.09375, 1017.5], [9.78125, 951.5], [11.125, 907.5], [12.0, 897.0], [13.4375, 844.5], [14.15625, 832.0], [14.703125, 820.5], [15.375, 808.5], [16.046875, 796.0], [16.71875, 783.5], [17.421875, 772.5], [18.09375, 762.5], [18.78125, 751.5], [19.453125, 741.0], [20.125, 731.0], [20.796875, 723.0], [21.46875, 713.5], [22.140625, 701.5], [22.84375, 691.5], [23.515625, 683.5], [24.203125, 678.0], [24.875, 672.5], [25.546875, 664.5], [26.21875, 657.5], [26.890625, 652.5], [27.5625, 645.5], [28.015625, 638.0], [28.625, 629.5], [29.25, 625.0], [29.859375, 620.0], [30.6875, 612.5], [31.34375, 605.0], [32.015625, 596.0], [32.671875, 588.5], [33.375, 583.5], [35.390625, 593.0], [36.046875, 583.5], [36.703125, 567.0], [37.375, 557.5], [38.03125, 550.5], [38.703125, 545.5], [39.359375, 548.5], [40.03125, 559.5], [40.6875, 564.5], [41.375, 553.5], [42.03125, 547.5], [42.703125, 544.5], [44.0625, 521.0], [44.734375, 524.5], [45.40625, 525.5], [46.078125, 519.0], [47.046875, 516.5], [47.78125, 512.0], [48.53125, 507.5], [49.265625, 505.5], [49.75, 503.5], [50.421875, 501.0], [51.09375, 499.5], [51.765625, 499.5], [52.46875, 498.0], [53.140625, 495.5], [53.828125, 494.5], [54.5, 494.0], [55.1875, 492.5], [55.859375, 492.0], [56.546875, 491.5], [57.21875, 490.5], [57.890625, 489.5], [58.5625, 488.0], [59.234375, 487.0], [59.90625, 486.5], [60.625, 486.5], [61.296875, 485.5], [61.984375, 485.0], [62.65625, 486.0], [63.328125, 486.0], [64.0, 484.0], [64.671875, 483.0], [65.34375, 484.5], [65.921875, 485.0], [66.5625, 485.0], [67.21875, 484.0], [67.859375, 484.5], [68.609375, 484.5], [69.28125, 483.0], [69.953125, 485.0], [70.625, 486.5], [71.296875, 485.0], [71.96875, 485.5], [72.640625, 489.0], [73.3125, 490.75], [74.0, 490.25], [74.671875, 488.5], [75.34375, 489.5], [76.015625, 490.5], [76.703125, 490.0], [77.375, 492.0], [78.046875, 493.0], [78.71875, 495.0], [79.390625, 498.5], [80.0625, 498.5], [80.734375, 499.5], [81.40625, 501.5], [82.03125, 503.0], [82.6875, 505.0], [83.34375, 508.5], [84.0, 513.5], [84.703125, 518.0], [85.359375, 522.5], [86.03125, 521.0], [86.6875, 514.0], [87.40625, 508.0], [88.078125, 509.0], [88.75, 513.5], [89.421875, 515.0], [90.09375, 516.5], [90.765625, 518.75], [91.4375, 521.0], [92.109375, 523.75], [92.765625, 527.5], [93.421875, 530.5], [94.09375, 532.5], [94.75, 536.0], [95.453125, 538.5], [96.125, 541.5], [96.796875, 544.5], [97.46875, 548.0], [98.15625, 553.0], [98.828125, 556.5], [99.5, 561.0], [100.171875, 567.5], [101.046875, 570.5], [101.765625, 573.0], [102.484375, 579.5], [103.203125, 584.5], [103.765625, 588.5], [104.4375, 594.0], [105.125, 599.0], [105.796875, 604.0], [106.46875, 608.5], [107.140625, 613.5], [107.8125, 620.5], [108.484375, 628.0], [109.203125, 634.5], [109.875, 639.5], [110.5625, 646.5], [111.234375, 656.5], [111.921875, 664.5], [113.953125, 2763.5], [115.3125, 1072.0], [116.0, 1048.5], [116.671875, 1033.5], [117.359375, 1022.5], [118.03125, 1015.0], [119.390625, 766.0], [119.828125, 749.0], [120.4375, 740.0], [121.0625, 735.5], [121.671875, 731.0], [122.515625, 726.5], [123.1875, 722.5], [123.859375, 722.5], [124.53125, 720.5], [125.1875, 726.5], [125.84375, 732.5], [126.515625, 728.5], [127.171875, 730.0], [127.875, 726.0], [128.546875, 721.5], [129.21875, 731.0], [129.890625, 740.5], [133.921875, 7576.0], [136.140625, 1752.0], [138.296875, 1506.5], [138.875, 1506.5], [139.546875, 1486.0], [140.234375, 1479.0], [140.90625, 1495.5], [141.5625, 1527.5], [144.953125, 14640.0], [145.640625, 14609.5], [146.3125, 14566.5], [146.984375, 14530.5], [147.65625, 14510.0], [148.328125, 14481.5], [149.0, 14464.0], [149.703125, 14442.5], [151.0625, 1743.0], [151.734375, 1743.0], [152.40625, 1755.0], [153.75, 14357.0], [155.765625, 11250.0], [157.109375, 10841.0], [157.796875, 10788.0], [158.46875, 10860.5], [160.484375, 1760.0], [161.15625, 1750.0], [161.828125, 1755.0], [162.5, 1778.0], [165.203125, 1377.0], [165.90625, 1360.5], [166.578125, 1351.5], [167.265625, 1333.0], [167.9375, 1328.0], [168.609375, 1346.5], [169.28125, 1364.5], [169.953125, 1378.0], [170.625, 1397.0], [172.6875, 1183.5], [173.359375, 1174.0], [174.0, 1167.5], [174.65625, 1163.5], [175.328125, 1163.5], [175.984375, 1165.5], [176.703125, 1167.0], [177.375, 1170.0], [178.046875, 1176.0], [179.390625, 1662.5], [-179.9375, 1619.5], [-179.265625, 1579.0], [-178.59375, 1538.5], [-177.90625, 1508.0], [-176.5625, 1302.0], [-175.890625, 1274.0], [-175.203125, 1247.5], [-174.53125, 1223.5], [-173.859375, 1200.0], [-173.1875, 1174.5], [-172.5, 1149.5], [-171.828125, 1131.0], [-171.15625, 1113.5], [-170.484375, 1094.0], [-169.609375, 1073.5], [-168.890625, 1056.0], [-168.171875, 1038.0], [-167.453125, 1017.5], [-166.875, 1003.5], [-166.203125, 990.0], [-165.515625, 976.0], [-164.84375, 961.5], [-164.15625, 946.5], [-163.484375, 933.5], [-162.796875, 918.5], [-162.125, 908.0], [-161.421875, 899.5], [-160.75, 887.5], [-160.0625, 876.5], [-159.390625, 866.5], [-158.6875, 858.5], [-158.015625, 849.5], [-157.328125, 838.0], [-156.65625, 829.0], [-155.953125, 823.0], [-155.28125, 815.0], [-154.59375, 806.5], [-153.921875, 802.75], [-153.234375, 801.25], [-152.5625, 796.0], [-151.875, 795.5], [-151.203125, 792.5], [-150.515625, 783.0], [-149.84375, 779.5], [-149.15625, 778.5], [-148.484375, 773.0], [-147.796875, 762.0], [-147.125, 756.5], [-146.4375, 752.5], [-145.765625, 750.5], [-145.078125, 744.5], [-144.40625, 732.5], [-143.71875, 730.0], [-143.046875, 732.0], [-142.359375, 728.0], [-141.6875, 715.5], [-141.0, 707.5], [-140.328125, 709.0], [-139.640625, 705.5], [-138.96875, 696.0], [-138.28125, 691.5], [-137.609375, 690.0], [-136.90625, 687.0], [-136.234375, 683.0], [-135.546875, 675.0], [-134.875, 668.0], [-134.171875, 666.0], [-133.5, 664.5], [-132.8125, 663.0], [-132.140625, 663.5], [-131.609375, 659.5], [-130.96875, 654.0], [-130.328125, 651.5], [-129.6875, 646.0], [-128.90625, 642.5], [-128.234375, 643.0], [-127.5625, 641.5], [-126.890625, 636.5], [-126.1875, 633.0], [-125.515625, 632.5], [-124.828125, 632.5], [-124.15625, 629.0], [-123.484375, 626.0], [-122.8125, 624.0], [-122.140625, 623.0], [-121.46875, 621.5], [-120.78125, 620.0], [-120.109375, 618.0], [-119.4375, 616.5], [-118.765625, 617.0], [-118.09375, 616.5], [-117.421875, 617.0], [-116.75, 615.0], [-116.078125, 613.0], [-115.359375, 612.0], [-114.6875, 611.5], [-114.0, 612.0], [-113.328125, 610.0], [-112.671875, 610.0], [-112.0, 612.5], [-111.328125, 613.5], [-110.65625, 617.0], [-109.96875, 619.0], [-109.296875, 618.0], [-108.625, 617.5], [-107.953125, 619.0], [-107.265625, 620.0], [-106.59375, 621.0], [-105.921875, 623.5], [-105.25, 623.0], [-104.5625, 622.5], [-103.890625, 625.5], [-103.21875, 628.0], [-102.546875, 629.5], [-101.875, 631.0], [-101.203125, 632.0], [-100.53125, 634.5], [-99.859375, 637.5], [-99.140625, 639.5], [-98.46875, 644.0], [-97.78125, 648.0], [-97.109375, 649.5], [-96.359375, 654.0], [-95.671875, 658.0], [-94.96875, 662.0], [-94.28125, 666.5], [-93.65625, 669.0], [-92.984375, 671.0], [-92.3125, 676.0], [-91.640625, 681.5], [-90.9375, 681.5], [-90.265625, 684.5], [-89.578125, 692.5], [-88.90625, 700.0], [-88.203125, 704.5], [-87.53125, 706.0], [-86.84375, 713.5], 