{"heading": 27.4, "target": -8.81651078877375, "gap_dist": 447.33172898553204, "gap_info": [{"width": 749.2775376675155, "center_angle": -152.08672757484212, "edge_a": [-166.578125, 779.0], "edge_b": [-92.484375, 226.0], "depth": 779.0, "passable": true, "chosen": false}, {"width": 447.33172898553204, "center_angle": -8.81651078877375, "edge_a": [-32.640625, 187.5], "edge_b": [-1.53125, 597.25], "depth": 597.25, "passable": true, "chosen": true}], "scan": [[-1.53125, 597.25], [-0.828125, 591.5], [-0.109375, 586.75], [0.59375, 584.5], [1.3125, 581.0], [2.015625, 574.5], [2.734375, 569.0], [3.4375, 566.5], [4.1875, 564.0], [4.90625, 560.0], [5.625, 555.5], [6.34375, 550.75], [7.03125, 547.25], [7.734375, 544.25], [8.453125, 540.5], [9.15625, 536.5], [10.015625, 533.5], [10.75, 531.5], [11.5, 528.5], [12.234375, 525.5], [12.890625, 523.5], [13.609375, 522.0], [14.328125, 519.0], [15.046875, 516.5], [15.765625, 516.0], [16.484375, 514.5], [17.203125, 511.0], [17.921875, 508.0], [18.640625, 505.5], [19.359375, 504.5], [20.078125, 503.5], [20.796875, 502.0], [21.5, 501.0], [22.203125, 500.5], [22.921875, 500.0], [23.625, 498.0], [24.390625, 500.5], [25.109375, 505.5], [25.828125, 507.5], [26.546875, 508.0], [27.25, 508.0], [27.953125, 506.5], [28.671875, 505.5], [29.375, 505.0], [29.84375, 504.0], [30.484375, 504.5], [31.140625, 504.0], [31.78125, 503.0], [32.6875, 503.5], [33.390625, 503.5], [34.109375, 504.0], [34.8125, 505.0], [35.515625, 505.0], [36.21875, 505.5], [36.921875, 506.0], [37.625, 507.0], [38.34375, 507.5], [39.046875, 507.5], [39.75, 509.0], [40.453125, 510.0], [41.1875, 511.5], [41.890625, 512.5], [42.609375, 513.5], [43.3125, 515.5], [44.015625, 516.5], [44.71875, 519.0], [45.421875, 521.5], [46.125, 522.0], [47.109375, 522.5], [47.875, 524.0], [48.65625, 527.0], [49.421875, 530.0], [49.984375, 531.0], [50.703125, 533.5], [51.421875, 536.5], [52.140625, 539.5], [52.859375, 543.5], [53.578125, 545.0], [54.296875, 547.5], [55.015625, 551.0], [55.71875, 555.5], [56.421875, 560.5], [57.140625, 563.5], [57.84375, 559.5], [58.59375, 554.0], [59.3125, 561.0], [60.03125, 570.0], [62.15625, 558.5], [63.578125, 470.5], [64.21875, 461.5], [64.90625, 453.5], [65.59375, 445.5], [66.28125, 436.5], [67.0625, 428.5], [67.765625, 422.0], [68.484375, 414.0], [69.1875, 407.5], [69.921875, 403.0], [70.625, 396.5], [71.34375, 390.5], [72.046875, 385.0], [72.75, 380.5], [73.453125, 375.0], [74.15625, 369.0], [74.859375, 365.5], [75.609375, 360.5], [76.3125, 355.0], [77.03125, 351.5], [77.734375, 346.5], [78.453125, 341.5], [79.15625, 338.5], [79.875, 336.5], [80.578125, 333.5], [81.3125, 330.5], [82.015625, 326.5], [82.734375, 322.5], [83.4375, 320.0], [84.078125, 317.5], [84.765625, 315.5], [85.453125, 313.0], [86.140625, 309.5], [86.90625, 306.5], [87.609375, 304.5], [88.3125, 301.0], [89.015625, 297.5], [89.75, 296.0], [90.453125, 294.5], [91.171875, 291.5], [91.875, 289.0], [92.59375, 287.0], [93.296875, 284.5], [94.015625, 282.5], [94.71875, 282.0], [95.40625, 281.5], [96.109375, 279.5], [96.8125, 277.0], [97.515625, 276.0], [98.25, 274.0], [98.953125, 271.5], [99.671875, 270.0], [100.375, 268.0], [101.296875, 267.0], [102.046875, 266.0], [102.8125, 268.0], [103.5625, 270.0], [104.15625, 267.0], [104.859375, 266.0], [106.28125, 275.5], [107.015625, 272.0], [107.71875, 271.5], [108.4375, 272.5], [109.140625, 269.0], [109.890625, 266.5], [110.609375, 266.0], [111.328125, 265.5], [112.046875, 264.5], [112.75, 263.5], [113.453125, 262.5], [114.171875, 263.5], [114.875, 265.0], [115.609375, 263.0], [116.3125, 262.5], [117.03125, 263.0], [117.734375, 262.0], [118.265625, 262.0], [118.921875, 262.0], [119.59375, 261.0], [120.25, 261.5], [121.109375, 262.5], [121.8125, 262.0], [122.53125, 262.5], [123.234375, 261.5], [123.953125, 260.5], [124.65625, 261.0], [125.375, 262.0], [126.078125, 261.0], [126.765625, 260.5], [127.46875, 263.0], [128.171875, 263.5], [128.875, 263.5], [129.609375, 264.5], [130.3125, 264.0], [131.03125, 262.5], [131.734375, 263.5], [132.4375, 264.0], [133.140625, 263.0], [133.84375, 264.5], [134.546875, 265.0], [135.25, 264.0], [135.953125, 266.0], [136.65625, 266.75], [137.359375, 267.75], [138.34375, 270.5], [139.109375, 273.0], [139.890625, 273.0], [140.65625, 271.0], [141.203125, 273.0], [141.90625, 275.0], [142.625, 274.5], [144.078125, 285.5], [144.796875, 289.0], [145.515625, 288.75], [146.234375, 287.0], [146.921875, 287.75], [147.625, 288.5], [148.34375, 290.5], [149.046875, 293.5], [149.796875, 295.75], [150.515625, 297.5], [151.234375, 300.25], [151.953125, 303.0], [152.671875, 305.5], [153.390625, 307.0], [154.109375, 308.0], [154.828125, 311.5], [155.46875, 314.5], [156.15625, 317.0], [156.859375, 320.0], [157.546875, 322.5], [158.328125, 325.5], [159.03125, 327.5], [159.75, 330.5], [160.453125, 334.0], [161.171875, 336.5], [161.875, 341.5], [162.59375, 343.5], [163.296875, 345.5], [164.046875, 350.0], [164.765625, 353.5], [165.484375, 357.0], [166.203125, 361.5], [166.890625, 366.5], [167.59375, 369.5], [168.3125, 374.5], [169.015625, 379.0], [169.765625, 382.5], [170.484375, 388.5], [171.203125, 394.5], [171.921875, 399.0], [172.5625, 405.0], [173.25, 411.5], [173.953125, 416.0], [174.640625, 422.5], [175.421875, 432.0], [176.125, 440.0], [176.84375, 447.5], [177.546875, 454.5], [178.265625, 463.0], [178.96875, 472.5], [179.6875, 479.5], [-179.609375, 488.5], [-178.875, 500.5], [-177.453125, 529.0], [-176.75, 541.0], [-176.03125, 552.5], [-175.328125, 564.5], [-174.609375, 576.5], [-173.90625, 588.5], [-173.1875, 603.0], [-171.765625, 640.5], [-171.0625, 651.0], [-168.671875, 719.5], [-167.921875, 739.5], [-167.296875, 760.0], [-166.578125, 779.0], [-165.140625, 1030.5], [-164.421875, 1033.0], [-163.703125, 1035.5], [-162.984375, 1038.0], [-162.265625, 1045.0], [-161.546875, 1057.0], [-160.828125, 1077.0], [-159.390625, 5859.5], [-157.21875, 5207.0], [-155.796875, 14842.0], [-153.671875, 1209.0], [-152.921875, 1182.0], [-152.203125, 1164.5], [-151.484375, 1157.0], [-150.765625, 1149.0], [-150.109375, 1148.5], [-149.40625, 1156.0], [-148.703125, 1163.0], [-148.0, 1169.5], [-147.234375, 1177.0], [-145.796875, 3026.0], [-142.96875, 2895.0], [-142.265625, 2889.0], [-141.515625, 2872.0], [-140.796875, 2855.0], [-140.078125, 2842.0], [-139.359375, 2819.0], [-137.921875, 1743.0], [-137.203125, 1723.0], [-136.484375, 1717.0], [-135.78125, 1720.5], [-135.078125, 1726.5], [-134.359375, 1734.0], [-133.65625, 1766.0], [-130.203125, 1711.5], [-129.5, 1704.5], [-126.65625, 1729.5], [-125.9375, 1714.5], [-125.234375, 1712.0], [-123.8125, 2348.0], [-121.671875, 2167.5], [-120.96875, 2112.0], [-120.25, 2059.5], [-119.546875, 2006.5], [-118.828125, 1956.0], [-118.125, 1910.0], [-117.40625, 1868.5], [-116.0, 1663.0], [-115.296875, 1628.0], [-114.59375, 1595.5], [-113.890625, 1563.0], [-113.15625, 1532.5], [-112.453125, 1504.5], [-111.734375, 1476.5], [-111.03125, 1451.5], [-110.328125, 1427.5], [-109.625, 1403.5], [-108.921875, 1380.5], [-108.21875, 1359.0], [-107.484375, 1339.0], [-106.78125, 1319.0], [-106.0625, 1300.5], [-105.359375, 1283.5], [-104.640625, 1266.0], [-103.9375, 1249.0], [-103.21875, 1234.5], [-102.515625, 1218.0], [-101.796875, 1202.0], [-101.09375, 1187.5], [-100.375, 1172.0], [-99.671875, 1157.5], [-98.953125, 1146.0], [-98.25, 1133.5], [-97.53125, 1121.5], [-96.828125, 1111.0], [-96.046875, 1098.5], [-95.328125, 1087.5], [-94.59375, 1077.5], [-93.875, 1068.0], [-92.484375, 226.0], [-91.765625, 226.5], [-91.0625, 224.0], [-90.359375, 222.5], [-89.65625, 221.0], [-88.953125, 219.0], [-88.25, 217.0], [-87.5, 215.0], [-86.796875, 212.5], [-86.078125, 210.0], [-85.375, 208.0], [-84.640625, 206.5], [-83.9375, 205.5], [-83.21875, 205.0], [-82.515625, 203.5], [-81.78125, 200.5], [-81.078125, 200.0], [-80.359375, 199.0], [-79.65625, 197.0], [-78.953125, 195.5], [-78.25, 193.0], [-77.546875, 192.0], [-76.84375, 191.5], [-76.09375, 190.0], [-75.390625, 188.5], [-74.671875, 189.5], [-73.96875, 189.5], [-73.25, 186.5], [-72.546875, 