{"heading": -5.7, "target": 83.98009276405979, "gap_dist": 397.7862547895801, "gap_info": [{"width": 32.31494651749923, "center_angle": -142.5435407738746, "edge_a": [-144, 425.5], "edge_b": [-141, 401.5], "depth": 425.5, "passable": false, "chosen": false}, {"width": 126.34789814884734, "center_angle": -38.330580817780856, "edge_a": [-39, 398.5], "edge_b": [-37, 200.5], "depth": 398.5, "passable": false, "chosen": false}, {"width": 397.7862547895801, "center_angle": 83.98009276405979, "edge_a": [44, 274.0], "edge_b": [108, 432.5], "depth": 432.5, "passable": true, "chosen": true}], "scan": [[-3, 165.0], [-2, 186.5], [-1, 188.0], [0, 189.0], [1, 187.0], [2, 188.5], [3, 188.5], [4, 190.5], [5, 191.5], [6, 192.0], [7, 191.0], [8, 191.5], [9, 189.5], [10, 190.0], [11, 193.0], [12, 195.0], [13, 195.0], [14, 196.0], [15, 197.5], [16, 198.5], [17, 201.0], [18, 201.0], [19, 202.5], [20, 204.0], [21, 204.0], [22, 205.5], [23, 207.0], [24, 210.0], [25, 211.5], [26, 213.0], [27, 215.0], [28, 217.0], [29, 221.5], [30, 223.0], [31, 224.5], [32, 226.0], [33, 231.5], [34, 233.5], [35, 238.0], [36, 240.0], [37, 246.0], [38, 248.5], [39, 250.5], [40, 256.5], [41, 259.5], [42, 264.5], [43, 268.5], [44, 274.0], [47, 1218.0], [48, 1205.5], [49, 1194.0], [50, 1171.0], [51, 1163.5], [53, 1102.5], [54, 1083.5], [55, 1075.5], [56, 1060.5], [57, 1051.5], [58, 1043.0], [59, 1031.0], [60, 1023.5], [61, 1011.5], [62, 1005.0], [63, 998.0], [64, 984.5], [65, 978.5], [66, 970.5], [67, 966.0], [68, 949.0], [69, 944.0], [70, 941.0], [71, 931.0], [72, 929.0], [73, 919.5], [74, 916.5], [75, 913.0], [76, 913.0], [77, 913.0], [78, 909.0], [79, 905.0], [80, 893.5], [81, 888.0], [82, 881.0], [83, 881.0], [84, 879.0], [85, 872.0], [86, 870.0], [87, 869.0], [88, 867.0], [89, 867.0], [90, 867.5], [91, 866.5], [92, 864.5], [93, 863.0], [94, 861.0], [95, 862.0], [96, 860.5], [97, 861.5], [98, 861.0], [99, 861.0], [100, 864.5], [101, 862.5], [102, 862.5], [103, 872.5], [104, 875.5], [108, 432.5], [109, 432.0], [110, 435.0], [111, 436.0], [112, 437.0], [113, 440.5], [114, 442.0], [115, 445.0], [116, 447.5], [117, 453.0], [118, 455.5], [119, 458.5], [120, 461.0], [121, 465.0], [122, 470.5], [123, 474.5], [124, 479.5], [125, 483.5], [126, 490.0], [127, 494.0], [128, 498.5], [129, 507.0], [130, 511.0], [131, 523.5], [133, 1147.5], [134, 1161.5], [135, 1179.5], [136, 1193.5], [137, 1191.5], [138, 1232.0], [139, 1237.0], [140, 1252.5], [141, 1274.0], [142, 1315.0], [143, 1322.5], [144, 1363.5], [145, 1392.5], [146, 1438.5], [147, 1450.0], [148, 1461.5], [150, 1213.5], [151, 1222.0], [152, 1225.5], [153, 1233.5], [154, 1240.0], [155, 1247.0], [156, 1263.5], [157, 1270.5], [158, 1276.0], [159, 1282.5], [160, 1299.5], [161, 1307.0], [163, 1789.0], [164, 1776.0], [166, 674.0], [167, 665.0], [168, 663.5], [169, 660.0], [170, 658.0], [171, 654.5], [172, 652.0], [173, 650.0], [174, 649.5], [175, 649.0], [176, 647.0], [177, 647.5], [178, 645.0], [179, 644.5], [180, 646.0], [-179, 646.5], [-178, 646.5], [-177, 647.0], [-176, 649.0], [-175, 649.5], [-174, 651.5], [-173, 651.5], [-172, 652.0], [-171, 655.0], [-170, 658.0], [-169, 660.5], [-168, 665.5], [-163, 904.5], [-157, 669.5], [-156, 650.0], [-155, 636.5], [-151, 537.0], [-149, 494.0], [-148, 480.0], [-147, 454.0], [-146, 448.5], [-144, 425.5], [-141, 401.5], [-139, 383.5], [-137, 371.0], [-136, 365.0], [-135, 355.5], [-134, 351.5], [-132, 337.0], [-131, 328.0], [-129, 316.5], [-128, 313.5], [-127, 310.0], [-126, 304.5], [-125, 300.5], [-124, 300.5], [-123, 297.5], [-122, 289.5], [-121, 286.5], [-120, 285.0], [-119, 276.5], [-118, 273.5], [-117, 273.5], [-116, 269.5], [-115, 265.0], [-114, 262.0], [-113, 255.0], [-112, 252.5], [-111, 250.5], [-110, 250.0], [-109, 249.5], [-108, 244.0], [-107, 243.0], [-106, 240.0], [-105, 238.5], [-104, 237.5], [-103, 237.0], [-102, 237.0], [-101, 236.0], [-100, 236.0], [-99, 234.5], [-98, 235.0], [-97, 236.0], [-96, 236.75], [-95, 235.75], [-94, 233.75], [-93, 236.25], [-92, 238.5], [-91, 235.5], [-90, 235.25], [-89, 234.0], [-88, 234.5], [-87, 234.5], [-86, 233.75], [-85, 233.75], [-84, 234.75], [-83, 234.0], [-82, 233.75], [-81, 237.5], [-80, 235.0], [-79, 238.0], [-78, 237.75], [-77, 237.75], [-76, 240.5], [-75, 242.0], [-74, 245.5], [-73, 247.5], [-72, 250.0], [-71, 252.5], [-70, 252.0], [-69, 252.0], [-68, 256.0], [-67, 264.0], [-66, 262.5], [-64, 272.5], [-63, 272.5], [-62, 281.0], [-61, 285.0], [-60, 287.5], [-59, 287.5], [-58, 295.0], [-57, 298.5], [-56, 299.5], [-55, 302.5], [-54, 306.5], [-53, 313.0], [-52, 317.0], [-51, 324.5], [-50, 329.5], [-49, 335.5], [-47, 344.0], [-46, 349.5], [-44, 368.5], [-43, 370.0], [-42, 371.5], [-41, 386.5], [-40, 390.5], [-39, 398.5], [-37, 200.5], [-36, 199.0], [-35, 196.0], [-34, 195.0], [-33, 192.5], [-32, 191.5], [-31, 189.5], [-30, 188.0], [-29, 186.5], [-28, 185.0], [-27, 185.0], [-26, 182.5], [-25, 182.0], [-24, 181.0], [-23, 179.5], [-22, 178.0], [-21, 176.5], [-20, 176.0], [-19, 176.5], [-18, 174.5], [-17, 173.5], [-16, 173.5], [-15, 174.0], [-14, 172.0], [-13, 171.0], [-12, 171.5], [-11, 170.5], [-10, 168.5], [-9, 167.0], [-8, 165.5], [-7, 164.5], [-6, 165.5], [-5, 165.5], [-4, 165.0]]}