{"heading": -318.3, "target": 11.079650587540822, "gap_dist": 318.38527714700075, "gap_info": [{"width": 183.0398974138739, "center_angle": -146.9479613158349, "edge_a": [-149, 586.0], "edge_b": [-144, 408.0], "depth": 586.0, "passable": false, "chosen": false}, {"width": 21.02233001212368, "center_angle": -45.38898293072736, "edge_a": [-48, 161.5], "edge_b": [-43, 176.5], "depth": 176.5, "passable": false, "chosen": false}, {"width": 318.38527714700075, "center_angle": 11.079650587540822, "edge_a": [-6, 395.5], "edge_b": [47, 198.0], "depth": 395.5, "passable": true, "chosen": true}, {"width": 564.1055336657761, "center_angle": 127.66987122856521, "edge_a": [126, 139.0], "edge_b": [128, 703.0], "depth": 703.0, "passable": true, "chosen": false}], "scan": [[-2, 919.5], [-1, 927.0], [1, 913.0], [2, 904.0], [4, 879.0], [5, 880.5], [6, 878.5], [7, 876.0], [8, 875.0], [9, 871.5], [10, 868.0], [11, 866.5], [12, 866.5], [13, 866.5], [14, 866.5], [15, 865.5], [16, 865.5], [17, 865.0], [18, 865.0], [19, 866.5], [20, 868.5], [21, 869.5], [22, 872.0], [23, 874.5], [28, 1569.0], [38, 2307.5], [39, 2297.0], [41, 2678.0], [42, 2676.5], [44, 1649.0], [45, 1578.5], [47, 198.0], [48, 197.5], [49, 190.5], [50, 189.0], [52, 178.5], [53, 175.5], [54, 171.5], [55, 169.0], [56, 164.5], [57, 162.0], [58, 160.0], [59, 155.0], [60, 153.0], [61, 152.0], [62, 150.0], [63, 148.0], [64, 145.5], [65, 145.0], [66, 142.0], [67, 141.0], [68, 136.0], [69, 135.0], [70, 135.5], [71, 135.0], [72, 134.0], [73, 134.0], [74, 132.5], [75, 131.0], [76, 130.5], [77, 130.0], [78, 129.0], [79, 125.5], [80, 124.5], [81, 125.0], [82, 124.5], [83, 123.5], [84, 123.0], [87, 121.0], [88, 120.0], [89, 118.75], [90, 120.0], [91, 119.0], [92, 119.5], [93, 118.5], [94, 117.5], [95, 119.0], [96, 117.0], [97, 118.0], [98, 117.5], [99, 115.5], [100, 114.75], [101, 114.5], [102, 115.75], [103, 117.5], [104, 118.5], [105, 119.0], [106, 120.5], [107, 120.5], [108, 120.0], [109, 119.5], [110, 119.5], [111, 119.5], [112, 119.0], [113, 120.0], [114, 120.5], [115, 121.0], [116, 121.5], [117, 122.5], [118, 125.0], [119, 125.5], [120, 126.5], [121, 129.0], [122, 130.0], [123, 128.0], [125, 136.5], [126, 139.0], [128, 703.0], [129, 701.0], [130, 700.0], [131, 700.0], [132, 700.0], [133, 699.0], [134, 698.0], [135, 700.5], [136, 698.5], [137, 698.5], [138, 698.5], [139, 699.0], [140, 700.0], [141, 701.0], [142, 703.5], [143, 705.5], [145, 1235.0], [146, 1261.5], [147, 1278.5], [148, 1296.0], [149, 1329.5], [150, 1347.0], [151, 1389.5], [152, 1412.5], [153, 1435.5], [154, 1466.0], [155, 1488.5], [156, 1536.5], [157, 1561.0], [158, 1586.0], [159, 1640.0], [171, 4011.0], [-176, 502.0], [-175, 501.0], [-174, 503.0], [-173, 507.5], [-172, 509.0], [-171, 511.5], [-170, 514.5], [-169, 517.5], [-168, 521.5], [-167, 524.5], [-166, 527.5], [-165, 530.5], [-164, 533.5], [-163, 540.0], [-162, 542.0], [-161, 545.5], [-160, 552.5], [-159, 555.5], [-158, 560.5], [-157, 567.5], [-156, 573.0], [-152, 666.0], [-149, 586.0], [-144, 408.0], [-142, 370.0], [-141, 361.5], [-139, 330.0], [-136, 303.5], [-135, 292.0], [-134, 285.5], [-132, 270.0], [-130, 254.5], [-128, 240.0], [-126, 227.75], [-125, 225.0], [-124, 221.5], [-121, 203.75], [-119, 194.75], [-118, 192.0], [-117, 188.5], [-116, 185.25], [-115, 183.25], [-113, 176.0], [-112, 175.0], [-111, 172.0], [-110, 172.0], [-109, 172.75], [-108, 170.25], [-107, 169.5], [-105, 165.25], [-103, 161.5], [-102, 161.25], [-100, 156.5], [-99, 155.75], [-98, 153.5], [-96, 149.5], [-95, 148.75], [-94, 147.25], [-92, 143.0], [-90, 139.5], [-89, 141.5], [-88, 140.5], [-87, 141.25], [-86, 139.5], [-85, 138.5], [-84, 137.5], [-83, 137.5], [-82, 137.0], [-81, 136.0], [-80, 136.0], [-79, 137.0], [-78, 138.0], [-77, 138.0], [-76, 137.0], [-75, 136.5], [-74, 137.0], [-73, 137.5], [-72, 137.5], [-70, 139.0], [-69, 138.0], [-68, 136.5], [-67, 137.0], [-66, 139.5], [-65, 137.5], [-64, 136.5], [-63, 137.5], [-62, 142.0], [-61, 142.0], [-60, 141.5], [-59, 143.0], [-57, 146.0], [-54, 149.0], [-53, 149.5], [-52, 153.5], [-51, 157.0], [-49, 159.5], [-48, 161.5], [-43, 176.5], [-42, 176.0], [-41, 177.0], [-40, 176.5], [-38, 184.0], [-37, 181.5], [-36, 181.0], [-35, 184.0], [-34, 192.0], [-32, 200.5], [-31, 203.5], [-30, 205.0], [-29, 207.5], [-26, 221.0], [-25, 224.5], [-21, 248.5], [-20, 253.5], [-19, 259.5], [-18, 261.0], [-16, 284.0], [-14, 303.5], [-13, 311.0], [-10, 346.5], [-8, 374.5], [-6, 395.5]]}