{"heading": -69.9, "target": -14.280244243082803, "gap_dist": 611.5507427953333, "gap_info": [{"width": 611.5507427953333, "center_angle": -14.280244243082803, "edge_a": [-15.484375, 135.0], "edge_b": [-14.0625, 746.5], "depth": 746.5, "passable": true, "chosen": true}, {"width": 583.0854107085776, "center_angle": 125.86261183613072, "edge_a": [96.5625, 355.0], "edge_b": [138.453125, 797.0], "depth": 797.0, "passable": true, "chosen": false}], "scan": [[-2.03125, 691.5], [-1.328125, 688.5], [-0.609375, 687.0], [0.09375, 686.0], [0.78125, 684.0], [1.484375, 680.0], [2.1875, 676.5], [2.890625, 674.0], [3.609375, 678.0], [4.3125, 685.0], [5.015625, 685.5], [5.71875, 681.0], [6.453125, 680.0], [7.15625, 675.0], [7.875, 668.5], [8.578125, 668.0], [9.28125, 668.5], [9.984375, 670.5], [10.6875, 671.5], [11.390625, 668.0], [12.296875, 665.25], [13.046875, 664.75], [13.796875, 665.5], [14.546875, 668.5], [15.15625, 668.5], [15.859375, 667.0], [16.578125, 663.5], [17.28125, 661.5], [18.03125, 661.5], [18.75, 662.0], [19.46875, 663.0], [20.1875, 663.5], [20.890625, 664.0], [21.59375, 665.0], [22.3125, 665.5], [23.015625, 666.5], [23.75, 668.5], [24.453125, 670.5], [25.171875, 674.0], [25.875, 678.0], [26.625, 681.0], [27.34375, 684.0], [28.0625, 687.5], [28.78125, 691.0], [29.203125, 694.0], [29.84375, 697.0], [30.484375, 700.5], [31.125, 704.0], [32.015625, 706.0], [32.71875, 709.5], [33.421875, 717.5], [34.125, 720.5], [34.859375, 720.5], [35.5625, 726.0], [36.28125, 732.5], [36.984375, 737.5], [37.671875, 742.5], [38.375, 748.0], [39.078125, 753.0], [39.78125, 759.0], [40.484375, 763.25], [41.1875, 757.0], [41.890625, 750.0], [42.59375, 744.0], [44.015625, 707.0], [45.421875, 665.5], [46.375, 652.0], [47.140625, 639.5], [47.90625, 625.5], [48.671875, 612.0], [49.234375, 599.5], [49.9375, 590.0], [50.65625, 581.0], [51.359375, 571.0], [52.109375, 560.0], [52.828125, 549.5], [53.546875, 543.0], [54.265625, 536.0], [54.96875, 526.0], [55.671875, 518.0], [56.390625, 511.0], [57.09375, 504.5], [57.8125, 500.5], [58.515625, 493.5], [59.234375, 483.5], [59.9375, 476.0], [60.6875, 471.0], [61.40625, 467.0], [62.125, 462.0], [62.84375, 455.5], [63.53125, 450.0], [64.234375, 445.5], [64.953125, 441.0], [65.65625, 437.5], [66.265625, 434.5], [66.9375, 430.5], [67.625, 425.5], [68.296875, 421.5], [69.09375, 419.5], [69.796875, 417.0], [70.5, 413.5], [71.203125, 410.5], [71.921875, 408.0], [72.625, 404.5], [73.328125, 400.5], [74.03125, 398.0], [74.78125, 394.5], [75.484375, 391.0], [76.203125, 389.5], [76.90625, 388.0], [77.625, 386.0], [78.328125, 384.0], [79.046875, 380.5], [79.75, 378.5], [80.453125, 377.5], [81.15625, 375.0], [81.859375, 374.0], [82.5625, 372.5], [83.171875, 371.0], [83.84375, 369.5], [84.53125, 367.5], [85.203125, 366.0], [85.96875, 364.5], [86.65625, 363.0], [87.359375, 361.0], [88.046875, 360.0], [88.8125, 357.75], [89.515625, 356.75], [90.234375, 357.5], [90.9375, 357.0], [91.640625, 357.0], [92.34375, 355.25], [93.046875, 352.5], [93.75, 352.75], [94.453125, 353.0], [95.15625, 352.5], [95.859375, 354.0], [96.5625, 355.0], [100.25, 15094.5], [101.734375, 1456.5], [102.46875, 1436.5], [103.09375, 1417.0], [103.796875, 1406.0], [104.515625, 1418.0], [105.9375, 3106.5], [113.109375, 2691.0], [113.828125, 2677.5], [114.46875, 2687.0], [123.421875, 1256.0], [124.828125, 1182.5], [126.234375, 1115.5], [126.9375, 1087.5], [127.640625, 1060.5], [128.34375, 1031.0], [129.046875, 1005.5], [129.75, 982.0], [130.453125, 956.0], [131.140625, 932.5], [131.828125, 918.0], [132.53125, 903.5], [133.21875, 884.5], [133.953125, 867.5], [134.65625, 855.0], [135.359375, 845.0], [136.0625, 831.0], [136.953125, 816.0], [137.703125, 804.0], [138.453125, 797.0], [139.203125, 792.0], [139.78125, 782.5], [140.484375, 773.5], [141.890625, 735.0], [142.625, 736.5], [144.046875, 692.5], [144.75, 685.5], [145.46875, 680.0], [146.171875, 669.0], [146.890625, 658.0], [147.59375, 652.0], [148.296875, 643.5], [149.0, 630.0], [149.703125, 621.0], [150.40625, 616.5], [151.125, 614.5], [152.53125, 591.5], [153.234375, 586.5], [153.953125, 578.5], [154.65625, 570.5], [155.359375, 568.0], [156.0625, 564.5], [156.765625, 559.0], [157.46875, 553.5], [158.171875, 547.5], [158.875, 537.5], [159.578125, 532.0], [160.28125, 527.5], [160.984375, 518.5], [161.6875, 517.5], [162.421875, 518.0], [163.125, 510.0], [163.84375, 503.0], [164.546875, 501.0], [165.234375, 497.5], [165.9375, 492.0], [166.640625, 490.5], [167.34375, 488.0], [168.09375, 482.0], [168.796875, 478.5], [169.515625, 475.5], [170.21875, 475.5], [170.90625, 472.0], [171.609375, 469.5], [172.3125, 469.5], [173.015625, 466.5], [173.671875, 464.5], [174.359375, 462.0], [175.046875, 459.0], [175.734375, 456.5], [176.5, 452.0], [177.203125, 447.5], [177.90625, 450.5], [178.609375, 450.0], [179.3125, 445.0], [-179.984375, 444.0], [-179.28125, 444.5], [-178.578125, 444.0], [-177.84375, 439.0], [-177.140625, 434.5], [-176.421875, 435.0], [-175.71875, 437.5], [-175.03125, 435.5], [-174.328125, 433.0], [-173.625, 433.0], [-172.921875, 431.5], [-172.21875, 431.5], [-171.515625, 432.75], [-170.8125, 433.25], [-170.109375, 432.75], [-169.203125, 432.75], [-168.453125, 432.0], [-167.703125, 430.5], [-166.953125, 430.0], [-166.375, 430.0], [-165.671875, 430.5], [-164.96875, 430.5], [-164.265625, 431.5], [-163.53125, 432.0], [-162.828125, 430.5], [-162.109375, 432.0], [-161.40625, 433.0], [-160.671875, 432.0], [-159.96875, 433.5], [-159.25, 434.5], [-158.546875, 435.5], [-157.84375, 437.5], [-157.140625, 439.5], [-156.4375, 441.5], [-155.734375, 442.0], [-154.984375, 445.0], [-154.28125, 446.5], [-153.5625, 447.5], [-152.859375, 448.0], [-152.140625, 450.0], [-151.4375, 454.5], [-150.71875, 456.0], [-150.015625, 458.0], [-149.34375, 459.5], [-148.65625, 460.5], [-147.953125, 463.0], [-147.265625, 469.5], [-146.515625, 472.0], [-145.8125, 471.5], [-145.109375, 473.0], [-144.40625, 474.0], [-143.671875, 479.5], [-142.96875, 483.0], [-142.25, 486.5], [-141.546875, 490.5], [-140.84375, 490.5], [-140.140625, 497.5], [-139.4375, 500.5], [-138.734375, 503.0], [-137.984375, 511.5], [-137.28125, 516.0], [-136.5625, 517.5], [-135.859375, 521.5], [-135.15625, 527.0], [-134.453125, 526.0], [-133.046875, 501.75], [-132.484375, 492.0], [-131.15625, 464.0], [-130.5, 454.0], [-129.671875, 444.0], [-128.96875, 433.5], [-128.265625, 424.5], [-127.5625, 415.5], [-126.859375, 407.0], [-126.15625, 402.0], [-125.453125, 395.0], [-124.75, 387.5], [-124.046875, 380.5], [-123.34375, 373.5], [-122.640625, 368.5], [-121.9375, 364.5], [-121.234375, 359.5], [-120.53125, 353.5], [-119.828125, 348.0], [-119.125, 341.5], [-118.40625, 335.0], [-117.703125, 329.75], [-117.0, 326.25], [-116.296875, 323.0], [-115.625, 318.5], [-114.9375, 315.0], [-114.234375, 311.0], [-113.546875, 307.0], [-112.8125, 303.75], [-112.109375, 299.25], [-111.40625, 295.5], [-110.703125, 294.0], [-109.984375, 291.0], [-109.28125, 287.0], [-108.578125, 285.0], [-107.875, 282.25], [-107.171875, 280.25], [-106.46875, 278.0], [-105.765625, 273.5], [-104.375, 258.0], [-102.984375, 244.5], [-102.296875, 239.5], [-101.5625, 235.0], [-100.15625, 223.5], [-98.75, 214.75], [-97.34375, 206.0], [-96.640625, 203.5], [-95.84375, 201.5], [-95.125, 198.0], [-94.390625, 194.5], [-93.671875, 191.0], [-93.046875, 187.5], [-92.359375, 185.0], [-91.65625, 182.5], [-90.96875, 180.0], [-90.21875, 177.5], [-89.515625, 174.5], [-88.8125, 172.0], [-88.109375, 169.0], [-87.390625, 167.0], [-86.6875, 166.0], [-85.984375, 164.5], [-85.28125, 162.5], [-84.578125, 161.0], [-83.875, 159.5], [-83.171875, 157.5], [-82.46875, 155.5], [-81.75, 155.0], [-81.046875, 154.0], [-80.34375, 151.5], [-79.640625, 150.5], [-78.9375, 149.5], [-78.234375, 148.0], [-77.53125, 146.5], [-76.828125, 146.0], [-76.109375, 145.5], [-75.40625, 143.5], [-74.703125, 142.5], [-74.0, 142.0], [-73.296875, 141.0], [-72.59375, 140.5], [-71.890625, 140.0], [-71.1875, 140.5], [-70.46875, 139.5], [-69.765625, 138.5], [-69.0625, 138.0], [-68.359375, 136.5], 