{"heading": 3.7, "target": 27.94234375850148, "gap_dist": 537.74844162762, "gap_info": [{"width": 279.219555448032, "center_angle": -60.13737161193494, "edge_a": [-60.75, 469.0], "edge_b": [-58.625, 190.0], "depth": 469.0, "passable": true, "chosen": false}, {"width": 537.74844162762, "center_angle": 27.94234375850148, "edge_a": [26.296875, 242.0], "edge_b": [28.453125, 779.5], "depth": 779.5, "passable": true, "chosen": true}, {"width": 356.88332737467346, "center_angle": 43.314574337601265, "edge_a": [30.34375, 795.0], "edge_b": [56.28125, 795.25], "depth": 795.25, "passable": true, "chosen": false}, {"width": 398.15774704578797, "center_angle": 113.86174521449799, "edge_a": [113.4375, 692.5], "edge_b": [114.859375, 294.5], "depth": 692.5, "passable": true, "chosen": false}], "scan": [[-3.890625, 176.5], [-3.1875, 178.0], [-2.46875, 179.5], [-1.765625, 181.5], [-1.03125, 181.0], [-0.328125, 181.0], [0.390625, 182.0], [1.09375, 182.5], [1.796875, 184.0], [2.5, 185.5], [3.203125, 187.0], [3.90625, 187.5], [4.640625, 188.5], [5.34375, 190.5], [6.0625, 191.5], [6.765625, 192.5], [7.484375, 195.0], [8.1875, 196.5], [8.90625, 196.5], [9.609375, 197.5], [10.5, 199.5], [11.25, 201.5], [12.0, 201.5], [12.75, 203.0], [13.375, 205.0], [14.09375, 205.0], [14.8125, 207.0], [15.53125, 209.5], [16.25, 210.5], [16.96875, 212.0], [17.6875, 214.5], [18.40625, 216.5], [19.125, 218.5], [19.84375, 220.5], [20.5625, 222.0], [21.28125, 224.5], [21.984375, 227.5], [22.6875, 231.0], [23.40625, 235.0], [24.109375, 238.0], [24.859375, 240.0], [25.578125, 242.5], [26.296875, 242.0], [28.453125, 779.5], [29.171875, 785.5], [29.890625, 789.5], [30.34375, 795.0], [30.984375, 802.5], [31.640625, 806.5], [32.28125, 812.5], [33.1875, 820.5], [33.890625, 826.5], [34.609375, 833.5], [35.3125, 840.5], [36.03125, 847.0], [36.734375, 854.5], [37.453125, 862.0], [38.15625, 870.0], [38.859375, 878.0], [39.5625, 886.0], [40.265625, 894.5], [40.96875, 903.5], [42.40625, 1017.5], [43.125, 1012.5], [43.828125, 1009.0], [45.234375, 953.25], [45.9375, 952.75], [46.640625, 947.75], [47.640625, 925.75], [48.40625, 909.5], [49.1875, 899.25], [50.546875, 858.0], [51.265625, 859.5], [52.0, 855.0], [52.71875, 840.5], [53.40625, 826.0], [54.109375, 816.0], [54.828125, 812.0], [55.53125, 805.25], [56.28125, 795.25], [57.0, 785.5], [57.71875, 774.5], [58.4375, 770.25], [59.15625, 770.25], [59.875, 763.75], [60.59375, 756.75], [61.3125, 749.0], [62.03125, 744.0], [62.75, 741.5], [63.46875, 738.25], [64.1875, 733.75], [64.796875, 728.5], [65.484375, 724.25], [66.171875, 721.25], [66.859375, 715.5], [67.640625, 710.5], [68.34375, 709.5], [69.0625, 705.75], [69.765625, 700.5], [70.53125, 697.5], [71.25, 696.0], [71.96875, 693.0], [72.6875, 689.75], [73.375, 688.5], [74.078125, 685.75], [74.796875, 682.25], [75.5, 679.0], [76.21875, 675.75], [76.921875, 674.5], [77.640625, 673.5], [78.34375, 673.25], [79.109375, 671.75], [79.828125, 670.5], [80.546875, 670.5], [81.265625, 667.5], [81.859375, 664.5], [82.546875, 663.5], [83.234375, 663.25], [83.921875, 663.0], [84.703125, 662.5], [85.40625, 664.0], [86.125, 663.5], [86.828125, 658.5], [87.53125, 654.5], [88.234375, 653.25], [88.9375, 652.25], [89.640625, 654.5], [90.390625, 657.5], [91.09375, 656.5], [91.8125, 655.5], [92.515625, 657.0], [93.234375, 654.0], [93.9375, 649.75], [94.65625, 650.5], [95.359375, 652.0], [96.078125, 655.5], [96.78125, 658.5], [97.5, 658.0], [98.203125, 657.5], [98.90625, 657.0], [99.609375, 654.0], [100.3125, 658.0], [101.015625, 663.0], [101.96875, 663.0], [102.734375, 664.5], [103.5, 664.0], [104.265625, 663.5], [104.828125, 664.0], [105.53125, 665.5], [106.25, 668.5], [106.953125, 671.5], [107.6875, 676.5], [108.390625, 679.5], [109.109375, 679.5], [109.8125, 681.5], [110.578125, 685.0], [111.296875, 685.5], [112.015625, 689.5], [112.734375, 691.5], [113.4375, 692.5], [114.859375, 294.5], [115.5625, 293.0], [116.296875, 291.0], [117.0, 290.0], [117.71875, 289.0], [118.421875, 288.5], [118.96875, 287.5], [119.625, 286.5], [120.296875, 286.0], [120.953125, 285.5], [121.8125, 284.5], [122.515625, 283.5], [123.234375, 283.0], [123.9375, 283.5], [124.65625, 283.0], [125.359375, 281.5], [126.078125, 280.0], [126.78125, 279.0], [127.5, 278.0], [128.203125, 278.5], [128.921875, 278.5], [129.625, 277.0], [130.3125, 276.5], [131.015625, 277.0], [131.71875, 278.0], [132.421875, 277.5], [133.171875, 277.0], [133.875, 276.5], [134.59375, 277.5], [135.296875, 279.0], [136.21875, 279.0], [136.96875, 279.5], [137.734375, 279.5], [138.484375, 280.0], [139.09375, 281.0], [139.8125, 281.5], [140.53125, 282.5], [141.25, 283.0], [141.984375, 284.0], [142.703125, 284.5], [143.421875, 284.0], [144.140625, 284.5], [144.828125, 286.0], [145.53125, 287.0], [146.25, 288.0], [146.953125, 289.0], [147.703125, 290.0], [148.421875, 291.0], [149.140625, 292.0], [149.859375, 293.0], [150.578125, 294.5], [151.296875, 296.0], [152.015625, 296.5], [152.734375, 297.5], [153.453125, 299.0], [154.171875, 300.5], [154.890625, 303.5], [155.609375, 306.5], [156.25, 310.0], [158.328125, 1460.5], [159.125, 1452.5], [159.84375, 1453.0], [160.5625, 1455.5], [161.28125, 1460.5], [162.0, 1471.5], [162.71875, 1485.0], [163.4375, 1495.0], [164.15625, 1493.5], [164.859375, 1493.0], [165.5625, 1515.0], [166.28125, 1542.0], [168.421875, 1695.0], [169.84375, 1602.0], [170.578125, 1620.5], [171.28125, 1643.0], [175.40625, 15294.0], [176.25, 15275.5], [178.421875, 15215.0], [179.09375, 15198.5], [-178.78125, 10200.0], [-178.0625, 10202.5], [-176.640625, 1540.5], [-175.9375, 1547.5], [-175.21875, 1564.5], [-168.59375, 503.0], [-167.84375, 502.5], [-167.09375, 504.5], [-166.484375, 506.0], [-165.78125, 506.0], [-165.0625, 508.0], [-164.359375, 509.0], [-163.578125, 509.5], [-162.859375, 512.0], [-162.125, 513.0], [-161.40625, 514.0], [-160.71875, 516.5], [-160.015625, 518.0], [-159.296875, 520.5], [-158.59375, 523.0], [-157.828125, 523.5], [-157.109375, 525.0], [-156.390625, 527.5], [-155.671875, 530.0], [-154.953125, 533.5], [-154.234375, 537.0], [-153.515625, 538.5], [-152.796875, 541.0], [-152.09375, 544.5], [-151.390625, 548.0], [-150.671875, 551.0], [-149.96875, 553.5], [-149.234375, 557.0], [-148.53125, 561.0], [-147.8125, 564.0], [-147.109375, 567.0], [-146.375, 571.5], [-145.671875, 577.0], [-144.953125, 581.5], [-144.25, 585.5], [-143.484375, 591.5], [-142.765625, 596.5], [-142.046875, 601.0], [-141.328125, 606.0], [-140.609375, 612.5], [-139.890625, 619.0], [-137.75, 694.0], [-137.046875, 686.5], [-136.328125, 679.0], [-135.625, 672.5], [-134.140625, 640.25], [-132.703125, 614.5], [-132.140625, 604.5], [-131.46875, 598.0], [-130.78125, 594.0], [-130.109375, 584.5], [-129.28125, 572.5], [-128.578125, 561.0], [-127.859375, 563.0], [-126.4375, 538.5], [-125.734375, 530.5], [-125.015625, 528.75], [-124.3125, 524.75], [-123.59375, 514.5], [-122.890625, 509.5], [-122.171875, 511.0], [-120.734375, 495.5], [-120.03125, 496.0], [-119.3125, 490.0], [-118.609375, 479.0], [-117.90625, 477.25], [-117.203125, 475.75], [-116.5, 471.0], [-115.796875, 472.0], [-115.046875, 473.0], [-114.34375, 466.25], [-113.625, 459.75], [-112.921875, 456.0], [-112.21875, 452.25], [-111.515625, 452.0], [-110.8125, 449.0], [-110.109375, 443.0], [-109.359375, 439.25], [-108.65625, 436.75], [-107.9375, 435.75], [-107.234375, 433.75], [-106.53125, 429.5], [-105.828125, 427.0], [-105.125, 425.5], [-104.421875, 424.25], [-103.65625, 422.25], [-102.9375, 421.5], [-102.21875, 421.0], [-101.5, 419.0], [-100.828125, 416.75], [-100.125, 415.25], [-99.421875, 412.0], [-98.71875, 410.5], [-97.90625, 412.0], [-97.1875, 411.5], [-96.453125, 409.5], [-95.734375, 409.0], [-95.0625, 409.5], [-94.359375, 408.5], [-93.640625, 408.5], [-92.9375, 408.5], [-92.21875, 408.0], [-91.515625, 407.5], [-90.796875, 406.75], [-90.09375, 407.25], [-89.34375, 408.0], [-88.625, 408.5], [-87.90625, 409.0], [-87.1875, 408.0], [-86.515625, 405.5], [-85.8125, 404.5], [-85.109375, 407.25], [-84.40625, 408.5], [-83.640625, 407.75], [-82.921875, 