{"heading": 62.2, "target": 94.85632578584517, "gap_dist": 334.296831366833, "gap_info": [{"width": 398.8704607885413, "center_angle": -52.7276411052368, "edge_a": [-90, 194.75], "edge_b": [-39, 497.0], "depth": 497.0, "passable": true, "chosen": false}, {"width": 138.08514925214092, "center_angle": -15.185703554092806, "edge_a": [-16, 439.0], "edge_b": [-14, 301.5], "depth": 439.0, "passable": false, "chosen": false}, {"width": 40.820017765118585, "center_angle": -2.447415654084242, "edge_a": [-3, 242.5], "edge_b": [-2, 299.5], "depth": 299.5, "passable": false, "chosen": false}, {"width": 334.296831366833, "center_angle": 94.85632578584517, "edge_a": [57, 196.5], "edge_b": [109, 493.5], "depth": 493.5, "passable": true, "chosen": true}], "scan": [[-2, 299.5], [-1, 294.0], [0, 287.5], [1, 283.0], [2, 279.5], [3, 273.5], [4, 269.0], [5, 263.5], [6, 260.0], [7, 256.5], [8, 253.0], [9, 250.0], [10, 244.5], [11, 242.5], [12, 240.5], [13, 237.5], [14, 230.5], [15, 229.0], [16, 225.5], [17, 223.5], [18, 221.0], [19, 219.0], [20, 217.5], [21, 213.5], [22, 211.5], [23, 209.0], [24, 207.0], [25, 207.5], [26, 204.5], [27, 204.0], [28, 202.0], [29, 202.0], [30, 200.0], [31, 200.5], [32, 197.5], [33, 197.0], [34, 196.0], [35, 195.0], [36, 196.5], [37, 193.0], [38, 192.0], [39, 193.0], [40, 193.0], [41, 192.5], [42, 190.5], [43, 189.0], [44, 187.5], [45, 185.5], [46, 184.5], [47, 185.0], [48, 187.5], [49, 188.5], [50, 189.5], [51, 191.5], [52, 191.5], [53, 192.5], [54, 193.0], [55, 193.5], [56, 194.0], [57, 196.5], [61, 1016.0], [62, 1010.5], [63, 1002.5], [64, 994.5], [65, 990.5], [66, 984.0], [67, 981.5], [68, 975.0], [69, 974.0], [70, 968.5], [71, 967.0], [72, 964.0], [76, 3355.0], [79, 3354.0], [82, 3359.0], [86, 3506.0], [88, 3238.0], [89, 3249.0], [91, 11137.0], [93, 1128.5], [94, 1119.0], [95, 1105.0], [96, 1099.5], [97, 1087.5], [98, 1080.5], [99, 1076.5], [100, 1069.0], [101, 1064.5], [102, 1060.0], [103, 1050.5], [104, 1044.5], [106, 547.0], [108, 505.5], [109, 493.5], [110, 471.5], [111, 460.0], [112, 450.5], [113, 433.5], [114, 425.0], [115, 410.0], [116, 403.0], [117, 397.5], [118, 382.5], [119, 378.0], [120, 375.0], [121, 379.0], [122, 382.0], [123, 390.75], [124, 396.0], [125, 402.0], [126, 411.0], [127, 415.5], [128, 426.75], [129, 435.5], [130, 441.0], [131, 455.5], [132, 462.0], [133, 476.5], [135, 506.0], [136, 516.5], [137, 529.0], [138, 541.0], [139, 565.0], [141, 615.0], [143, 667.0], [144, 668.0], [145, 656.5], [146, 650.0], [147, 646.5], [148, 642.0], [149, 661.0], [150, 666.0], [151, 664.0], [152, 661.5], [153, 660.0], [154, 662.5], [155, 657.5], [156, 652.0], [157, 641.5], [158, 641.5], [159, 642.75], [160, 645.5], [161, 642.5], [162, 637.0], [163, 633.5], [164, 634.0], [165, 632.0], [166, 629.5], [167, 630.0], [168, 630.5], [169, 630.5], [170, 630.5], [171, 630.5], [172, 630.5], [173, 631.0], [174, 634.5], [175, 635.5], [176, 640.0], [177, 641.0], [178, 641.5], [179, 647.0], [180, 649.0], [-180, 650.5], [-179, 656.0], [-178, 657.5], [-177, 662.5], [-176, 663.5], [-175, 666.0], [-174, 668.5], [-173, 672.5], [-172, 679.5], [-171, 685.5], [-170, 689.0], [-169, 696.5], [-168, 700.5], [-167, 707.0], [-166, 705.5], [-165, 703.5], [-164, 703.5], [-163, 718.0], [-162, 733.0], [-161, 746.0], [-160, 752.5], [-159, 742.5], [-158, 756.0], [-157, 767.5], [-155, 317.5], [-154, 306.5], [-153, 301.5], [-152, 296.5], [-151, 285.5], [-150, 282.0], [-149, 276.0], [-148, 270.5], [-147, 263.0], [-146, 260.0], [-145, 257.5], [-144, 251.5], [-143, 249.5], [-142, 242.0], [-141, 239.0], [-140, 236.5], [-139, 230.0], [-138, 227.0], [-137, 225.5], [-136, 221.0], [-135, 219.0], [-134, 217.5], [-133, 215.0], [-132, 210.0], [-131, 209.0], [-130, 206.5], [-129, 203.0], [-128, 202.0], [-127, 201.5], [-126, 199.5], [-125, 197.5], [-124, 196.0], [-123, 194.5], [-122, 192.0], [-121, 190.5], [-120, 189.0], [-119, 187.0], [-118, 186.5], [-117, 184.0], [-116, 184.5], [-115, 183.0], [-114, 183.5], [-113, 182.75], [-112, 181.0], [-111, 180.5], [-110, 177.75], [-109, 178.0], [-108, 177.5], [-107, 176.75], [-106, 177.0], [-105, 177.0], [-104, 176.0], [-103, 175.0], [-102, 176.0], [-101, 175.0], [-100, 176.0], [-99, 177.0], [-98, 179.5], [-97, 181.0], [-96, 180.5], [-95, 181.0], [-94, 181.5], [-93, 183.0], [-91, 190.5], [-90, 194.75], [-79, 1140.0], [-78, 1108.0], [-77, 1050.5], [-76, 1027.5], [-75, 982.0], [-74, 958.5], [-73, 931.5], [-72, 889.5], [-71, 873.5], [-70, 840.0], [-69, 822.5], [-68, 808.5], [-67, 784.0], [-66, 770.0], [-65, 741.5], [-64, 730.5], [-63, 717.5], [-62, 697.0], [-61, 689.0], [-60, 676.5], [-59, 670.0], [-58, 666.5], [-57, 657.5], [-56, 652.5], [-54, 621.0], [-53, 613.0], [-51, 583.5], [-50, 574.0], [-49, 570.5], [-48, 563.0], [-47, 557.0], [-46, 551.5], [-45, 546.0], [-44, 524.5], [-43, 522.5], [-41, 504.0], [-40, 501.5], [-39, 497.0], [-38, 496.0], [-37, 484.5], [-36, 481.5], [-35, 486.0], [-34, 477.5], [-33, 472.0], [-32, 470.0], [-31, 468.0], [-30, 465.0], [-29, 462.5], [-28, 461.0], [-27, 455.0], [-26, 454.0], [-25, 451.5], [-24, 448.0], [-23, 447.5], [-22, 441.5], [-21, 440.5], [-20, 444.5], [-19, 439.5], [-18, 438.0], [-17, 440.0], [-16, 439.0], [-14, 301.5], [-13, 295.5], [-12, 286.5], [-11, 281.0], [-10, 277.5], [-9, 270.0], [-8, 266.0], [-7, 259.5], [-6, 256.0], [-5, 250.0], [-4, 246.0], [-3, 242.5]]}