{"heading": 11.0, "target": -6.1432902867539365, "gap_dist": 386.8986345613931, "gap_info": [{"width": 491.16081762120984, "center_angle": -110.88624843657927, "edge_a": [-135, 548.0], "edge_b": [-74, 373.0], "depth": 548.0, "passable": true, "chosen": false}, {"width": 102.64949990747152, "center_angle": -71.44878315309238, "edge_a": [-74, 373.0], "edge_b": [-68, 276.0], "depth": 373.0, "passable": false, "chosen": false}, {"width": 386.8986345613931, "center_angle": -6.1432902867539365, "edge_a": [-19, 328.0], "edge_b": [0, 682.0], "depth": 682.0, "passable": true, "chosen": true}, {"width": 331.94585058457596, "center_angle": 28.741121469800564, "edge_a": [20, 791.5], "edge_b": [41, 566.5], "depth": 791.5, "passable": true, "chosen": false}], "scan": [[-2, 1125.5], [0, 682.0], [1, 684.5], [2, 689.5], [3, 692.5], [4, 700.0], [5, 703.0], [6, 706.0], [7, 713.5], [8, 718.5], [9, 727.5], [10, 732.0], [11, 739.0], [12, 743.0], [13, 746.5], [14, 753.0], [15, 758.5], [16, 767.5], [17, 772.0], [18, 776.5], [19, 786.0], [20, 791.5], [21, 809.0], [28, 1177.0], [34, 817.0], [41, 566.5], [43, 513.0], [44, 506.5], [46, 457.0], [47, 448.0], [48, 438.5], [49, 430.5], [50, 414.5], [51, 408.5], [52, 397.0], [53, 392.0], [54, 380.0], [55, 373.5], [56, 369.0], [57, 362.0], [58, 356.5], [59, 347.0], [60, 343.0], [61, 333.5], [62, 331.0], [63, 327.5], [64, 320.0], [65, 317.0], [66, 311.0], [67, 308.5], [68, 302.5], [69, 300.0], [70, 296.5], [71, 293.0], [72, 291.0], [73, 286.0], [74, 284.0], [75, 280.5], [76, 277.0], [77, 275.5], [78, 274.5], [79, 271.5], [80, 269.5], [81, 267.5], [82, 266.0], [83, 264.5], [84, 262.0], [85, 263.5], [86, 264.0], [87, 263.5], [88, 268.5], [89, 267.0], [90, 266.0], [91, 261.5], [92, 259.0], [93, 257.0], [94, 256.0], [95, 256.0], [96, 256.5], [97, 254.5], [98, 254.5], [99, 253.5], [100, 254.0], [101, 253.5], [102, 253.0], [103, 252.5], [104, 252.5], [105, 253.0], [106, 253.0], [107, 253.5], [108, 253.5], [109, 253.0], [110, 254.5], [111, 255.0], [112, 253.0], [113, 253.5], [114, 254.5], [115, 256.0], [116, 253.75], [117, 254.75], [118, 256.5], [119, 256.0], [120, 257.25], [121, 260.25], [122, 264.5], [123, 264.5], [124, 265.25], [125, 267.5], [126, 272.75], [127, 274.0], [128, 277.75], [129, 277.75], [130, 282.0], [131, 283.0], [132, 285.0], [133, 288.5], [134, 290.0], [135, 294.5], [136, 297.0], [137, 301.5], [138, 303.5], [139, 306.0], [140, 314.0], [141, 316.5], [142, 322.0], [143, 325.0], [144, 327.5], [145, 336.0], [146, 339.0], [147, 344.0], [148, 347.0], [149, 356.5], [150, 361.0], [151, 365.5], [152, 375.5], [153, 379.0], [154, 388.0], [155, 393.0], [156, 406.0], [157, 411.5], [158, 424.0], [159, 431.0], [160, 439.5], [161, 457.0], [162, 465.5], [163, 483.5], [165, 521.0], [166, 526.5], [167, 554.0], [169, 589.5], [170, 617.5], [172, 678.0], [174, 715.5], [175, 719.5], [176, 755.5], [177, 775.0], [-172, 2746.5], [-171, 2669.0], [-170, 2665.5], [-168, 490.5], [-167, 489.0], [-166, 488.0], [-165, 488.0], [-164, 486.0], [-163, 485.0], [-162, 486.0], [-161, 486.0], [-160, 485.5], [-159, 486.5], [-158, 489.0], [-157, 488.5], [-156, 488.5], [-155, 491.5], [-154, 492.5], [-153, 493.0], [-152, 494.0], [-151, 497.5], [-150, 497.5], [-149, 501.0], [-148, 501.5], [-147, 503.0], [-146, 506.5], [-145, 508.5], [-144, 511.5], [-143, 514.5], [-142, 519.0], [-141, 521.5], [-140, 525.0], [-139, 529.0], [-138, 532.5], [-137, 537.5], [-136, 542.0], [-135, 548.0], [-133, 1679.5], [-132, 1613.0], [-131, 1580.5], [-130, 1550.5], [-129, 1495.0], [-128, 1470.5], [-127, 1424.5], [-126, 1403.0], [-125, 1359.5], [-124, 1338.5], [-123, 1302.5], [-122, 1285.5], [-121, 1266.5], [-120, 1232.5], [-119, 1218.0], [-118, 1188.5], [-117, 1175.0], [-116, 1149.0], [-115, 1136.0], [-114, 1112.5], [-113, 1099.5], [-112, 1087.5], [-111, 1067.0], [-110, 1056.5], [-109, 1040.0], [-108, 1029.5], [-107, 1013.0], [-106, 1004.5], [-105, 986.5], [-104, 978.5], [-103, 968.0], [-102, 959.0], [-101, 953.0], [-100, 940.0], [-99, 932.5], [-98, 923.5], [-97, 918.5], [-96, 909.0], [-95, 902.5], [-94, 897.5], [-93, 890.5], [-92, 885.5], [-91, 880.0], [-90, 877.5], [-89, 872.0], [-88, 870.0], [-87, 869.0], [-86, 862.25], [-85, 861.0], [-84, 856.5], [-83, 853.5], [-82, 849.5], [-81, 848.0], [-80, 846.0], [-79, 843.5], [-78, 841.5], [-77, 842.0], [-74, 373.0], [-68, 276.0], [-67, 271.5], [-65, 252.0], [-63, 235.0], [-62, 225.0], [-61, 220.5], [-60, 216.0], [-59, 207.0], [-57, 196.0], [-55, 184.0], [-54, 182.0], [-53, 178.5], [-52, 172.0], [-51, 169.0], [-50, 165.0], [-49, 162.0], [-48, 159.0], [-47, 157.5], [-46, 153.0], [-45, 152.0], [-44, 153.0], [-43, 153.5], [-42, 155.5], [-41, 157.0], [-40, 159.5], [-39, 161.5], [-38, 165.0], [-37, 168.0], [-35, 176.0], [-34, 179.0], [-33, 187.0], [-31, 201.5], [-29, 216.0], [-27, 236.0], [-26, 242.0], [-25, 248.5], [-24, 261.5], [-22, 288.5], [-19, 328.0], [-17, 1429.5], [-16, 1456.5], [-15, 1508.5], [-14, 1537.5], [-13, 1598.0], [-12, 1632.0], [-11, 1665.5], [-10, 1740.0], [-8, 1043.0], [-7, 1033.0], [-6, 1029.0], [-5, 1022.5], [-4, 1018.0]]}