{"heading": -47.2, "target": -122.2665498749971, "gap_dist": 310.08405688063084, "gap_info": [{"width": 310.08405688063084, "center_angle": -122.2665498749971, "edge_a": [-137, 504.0], "edge_b": [-87, 222.0], "depth": 504.0, "passable": true, "chosen": true}, {"width": 132.26917302226192, "center_angle": -32.467975896940416, "edge_a": [-39, 234.5], "edge_b": [-29, 441.0], "depth": 441.0, "passable": false, "chosen": false}], "scan": [[-4, 246.0], [-3, 276.0], [-2, 271.0], [-1, 259.0], [0, 256.5], [1, 253.0], [2, 249.5], [3, 248.0], [4, 245.5], [5, 243.0], [6, 234.5], [8, 238.0], [9, 231.0], [10, 231.0], [11, 228.0], [12, 224.5], [13, 223.0], [14, 218.5], [15, 214.0], [17, 214.5], [18, 212.5], [19, 208.0], [20, 207.0], [21, 207.0], [22, 205.0], [23, 204.5], [24, 203.5], [25, 203.0], [26, 201.0], [27, 199.5], [28, 198.5], [29, 198.0], [30, 198.5], [31, 197.5], [32, 195.0], [33, 194.0], [34, 196.5], [35, 196.5], [36, 196.0], [37, 195.5], [38, 195.5], [39, 196.0], [40, 196.5], [41, 196.0], [42, 195.5], [43, 195.5], [44, 198.0], [45, 199.0], [46, 200.0], [47, 200.5], [48, 203.5], [49, 202.5], [50, 205.0], [51, 206.5], [52, 210.5], [53, 209.5], [54, 209.0], [55, 209.5], [56, 212.5], [57, 219.0], [58, 218.5], [59, 222.0], [60, 221.5], [61, 224.0], [62, 227.5], [63, 230.0], [64, 232.5], [65, 232.0], [66, 237.5], [67, 238.0], [68, 238.5], [69, 246.0], [70, 248.5], [71, 249.0], [72, 251.0], [73, 255.5], [74, 262.5], [75, 264.5], [76, 274.5], [77, 274.5], [79, 286.5], [80, 290.0], [81, 293.5], [82, 296.5], [84, 316.0], [85, 319.5], [86, 327.0], [87, 328.5], [88, 342.0], [89, 350.0], [90, 353.0], [91, 359.5], [92, 368.5], [93, 378.0], [94, 384.0], [97, 426.0], [99, 457.0], [100, 473.5], [101, 477.5], [102, 482.5], [106, 596.0], [108, 660.5], [110, 734.5], [111, 754.0], [122, 1619.5], [124, 2083.0], [125, 2077.0], [126, 2061.5], [127, 2087.75], [128, 2088.75], [130, 846.5], [131, 840.0], [132, 835.5], [133, 825.0], [134, 843.5], [140, 9970.5], [141, 9861.5], [145, 10229.5], [147, 10345.5], [152, 1116.5], [153, 1066.0], [154, 1039.0], [155, 1024.5], [156, 1023.5], [157, 1035.5], [161, 11218.0], [167, 5316.0], [171, 3547.0], [176, 3741.0], [179, 2968.0], [-180, 2965.0], [-175, 1015.5], [-174, 1011.0], [-173, 984.0], [-172, 975.0], [-171, 966.0], [-170, 951.5], [-169, 945.0], [-168, 934.0], [-167, 926.5], [-165, 460.75], [-164, 455.75], [-163, 449.5], [-162, 446.5], [-161, 442.0], [-160, 435.5], [-159, 432.5], [-158, 425.5], [-157, 422.5], [-156, 420.5], [-155, 415.5], [-154, 413.0], [-153, 409.0], [-152, 408.0], [-151, 407.0], [-150, 404.0], [-149, 401.0], [-148, 398.5], [-147, 396.0], [-146, 395.0], [-145, 393.5], [-144, 390.5], [-143, 388.5], [-142, 388.0], [-141, 387.5], [-140, 388.0], [-137, 504.0], [-135, 896.5], [-134, 889.0], [-133, 897.0], [-132, 897.5], [-131, 898.5], [-130, 910.5], [-129, 913.0], [-128, 917.0], [-127, 918.5], [-126, 924.0], [-125, 937.5], [-124, 942.5], [-123, 945.0], [-122, 950.5], [-121, 960.5], [-120, 963.5], [-119, 970.5], [-118, 981.5], [-117, 989.0], [-116, 999.0], [-115, 1008.5], [-114, 1013.5], [-113, 1019.5], [-112, 1031.5], [-111, 1041.0], [-110, 1045.0], [-109, 1070.5], [-108, 1080.5], [-107, 1089.0], [-106, 1108.5], [-105, 1114.0], [-104, 1140.0], [-103, 1151.5], [-102, 1162.5], [-101, 1187.0], [-100, 1203.5], [-99, 1233.0], [-98, 1248.5], [-97, 1282.0], [-96, 1300.0], [-95, 1328.0], [-94, 1387.0], [-93, 1411.5], [-87, 222.0], [-86, 216.0], [-84, 194.0], [-83, 183.5], [-81, 172.5], [-80, 165.0], [-77, 147.5], [-76, 145.0], [-75, 141.5], [-74, 138.0], [-73, 133.5], [-72, 132.5], [-71, 130.0], [-70, 127.5], [-69, 126.5], [-68, 125.5], [-67, 125.5], [-66, 124.5], [-65, 125.0], [-64, 126.0], [-63, 127.0], [-62, 129.0], [-61, 128.5], [-60, 131.0], [-59, 131.5], [-58, 135.0], [-57, 135.5], [-56, 137.5], [-55, 143.75], [-54, 145.5], [-53, 147.5], [-52, 150.0], [-50, 158.0], [-49, 161.0], [-48, 167.5], [-47, 170.0], [-45, 184.5], [-43, 200.75], [-40, 227.5], [-39, 234.5], [-29, 441.0], [-28, 437.5], [-26, 411.5], [-25, 392.0], [-24, 385.5], [-23, 381.5], [-22, 379.5], [-19, 345.5], [-17, 325.5], [-15, 309.5], [-13, 294.0], [-12, 292.0], [-11, 289.0], [-9, 275.0], [-8, 266.5], [-7, 264.5], [-5, 248.5]]}