{"heading": -33.0, "target": 40.4728294871345, "gap_dist": 357.90226211318634, "gap_info": [{"width": 16.606620018570784, "center_angle": -56.4692847371525, "edge_a": [-59, 181.0], "edge_b": [-54, 185.5], "depth": 185.5, "passable": false, "chosen": false}, {"width": 61.137174795833836, "center_angle": -2.4355163607152766, "edge_a": [-3, 206.0], "edge_b": [-2, 267.0], "depth": 267.0, "passable": false, "chosen": false}, {"width": 357.90226211318634, "center_angle": 40.4728294871345, "edge_a": [7, 318.0], "edge_b": [65, 422.5], "depth": 422.5, "passable": true, "chosen": true}], "scan": [[-2, 267.0], [-1, 270.0], [0, 274.0], [1, 277.5], [2, 284.5], [3, 288.5], [4, 292.0], [5, 303.5], [6, 308.0], [7, 318.0], [9, 855.0], [10, 855.0], [11, 852.0], [13, 830.0], [14, 800.5], [15, 783.5], [16, 774.0], [17, 762.0], [18, 755.0], [19, 746.5], [20, 740.5], [21, 736.0], [22, 726.0], [23, 723.0], [24, 717.5], [25, 710.5], [26, 707.5], [27, 698.75], [28, 696.25], [29, 696.0], [30, 692.75], [31, 686.5], [32, 684.5], [33, 681.5], [34, 677.5], [35, 676.5], [36, 671.0], [37, 669.0], [38, 668.0], [39, 667.0], [40, 681.5], [41, 685.5], [42, 687.0], [43, 686.0], [44, 688.0], [45, 690.0], [46, 691.5], [47, 693.5], [48, 688.5], [49, 688.5], [50, 687.5], [51, 696.5], [52, 698.5], [53, 696.5], [54, 693.5], [55, 701.5], [56, 706.0], [57, 689.0], [58, 678.0], [59, 674.0], [62, 515.0], [65, 422.5], [66, 411.0], [68, 390.5], [69, 392.0], [70, 391.5], [72, 379.5], [74, 348.0], [75, 330.5], [76, 323.5], [77, 307.5], [78, 301.5], [79, 295.5], [80, 282.0], [81, 276.0], [82, 266.0], [83, 263.0], [84, 255.0], [86, 242.0], [87, 238.0], [88, 234.5], [89, 227.5], [90, 225.0], [91, 222.0], [92, 214.5], [93, 211.5], [94, 206.5], [95, 202.0], [96, 199.0], [97, 197.0], [98, 195.0], [99, 191.5], [100, 189.0], [101, 186.5], [102, 182.5], [103, 182.0], [104, 179.0], [105, 177.0], [106, 175.5], [107, 172.0], [108, 171.5], [109, 170.5], [110, 169.5], [111, 168.0], [112, 167.0], [113, 165.5], [114, 164.5], [115, 162.0], [116, 161.0], [117, 160.5], [118, 166.5], [132, 3127.5], [133, 3108.0], [134, 3112.5], [138, 3685.0], [139, 3560.0], [140, 3537.0], [142, 2411.0], [143, 2417.5], [144, 2419.0], [147, 2049.5], [148, 2039.5], [150, 2713.0], [151, 2727.0], [161, 1161.5], [164, 996.5], [165, 970.0], [167, 895.0], [168, 873.5], [169, 832.5], [170, 815.5], [171, 801.5], [172, 775.5], [173, 765.0], [174, 741.0], [175, 735.0], [178, 680.0], [179, 666.5], [-179, 637.0], [-178, 626.0], [-177, 611.0], [-176, 590.5], [-175, 584.5], [-174, 570.5], [-173, 568.5], [-172, 562.0], [-170, 531.0], [-169, 529.0], [-168, 514.5], [-167, 513.5], [-165, 488.5], [-164, 483.0], [-163, 479.0], [-162, 474.0], [-161, 466.5], [-160, 466.5], [-159, 457.5], [-158, 452.5], [-157, 450.0], [-156, 439.5], [-155, 437.5], [-154, 438.0], [-153, 433.5], [-152, 427.0], [-151, 424.0], [-150, 418.5], [-149, 417.5], [-148, 414.0], [-147, 412.0], [-146, 408.5], [-145, 407.5], [-144, 401.5], [-143, 399.5], [-142, 397.0], [-141, 394.0], [-140, 393.0], [-139, 391.0], [-138, 390.0], [-137, 388.5], [-136, 387.5], [-135, 384.5], [-134, 385.0], [-133, 385.0], [-132, 384.5], [-131, 384.0], [-130, 383.5], [-129, 383.0], [-128, 383.5], [-127, 384.5], [-126, 385.0], [-125, 384.0], [-124, 385.0], [-123, 386.0], [-122, 384.5], [-121, 385.0], [-120, 386.5], [-119, 387.5], [-118, 389.0], [-117, 389.25], [-116, 391.25], [-115, 396.0], [-114, 398.0], [-113, 400.0], [-112, 400.0], [-111, 405.5], [-110, 407.0], [-109, 406.0], [-108, 412.5], [-107, 414.0], [-105, 396.0], [-103, 364.5], [-102, 347.5], [-101, 341.0], [-100, 329.5], [-99, 322.5], [-98, 315.0], [-97, 302.5], [-96, 296.5], [-95, 290.5], [-94, 278.5], [-93, 275.5], [-92, 267.5], [-91, 262.5], [-90, 256.0], [-89, 252.0], [-88, 248.5], [-87, 242.0], [-86, 238.0], [-85, 231.25], [-84, 228.25], [-83, 226.25], [-82, 221.5], [-81, 217.5], [-80, 212.0], [-79, 210.0], [-78, 207.5], [-77, 201.5], [-76, 201.5], [-75, 197.5], [-74, 196.5], [-73, 192.5], [-72, 192.0], [-71, 191.0], [-70, 185.5], [-69, 184.0], [-68, 182.5], [-67, 180.5], [-66, 179.0], [-65, 178.0], [-64, 177.0], [-63, 174.0], [-62, 172.5], [-61, 171.5], [-60, 173.5], [-59, 181.0], [-54, 185.5], [-53, 184.0], [-52, 184.5], [-51, 182.0], [-50, 181.0], [-49, 180.5], [-48, 179.0], [-47, 178.5], [-46, 178.5], [-45, 178.0], [-44, 178.0], [-43, 177.5], [-42, 177.5], [-41, 175.5], [-40, 174.5], [-39, 174.0], [-38, 172.0], [-37, 171.0], [-36, 171.0], [-35, 170.5], [-34, 171.0], [-33, 172.0], [-32, 172.5], [-31, 174.0], [-30, 174.0], [-29, 174.0], [-28, 176.5], [-27, 175.5], [-26, 175.0], [-25, 177.5], [-24, 177.5], [-23, 179.0], [-22, 180.0], [-21, 180.0], [-20, 181.0], [-19, 182.5], [-18, 183.0], [-17, 183.5], [-16, 186.0], [-15, 187.0], [-14, 187.5], [-13, 190.0], [-12, 192.0], [-11, 193.5], [-10, 194.5], [-9, 194.5], [-8, 199.0], [-7, 199.5], [-6, 202.0], [-5, 202.5], [-4, 205.5], [-3, 206.0]]}