{"heading": 42.5, "target": 80.7567333261366, "gap_dist": 301.32196746285723, "gap_info": [{"width": 41.10792421232341, "center_angle": -15.571162467213881, "edge_a": [-17, 397.5], "edge_b": [-14, 361.5], "depth": 397.5, "passable": false, "chosen": false}, {"width": 301.32196746285723, "center_angle": 80.7567333261366, "edge_a": [33, 203.0], "edge_b": [103, 397.0], "depth": 397.0, "passable": true, "chosen": true}], "scan": [[-2, 286.5], [-1, 282.5], [0, 274.5], [1, 269.5], [2, 266.0], [3, 260.0], [4, 256.0], [5, 250.5], [6, 248.0], [7, 245.0], [8, 240.0], [9, 237.0], [10, 234.0], [11, 227.5], [12, 225.0], [13, 222.0], [14, 220.5], [15, 219.5], [16, 215.0], [17, 213.5], [18, 209.0], [19, 207.5], [20, 206.5], [21, 204.0], [22, 203.0], [23, 200.0], [24, 199.0], [25, 198.0], [26, 196.0], [27, 195.5], [28, 193.0], [29, 189.5], [30, 188.5], [31, 192.5], [32, 194.5], [33, 203.0], [42, 1404.5], [43, 1398.5], [44, 1381.5], [45, 1383.0], [46, 1406.0], [47, 1447.5], [49, 3904.0], [51, 2659.0], [52, 2674.5], [53, 2679.5], [54, 2671.5], [55, 2671.5], [56, 2691.0], [57, 2705.0], [61, 865.0], [62, 867.0], [63, 873.0], [64, 874.0], [65, 876.0], [66, 883.0], [67, 887.0], [68, 894.0], [69, 899.0], [70, 902.5], [71, 909.5], [72, 914.0], [73, 923.5], [74, 926.5], [75, 937.0], [76, 941.0], [77, 948.5], [78, 962.5], [80, 1303.0], [81, 1279.5], [82, 1234.0], [83, 1216.0], [84, 1176.0], [85, 1158.0], [86, 1123.5], [87, 1108.0], [88, 1093.0], [89, 1079.0], [90, 1084.0], [91, 1075.0], [92, 1065.0], [93, 1024.5], [94, 1009.0], [95, 1004.0], [96, 981.0], [97, 972.0], [98, 951.5], [99, 936.5], [100, 930.0], [101, 912.5], [103, 397.0], [105, 362.0], [107, 332.5], [108, 324.5], [109, 311.5], [110, 304.5], [111, 292.5], [112, 287.0], [113, 280.5], [114, 271.0], [115, 266.0], [116, 258.0], [117, 253.0], [118, 249.0], [119, 241.5], [120, 235.0], [121, 231.0], [122, 226.25], [123, 225.5], [124, 226.25], [125, 227.25], [126, 230.75], [127, 234.5], [128, 239.5], [129, 244.75], [130, 248.75], [131, 257.0], [132, 260.5], [133, 268.25], [134, 273.25], [135, 276.5], [136, 289.0], [137, 293.5], [138, 298.0], [139, 311.5], [140, 317.0], [141, 331.0], [142, 337.0], [143, 344.5], [144, 362.0], [145, 372.0], [146, 393.0], [147, 402.5], [149, 440.0], [152, 751.5], [153, 750.5], [154, 756.5], [155, 758.5], [156, 764.5], [157, 768.5], [158, 769.0], [159, 770.0], [160, 773.0], [161, 782.5], [162, 787.0], [163, 792.0], [164, 797.5], [165, 802.0], [166, 810.0], [167, 814.5], [168, 824.5], [169, 830.0], [170, 836.0], [171, 848.5], [172, 854.5], [173, 867.0], [174, 874.5], [175, 881.5], [176, 898.0], [178, 931.0], [179, 918.5], [180, 912.0], [-180, 910.0], [-179, 911.0], [-178, 916.0], [-177, 931.5], [-173, 4453.0], [-169, 5313.5], [-168, 5315.5], [-158, 1681.0], [-157, 1669.0], [-156, 1665.5], [-155, 1665.5], [-154, 1675.0], [-151, 1669.5], [-150, 1681.5], [-149, 1693.5], [-148, 1690.0], [-147, 1707.0], [-141, 14635.5], [-139, 1825.5], [-137, 1298.0], [-135, 1089.0], [-134, 1077.0], [-133, 1060.0], [-132, 1056.0], [-131, 1053.0], [-130, 1062.5], [-129, 1067.5], [-128, 1075.0], [-127, 1107.0], [-120, 2027.5], [-119, 2038.5], [-110, 972.5], [-108, 887.0], [-106, 815.5], [-105, 798.5], [-104, 763.5], [-103, 748.5], [-102, 733.0], [-101, 704.5], [-100, 698.0], [-99, 687.5], [-98, 671.5], [-97, 661.5], [-95, 626.5], [-93, 589.0], [-92, 582.0], [-91, 557.5], [-90, 544.0], [-88, 534.0], [-86, 500.0], [-85, 495.5], [-84, 483.5], [-83, 482.0], [-82, 472.5], [-81, 466.0], [-80, 459.5], [-79, 447.0], [-78, 443.5], [-77, 440.5], [-76, 434.5], [-75, 432.5], [-74, 424.0], [-73, 419.5], [-72, 413.5], [-71, 409.0], [-70, 407.5], [-69, 401.5], [-68, 398.5], [-67, 397.0], [-66, 393.0], [-65, 388.0], [-64, 383.5], [-63, 379.5], [-62, 378.0], [-61, 376.0], [-60, 373.0], [-59, 369.0], [-58, 366.0], [-57, 363.5], [-56, 361.0], [-55, 362.0], [-54, 359.0], [-53, 358.0], [-52, 355.0], [-51, 354.5], [-50, 353.0], [-49, 351.5], [-48, 352.5], [-47, 352.5], [-46, 352.0], [-45, 350.5], [-44, 350.0], [-43, 350.5], [-42, 350.0], [-41, 350.0], [-40, 349.0], [-39, 351.5], [-38, 352.0], [-37, 352.0], [-36, 352.5], [-35, 352.0], [-34, 355.0], [-33, 355.0], [-32, 356.5], [-31, 359.0], [-30, 359.5], [-29, 363.0], [-28, 364.0], [-27, 365.5], [-26, 371.5], [-25, 370.0], [-24, 377.5], [-23, 377.5], [-22, 380.0], [-21, 383.5], [-20, 386.5], [-19, 389.0], [-18, 394.5], [-17, 397.5], [-14, 361.5], [-12, 337.5], [-11, 330.5], [-10, 317.5], [-9, 312.0], [-8, 306.0], [-7, 296.5], [-6, 291.5], [-5, 280.0], [-4, 275.0]]}