{"heading": -28.6, "target": 11.997535970401044, "gap_dist": 550.1390243379516, "gap_info": [{"width": 537.7511281307042, "center_angle": -76.72729060571507, "edge_a": [-78.25, 798.0], "edge_b": [-72.09375, 262.5], "depth": 798.0, "passable": true, "chosen": false}, {"width": 550.1390243379516, "center_angle": 11.997535970401044, "edge_a": [3.078125, 251.5], "edge_b": [14.8125, 794.0], "depth": 794.0, "passable": true, "chosen": true}], "scan": [[-1.640625, 238.0], [-0.96875, 238.0], [-0.296875, 240.0], [0.375, 242.0], [1.0625, 244.0], [1.734375, 243.0], [3.078125, 251.5], [4.453125, 995.0], [6.484375, 929.0], [7.15625, 917.5], [7.828125, 906.0], [8.5, 892.0], [9.1875, 880.5], [9.859375, 868.5], [10.53125, 857.5], [11.203125, 848.0], [12.078125, 836.5], [12.796875, 824.5], [13.515625, 813.0], [14.234375, 804.0], [14.8125, 794.0], [15.484375, 783.5], [16.171875, 773.5], [16.84375, 762.5], [17.53125, 753.5], [18.203125, 746.5], [18.890625, 738.0], [19.5625, 730.5], [20.265625, 724.5], [20.9375, 717.5], [21.625, 709.5], [22.296875, 706.0], [23.0, 704.0], [23.671875, 700.0], [24.359375, 696.0], [25.71875, 712.75], [26.390625, 705.5], [27.078125, 695.5], [27.75, 682.5], [28.25, 666.5], [28.875, 654.5], [29.515625, 654.5], [30.140625, 665.5], [30.90625, 672.0], [31.5625, 661.0], [32.234375, 646.5], [32.890625, 634.0], [33.59375, 629.5], [34.265625, 634.0], [34.9375, 632.0], [35.609375, 620.0], [36.3125, 609.0], [36.984375, 605.0], [37.671875, 602.0], [38.34375, 598.0], [39.0, 593.5], [39.671875, 590.0], [40.34375, 589.0], [41.015625, 588.0], [41.703125, 584.0], [42.375, 582.0], [43.046875, 580.0], [43.71875, 576.0], [44.390625, 574.0], [45.0625, 571.0], [45.734375, 569.0], [46.40625, 568.5], [47.375, 567.0], [48.109375, 566.0], [48.859375, 564.5], [49.59375, 562.0], [50.09375, 559.5], [50.765625, 557.5], [51.453125, 557.5], [52.125, 555.5], [52.828125, 554.0], [53.5, 554.5], [54.1875, 555.0], [54.859375, 555.0], [55.5625, 551.5], [56.234375, 549.0], [56.921875, 550.0], [57.59375, 550.0], [58.3125, 547.5], [59.0, 546.0], [59.6875, 547.5], [60.375, 547.5], [61.046875, 546.5], [61.71875, 547.5], [62.40625, 547.5], [63.078125, 547.0], [63.765625, 547.5], [64.4375, 547.0], [65.125, 548.0], [65.796875, 549.5], [66.390625, 549.0], [67.046875, 548.5], [67.703125, 550.25], [68.359375, 554.0], [69.109375, 556.0], [69.78125, 559.0], [70.46875, 561.5], [71.140625, 561.5], [71.84375, 562.5], [72.515625, 563.5], [73.203125, 565.0], [73.875, 568.0], [74.5625, 570.0], [75.234375, 571.5], [75.921875, 572.75], [76.59375, 573.5], [77.28125, 576.25], [77.953125, 579.75], [78.640625, 581.5], [79.3125, 583.5], [80.0, 586.25], [80.671875, 589.5], [81.359375, 591.5], [82.03125, 593.5], [82.703125, 597.5], [83.375, 598.5], [84.046875, 599.5], [84.71875, 604.5], [85.390625, 607.5], [86.0625, 611.0], [86.734375, 615.0], [87.40625, 619.0], [88.09375, 623.0], [88.765625, 625.5], [89.4375, 630.5], [90.109375, 636.5], [90.8125, 641.0], [91.484375, 644.0], [92.171875, 648.5], [92.84375, 652.5], [93.515625, 656.5], [94.1875, 664.0], [94.859375, 671.0], [95.53125, 678.0], [96.921875, 2381.5], [97.609375, 2382.5], [98.28125, 2379.0], [99.625, 2740.0], [100.296875, 2747.0], [102.546875, 4203.5], [105.234375, 3114.0], [105.921875, 3119.5], [107.96875, 2928.5], [110.03125, 4284.0], [112.75, 3183.5], [120.046875, 4340.5], [120.8125, 4328.5], [125.515625, 2867.5], [126.21875, 2847.0], [126.890625, 2837.0], [127.578125, 2846.5], [128.921875, 2708.5], [129.59375, 2698.0], [130.265625, 2713.5], [130.9375, 2698.0], [131.640625, 2669.0], [132.3125, 2686.5], [138.671875, 14560.5], [139.390625, 14529.0], [139.984375, 14486.0], [140.671875, 14454.0], [141.359375, 14436.0], [142.046875, 14409.0], [142.734375, 14387.5], [143.421875, 14366.5], [144.109375, 14345.5], [144.796875, 14332.0], [145.46875, 14320.0], [146.140625, 14305.0], [146.828125, 14294.0], [147.5, 14282.5], [149.59375, 11170.0], [150.9375, 10741.5], [151.609375, 10726.0], [152.96875, 4713.5], [154.375, 2871.0], [155.0625, 2856.5], [155.75, 2863.5], [156.390625, 2892.0], [167.34375, 1916.0], [168.03125, 1921.5], [168.71875, 1930.5], [172.09375, 1631.5], [172.78125, 1585.5], [173.453125, 1541.0], [174.140625, 1499.5], [174.8125, 1461.5], [175.5, 1430.0], [176.859375, 1223.5], [177.53125, 1197.0], [178.21875, 1170.0], [178.890625, 1142.5], [179.578125, 1115.5], [-179.75, 1093.0], [-179.046875, 1072.0], [-178.375, 1049.0], [-177.6875, 1029.0], [-177.015625, 1014.0], [-176.328125, 998.0], [-175.65625, 980.5], [-174.96875, 964.5], [-174.296875, 949.0], [-173.59375, 934.0], [-172.921875, 919.0], [-172.234375, 903.5], [-171.5625, 892.5], [-170.859375, 883.5], [-170.1875, 874.0], [-169.5, 861.5], [-168.828125, 849.5], [-167.9375, 840.75], [-167.21875, 830.25], [-166.484375, 816.5], [-165.765625, 805.0], [-165.1875, 799.0], [-164.5, 789.0], [-163.8125, 780.0], [-163.125, 776.5], [-162.4375, 769.5], [-161.75, 761.0], [-161.0625, 757.5], [-160.375, 757.0], [-159.671875, 750.5], [-158.984375, 739.5], [-158.296875, 736.0], [-157.609375, 735.5], [-156.921875, 725.5], [-156.234375, 719.5], [-155.546875, 714.0], [-154.859375, 703.5], [-154.171875, 697.5], [-153.484375, 690.5], [-152.796875, 683.0], [-152.109375, 685.0], [-151.46875, 681.0], [-150.796875, 672.5], [-150.125, 670.0], [-149.453125, 668.0], [-148.703125, 668.5], [-147.328125, 643.5], [-146.640625, 640.0], [-145.953125, 637.0], [-145.265625, 635.5], [-144.578125, 630.5], [-143.890625, 626.5], [-143.21875, 623.5], [-142.546875, 624.0], [-141.859375, 623.5], [-141.1875, 616.5], [-140.453125, 610.5], [-139.765625, 607.0], [-139.078125, 604.0], [-138.390625, 599.0], [-137.703125, 597.0], [-137.015625, 595.5], [-136.328125, 591.5], [-135.640625, 588.5], [-134.96875, 585.0], [-134.296875, 580.5], [-133.609375, 579.5], [-132.9375, 580.5], [-132.359375, 579.5], [-131.71875, 573.5], [-131.0625, 570.0], [-130.421875, 570.5], [-129.609375, 567.5], [-128.921875, 563.5], [-128.234375, 562.5], [-127.546875, 565.0], [-126.890625, 563.5], [-126.21875, 560.0], [-125.53125, 557.5], [-124.859375, 559.0], [-124.15625, 560.5], [-123.484375, 560.0], [-122.796875, 562.0], [-122.125, 561.0], [-121.4375, 559.0], [-120.765625, 557.5], [-120.078125, 557.5], [-119.40625, 558.5], [-118.703125, 558.5], [-118.03125, 558.0], [-117.34375, 556.5], [-116.671875, 559.5], [-115.96875, 561.5], [-115.296875, 561.0], [-114.609375, 564.5], [-113.9375, 564.75], [-113.21875, 563.25], [-112.53125, 563.5], [-111.84375, 565.5], [-111.15625, 571.0], [-110.5, 573.0], [-109.828125, 570.0], [-109.140625, 569.0], [-108.46875, 572.0], [-107.765625, 578.5], [-107.09375, 579.5], [-106.40625, 579.0], [-105.734375, 584.0], [-105.046875, 586.0], [-104.375, 587.0], [-103.6875, 590.5], [-103.015625, 594.5], [-102.296875, 596.5], [-101.609375, 598.0], [-100.921875, 604.0], [-100.234375, 609.0], [-99.578125, 609.5], [-98.90625, 615.0], [-98.21875, 624.0], [-97.546875, 628.0], [-96.75, 628.5], [-96.046875, 629.5], [-95.34375, 636.5], [-94.640625, 643.5], [-94.015625, 647.0], [-93.34375, 649.5], [-92.65625, 651.0], [-91.984375, 662.0], [-91.25, 673.5], [-90.5625, 675.0], [-89.875, 678.5], [-89.1875, 681.0], [-88.515625, 687.0], [-87.84375, 690.5], [-87.15625, 692.0], [-86.484375, 700.5], [-85.78125, 709.0], [-85.109375, 718.5], [-84.421875, 728.0], [-83.75, 737.5], [-83.015625, 742.5], [-82.328125, 749.0], [-81.640625, 755.5], [-80.953125, 765.0], [-80.28125, 772.5], [-79.609375, 781.0], [-78.921875, 790.5], [-78.25, 798.0], [-77.578125, 809.5], [-76.90625, 815.0], [-76.234375, 820.5], [-75.5625, 832.0], [-74.828125, 839.5], [-74.140625, 841.5], [-73.453125, 843.5], [-72.09375, 262.5], [-71.421875, 263.5], [-70.734375, 260.5], [-70.0625, 258.0], [-69.359375, 256.5], [-68.6875, 254.5], [-68.0, 251.5], [-67.328125, 248.5], [-66.625, 245.5], [-65.953125, 242.5], [-65.265625, 239.5], [-64.59375, 238.5], [-63.875, 237.0], [-63.1875, 233.5], [-62.5, 231.0], [-61.8125, 228.0], [-61.078125, 227.0], [-60.390625, 226.5], [-59.6875, 224.5], [-59.0, 223.0], 