{"heading": 11.8, "target": 65.9496921546954, "gap_dist": 316.5189276357772, "gap_info": [{"width": 81.12416506243031, "center_angle": -24.15420030745102, "edge_a": [-25, 393.0], "edge_b": [-23, 288.0], "depth": 393.0, "passable": false, "chosen": false}, {"width": 104.69581051826428, "center_angle": -21.221185381938838, "edge_a": [-22, 288.5], "edge_b": [-20, 184.0], "depth": 288.5, "passable": false, "chosen": false}, {"width": 316.5189276357772, "center_angle": 65.9496921546954, "edge_a": [51, 483.75], "edge_b": [95, 257.0], "depth": 483.75, "passable": true, "chosen": true}], "scan": [[-4, 192.0], [-3, 193.0], [-2, 207.5], [-1, 208.5], [0, 210.0], [1, 211.0], [2, 212.0], [3, 216.0], [4, 218.5], [5, 220.0], [6, 223.0], [7, 225.0], [8, 228.5], [9, 230.5], [10, 235.5], [11, 236.5], [12, 238.5], [13, 241.0], [14, 246.0], [15, 247.5], [16, 254.0], [17, 255.5], [18, 261.5], [19, 264.0], [20, 267.5], [21, 275.0], [22, 278.5], [23, 285.0], [24, 289.0], [25, 292.5], [26, 301.5], [27, 305.5], [28, 316.0], [29, 319.5], [30, 324.5], [31, 337.5], [32, 351.5], [33, 358.5], [34, 376.0], [35, 385.5], [36, 383.0], [37, 385.0], [38, 385.5], [39, 389.0], [40, 394.0], [41, 404.25], [42, 408.75], [43, 412.5], [44, 422.5], [45, 428.5], [46, 440.0], [47, 446.25], [48, 452.75], [49, 460.5], [50, 477.75], [51, 483.75], [52, 503.0], [53, 513.0], [54, 536.0], [55, 545.0], [56, 556.0], [57, 583.0], [58, 595.5], [59, 623.25], [61, 1282.0], [62, 1262.5], [63, 1225.5], [64, 1209.0], [65, 1177.5], [66, 1164.5], [67, 1139.5], [68, 1126.0], [69, 1115.0], [70, 1100.0], [71, 1079.0], [72, 1053.0], [73, 1042.5], [74, 1023.5], [75, 1013.5], [76, 1004.0], [77, 988.5], [78, 981.5], [79, 966.5], [80, 959.5], [81, 954.5], [82, 943.5], [83, 936.0], [84, 923.0], [85, 916.5], [86, 911.0], [87, 909.5], [88, 896.5], [89, 897.0], [90, 891.0], [91, 879.5], [92, 874.0], [93, 862.0], [95, 257.0], [96, 258.5], [97, 256.0], [98, 254.25], [99, 253.5], [100, 251.25], [101, 251.5], [102, 251.0], [103, 250.5], [104, 250.0], [105, 248.25], [106, 247.75], [107, 245.0], [108, 244.25], [109, 244.5], [110, 243.5], [111, 242.75], [112, 241.75], [113, 241.75], [114, 242.5], [115, 243.0], [116, 244.75], [117, 243.75], [118, 247.5], [119, 248.0], [120, 248.5], [121, 249.5], [122, 251.0], [123, 251.0], [124, 251.5], [125, 253.5], [126, 254.5], [127, 255.5], [128, 256.5], [129, 258.5], [130, 260.0], [131, 261.0], [132, 264.0], [133, 266.5], [134, 269.0], [135, 270.5], [136, 271.5], [137, 275.5], [138, 277.5], [139, 279.5], [140, 282.0], [143, 982.5], [144, 999.0], [145, 1008.5], [146, 1022.0], [148, 838.0], [149, 835.0], [150, 832.0], [151, 829.0], [152, 827.5], [153, 824.0], [154, 823.5], [155, 819.5], [156, 817.5], [157, 818.5], [158, 818.0], [159, 817.5], [160, 817.5], [161, 816.0], [162, 818.0], [163, 819.5], [164, 818.5], [165, 819.0], [166, 821.5], [167, 823.0], [169, 1548.0], [170, 1582.5], [171, 1641.0], [172, 1671.5], [173, 1735.0], [174, 1771.5], [176, 3241.5], [177, 3230.0], [178, 3233.5], [-177, 3183.0], [-172, 1984.0], [-171, 1963.5], [-170, 1970.0], [-167, 366.5], [-166, 366.0], [-165, 365.5], [-164, 364.5], [-163, 363.5], [-162, 363.5], [-161, 362.0], [-160, 361.5], [-159, 356.0], [-158, 357.0], [-157, 357.0], [-156, 357.0], [-155, 361.0], [-154, 362.0], [-153, 364.0], [-152, 364.0], [-151, 364.5], [-150, 366.0], [-149, 366.0], [-148, 368.0], [-147, 368.5], [-146, 369.5], [-145, 371.5], [-144, 371.0], [-143, 376.5], [-142, 378.0], [-141, 379.0], [-140, 381.5], [-139, 383.5], [-138, 386.5], [-137, 388.0], [-136, 391.0], [-135, 393.0], [-134, 395.5], [-133, 399.5], [-132, 402.5], [-131, 405.5], [-130, 408.0], [-129, 411.0], [-128, 414.5], [-127, 422.0], [-126, 426.0], [-124, 442.0], [-123, 441.0], [-122, 441.0], [-121, 438.5], [-120, 425.0], [-119, 422.5], [-117, 403.0], [-115, 389.0], [-113, 368.0], [-112, 367.0], [-111, 361.5], [-109, 347.0], [-108, 344.0], [-107, 338.0], [-106, 332.0], [-105, 329.5], [-104, 324.5], [-103, 317.0], [-102, 313.5], [-101, 311.5], [-100, 311.5], [-99, 307.0], [-98, 305.5], [-97, 300.0], [-96, 297.5], [-95, 294.0], [-94, 289.0], [-93, 287.5], [-92, 282.0], [-91, 282.5], [-90, 281.0], [-89, 275.0], [-88, 271.75], [-87, 270.25], [-86, 270.5], [-85, 267.5], [-84, 266.5], [-83, 266.0], [-82, 264.5], [-81, 263.5], [-80, 262.0], [-79, 261.5], [-78, 262.0], [-77, 263.0], [-76, 261.5], [-75, 262.0], [-74, 262.0], [-73, 261.5], [-72, 262.0], [-71, 261.5], [-70, 262.0], [-69, 261.5], [-68, 262.0], [-67, 260.0], [-66, 260.0], [-65, 260.5], [-64, 263.0], [-63, 264.5], [-62, 261.0], [-61, 261.0], [-60, 263.0], [-59, 264.0], [-58, 263.0], [-57, 267.0], [-56, 268.0], [-55, 268.5], [-54, 273.0], [-53, 275.0], [-52, 280.5], [-51, 284.0], [-50, 287.0], [-49, 289.5], [-48, 289.5], [-47, 293.0], [-46, 297.0], [-45, 302.75], [-44, 304.25], [-43, 303.75], [-42, 311.0], [-41, 314.0], [-40, 318.0], [-39, 320.5], [-38, 323.5], [-37, 332.5], [-36, 334.5], [-34, 345.5], [-33, 347.5], [-32, 353.5], [-30, 372.0], [-29, 374.0], [-28, 385.0], [-27, 389.0], [-26, 392.5], [-25, 393.0], [-23, 288.0], [-22, 288.5], [-20, 184.0], [-19, 182.5], [-18, 181.0], [-17, 181.0], [-16, 182.0], [-15, 181.5], [-14, 182.0], [-13, 183.0], [-12, 183.5], [-11, 185.5], [-10, 185.5], [-9, 186.0], [-8, 189.0], [-7, 188.0], [-6, 189.0], [-5, 190.5]]}