{"heading": 108.1, "target": 117.10619580865769, "gap_dist": 513.7864432559742, "gap_info": [{"width": 1064.6255639043463, "center_angle": -44.790285619586285, "edge_a": [-89, 788.5], "edge_b": [-1, 794.5], "depth": 794.5, "passable": true, "chosen": false}, {"width": 426.66193028331793, "center_angle": 9.105464228978319, "edge_a": [7, 742.0], "edge_b": [14, 319.5], "depth": 742.0, "passable": true, "chosen": false}, {"width": 652.099730850695, "center_angle": 96.64189747093491, "edge_a": [59, 346.5], "edge_b": [112, 799.0], "depth": 799.0, "passable": true, "chosen": false}, {"width": 513.7864432559742, "center_angle": 117.10619580865769, "edge_a": [115, 793.5], "edge_b": [123, 284.0], "depth": 793.5, "passable": true, "chosen": true}], "scan": [[-2, 804.0], [-1, 794.5], [0, 785.5], [1, 789.5], [2, 784.5], [3, 771.0], [4, 779.5], [6, 746.5], [7, 742.0], [14, 319.5], [16, 298.5], [17, 291.5], [18, 275.5], [19, 269.0], [20, 256.0], [21, 250.25], [22, 238.5], [23, 233.0], [24, 226.5], [25, 219.5], [26, 215.0], [27, 205.5], [28, 203.0], [29, 196.5], [30, 193.0], [31, 191.5], [32, 193.0], [33, 194.5], [34, 197.0], [35, 199.0], [36, 201.0], [37, 205.5], [38, 207.0], [39, 214.0], [40, 216.5], [41, 222.0], [42, 224.5], [43, 233.0], [44, 237.0], [45, 241.0], [46, 246.5], [47, 249.0], [48, 257.5], [49, 262.0], [50, 266.5], [51, 271.5], [52, 281.5], [53, 286.0], [54, 298.0], [55, 304.5], [56, 318.5], [57, 324.0], [58, 340.0], [59, 346.5], [61, 840.0], [62, 842.0], [63, 852.0], [64, 852.5], [65, 877.0], [66, 883.5], [67, 893.0], [68, 905.5], [69, 914.5], [70, 921.0], [71, 931.5], [72, 958.5], [73, 960.5], [74, 989.5], [75, 1009.0], [76, 1014.5], [77, 1042.5], [78, 1048.0], [79, 1076.5], [80, 1093.0], [81, 1127.5], [82, 1146.0], [83, 1165.0], [84, 1204.0], [85, 1226.0], [86, 1273.5], [88, 1380.5], [90, 1459.5], [91, 1489.5], [92, 1525.5], [93, 1611.0], [94, 1655.5], [97, 868.0], [98, 863.0], [99, 855.5], [100, 852.0], [101, 847.5], [102, 838.0], [103, 833.5], [104, 826.0], [105, 821.5], [106, 817.0], [107, 814.5], [108, 811.0], [109, 807.5], [110, 804.5], [111, 801.0], [112, 799.0], [113, 795.5], [114, 794.0], [115, 793.5], [123, 284.0], [124, 268.5], [125, 263.0], [127, 246.5], [128, 243.0], [129, 238.0], [130, 238.5], [131, 240.5], [132, 243.25], [133, 244.75], [134, 247.5], [135, 251.5], [136, 253.75], [137, 257.75], [138, 259.25], [139, 261.0], [140, 267.5], [141, 271.0], [142, 275.0], [143, 278.5], [144, 280.5], [145, 286.5], [146, 289.5], [147, 297.5], [148, 300.5], [149, 309.5], [150, 314.5], [151, 319.5], [152, 327.5], [153, 333.5], [154, 346.0], [155, 351.0], [156, 357.0], [157, 368.0], [158, 373.5], [159, 390.0], [160, 398.0], [161, 413.0], [162, 422.5], [163, 434.5], [164, 455.5], [166, 541.0], [167, 527.5], [168, 524.0], [170, 503.0], [171, 493.0], [172, 488.0], [173, 483.5], [174, 471.5], [175, 470.0], [177, 455.0], [178, 452.5], [179, 445.5], [180, 439.0], [-179, 434.5], [-178, 429.5], [-177, 425.5], [-176, 422.5], [-175, 421.0], [-174, 413.0], [-173, 409.5], [-172, 406.5], [-171, 404.0], [-170, 400.5], [-169, 397.5], [-168, 396.5], [-167, 393.5], [-166, 391.5], [-165, 389.5], [-164, 387.5], [-163, 385.5], [-162, 383.0], [-161, 381.5], [-160, 379.5], [-159, 379.5], [-158, 378.5], [-157, 377.5], [-156, 375.5], [-155, 375.5], [-154, 375.0], [-153, 374.5], [-152, 374.0], [-151, 376.5], [-150, 376.5], [-149, 377.0], [-148, 375.5], [-147, 374.5], [-146, 376.5], [-145, 375.5], [-144, 377.0], [-143, 377.0], [-142, 378.0], [-141, 377.5], [-140, 378.5], [-139, 381.5], [-138, 385.0], [-137, 385.0], [-136, 385.0], [-135, 387.0], [-134, 394.75], [-133, 396.5], [-132, 397.5], [-131, 400.5], [-130, 402.5], [-129, 405.5], [-128, 406.25], [-127, 411.75], [-126, 416.0], [-125, 422.5], [-124, 424.0], [-123, 430.0], [-122, 432.25], [-121, 433.75], [-120, 438.75], [-119, 446.5], [-117, 460.5], [-116, 466.5], [-115, 466.5], [-113, 487.0], [-112, 488.5], [-111, 488.0], [-110, 496.0], [-109, 504.5], [-107, 537.5], [-106, 541.0], [-105, 548.5], [-104, 564.5], [-103, 567.0], [-102, 583.0], [-101, 584.0], [-99, 624.0], [-97, 656.0], [-96, 665.5], [-95, 676.0], [-93, 714.0], [-92, 724.0], [-91, 739.0], [-90, 775.0], [-89, 788.5], [-88, 801.0], [-87, 837.5], [-86, 854.5], [-85, 883.0], [-84, 901.0], [-83, 920.5], [-82, 968.0], [-81, 998.5], [-80, 1051.5], [-79, 1081.0], [-67, 874.0], [-66, 842.0], [-65, 829.5], [-64, 830.0], [-63, 836.0], [-61, 1998.0], [-60, 1999.5], [-59, 2001.0], [-58, 2004.5], [-57, 2003.5], [-56, 2005.0], [-55, 2005.5], [-54, 2009.0], [-48, 863.0], [-46, 9880.0], [-43, 1145.0], [-41, 7077.0], [-36, 1009.0], [-35, 979.0], [-34, 977.5], [-33, 972.5], [-32, 980.0], [-29, 4497.0], [-23, 11192.0], [-21, 10876.5], [-16, 9550.0], [-5, 2739.5], [-4, 2754.0]]}