{"heading": -38.8, "target": -79.82142991576242, "gap_dist": 393.25456599721645, "gap_info": [{"width": 393.25456599721645, "center_angle": -79.82142991576242, "edge_a": [-110, 272.5], "edge_b": [-65, 535.5], "depth": 535.5, "passable": true, "chosen": true}, {"width": 95.44825710533414, "center_angle": -31.87106984918289, "edge_a": [-36, 601.5], "edge_b": [-28, 641.5], "depth": 641.5, "passable": false, "chosen": false}, {"width": 259.698833273466, "center_angle": 116.33827474083819, "edge_a": [114, 700.5], "edge_b": [120, 447.5], "depth": 700.5, "passable": false, "chosen": false}], "scan": [[-4, 270.75], [-3, 265.5], [-2, 262.5], [-1, 256.5], [0, 253.5], [1, 251.5], [2, 246.0], [3, 242.5], [4, 240.5], [5, 237.5], [6, 236.0], [7, 233.5], [8, 230.0], [9, 224.5], [10, 223.5], [11, 222.5], [12, 221.0], [13, 219.5], [14, 222.5], [16, 219.5], [17, 223.5], [19, 207.5], [20, 205.0], [21, 202.0], [22, 201.0], [23, 198.5], [24, 198.5], [25, 196.0], [26, 197.0], [27, 196.5], [28, 194.5], [29, 192.5], [30, 191.0], [31, 189.5], [32, 190.5], [33, 191.0], [34, 191.0], [35, 191.0], [36, 192.0], [37, 190.25], [38, 189.5], [39, 189.5], [40, 190.5], [41, 192.0], [42, 191.0], [43, 190.0], [44, 190.0], [45, 192.5], [46, 193.5], [47, 193.5], [48, 190.5], [49, 191.5], [50, 193.0], [51, 192.0], [52, 192.0], [53, 193.5], [54, 198.5], [55, 197.5], [56, 203.0], [57, 204.5], [58, 205.0], [59, 211.0], [61, 208.5], [62, 209.0], [64, 218.5], [66, 230.0], [67, 230.0], [68, 229.5], [69, 224.5], [70, 225.5], [71, 233.0], [72, 235.5], [73, 237.0], [74, 240.5], [75, 242.5], [76, 248.0], [77, 250.0], [78, 252.5], [79, 258.5], [80, 261.5], [81, 267.5], [82, 270.0], [83, 273.0], [84, 281.5], [85, 285.5], [86, 292.5], [87, 294.0], [88, 304.0], [89, 308.0], [90, 313.5], [91, 328.0], [92, 332.0], [93, 339.5], [94, 347.0], [95, 354.0], [96, 368.5], [97, 374.0], [98, 390.0], [99, 398.0], [100, 407.5], [102, 442.5], [103, 453.0], [105, 493.5], [106, 495.5], [107, 502.0], [110, 582.5], [114, 700.5], [120, 447.5], [121, 444.5], [122, 440.0], [123, 436.0], [124, 432.5], [125, 426.5], [126, 423.5], [127, 418.0], [128, 415.0], [129, 414.0], [130, 410.5], [131, 409.0], [132, 406.0], [133, 405.5], [134, 403.5], [135, 399.0], [136, 399.5], [137, 399.0], [138, 394.0], [139, 393.0], [140, 393.0], [141, 391.0], [142, 390.0], [143, 389.0], [144, 389.0], [145, 389.0], [146, 387.5], [147, 386.0], [148, 385.5], [149, 384.5], [150, 385.0], [151, 385.0], [152, 385.0], [153, 386.0], [154, 386.5], [155, 387.5], [156, 388.0], [157, 389.0], [158, 390.5], [159, 391.5], [160, 391.0], [163, 1742.5], [164, 1707.5], [165, 1675.0], [166, 1614.5], [167, 1586.5], [168, 1529.5], [169, 1505.0], [170, 1481.5], [171, 1436.5], [172, 1414.5], [173, 1376.0], [174, 1357.0], [175, 1339.0], [176, 1300.0], [177, 1282.5], [178, 1252.5], [179, 1239.0], [180, 1224.5], [-179, 1197.0], [-178, 1182.5], [-177, 1161.0], [-176, 1149.5], [-175, 1138.5], [-174, 1118.0], [-173, 1108.5], [-172, 1089.5], [-171, 1080.0], [-170, 1072.5], [-169, 1054.5], [-168, 1047.5], [-167, 1040.0], [-166, 1027.0], [-165, 1022.5], [-164, 1009.5], [-163, 1002.5], [-162, 997.0], [-161, 987.5], [-160, 981.5], [-159, 977.0], [-158, 969.0], [-157, 964.5], [-156, 956.5], [-155, 953.0], [-154, 948.5], [-153, 942.5], [-152, 938.5], [-151, 933.5], [-149, 328.5], [-148, 323.0], [-147, 320.5], [-146, 315.5], [-145, 313.5], [-144, 312.0], [-143, 307.5], [-142, 305.0], [-141, 301.5], [-140, 299.5], [-139, 296.0], [-138, 293.5], [-137, 291.5], [-136, 290.0], [-135, 287.0], [-134, 285.0], [-133, 283.0], [-132, 281.0], [-131, 279.0], [-130, 278.5], [-129, 278.0], [-128, 277.0], [-127, 276.5], [-126, 274.0], [-125, 273.5], [-124, 273.0], [-123, 272.5], [-122, 272.0], [-121, 271.5], [-120, 270.5], [-119, 271.0], [-118, 269.5], [-117, 268.0], [-116, 265.0], [-115, 266.5], [-114, 267.5], [-113, 271.0], [-112, 273.0], [-111, 272.0], [-110, 272.5], [-108, 1031.5], [-107, 1040.5], [-106, 1048.5], [-105, 1064.5], [-104, 1071.5], [-103, 1088.5], [-102, 1097.0], [-101, 1107.5], [-100, 1126.0], [-99, 1135.5], [-98, 1156.0], [-97, 1166.5], [-96, 1178.5], [-95, 1203.5], [-94, 1215.0], [-93, 1240.5], [-92, 1255.0], [-91, 1271.0], [-90, 1302.5], [-89, 1318.5], [-88, 1356.0], [-87, 1373.0], [-86, 1393.0], [-85, 1432.0], [-84, 1456.0], [-83, 1505.0], [-82, 1529.0], [-80, 1330.5], [-79, 1300.5], [-78, 1286.5], [-77, 1275.5], [-76, 1249.0], [-75, 1235.0], [-74, 1211.0], [-73, 1200.0], [-72, 1190.0], [-71, 1167.5], [-70, 1165.0], [-69, 1174.0], [-68, 1215.5], [-67, 1241.0], [-65, 535.5], [-64, 533.5], [-63, 532.0], [-62, 531.5], [-61, 534.0], [-60, 534.5], [-59, 535.0], [-58, 538.0], [-57, 540.0], [-56, 540.5], [-55, 541.5], [-54, 542.0], [-53, 544.0], [-52, 544.5], [-51, 545.5], [-50, 551.0], [-49, 551.0], [-48, 555.0], [-47, 557.0], [-46, 559.0], [-45, 565.0], [-44, 566.0], [-43, 574.0], [-42, 576.5], [-41, 578.5], [-40, 585.0], [-39, 588.5], [-38, 595.0], [-37, 599.0], [-36, 601.5], [-28, 641.5], [-25, 539.5], [-23, 483.0], [-20, 415.0], [-19, 392.5], [-18, 384.5], [-17, 375.25], [-16, 361.0], [-15, 353.5], [-14, 341.0], [-13, 335.0], [-12, 325.5], [-11, 313.5], [-10, 307.0], [-9, 300.5], [-8, 294.5], [-7, 291.5], [-5, 277.5]]}