{"heading": -55.6, "target": 149.89843953849723, "gap_dist": 345.4295739101899, "gap_info": [{"width": 148.02994121572408, "center_angle": -102.31910523666848, "edge_a": [-103, 385.5], "edge_b": [-101, 199.0], "depth": 385.5, "passable": false, "chosen": false}, {"width": 277.1681703986814, "center_angle": 13.814879531412814, "edge_a": [-19, 243.0], "edge_b": [70, 158.5], "depth": 243.0, "passable": false, "chosen": false}, {"width": 345.4295739101899, "center_angle": 149.89843953849723, "edge_a": [119, 269.5], "edge_b": [166, 499.0], "depth": 499.0, "passable": true, "chosen": true}], "scan": [[-3, 1002.5], [-2, 991.5], [-1, 974.0], [0, 966.0], [1, 952.0], [2, 943.5], [3, 938.5], [4, 921.5], [5, 917.5], [6, 908.5], [7, 903.5], [8, 899.5], [9, 889.0], [10, 885.0], [11, 880.5], [12, 874.5], [13, 875.0], [14, 869.5], [15, 851.0], [16, 844.5], [17, 834.0], [18, 829.0], [19, 824.0], [20, 816.5], [21, 811.5], [22, 808.5], [23, 804.0], [24, 801.5], [25, 794.5], [26, 794.0], [27, 791.5], [28, 787.0], [29, 786.0], [30, 783.0], [31, 781.0], [32, 780.5], [33, 779.5], [34, 778.5], [35, 777.5], [36, 779.5], [37, 776.0], [38, 777.0], [39, 782.0], [40, 785.5], [41, 782.0], [42, 775.0], [43, 778.0], [44, 782.0], [45, 785.0], [46, 782.5], [47, 781.0], [48, 779.0], [50, 827.5], [52, 782.5], [53, 785.25], [54, 786.25], [55, 796.25], [56, 795.75], [57, 798.5], [58, 799.5], [59, 804.25], [60, 811.75], [61, 819.5], [62, 819.5], [63, 830.0], [64, 836.0], [65, 841.0], [66, 843.0], [67, 841.5], [68, 850.5], [70, 158.5], [71, 158.0], [72, 157.5], [73, 158.5], [74, 158.5], [75, 158.5], [76, 159.5], [77, 160.5], [78, 160.5], [79, 159.5], [80, 162.0], [81, 162.0], [82, 161.0], [83, 163.0], [84, 165.0], [85, 166.0], [86, 167.5], [87, 168.0], [88, 169.5], [89, 170.0], [90, 172.5], [91, 174.0], [92, 176.0], [93, 176.0], [94, 178.5], [95, 182.75], [96, 184.0], [97, 185.0], [98, 187.5], [99, 189.5], [100, 191.0], [101, 196.25], [102, 197.25], [103, 199.75], [104, 203.5], [105, 206.0], [106, 210.25], [107, 212.25], [108, 215.0], [109, 222.0], [110, 225.0], [111, 227.5], [112, 233.0], [113, 237.0], [114, 241.0], [115, 247.0], [116, 251.0], [117, 257.5], [118, 262.5], [119, 269.5], [121, 1268.0], [122, 1264.5], [126, 746.0], [127, 729.5], [129, 673.0], [130, 674.5], [131, 683.0], [132, 687.5], [133, 692.0], [134, 700.0], [135, 706.0], [136, 711.0], [137, 723.0], [138, 728.5], [139, 733.0], [140, 744.0], [141, 747.5], [142, 757.0], [143, 772.5], [144, 779.5], [145, 791.5], [146, 798.0], [147, 804.0], [148, 820.5], [149, 831.5], [150, 848.0], [151, 842.0], [152, 840.5], [153, 850.5], [155, 751.5], [158, 634.5], [159, 621.5], [160, 599.5], [161, 586.0], [163, 545.5], [164, 533.0], [165, 511.5], [166, 499.0], [167, 484.0], [168, 476.0], [170, 462.0], [171, 453.0], [172, 439.0], [173, 437.0], [174, 429.5], [175, 415.0], [176, 408.0], [177, 408.0], [178, 401.5], [179, 398.0], [180, 389.5], [-180, 382.5], [-179, 380.5], [-178, 377.0], [-177, 373.5], [-176, 368.0], [-175, 365.5], [-174, 362.5], [-173, 355.5], [-172, 350.0], [-171, 349.0], [-170, 346.5], [-169, 342.0], [-168, 340.5], [-167, 336.0], [-166, 329.5], [-165, 329.5], [-164, 322.5], [-163, 323.0], [-162, 321.0], [-161, 319.5], [-160, 316.5], [-159, 315.5], [-158, 309.5], [-157, 308.0], [-156, 306.0], [-155, 304.5], [-154, 303.5], [-153, 300.0], [-152, 301.0], [-151, 300.0], [-150, 298.0], [-149, 298.0], [-148, 298.0], [-147, 297.0], [-146, 296.0], [-145, 296.5], [-144, 295.5], [-143, 296.0], [-142, 297.5], [-141, 297.0], [-140, 295.5], [-139, 294.5], [-138, 294.0], [-137, 294.0], [-136, 297.5], [-135, 299.0], [-134, 299.0], [-133, 299.5], [-132, 300.5], [-131, 301.0], [-130, 304.5], [-129, 305.0], [-128, 304.0], [-127, 307.0], [-126, 308.0], [-125, 310.5], [-124, 313.0], [-123, 314.25], [-122, 320.0], [-121, 321.5], [-120, 321.75], [-119, 326.5], [-118, 329.0], [-117, 329.75], [-116, 331.0], [-115, 335.25], [-114, 339.5], [-113, 343.0], [-112, 347.75], [-111, 348.5], [-110, 351.5], [-109, 360.75], [-108, 360.75], [-107, 366.25], [-106, 370.5], [-105, 372.5], [-104, 381.5], [-103, 385.5], [-101, 199.0], [-100, 194.75], [-99, 195.25], [-98, 194.0], [-97, 190.0], [-96, 188.5], [-95, 186.0], [-94, 184.0], [-93, 182.5], [-92, 180.5], [-91, 179.5], [-90, 177.0], [-89, 176.5], [-88, 176.0], [-87, 173.5], [-86, 172.0], [-85, 171.5], [-84, 170.0], [-83, 169.0], [-82, 168.5], [-81, 168.0], [-80, 167.0], [-79, 166.0], [-78, 165.5], [-77, 165.5], [-76, 165.5], [-75, 165.0], [-74, 162.5], [-73, 162.5], [-72, 162.5], [-71, 160.5], [-70, 159.5], [-69, 159.5], [-68, 158.5], [-67, 159.0], [-66, 161.0], [-65, 161.25], [-64, 161.75], [-63, 161.5], [-62, 162.0], [-61, 163.0], [-60, 162.5], [-59, 163.0], [-58, 164.5], [-57, 165.0], [-56, 165.5], [-55, 166.0], [-54, 164.75], [-53, 167.5], [-52, 168.5], [-51, 169.25], [-50, 169.5], [-49, 171.5], [-48, 174.5], [-47, 175.0], [-46, 174.5], [-45, 176.5], [-44, 176.5], [-43, 178.5], [-42, 178.5], [-41, 179.5], [-40, 181.5], [-39, 183.5], [-38, 185.0], [-37, 187.0], [-36, 189.0], [-35, 191.5], [-34, 193.0], [-33, 194.5], [-32, 198.5], [-31, 200.5], [-30, 203.5], [-29, 205.0], [-28, 207.5], [-27, 213.0], [-26, 216.5], [-25, 220.0], [-24, 223.5], [-23, 225.5], [-22, 232.0], [-21, 235.5], [-20, 238.5], [-19, 243.0], [-17, 1404.5], [-16, 1419.0], [-12, 10065.0], [-11, 9942.0], [-9, 1127.5], [-8, 1092.0], [-7, 1072.5], [-6, 1068.0], [-5, 1042.5], [-4, 1035.5]]}