{"heading": 23.4, "target": -1.5444623783479827, "gap_dist": 468.22526671334805, "gap_info": [{"width": 562.4807689868745, "center_angle": -168.1845595430375, "edge_a": [-179.671875, 786.0], "edge_b": [-140.859375, 341.0], "depth": 786.0, "passable": true, "chosen": false}, {"width": 367.3032487462874, "center_angle": -93.51816066252073, "edge_a": [-105.390625, 499.0], "edge_b": [-86.140625, 799.5], "depth": 799.5, "passable": true, "chosen": false}, {"width": 257.998602237712, "center_angle": -40.55301919302815, "edge_a": [-41.125, 787.5], "edge_b": [-39.703125, 530.0], "depth": 787.5, "passable": false, "chosen": false}, {"width": 468.22526671334805, "center_angle": -1.5444623783479827, "edge_a": [-9.671875, 601.5], "edge_b": [26.5625, 180.5], "depth": 601.5, "passable": true, "chosen": true}], "scan": [[-2.171875, 1655.0], [-1.46875, 1693.5], [-0.75, 1736.0], [-0.046875, 1783.5], [0.671875, 1833.5], [1.375, 1887.0], [2.09375, 1944.0], [4.9375, 2215.0], [8.484375, 1513.5], [9.203125, 1494.0], [9.90625, 1480.5], [10.625, 1490.0], [11.328125, 1506.5], [12.21875, 1528.5], [13.71875, 2696.5], [14.46875, 2696.0], [15.09375, 2692.5], [15.8125, 2687.0], [17.953125, 2677.5], [18.65625, 2674.0], [20.828125, 1969.0], [23.703125, 6921.0], [24.421875, 6861.5], [26.5625, 180.5], [27.265625, 178.5], [27.984375, 177.5], [28.6875, 176.0], [29.15625, 174.5], [29.796875, 171.5], [30.453125, 169.5], [31.09375, 169.5], [31.984375, 171.5], [32.6875, 173.5], [33.390625, 174.0], [34.09375, 174.5], [34.796875, 176.0], [35.5, 177.0], [36.203125, 177.0], [36.90625, 176.5], [37.625, 177.0], [38.328125, 178.0], [39.03125, 179.0], [39.734375, 180.0], [40.453125, 179.5], [41.15625, 179.5], [41.859375, 180.0], [42.5625, 180.5], [43.296875, 181.0], [44.0, 181.0], [44.71875, 181.5], [45.421875, 182.5], [46.375, 182.5], [47.140625, 183.5], [47.90625, 184.0], [48.671875, 185.0], [49.25, 186.5], [49.96875, 186.5], [50.6875, 187.5], [51.40625, 189.0], [52.109375, 190.0], [52.8125, 191.5], [53.53125, 192.5], [54.234375, 192.5], [54.984375, 194.0], [55.703125, 195.5], [56.421875, 197.0], [57.140625, 199.5], [57.859375, 201.0], [58.578125, 201.5], [59.296875, 203.0], [60.015625, 204.5], [60.71875, 205.0], [61.421875, 206.0], [62.140625, 208.5], [62.84375, 210.0], [63.59375, 209.5], [64.3125, 211.5], [65.03125, 215.5], [65.75, 217.0], [66.328125, 218.0], [67.0, 221.0], [67.6875, 224.0], [68.359375, 225.5], [69.171875, 227.0], [69.875, 231.0], [70.59375, 234.75], [71.296875, 235.5], [72.03125, 235.25], [72.734375, 236.75], [73.453125, 242.25], [74.15625, 249.0], [74.875, 252.0], [75.578125, 253.0], [76.296875, 256.5], [77.0, 261.0], [77.734375, 265.0], [78.4375, 268.0], [79.15625, 273.0], [79.859375, 278.0], [80.578125, 281.0], [81.28125, 285.0], [82.0, 290.5], [82.703125, 295.0], [83.34375, 300.0], [84.03125, 305.5], [84.71875, 310.5], [85.40625, 316.5], [86.1875, 323.5], [86.890625, 331.0], [87.609375, 337.0], [88.3125, 342.5], [90.40625, 351.5], [91.859375, 363.0], [92.5625, 364.5], [93.984375, 349.0], [94.703125, 349.0], [95.40625, 348.0], [96.125, 346.5], [96.828125, 344.0], [97.53125, 342.0], [98.234375, 341.0], [98.9375, 340.0], [99.640625, 339.5], [100.53125, 343.5], [101.28125, 349.0], [102.78125, 327.5], [103.390625, 324.5], [104.09375, 320.5], [104.8125, 317.5], [105.515625, 318.0], [106.234375, 317.5], [106.9375, 316.5], [107.65625, 316.0], [108.359375, 316.0], [109.109375, 316.5], [109.828125, 316.5], [110.546875, 316.0], [111.265625, 315.0], [111.984375, 314.5], [112.703125, 315.5], [113.421875, 316.0], [114.140625, 315.0], [114.828125, 314.5], [115.53125, 314.5], [116.25, 315.0], [116.953125, 315.5], [117.6875, 315.0], [118.390625, 315.5], [119.109375, 316.25], [119.8125, 315.75], [120.328125, 316.0], [120.984375, 317.5], [121.640625, 318.5], [122.296875, 319.5], [123.171875, 319.5], [123.875, 319.0], [124.59375, 320.5], [125.296875, 322.0], [126.0, 322.0], [126.703125, 321.5], [127.40625, 323.0], [128.109375, 324.5], [128.8125, 325.5], [129.515625, 328.0], [130.21875, 331.0], [130.921875, 334.5], [131.65625, 335.5], [132.359375, 336.0], [133.078125, 337.0], [133.78125, 340.5], [134.5, 340.0], [135.203125, 339.0], [135.921875, 342.5], [136.625, 344.0], [137.546875, 346.0], [138.296875, 349.5], [139.0625, 352.0], [139.8125, 353.0], [140.453125, 355.0], [141.171875, 357.5], [141.90625, 360.0], [142.625, 363.0], [143.25, 364.5], [143.9375, 366.0], [144.640625, 370.0], [145.328125, 373.5], [146.125, 377.0], [146.84375, 380.5], [147.5625, 383.5], [148.28125, 387.0], [149.0, 391.25], [149.71875, 392.5], [150.4375, 395.0], [151.15625, 400.0], [151.84375, 403.0], [152.546875, 406.5], [153.265625, 409.5], [153.96875, 412.5], [154.6875, 417.5], [155.390625, 424.0], [156.109375, 429.0], [156.8125, 432.5], [157.53125, 438.0], [158.234375, 444.0], [158.953125, 449.0], [159.65625, 454.5], [160.375, 460.5], [161.078125, 465.5], [161.796875, 472.0], [162.5, 480.0], [163.25, 489.0], [163.96875, 496.0], [164.6875, 502.0], [165.40625, 511.5], [166.09375, 520.5], [166.796875, 530.0], [167.515625, 540.0], [168.953125, 564.5], [169.65625, 570.0], [170.375, 579.5], [171.078125, 591.0], [172.515625, 643.0], [173.234375, 653.5], [173.9375, 656.5], [174.625, 658.5], [176.03125, 702.0], [176.734375, 699.5], [178.171875, 735.0], [178.890625, 740.0], [-179.671875, 786.0], [-178.96875, 806.5], [-178.25, 829.0], [-176.828125, 883.5], [-171.84375, 939.5], [-171.140625, 937.0], [-170.4375, 935.0], [-169.734375, 932.5], [-169.03125, 931.5], [-168.109375, 933.5], [-167.359375, 931.5], [-166.59375, 929.5], [-165.84375, 930.0], [-165.234375, 929.5], [-164.515625, 930.5], [-163.796875, 932.5], [-163.078125, 932.5], [-162.359375, 932.5], [-161.640625, 932.5], [-160.921875, 932.5], [-160.203125, 932.0], [-159.484375, 932.0], [-158.765625, 934.5], [-158.046875, 934.5], [-157.328125, 935.5], [-156.59375, 938.5], [-155.875, 939.5], [-155.15625, 942.0], [-154.4375, 946.5], [-153.734375, 949.5], [-152.3125, 2520.5], [-151.609375, 2543.5], [-148.75, 2475.5], [-148.03125, 2463.0], [-147.328125, 2457.0], [-146.609375, 2454.0], [-145.90625, 2457.5], [-140.859375, 341.0], [-140.15625, 338.5], [-139.40625, 340.0], [-138.6875, 343.0], [-137.96875, 345.5], [-137.25, 347.0], [-136.546875, 349.0], [-135.84375, 351.5], [-135.125, 352.0], [-134.421875, 353.5], [-133.828125, 355.5], [-133.15625, 356.5], [-132.46875, 358.0], [-131.796875, 359.5], [-130.96875, 362.0], [-130.265625, 364.5], [-129.546875, 367.0], [-128.84375, 370.0], [-128.140625, 370.5], [-127.4375, 371.0], [-126.734375, 374.0], [-126.03125, 378.5], [-125.296875, 382.0], [-124.59375, 383.5], [-123.875, 385.5], [-123.171875, 389.0], [-122.4375, 392.5], [-121.734375, 395.5], [-121.015625, 398.0], [-120.3125, 402.0], [-119.609375, 406.0], [-118.90625, 407.0], [-118.203125, 407.0], [-117.5, 412.0], [-116.75, 417.5], [-116.046875, 420.0], [-115.328125, 426.0], [-114.625, 431.0], [-113.9375, 435.0], [-113.234375, 440.0], [-112.53125, 444.0], [-111.828125, 448.5], [-111.078125, 453.0], [-110.375, 457.0], [-109.65625, 463.0], [-108.953125, 470.0], [-108.234375, 475.5], [-107.53125, 481.5], [-106.8125, 488.0], [-106.109375, 494.5], [-105.390625, 499.0], [-103.96875, 952.0], [-103.265625, 944.0], [-102.546875, 936.0], [-101.84375, 926.5], [-101.125, 918.5], [-100.421875, 910.5], [-99.703125, 901.0], [-99.0, 894.0], [-98.28125, 886.5], [-97.578125, 877.5], [-96.796875, 869.0], [-96.078125, 862.0], [-95.34375, 857.0], [-94.625, 850.0], [-93.953125, 844.5], [-93.25, 839.0], [-92.53125, 831.0], [-91.828125, 826.25], [-91.109375, 820.75], [-90.40625, 815.5], [-89.6875, 816.0], [-88.984375, 814.5], [-88.265625, 810.5], [-87.5625, 807.25], [-86.84375, 802.75], [-86.140625, 799.5], [-85.390625, 801.0], [-84.671875, 800.5], [-83.953125, 796.0], [-83.234375, 794.5], [-82.546875, 788.5], [-81.84375, 782.0], [-81.125, 779.0], [-80.421875, 777.5], [-79.703125, 778.0], [-79.0, 773.0], [-78.28125, 771.0], [-77.578125, 767.0], [-76.84375, 760.0], [-76.140625, 760.0], [-75.421875, 762.0], 