{"heading": -88.8, "target": -38.53758732158017, "gap_dist": 640.3059374083392, "gap_info": [{"width": 267.17749611021617, "center_angle": -135.26762347530985, "edge_a": [-137.375, 692.0], "edge_b": [-131.875, 430.0], "depth": 692.0, "passable": true, "chosen": false}, {"width": 640.3059374083392, "center_angle": -38.53758732158017, "edge_a": [-39.703125, 153.25], "edge_b": [-38.3125, 793.5], "depth": 793.5, "passable": true, "chosen": true}, {"width": 245.21528036426318, "center_angle": 15.018280948700882, "edge_a": [11.09375, 795.5], "edge_b": [20.4375, 576.5], "depth": 795.5, "passable": false, "chosen": false}, {"width": 607.2376760519824, "center_angle": 88.07486491198405, "edge_a": [58.171875, 541.0], "edge_b": [107.90625, 795.0], "depth": 795.0, "passable": true, "chosen": false}], "scan": [[-2.125, 733.0], [-1.421875, 735.5], [-0.71875, 742.5], [-0.015625, 756.0], [0.640625, 764.0], [1.328125, 762.25], [2.015625, 761.25], [2.703125, 756.5], [3.4375, 756.5], [4.125, 762.0], [4.828125, 773.5], [5.515625, 789.0], [6.21875, 796.5], [6.90625, 787.5], [7.609375, 785.0], [8.296875, 801.0], [9.015625, 803.75], [9.703125, 797.75], [10.40625, 794.0], [11.09375, 795.5], [12.0, 801.5], [12.734375, 805.0], [13.484375, 807.75], [14.21875, 812.75], [14.8125, 817.5], [15.515625, 822.25], [16.21875, 827.0], [16.921875, 829.5], [17.625, 833.75], [18.328125, 840.75], [19.03125, 845.0], [20.4375, 576.5], [21.140625, 562.0], [21.84375, 548.5], [22.546875, 538.5], [23.265625, 528.5], [23.96875, 518.0], [24.671875, 510.0], [25.375, 502.0], [26.0625, 494.5], [26.75, 486.0], [27.453125, 480.0], [28.140625, 474.0], [28.640625, 465.5], [29.28125, 459.5], [29.921875, 453.25], [30.5625, 445.5], [31.40625, 440.25], [32.09375, 435.0], [32.78125, 429.25], [33.46875, 425.25], [34.171875, 420.0], [34.859375, 415.75], [35.546875, 412.5], [36.234375, 409.5], [36.96875, 404.75], [37.65625, 399.5], [38.359375, 396.5], [39.046875, 392.5], [39.734375, 387.5], [40.421875, 384.25], [41.109375, 382.25], [41.796875, 379.0], [42.515625, 377.0], [43.203125, 375.25], [43.90625, 370.75], [44.59375, 369.0], [45.3125, 369.0], [46.0, 368.0], [46.703125, 370.0], [47.390625, 375.5], [48.390625, 382.5], [49.15625, 391.5], [49.921875, 399.0], [50.6875, 405.5], [51.15625, 414.0], [51.84375, 423.0], [53.21875, 444.5], [53.984375, 453.5], [55.390625, 481.5], [56.09375, 496.5], [57.46875, 530.0], [58.171875, 541.0], [59.625, 2165.5], [60.328125, 2147.5], [62.4375, 2203.75], [63.140625, 2199.25], [63.84375, 2203.0], [64.546875, 2212.5], [65.15625, 2233.5], [65.828125, 2268.0], [68.609375, 15180.0], [69.296875, 15154.5], [69.984375, 15126.5], [70.765625, 15101.0], [71.46875, 15080.0], [72.1875, 15059.5], [72.890625, 15038.5], [73.5625, 15024.0], [74.25, 15012.5], [74.953125, 15001.0], [75.640625, 14976.0], [77.03125, 9679.0], [77.734375, 9673.0], [79.15625, 3551.25], [79.859375, 3545.0], [80.5625, 3550.5], [81.265625, 3564.0], [81.890625, 3579.5], [87.4375, 2550.5], [88.125, 2553.5], [97.1875, 1182.0], [98.59375, 1108.0], [99.28125, 1077.0], [99.984375, 1047.0], [100.671875, 1019.0], [102.34375, 958.5], [103.09375, 932.5], [103.84375, 907.5], [104.390625, 883.5], [105.078125, 865.0], [105.78125, 848.5], [106.46875, 831.0], [107.203125, 813.5], [107.90625, 795.0], [108.609375, 780.5], [109.3125, 768.5], [110.015625, 755.0], [110.71875, 739.0], [111.421875, 728.5], [112.125, 720.5], [112.828125, 708.0], [113.53125, 705.5], [114.9375, 671.0], [115.640625, 666.0], [116.34375, 654.5], [117.75, 629.5], [118.296875, 636.0], [118.953125, 634.0], [119.625, 619.0], [120.28125, 602.0], [121.0625, 586.0], [121.75, 581.0], [122.4375, 577.5], [123.125, 564.0], [123.859375, 554.5], [124.546875, 548.0], [125.9375, 525.0], [126.65625, 524.0], [127.34375, 521.5], [128.046875, 516.0], [128.734375, 509.5], [129.4375, 506.0], [130.125, 502.5], [130.828125, 498.5], [131.515625, 497.5], [132.203125, 493.5], [132.890625, 485.0], [133.578125, 481.0], [134.265625, 477.5], [135.0, 473.0], [135.6875, 470.0], [136.390625, 462.0], [137.078125, 458.0], [138.015625, 458.0], [138.765625, 454.0], [139.515625, 448.0], [140.265625, 441.5], [140.84375, 440.5], [141.546875, 437.75], [142.25, 433.75], [142.953125, 434.0], [143.640625, 432.5], [144.328125, 429.0], [145.03125, 423.0], [145.71875, 419.5], [146.46875, 419.0], [147.171875, 417.5], [147.875, 414.5], [148.578125, 411.0], [149.28125, 412.0], [149.984375, 410.0], [150.6875, 407.0], [151.390625, 406.5], [152.109375, 403.0], [152.8125, 399.5], [153.515625, 399.5], [154.21875, 400.0], [154.890625, 395.5], [155.578125, 393.0], [156.28125, 392.0], [156.96875, 391.5], [157.6875, 391.5], [158.375, 389.0], [159.078125, 388.0], [159.765625, 390.0], [160.5, 391.0], [161.203125, 390.0], [161.90625, 388.5], [162.609375, 387.5], [163.296875, 386.0], [163.984375, 384.5], [164.6875, 386.0], [165.375, 388.0], [166.125, 386.5], [166.828125, 384.5], [167.53125, 385.0], [168.234375, 384.5], [168.921875, 384.5], [169.609375, 384.0], [170.3125, 384.5], [171.0, 386.0], [171.75, 386.0], [172.453125, 386.5], [173.15625, 386.5], [173.859375, 389.0], [174.5, 389.5], [175.1875, 389.0], [175.875, 389.5], [176.5625, 390.0], [177.328125, 391.5], [178.03125, 392.0], [178.734375, 393.0], [179.4375, 394.0], [-179.859375, 396.0], [-179.15625, 396.0], [-178.453125, 395.0], [-177.75, 398.0], [-177.078125, 401.5], [-176.390625, 403.0], [-175.6875, 403.5], [-175.0, 404.5], [-174.265625, 406.0], [-173.5625, 408.5], [-172.859375, 414.0], [-172.15625, 418.0], [-171.46875, 419.0], [-170.78125, 422.5], [-170.078125, 423.5], [-169.390625, 422.0], [-168.46875, 425.0], [-167.71875, 430.0], [-166.96875, 433.0], [-166.21875, 436.5], [-165.625, 438.5], [-164.921875, 439.0], [-164.203125, 441.0], [-163.5, 442.5], [-162.8125, 445.0], [-162.109375, 450.5], [-161.40625, 454.5], [-160.703125, 458.5], [-159.953125, 464.0], [-159.25, 466.5], [-158.53125, 468.5], [-157.828125, 471.0], [-157.140625, 476.0], [-156.4375, 481.0], [-155.734375, 486.0], [-155.03125, 494.5], [-154.296875, 498.0], [-153.59375, 499.5], [-152.875, 509.0], [-152.171875, 516.0], [-151.515625, 517.0], [-150.828125, 521.5], [-150.125, 532.5], [-149.4375, 538.25], [-148.671875, 540.75], [-147.25, 570.0], [-146.546875, 572.5], [-145.859375, 575.5], [-145.15625, 584.0], [-144.453125, 599.0], [-143.75, 615.0], [-143.046875, 627.0], [-142.34375, 626.5], [-141.640625, 630.5], [-140.9375, 640.0], [-140.203125, 643.5], [-138.078125, 686.0], [-137.375, 692.0], [-131.875, 430.0], [-130.53125, 403.0], [-129.078125, 378.5], [-128.390625, 368.5], [-127.0, 348.5], [-126.265625, 340.5], [-124.859375, 321.75], [-122.75, 284.25], [-122.046875, 277.75], [-121.34375, 272.5], [-120.65625, 266.5], [-119.96875, 261.0], [-119.265625, 257.25], [-118.578125, 252.75], [-117.859375, 247.0], [-117.171875, 242.0], [-116.46875, 237.5], [-115.78125, 233.5], [-115.046875, 229.5], [-113.640625, 219.0], [-112.9375, 216.5], [-112.265625, 214.5], [-111.578125, 211.5], [-110.875, 208.0], [-110.1875, 204.5], [-109.46875, 200.0], [-108.78125, 198.0], [-108.078125, 196.5], [-107.390625, 194.5], [-106.65625, 192.5], [-105.953125, 189.0], [-105.25, 186.5], [-104.546875, 185.0], [-103.859375, 183.0], [-103.171875, 181.0], [-102.46875, 179.5], [-101.78125, 177.0], [-101.0625, 174.0], [-100.375, 173.0], [-99.671875, 172.0], [-98.984375, 171.5], [-98.15625, 170.5], [-97.4375, 168.5], [-96.703125, 168.0], [-95.984375, 167.0], [-95.34375, 164.5], [-94.640625, 162.5], [-93.9375, 162.5], [-93.234375, 161.5], [-92.546875, 159.5], [-91.859375, 158.5], [-91.15625, 158.0], [-90.46875, 157.5], [-89.734375, 156.0], [-89.03125, 155.0], [-88.328125, 155.5], [-87.625, 155.0], [-86.921875, 153.5], [-86.21875, 152.5], [-85.515625, 151.5], [-84.8125, 151.0], [-84.109375, 151.0], [-83.40625, 151.0], [-82.703125, 149.5], [-82.0, 149.5], [-81.3125, 149.5], [-80.625, 148.0], [-79.921875, 147.5], [-79.234375, 147.0], [-78.46875, 147.5], [-77.765625, 147.5], [-77.046875, 147.5], [-76.34375, 147.75], [-75.65625, 145.5], [-74.953125, 