{"heading": -8.5, "target": 39.03633954652963, "gap_dist": 575.9481689597573, "gap_info": [{"width": 542.604812648257, "center_angle": -55.88664988640536, "edge_a": [-56.21875, 775.5], "edge_b": [-54.78125, 233.0], "depth": 775.5, "passable": true, "chosen": false}, {"width": 575.9481689597573, "center_angle": 39.03633954652963, "edge_a": [35.546875, 224.5], "edge_b": [40.015625, 799.5], "depth": 799.5, "passable": true, "chosen": true}], "scan": [[-3.859375, 163.5], [-3.125, 162.5], [-2.375, 162.5], [-1.640625, 163.5], [-0.875, 163.5], [-0.140625, 163.0], [0.609375, 163.5], [1.34375, 164.0], [2.109375, 164.0], [2.84375, 165.0], [3.59375, 167.5], [4.328125, 169.5], [5.09375, 170.0], [5.828125, 169.5], [6.578125, 170.0], [7.3125, 171.5], [8.078125, 172.0], [8.8125, 172.0], [9.5625, 172.0], [10.296875, 172.0], [11.1875, 173.0], [11.953125, 174.0], [12.734375, 173.5], [13.5, 174.5], [14.1875, 176.0], [14.9375, 176.0], [15.6875, 176.0], [16.4375, 177.0], [17.1875, 178.5], [17.9375, 179.5], [18.6875, 180.5], [19.4375, 181.0], [20.1875, 181.5], [20.9375, 182.0], [21.6875, 184.0], [22.4375, 186.0], [23.203125, 187.0], [23.953125, 188.5], [24.703125, 190.0], [25.453125, 190.5], [26.203125, 191.5], [26.953125, 194.5], [27.703125, 195.0], [28.453125, 194.5], [28.9375, 197.0], [29.609375, 199.5], [30.296875, 201.0], [30.96875, 203.5], [31.90625, 207.0], [32.640625, 210.0], [33.390625, 212.5], [34.125, 212.5], [35.546875, 224.5], [37.0, 836.0], [37.796875, 829.5], [38.53125, 820.0], [39.28125, 807.5], [40.015625, 799.5], [40.765625, 794.5], [41.5, 786.5], [42.25, 776.0], [42.984375, 768.0], [43.71875, 758.0], [44.453125, 747.5], [45.1875, 740.0], [45.921875, 732.0], [46.953125, 723.5], [47.75, 716.0], [48.5625, 708.0], [49.359375, 698.0], [49.921875, 694.0], [50.65625, 691.5], [51.40625, 689.5], [52.140625, 686.5], [52.921875, 686.5], [53.671875, 697.5], [54.421875, 696.5], [55.171875, 686.5], [56.671875, 647.5], [57.421875, 640.0], [58.171875, 642.0], [58.9375, 648.5], [59.6875, 652.5], [60.4375, 649.0], [61.921875, 613.0], [62.65625, 614.0], [63.40625, 619.5], [64.140625, 613.0], [64.765625, 603.0], [65.46875, 594.0], [66.1875, 591.0], [66.890625, 592.0], [67.734375, 590.5], [68.46875, 586.5], [69.21875, 582.0], [69.953125, 580.25], [70.6875, 578.25], [71.421875, 576.0], [72.15625, 575.0], [72.890625, 574.5], [73.65625, 572.5], [74.390625, 569.0], [75.140625, 568.5], [75.875, 567.5], [76.65625, 567.0], [77.40625, 566.0], [78.15625, 563.0], [78.90625, 561.5], [79.609375, 561.0], [80.34375, 560.0], [81.078125, 560.0], [81.8125, 560.0], [82.453125, 559.5], [83.15625, 559.5], [83.875, 558.5], [84.578125, 559.5], [85.40625, 560.5], [86.140625, 560.0], [86.875, 559.75], [87.609375, 560.25], [88.375, 562.0], [89.109375, 562.0], [89.859375, 562.5], [90.59375, 563.75], [91.3125, 564.25], [92.046875, 566.0], [92.78125, 567.5], [93.515625, 568.75], [94.265625, 569.75], [95.0, 571.25], [95.734375, 574.75], [96.46875, 580.0], [97.21875, 582.5], [97.953125, 583.5], [98.6875, 585.0], [99.421875, 586.5], [100.3125, 588.5], [101.078125, 591.0], [101.859375, 594.0], [102.625, 597.0], [103.28125, 600.0], [104.015625, 602.5], [104.765625, 605.5], [105.5, 608.0], [106.25, 610.5], [106.984375, 614.5], [107.734375, 619.0], [108.46875, 622.0], [109.21875, 624.5], [109.953125, 625.5], [110.703125, 629.5], [111.4375, 638.0], [112.1875, 642.5], [112.921875, 644.0], [113.671875, 648.5], [114.40625, 654.0], [115.15625, 660.0], [115.890625, 666.5], [116.640625, 673.5], [117.375, 680.0], [117.90625, 684.5], [118.59375, 689.5], [119.28125, 695.0], [119.96875, 705.0], [120.8125, 715.5], [122.265625, 2407.0], [123.75, 2776.5], [125.953125, 4232.5], [128.890625, 3139.5], [131.0625, 2961.5], [133.28125, 4335.0], [143.015625, 4378.0], [143.75, 4366.0], [148.9375, 2893.5], [149.671875, 2879.5], [150.4375, 2882.0], [151.921875, 2747.5], [152.65625, 2724.5], [153.390625, 2720.0], [154.125, 2719.5], [154.859375, 2718.5], [161.421875, 14590.5], [162.140625, 14542.5], [162.875, 14512.5], [163.609375, 14499.5], [164.34375, 14469.0], [165.09375, 14443.0], [165.828125, 14422.5], [166.5625, 14400.0], [167.296875, 14379.0], [168.046875, 14359.5], [168.78125, 14346.0], [169.515625, 14335.5], [173.125, 10798.5], [173.84375, 10774.0], [175.28125, 4746.5], [176.78125, 2897.0], [177.515625, 2896.0], [-171.5, 1961.5], [-170.765625, 1943.5], [-170.03125, 1960.5], [-164.71875, 1530.5], [-163.984375, 1487.0], [-163.25, 1462.0], [-161.78125, 1230.0], [-161.046875, 1200.5], [-160.3125, 1169.5], [-159.5625, 1139.5], [-158.828125, 1112.5], [-158.09375, 1086.0], [-157.359375, 1062.0], [-156.609375, 1042.5], [-155.875, 1023.0], [-155.140625, 1001.5], [-154.40625, 983.5], [-153.640625, 965.5], [-152.90625, 946.0], [-152.15625, 930.5], [-151.421875, 916.5], [-150.765625, 903.0], [-150.046875, 892.0], [-149.328125, 880.0], [-148.609375, 867.5], [-147.828125, 858.0], [-147.09375, 844.0], [-146.359375, 838.0], [-145.625, 831.5], [-144.890625, 823.5], [-144.15625, 818.5], [-143.421875, 804.5], [-142.6875, 795.0], [-141.953125, 787.5], [-141.21875, 771.0], [-140.484375, 759.5], [-139.75, 757.5], [-139.015625, 752.5], [-138.28125, 744.5], [-137.546875, 734.5], [-136.8125, 726.0], [-136.046875, 718.5], [-135.3125, 710.5], [-134.5625, 705.5], [-133.828125, 699.5], [-133.28125, 693.5], [-132.59375, 687.0], [-131.90625, 678.0], [-131.21875, 673.0], [-130.390625, 665.0], [-129.671875, 654.0], [-128.953125, 653.5], [-128.234375, 649.0], [-127.484375, 636.5], [-126.765625, 633.5], [-126.03125, 631.5], [-125.3125, 625.5], [-124.546875, 621.5], [-123.8125, 618.0], [-123.078125, 615.0], [-122.34375, 612.0], [-121.640625, 603.5], [-120.921875, 595.0], [-120.1875, 589.5], [-119.46875, 587.5], [-118.734375, 589.0], [-118.015625, 584.0], [-117.28125, 580.5], [-116.5625, 579.0], [-115.84375, 574.0], [-115.125, 569.5], [-114.40625, 565.5], [-113.6875, 565.0], [-112.953125, 562.5], [-112.234375, 561.0], [-111.515625, 561.5], [-110.796875, 557.5], [-110.046875, 553.5], [-109.328125, 554.5], [-108.59375, 556.0], [-107.875, 553.0], [-107.140625, 548.0], [-106.421875, 545.5], [-105.6875, 548.5], [-104.96875, 547.5], [-104.25, 546.5], [-103.53125, 544.0], [-102.8125, 542.0], [-102.09375, 545.0], [-101.3125, 541.5], [-100.578125, 540.0], [-99.84375, 540.0], [-99.109375, 540.5], [-98.40625, 543.75], [-97.6875, 545.5], [-96.953125, 545.5], [-96.234375, 542.5], [-95.453125, 542.0], [-94.71875, 544.5], [-93.984375, 547.5], [-93.25, 550.5], [-92.546875, 551.0], [-91.828125, 547.5], [-91.09375, 550.5], [-90.375, 556.0], [-89.640625, 556.5], [-88.921875, 558.5], [-88.1875, 560.0], [-87.46875, 561.5], [-86.703125, 563.5], [-85.96875, 565.0], [-85.234375, 567.5], [-84.5, 571.0], [-83.796875, 572.0], [-83.078125, 573.0], [-82.34375, 577.5], [-81.625, 586.5], [-80.890625, 586.5], [-80.171875, 587.0], [-79.4375, 596.0], [-78.71875, 597.5], [-78.015625, 599.5], [-77.296875, 606.5], [-76.578125, 610.5], [-75.859375, 615.5], [-75.09375, 622.0], [-74.375, 620.5], [-73.640625, 622.5], [-72.921875, 628.0], [-72.1875, 630.5], [-71.46875, 637.0], [-70.734375, 644.5], [-70.015625, 649.5], [-69.28125, 655.0], [-68.5625, 666.5], [-67.828125, 673.5], [-67.109375, 674.0], [-66.359375, 680.5], [-65.640625, 693.5], [-64.90625, 703.5], [-64.1875, 706.5], [-63.46875, 709.5], [-62.75, 710.0], [-62.03125, 710.5], [-61.3125, 717.0], [-60.578125, 725.5], [-59.859375, 737.5], [-59.140625, 749.5], [-58.421875, 754.5], [-57.671875, 760.0], [-56.953125, 767.5], [-56.21875, 775.5], [-54.78125, 233.0], [-54.0625, 232.0], [-53.34375, 229.0], [-52.625, 224.5], [-51.859375, 222.5], [-51.140625, 220.0], [-50.40625, 217.0], [-49.6875, 215.0], [-48.953125, 213.5], [-48.234375, 210.5], [-47.5, 206.5], [-46.78125, 204.5], [-46.046875, 202.5], [-45.328125, 201.0], [-44.59375, 199.0], [-43.875, 196.5], [-43.15625, 195.0], [-42.4375, 193.0], [-41.71875, 191.5], [-41.0, 190.0], [-40.25, 188.0], [-39.53125, 186.5], [-38.796875, 185.5], [-38.078125, 184.0], [-37.34375, 182.0], [-36.625, 181.0], 