{"heading": 20.5, "target": -0.4167517229133931, "gap_dist": 651.1974152935217, "gap_info": [{"width": 651.1974152935217, "center_angle": -0.4167517229133931, "edge_a": [-10, 784.5], "edge_b": [36, 220.0], "depth": 784.5, "passable": true, "chosen": true}, {"width": 75.38782267435559, "center_angle": 38.4027454665033, "edge_a": [36, 220.0], "edge_b": [42, 147.0], "depth": 220.0, "passable": false, "chosen": false}, {"width": 273.1620544584984, "center_angle": 98.73653363265882, "edge_a": [95, 411.5], "edge_b": [101, 679.0], "depth": 679.0, "passable": true, "chosen": false}], "scan": [[-2, 912.5], [0, 926.0], [1, 917.5], [2, 913.0], [3, 905.0], [4, 901.0], [5, 894.5], [6, 890.5], [7, 885.5], [8, 882.0], [9, 874.0], [10, 870.0], [11, 867.0], [12, 860.5], [13, 859.5], [14, 855.5], [15, 854.0], [16, 849.0], [17, 847.5], [20, 837.5], [21, 836.0], [22, 836.0], [23, 836.0], [24, 837.5], [25, 836.5], [26, 838.0], [27, 838.5], [28, 840.5], [29, 842.5], [30, 846.5], [31, 848.0], [32, 849.5], [36, 220.0], [42, 147.0], [43, 143.5], [44, 145.5], [45, 146.5], [46, 146.0], [47, 146.5], [48, 147.0], [49, 148.5], [50, 149.0], [51, 148.5], [52, 152.0], [53, 152.5], [55, 156.5], [56, 156.5], [57, 158.0], [58, 160.0], [59, 160.5], [60, 163.0], [61, 165.5], [62, 167.0], [63, 168.0], [64, 171.5], [65, 174.5], [66, 176.0], [67, 178.5], [68, 182.5], [69, 186.0], [70, 189.5], [71, 193.0], [72, 196.0], [73, 198.5], [74, 201.0], [75, 207.0], [76, 210.0], [77, 216.0], [78, 221.0], [79, 228.5], [80, 232.5], [81, 241.5], [82, 245.5], [83, 256.5], [84, 262.5], [85, 273.0], [86, 278.5], [87, 293.0], [88, 299.5], [90, 322.0], [91, 339.0], [92, 348.5], [95, 411.5], [101, 679.0], [102, 683.5], [103, 682.5], [104, 683.5], [105, 687.0], [106, 687.0], [107, 686.5], [108, 685.0], [109, 683.0], [110, 676.0], [111, 679.0], [112, 675.0], [113, 677.0], [114, 678.0], [115, 679.0], [116, 680.0], [117, 681.0], [118, 683.5], [119, 684.0], [120, 684.0], [121, 686.5], [122, 689.0], [123, 690.5], [124, 692.0], [125, 693.5], [126, 695.0], [127, 698.5], [128, 705.5], [129, 709.5], [130, 711.5], [131, 715.0], [132, 723.0], [133, 726.5], [134, 734.5], [135, 738.0], [136, 744.5], [137, 748.5], [138, 760.5], [139, 756.5], [140, 749.0], [141, 745.5], [142, 754.25], [143, 765.5], [144, 770.5], [145, 773.5], [146, 784.0], [147, 789.0], [148, 802.0], [149, 805.0], [150, 818.5], [151, 827.0], [152, 842.5], [153, 849.5], [154, 857.0], [155, 874.0], [156, 896.0], [157, 907.0], [162, 4382.0], [163, 4501.5], [171, 1432.5], [172, 1434.5], [173, 1439.5], [174, 1452.5], [175, 1456.0], [176, 1477.5], [177, 1479.0], [178, 1462.0], [179, 1456.5], [-180, 1486.0], [-179, 1496.0], [-177, 1621.5], [-173, 2090.5], [-167, 14727.0], [-166, 14704.5], [-165, 14654.5], [-164, 14631.0], [-163, 14589.5], [-162, 14572.0], [-157, 7379.5], [-144, 2123.0], [-135, 1132.0], [-133, 1037.5], [-131, 959.0], [-130, 915.0], [-129, 896.5], [-128, 857.5], [-127, 840.5], [-126, 806.0], [-125, 797.5], [-124, 780.0], [-123, 776.0], [-121, 748.5], [-118, 696.0], [-117, 680.5], [-116, 673.5], [-114, 636.5], [-112, 605.75], [-111, 592.75], [-110, 588.5], [-109, 586.0], [-108, 570.0], [-107, 560.0], [-105, 549.5], [-104, 529.0], [-103, 522.0], [-102, 522.5], [-100, 499.5], [-99, 499.5], [-98, 492.5], [-97, 482.0], [-96, 478.5], [-95, 475.5], [-94, 472.5], [-93, 464.0], [-92, 460.5], [-91, 458.5], [-90, 454.0], [-89, 449.0], [-88, 446.0], [-87, 442.5], [-86, 435.0], [-85, 435.0], [-84, 431.5], [-83, 429.0], [-82, 424.5], [-81, 427.0], [-80, 423.0], [-79, 420.0], [-78, 417.5], [-77, 416.5], [-76, 414.5], [-75, 413.0], [-74, 413.0], [-73, 412.5], [-72, 414.5], [-71, 411.25], [-70, 409.75], [-69, 408.5], [-68, 409.0], [-67, 409.5], [-66, 412.0], [-65, 411.5], [-64, 411.0], [-63, 412.0], [-62, 413.5], [-61, 413.0], [-60, 414.5], [-59, 416.0], [-58, 417.0], [-57, 417.0], [-56, 419.0], [-55, 422.0], [-54, 424.5], [-53, 424.0], [-52, 428.5], [-51, 430.0], [-50, 433.0], [-49, 436.0], [-48, 442.0], [-47, 445.0], [-46, 454.0], [-45, 455.0], [-44, 462.0], [-43, 463.5], [-42, 463.0], [-41, 470.5], [-40, 472.25], [-39, 473.5], [-38, 481.75], [-37, 494.5], [-36, 498.0], [-35, 504.5], [-34, 507.5], [-32, 517.0], [-31, 519.5], [-30, 536.5], [-28, 559.5], [-27, 565.5], [-26, 570.0], [-25, 591.5], [-23, 624.0], [-21, 637.5], [-19, 662.0], [-18, 672.5], [-17, 694.0], [-16, 697.0], [-15, 701.5], [-14, 715.75], [-13, 727.75], [-12, 746.5], [-11, 757.5], [-10, 784.5], [-9, 801.5], [-8, 829.0], [-7, 849.5], [-6, 870.0], [-4, 944.5]]}