{"heading": -281.3, "target": 106.95695965525282, "gap_dist": 264.22560064927814, "gap_info": [{"width": 199.9488214426501, "center_angle": 38.12360714412569, "edge_a": [13, 235.0], "edge_b": [62, 246.5], "depth": 246.5, "passable": false, "chosen": false}, {"width": 264.22560064927814, "center_angle": 106.95695965525282, "edge_a": [85, 258.5], "edge_b": [171, 107.5], "depth": 258.5, "passable": true, "chosen": true}, {"width": 16.628047191877158, "center_angle": 172.6008906255409, "edge_a": [171, 107.5], "edge_b": [174, 123.0], "depth": 123.0, "passable": false, "chosen": false}], "scan": [[-3, 187.5], [-2, 187.5], [-1, 189.5], [0, 190.5], [1, 194.0], [2, 196.5], [3, 202.0], [4, 205.0], [5, 204.5], [7, 214.5], [8, 216.5], [9, 220.0], [10, 225.0], [11, 227.5], [12, 230.0], [13, 235.0], [17, 1190.0], [19, 1169.0], [20, 1209.5], [22, 1126.5], [23, 1127.0], [24, 1125.5], [25, 1122.0], [26, 1116.5], [27, 1115.5], [28, 1115.5], [29, 1116.5], [30, 1114.5], [31, 1127.5], [33, 1266.0], [34, 1267.0], [35, 1263.0], [36, 1259.5], [37, 1256.5], [38, 1255.5], [39, 1250.5], [40, 1250.0], [41, 1248.5], [42, 1248.0], [43, 1246.5], [44, 1245.5], [45, 1246.0], [46, 1246.5], [47, 1248.0], [48, 1250.0], [49, 1252.5], [50, 1235.0], [51, 1234.5], [52, 1237.0], [53, 1262.0], [54, 1268.0], [55, 1299.5], [56, 1302.0], [62, 246.5], [63, 242.5], [64, 243.5], [65, 251.0], [66, 253.0], [67, 253.5], [68, 252.0], [69, 252.0], [70, 251.0], [71, 250.5], [72, 250.5], [73, 251.5], [74, 252.0], [75, 248.5], [76, 245.5], [77, 242.5], [78, 238.0], [79, 239.0], [80, 239.5], [81, 242.5], [82, 243.5], [83, 248.0], [84, 250.5], [85, 258.5], [89, 1793.0], [90, 1839.0], [91, 1862.5], [92, 1913.5], [93, 1941.5], [94, 1969.0], [95, 2029.5], [96, 2062.0], [97, 2129.5], [98, 2164.5], [99, 2249.0], [100, 2246.5], [101, 2241.0], [102, 2331.5], [103, 2380.0], [104, 2433.5], [105, 2495.5], [107, 2737.0], [108, 2804.5], [109, 2876.5], [110, 3035.0], [112, 3320.0], [122, 2280.5], [123, 2270.5], [126, 6830.5], [128, 2162.5], [129, 2183.0], [130, 2202.5], [131, 2189.0], [132, 2186.0], [133, 2187.0], [134, 2194.5], [135, 2204.0], [136, 2190.5], [137, 2189.5], [138, 2189.0], [139, 2192.0], [140, 2204.5], [141, 2210.5], [142, 2226.5], [143, 2238.5], [144, 2247.5], [145, 2257.5], [146, 2261.5], [147, 2275.5], [151, 2321.0], [152, 2341.0], [153, 2299.0], [154, 2306.5], [155, 2350.0], [156, 2397.0], [159, 2438.5], [165, 70.5], [171, 107.5], [174, 123.0], [175, 126.5], [176, 127.75], [177, 126.0], [178, 125.5], [179, 121.25], [180, 119.5], [-175, 69.25], [-169, 75.5], [-168, 75.75], [-165, 1206.5], [-164, 1207.0], [-163, 1214.5], [-161, 980.5], [-160, 983.0], [-159, 982.0], [-158, 986.5], [-156, 3321.5], [-151, 3231.5], [-150, 3212.0], [-149, 3200.5], [-148, 3181.5], [-147, 3175.0], [-146, 3167.5], [-145, 3155.5], [-144, 3150.0], [-143, 3140.0], [-142, 3134.5], [-141, 3126.0], [-140, 3122.5], [-138, 1587.5], [-137, 1569.0], [-136, 1539.5], [-135, 1525.5], [-134, 1513.5], [-133, 1484.0], [-132, 1458.0], [-130, 742.5], [-129, 733.5], [-128, 729.5], [-127, 719.5], [-126, 713.0], [-125, 713.5], [-124, 741.5], [-123, 765.0], [-122, 785.0], [-121, 823.5], [-120, 844.0], [-118, 3258.5], [-117, 3294.0], [-116, 3307.5], [-115, 3338.5], [-114, 3356.0], [-113, 3371.0], [-111, 6111.5], [-110, 6116.0], [-108, 5688.5], [-107, 5566.5], [-106, 5339.5], [-105, 5234.5], [-104, 5034.0], [-103, 4939.0], [-102, 4766.5], [-101, 4683.5], [-100, 4603.0], [-99, 4454.5], [-98, 4386.0], [-97, 4278.0], [-95, 2379.0], [-94, 2358.0], [-91, 4375.5], [-89, 4542.0], [-80, 3127.5], [-79, 3104.5], [-78, 3054.5], [-77, 3031.5], [-76, 2990.0], [-75, 2978.5], [-73, 1733.5], [-72, 1752.5], [-70, 1870.0], [-65, 3602.5], [-64, 3567.5], [-63, 3553.0], [-60, 1687.5], [-59, 1682.5], [-56, 1682.0], [-55, 1703.0], [-54, 1705.25], [-53, 1718.0], [-52, 1764.5], [-50, 1591.5], [-49, 1590.5], [-48, 1581.0], [-47, 1584.5], [-46, 1585.0], [-45, 1580.0], [-44, 1581.5], [-43, 1586.5], [-42, 1596.5], [-41, 1590.5], [-40, 1595.5], [-39, 1560.5], [-37, 1624.0], [-36, 1650.5], [-34, 1720.5], [-33, 1704.5], [-32, 1713.25], [-31, 1723.25], [-29, 233.0], [-28, 229.5], [-27, 226.5], [-26, 223.5], [-25, 221.0], [-24, 214.0], [-23, 210.5], [-22, 205.0], [-20, 190.0], [-19, 188.5], [-18, 184.0], [-17, 182.0], [-16, 180.5], [-15, 177.0], [-14, 175.0], [-13, 172.0], [-11, 167.0], [-10, 166.5], [-9, 161.5], [-8, 159.5], [-7, 163.5], [-6, 163.0], [-5, 163.0], [-4, 162.0]]}