{"heading": 108.4, "target": -51.189050853372706, "gap_dist": 397.427893000805, "gap_info": [{"width": 228.56567062812218, "center_angle": -135.3695510299858, "edge_a": [-137, 440.0], "edge_b": [-132, 213.0], "depth": 440.0, "passable": false, "chosen": false}, {"width": 397.427893000805, "center_angle": -51.189050853372706, "edge_a": [-83, 374.0], "edge_b": [0, 253.0], "depth": 374.0, "passable": true, "chosen": true}], "scan": [[-4, 958.5], [-3, 993.5], [-2, 981.5], [0, 253.0], [1, 250.0], [2, 245.5], [3, 242.0], [4, 239.0], [5, 236.0], [6, 230.0], [7, 227.5], [8, 224.5], [9, 221.5], [10, 220.0], [11, 217.0], [12, 214.5], [13, 212.0], [14, 210.5], [15, 206.0], [16, 204.5], [17, 203.0], [18, 202.5], [19, 201.5], [20, 199.0], [21, 198.5], [22, 195.0], [23, 194.0], [24, 194.0], [25, 192.5], [26, 192.5], [27, 190.5], [28, 188.5], [29, 188.5], [30, 187.0], [31, 186.5], [32, 186.0], [33, 185.5], [34, 184.0], [35, 184.5], [36, 182.5], [37, 183.0], [38, 183.5], [39, 178.5], [40, 178.0], [41, 178.5], [42, 177.0], [43, 176.0], [44, 177.0], [45, 180.0], [46, 181.5], [47, 183.5], [48, 184.0], [49, 183.5], [50, 183.0], [51, 185.0], [52, 185.5], [53, 185.0], [54, 184.5], [55, 185.5], [56, 187.0], [57, 188.0], [58, 188.5], [59, 188.5], [60, 190.5], [61, 193.0], [62, 193.5], [63, 194.5], [64, 196.0], [65, 197.5], [66, 199.5], [67, 199.5], [68, 202.0], [69, 203.5], [70, 205.5], [71, 207.0], [72, 208.5], [73, 213.0], [74, 215.5], [75, 218.0], [76, 220.0], [77, 223.0], [79, 838.5], [80, 828.5], [81, 810.5], [82, 778.5], [83, 765.0], [84, 743.5], [85, 734.0], [86, 714.0], [87, 705.0], [88, 696.5], [89, 683.5], [90, 683.0], [91, 684.5], [92, 702.0], [93, 712.5], [94, 722.5], [95, 738.0], [96, 750.0], [97, 775.75], [98, 787.5], [99, 816.0], [100, 833.0], [101, 850.0], [102, 864.0], [103, 897.5], [105, 1460.0], [106, 1496.0], [107, 1534.0], [108, 1617.0], [109, 1659.5], [110, 1759.5], [121, 517.5], [122, 516.0], [123, 515.0], [124, 513.0], [125, 511.5], [126, 511.0], [127, 510.5], [128, 511.0], [129, 511.0], [130, 511.0], [131, 510.5], [132, 511.5], [133, 511.0], [134, 511.5], [135, 513.5], [136, 513.0], [137, 513.5], [138, 516.0], [139, 516.5], [140, 519.0], [141, 520.0], [142, 522.5], [143, 526.0], [145, 2278.0], [146, 2281.0], [147, 2293.5], [148, 2301.5], [153, 1158.5], [154, 1150.0], [155, 1154.5], [158, 988.5], [160, 909.5], [161, 867.0], [162, 849.5], [163, 832.0], [164, 799.0], [165, 782.0], [166, 758.0], [167, 746.5], [168, 735.75], [169, 714.0], [170, 703.0], [171, 688.0], [172, 677.5], [173, 662.5], [174, 656.0], [175, 655.0], [177, 594.0], [178, 597.0], [179, 602.0], [-178, 582.5], [-177, 579.0], [-175, 527.5], [-174, 517.5], [-173, 511.5], [-172, 506.5], [-171, 496.5], [-170, 492.0], [-169, 489.0], [-168, 484.5], [-167, 482.0], [-166, 478.5], [-165, 473.5], [-164, 472.5], [-163, 465.0], [-162, 462.0], [-161, 460.5], [-160, 455.5], [-159, 454.5], [-158, 451.5], [-157, 450.5], [-156, 450.0], [-155, 446.0], [-154, 444.5], [-153, 443.0], [-152, 442.0], [-151, 442.0], [-150, 439.5], [-149, 439.5], [-148, 440.0], [-147, 439.5], [-146, 437.0], [-145, 437.0], [-144, 438.0], [-143, 438.0], [-142, 438.0], [-141, 438.0], [-140, 440.0], [-139, 447.0], [-138, 444.0], [-137, 440.0], [-132, 213.0], [-131, 208.5], [-130, 210.0], [-129, 210.5], [-128, 210.0], [-127, 212.0], [-126, 212.0], [-125, 212.0], [-124, 214.0], [-123, 216.0], [-122, 218.0], [-121, 218.5], [-120, 220.0], [-119, 221.0], [-118, 222.0], [-117, 224.5], [-116, 225.5], [-115, 227.5], [-114, 230.0], [-113, 231.5], [-112, 234.0], [-111, 236.5], [-110, 237.0], [-109, 241.75], [-108, 243.25], [-107, 247.5], [-106, 250.5], [-105, 255.0], [-104, 257.5], [-103, 259.5], [-102, 260.0], [-101, 262.0], [-100, 271.5], [-99, 275.0], [-98, 279.0], [-97, 284.5], [-96, 288.0], [-95, 290.5], [-94, 297.0], [-93, 301.0], [-92, 309.5], [-91, 315.0], [-90, 324.5], [-89, 329.0], [-88, 334.0], [-87, 344.0], [-86, 349.0], [-85, 355.0], [-84, 368.0], [-83, 374.0], [-81, 809.5], [-80, 825.0], [-79, 862.5], [-78, 882.0], [-77, 921.5], [-76, 944.5], [-74, 1021.5], [-72, 1097.5], [-69, 1216.0], [-67, 1329.5], [-62, 3856.0], [-60, 1897.0], [-59, 1899.0], [-58, 1895.0], [-56, 2784.0], [-53, 725.5], [-52, 721.0], [-51, 720.0], [-50, 719.5], [-49, 717.5], [-48, 717.5], [-47, 720.0], [-46, 721.0], [-45, 722.0], [-44, 727.0], [-43, 726.5], [-42, 727.0], [-41, 729.5], [-40, 730.0], [-39, 733.0], [-38, 734.5], [-37, 735.5], [-36, 737.5], [-35, 741.0], [-34, 742.5], [-33, 746.5], [-32, 748.5], [-31, 750.5], [-25, 1650.0], [-24, 1604.5], [-23, 1559.5], [-22, 1482.0], [-21, 1445.0], [-20, 1409.0], [-19, 1343.5], [-18, 1314.0], [-17, 1261.0], [-16, 1238.0], [-15, 1215.0], [-14, 1171.0], [-13, 1150.0], [-12, 1111.0], [-11, 1094.5], [-10, 1076.5], [-9, 1044.0], [-8, 1028.5], [-7, 1000.5], [-6, 984.5], [-5, 970.0]]}