{"heading": -48.5, "target": -112.15419606005403, "gap_dist": 347.2493414188677, "gap_info": [{"width": 347.2493414188677, "center_angle": -112.15419606005403, "edge_a": [-133.796875, 458.0], "edge_b": [-86.09375, 384.5], "depth": 458.0, "passable": true, "chosen": true}, {"width": 229.06765850799346, "center_angle": -36.06582703356908, "edge_a": [-37.421875, 329.0], "edge_b": [-35.265625, 557.5], "depth": 557.5, "passable": false, "chosen": false}, {"width": 272.1839961140673, "center_angle": 120.01376526106536, "edge_a": [109.0, 480.0], "edge_b": [127.78125, 678.5], "depth": 678.5, "passable": true, "chosen": false}], "scan": [[-3.84375, 198.5], [-3.15625, 200.0], [-1.03125, 198.0], [-0.328125, 200.5], [0.375, 200.5], [1.078125, 196.5], [3.1875, 193.0], [3.890625, 193.5], [5.265625, 184.0], [5.96875, 184.5], [7.390625, 180.5], [8.09375, 181.5], [8.796875, 179.5], [10.375, 168.5], [11.109375, 168.5], [11.859375, 169.0], [12.59375, 168.5], [13.203125, 168.0], [13.90625, 170.0], [14.609375, 170.5], [16.046875, 166.0], [17.46875, 161.0], [18.171875, 161.0], [18.875, 161.5], [19.578125, 161.5], [20.28125, 161.5], [20.984375, 159.0], [21.703125, 157.0], [22.40625, 157.5], [23.109375, 158.5], [23.8125, 158.5], [24.546875, 158.0], [25.25, 157.5], [25.96875, 157.5], [26.671875, 158.0], [27.375, 157.5], [28.078125, 157.0], [28.78125, 157.5], [29.484375, 157.0], [29.921875, 157.0], [30.546875, 157.0], [31.1875, 156.0], [31.8125, 156.0], [32.71875, 155.0], [33.40625, 154.0], [34.109375, 155.0], [34.796875, 155.0], [35.515625, 154.0], [36.203125, 155.0], [36.90625, 156.5], [37.59375, 155.5], [38.3125, 154.0], [39.0, 154.0], [39.703125, 154.0], [40.390625, 154.0], [41.109375, 154.0], [41.796875, 155.0], [42.5, 156.0], [43.1875, 156.5], [43.90625, 157.0], [44.59375, 157.0], [45.296875, 155.5], [45.984375, 155.5], [47.0, 157.0], [47.765625, 157.5], [48.546875, 158.0], [49.3125, 158.0], [49.828125, 158.5], [50.53125, 159.0], [51.234375, 159.0], [51.9375, 158.5], [52.671875, 159.5], [53.375, 161.0], [54.09375, 161.0], [54.796875, 161.5], [55.515625, 163.5], [56.21875, 165.0], [56.9375, 165.5], [57.640625, 166.0], [58.34375, 166.0], [59.046875, 167.0], [59.75, 168.0], [60.453125, 166.5], [61.1875, 166.5], [61.890625, 168.5], [62.609375, 170.0], [63.3125, 171.5], [63.90625, 172.0], [64.578125, 171.5], [65.265625, 173.0], [65.9375, 174.0], [67.421875, 179.5], [68.125, 179.5], [68.828125, 181.0], [69.546875, 183.5], [70.25, 185.0], [70.953125, 185.5], [71.65625, 187.0], [72.359375, 188.5], [73.0625, 190.0], [73.765625, 193.5], [74.46875, 194.5], [75.171875, 193.5], [75.875, 193.0], [76.578125, 195.0], [77.28125, 197.5], [78.015625, 200.5], [78.71875, 205.0], [79.4375, 208.5], [80.140625, 211.0], [80.828125, 214.0], [81.53125, 217.5], [82.234375, 221.0], [82.9375, 224.5], [83.53125, 227.5], [84.203125, 229.0], [84.875, 232.0], [85.546875, 237.0], [86.34375, 239.5], [87.046875, 242.5], [87.75, 245.5], [88.453125, 249.5], [89.140625, 255.5], [89.828125, 259.5], [90.53125, 263.5], [91.21875, 268.0], [91.953125, 272.5], [92.65625, 279.0], [93.359375, 286.0], [94.0625, 291.0], [94.75, 297.0], [95.4375, 304.0], [96.140625, 310.0], [98.21875, 335.0], [98.921875, 336.0], [99.609375, 341.0], [100.515625, 341.0], [101.25, 344.0], [102.734375, 363.0], [104.75, 404.0], [105.453125, 408.5], [106.15625, 415.5], [106.859375, 428.0], [108.265625, 477.5], [109.0, 480.0], [122.078125, 2556.5], [123.59375, 1728.0], [124.296875, 1711.5], [124.984375, 1703.0], [125.703125, 1697.0], [127.78125, 678.5], [128.484375, 670.0], [129.171875, 663.0], [129.875, 657.0], [130.5625, 650.0], [131.28125, 644.0], [131.96875, 637.5], [132.671875, 631.5], [133.359375, 625.5], [134.09375, 619.0], [134.796875, 613.0], [135.5, 607.5], [136.203125, 601.5], [137.109375, 596.0], [137.859375, 590.0], [138.609375, 583.5], [139.359375, 580.0], [139.9375, 578.5], [140.640625, 575.0], [141.34375, 569.5], [142.046875, 566.0], [142.78125, 562.0], [143.484375, 557.0], [144.203125, 554.5], [144.90625, 552.0], [145.609375, 548.0], [146.3125, 545.0], [147.015625, 541.5], [147.71875, 538.5], [148.4375, 535.5], [149.140625, 531.5], [149.84375, 528.0], [150.546875, 525.0], [151.28125, 523.5], [151.984375, 524.5], [152.703125, 525.5], [155.40625, 619.5], [158.25, 1164.0], [158.953125, 1139.5], [159.6875, 1114.0], [160.390625, 1089.0], [161.109375, 1065.5], [161.8125, 1049.5], [162.5, 1042.0], [163.203125, 1044.5], [163.90625, 1052.0], [164.609375, 1060.0], [165.3125, 1068.0], [166.015625, 1076.5], [166.71875, 1085.5], [167.421875, 1096.0], [168.140625, 1107.0], [168.84375, 1115.0], [169.546875, 1124.5], [170.25, 1137.0], [170.953125, 1149.0], [171.65625, 1160.5], [172.359375, 1171.5], [173.0625, 1184.5], [173.75, 1198.0], [174.4375, 1213.5], [175.140625, 1239.0], [175.828125, 1251.5], [176.5625, 1238.0], [177.265625, 1220.5], [177.96875, 1205.0], [178.671875, 1191.5], [179.375, 1180.0], [-179.921875, 1168.5], [-179.21875, 1158.0], [-178.515625, 1147.5], [-177.796875, 1136.0], [-177.09375, 1124.0], [-176.390625, 1115.5], [-175.6875, 1109.0], [-174.984375, 1099.0], [-174.28125, 1089.5], [-173.578125, 1081.5], [-172.875, 1073.0], [-172.171875, 1066.0], [-171.46875, 1059.0], [-170.765625, 1051.5], [-170.0625, 1043.5], [-169.1875, 1036.0], [-168.453125, 1031.0], [-167.703125, 1025.5], [-166.96875, 1017.5], [-166.359375, 1010.5], [-165.65625, 1004.5], [-164.953125, 999.0], [-164.25, 993.0], [-163.53125, 988.5], [-161.421875, 408.0], [-160.703125, 406.0], [-160.0, 403.5], [-159.296875, 404.0], [-158.59375, 405.5], [-157.84375, 407.0], [-157.140625, 408.0], [-156.421875, 408.0], [-155.71875, 408.5], [-155.0, 409.0], [-154.296875, 409.0], [-153.578125, 410.0], [-152.875, 412.5], [-152.1875, 413.5], [-151.484375, 413.0], [-150.78125, 414.0], [-150.078125, 416.0], [-149.390625, 416.5], [-148.703125, 417.5], [-148.0, 419.0], [-147.3125, 420.5], [-146.546875, 422.0], [-145.84375, 423.0], [-145.125, 425.0], [-144.421875, 427.5], [-143.734375, 429.0], [-143.03125, 430.0], [-142.328125, 430.5], [-141.625, 432.5], [-140.890625, 436.0], [-140.1875, 437.5], [-139.46875, 438.5], [-138.765625, 440.0], [-138.0625, 443.0], [-137.359375, 446.5], [-136.65625, 447.5], [-135.953125, 450.0], [-135.21875, 453.0], [-134.515625, 455.0], [-133.796875, 458.0], [-132.546875, 927.5], [-131.890625, 930.0], [-131.21875, 931.0], [-130.5625, 932.5], [-129.734375, 935.0], [-129.03125, 938.5], [-128.328125, 942.0], [-127.625, 943.5], [-126.9375, 946.0], [-126.25, 950.0], [-125.546875, 953.0], [-124.859375, 957.0], [-124.125, 960.5], [-123.421875, 964.5], [-122.71875, 968.5], [-122.015625, 973.5], [-121.3125, 978.0], [-120.609375, 981.5], [-119.90625, 986.5], [-119.203125, 991.0], [-118.5, 997.0], [-117.796875, 1002.5], [-117.09375, 1008.0], [-116.390625, 1015.0], [-115.703125, 1020.0], [-115.015625, 1027.0], [-114.3125, 1035.0], [-113.625, 1040.0], [-112.890625, 1046.0], [-112.1875, 1054.5], [-111.484375, 1062.0], [-110.78125, 1068.0], [-110.09375, 1074.5], [-109.40625, 1083.5], [-108.703125, 1093.0], [-108.015625, 1101.0], [-107.234375, 1108.5], [-106.53125, 1118.0], [-105.8125, 1129.5], [-105.109375, 1139.5], [-104.46875, 1150.5], [-103.78125, 1163.0], [-103.09375, 1174.5], [-102.40625, 1187.0], [-101.671875, 1179.75], [-100.984375, 1154.0], [-100.28125, 1132.25], [-99.59375, 1115.5], [-98.859375, 1102.0], [-98.15625, 1089.0], [-97.453125, 1076.5], [-96.75, 1064.25], [-95.953125, 1051.25], [-95.234375, 1040.75], [-94.5, 1030.25], [-93.78125, 1016.5], [-93.140625, 1005.0], [-92.4375, 996.0], [-91.734375, 986.0], [-91.03125, 976.0], [-90.3125, 968.0], [-89.609375, 963.0], [-88.90625, 967.5], [-88.203125, 983.5], [-87.5, 1002.0], [-86.09375, 384.5], [-85.390625, 384.5], [-84.6875, 381.5], [-83.984375, 379.0], [-83.28125, 376.5], [-82.578125, 372.0], [-81.859375, 368.0], [-81.15625, 365.5], [-80.453125, 361.5], [-79.75, 359.0], [-79.015625, 357.5], [-78.3125, 355.0], [-77.59375, 353.0], [-76.890625, 350.5], [-76.21875, 347.5], [-75.53125, 345.5], [-74.828125, 344.5], 