{"heading": 27.5, "target": -23.876720276319695, "gap_dist": 580.8778461100435, "gap_info": [{"width": 580.8778461100435, "center_angle": -23.876720276319695, "edge_a": [-25.859375, 795.5], "edge_b": [-16.640625, 218.5], "depth": 795.5, "passable": true, "chosen": true}], "scan": [[-3.65625, 197.0], [-2.953125, 196.0], [-2.25, 194.5], [-1.546875, 193.0], [-0.8125, 192.0], [-0.109375, 191.0], [0.609375, 191.0], [2.015625, 186.5], [2.71875, 185.5], [3.421875, 183.0], [4.125, 182.0], [4.859375, 181.5], [5.5625, 180.5], [6.28125, 179.5], [6.984375, 179.5], [7.6875, 179.5], [8.390625, 178.5], [9.09375, 177.0], [9.796875, 176.5], [10.703125, 176.0], [11.453125, 174.5], [12.203125, 173.5], [12.953125, 173.5], [13.578125, 173.5], [14.296875, 172.5], [15.015625, 172.5], [15.734375, 172.0], [16.40625, 172.0], [17.8125, 166.0], [18.515625, 166.0], [19.265625, 164.5], [19.96875, 164.5], [20.6875, 166.0], [21.390625, 166.0], [22.125, 166.0], [22.828125, 166.5], [23.546875, 167.5], [24.25, 166.0], [24.984375, 164.5], [25.6875, 164.0], [26.40625, 162.5], [27.109375, 161.5], [27.859375, 162.0], [28.578125, 164.0], [29.296875, 164.5], [30.015625, 164.5], [30.4375, 165.0], [31.078125, 165.5], [31.71875, 166.5], [32.359375, 168.0], [33.265625, 170.0], [33.96875, 170.0], [34.671875, 169.0], [35.375, 169.5], [36.09375, 170.5], [36.796875, 171.0], [37.5, 171.0], [38.203125, 170.5], [38.921875, 171.0], [39.625, 172.0], [40.328125, 172.0], [41.03125, 172.5], [41.765625, 173.0], [42.46875, 173.5], [43.1875, 175.0], [43.890625, 176.0], [44.578125, 176.5], [45.28125, 177.0], [45.984375, 177.0], [46.6875, 177.5], [47.640625, 179.0], [48.40625, 180.0], [49.171875, 181.0], [49.9375, 182.5], [50.5, 183.5], [51.203125, 183.5], [51.921875, 184.0], [52.625, 185.5], [53.359375, 188.0], [54.0625, 189.0], [54.78125, 189.5], [55.484375, 191.5], [56.21875, 192.5], [56.921875, 193.5], [57.640625, 195.5], [58.34375, 197.0], [59.078125, 196.5], [59.78125, 197.5], [60.5, 200.5], [61.203125, 203.5], [61.9375, 205.0], [62.640625, 205.5], [64.71875, 222.0], [65.40625, 224.0], [66.109375, 227.0], [66.796875, 230.0], [67.546875, 233.0], [68.25, 236.5], [68.953125, 239.0], [69.65625, 242.0], [70.390625, 246.0], [71.09375, 249.5], [71.8125, 253.0], [72.515625, 256.0], [73.25, 257.5], [73.953125, 259.5], [74.671875, 263.5], [75.375, 267.5], [76.09375, 271.0], [76.796875, 274.5], [77.515625, 279.0], [78.21875, 284.5], [78.9375, 289.0], [79.640625, 293.5], [80.359375, 297.5], [81.0625, 302.5], [81.78125, 308.0], [82.484375, 313.0], [83.203125, 319.0], [83.90625, 325.0], [84.5, 331.0], [85.171875, 337.0], [85.859375, 342.0], [86.53125, 349.5], [87.328125, 357.5], [88.03125, 364.25], [88.734375, 372.25], [89.4375, 380.0], [90.140625, 388.0], [91.546875, 409.0], [92.25, 419.0], [93.0, 431.0], [93.703125, 444.0], [94.421875, 456.5], [95.125, 467.5], [96.515625, 461.5], [97.21875, 472.0], [97.921875, 475.5], [98.65625, 472.5], [99.359375, 472.5], [100.078125, 470.0], [100.78125, 464.0], [101.640625, 462.5], [102.375, 460.5], [103.125, 460.0], [103.859375, 461.0], [104.484375, 459.0], [105.1875, 454.0], [105.90625, 450.5], [106.609375, 450.0], [107.34375, 449.0], [108.046875, 449.5], [108.765625, 449.0], [109.46875, 448.5], [110.1875, 448.5], [110.890625, 454.5], [112.3125, 444.5], [113.046875, 439.0], [113.75, 435.5], [114.46875, 436.5], [115.171875, 435.5], [115.890625, 432.5], [116.59375, 432.0], [117.3125, 431.5], [118.015625, 432.0], [118.578125, 434.0], [119.25, 434.0], [119.921875, 434.5], [120.59375, 435.5], [121.40625, 436.0], [122.109375, 434.0], [122.8125, 434.0], [123.515625, 436.0], [124.234375, 436.0], [124.9375, 436.5], [125.640625, 437.0], [126.34375, 438.5], [127.0625, 440.0], [127.765625, 440.5], [128.46875, 441.5], [129.171875, 444.5], [129.890625, 447.0], [130.59375, 445.5], [131.296875, 446.5], [132.0, 447.0], [132.71875, 448.0], [133.421875, 452.5], [134.125, 453.5], [134.828125, 455.0], [135.53125, 454.5], [136.234375, 456.0], [136.9375, 461.5], [137.640625, 463.0], [138.515625, 464.5], [139.25, 467.5], [140.0, 470.0], [140.734375, 472.0], [141.375, 474.5], [142.078125, 476.0], [142.796875, 477.5], [143.5, 481.5], [144.21875, 486.0], [144.921875, 489.0], [145.640625, 490.0], [146.34375, 491.75], [147.078125, 497.25], [147.78125, 499.75], [148.5, 501.25], [149.203125, 506.5], [149.921875, 511.5], [150.625, 517.5], [151.34375, 521.5], [152.046875, 525.75], [152.796875, 530.5], [153.515625, 536.25], [154.234375, 544.0], [154.953125, 548.25], [155.640625, 556.25], [156.34375, 563.25], [157.0625, 566.5], [157.765625, 572.5], [158.484375, 579.0], [159.1875, 586.5], [159.90625, 594.0], [160.609375, 601.0], [161.328125, 610.0], [162.03125, 619.5], [162.75, 626.5], [163.453125, 633.0], [164.203125, 642.0], [164.921875, 651.5], [165.640625, 660.5], [166.359375, 668.5], [167.046875, 679.5], [167.75, 695.5], [169.171875, 751.0], [169.890625, 752.0], [170.59375, 739.0], [171.3125, 735.0], [172.65625, 784.0], [173.34375, 783.5], [174.71875, 814.5], [175.5, 816.0], [176.203125, 825.5], [176.921875, 841.0], [177.625, 862.0], [178.34375, 882.5], [179.046875, 901.5], [179.765625, 923.0], [-179.53125, 945.5], [-178.828125, 968.5], [-178.125, 993.5], [-177.421875, 1018.0], [-176.71875, 1043.5], [-174.5625, 1173.0], [-173.859375, 1198.0], [-173.140625, 1227.0], [-172.4375, 1263.5], [-171.71875, 1298.0], [-158.640625, 2748.5], [-157.9375, 2748.5], [-152.90625, 1014.5], [-152.1875, 1013.5], [-151.46875, 1013.5], [-150.75, 1012.0], [-150.125, 1012.0], [-149.4375, 1010.5], [-146.578125, 319.0], [-145.859375, 315.5], [-145.15625, 316.5], [-144.40625, 317.5], [-143.6875, 317.0], [-142.96875, 318.5], [-142.25, 320.5], [-141.5625, 321.0], [-140.859375, 321.5], [-140.140625, 321.5], [-139.4375, 321.0], [-138.6875, 323.0], [-137.96875, 325.0], [-137.25, 325.0], [-136.53125, 327.0], [-135.859375, 328.5], [-135.15625, 329.5], [-134.453125, 331.5], [-133.75, 332.5], [-133.109375, 334.0], [-132.421875, 335.5], [-131.734375, 335.5], [-131.046875, 337.0], [-130.296875, 339.0], [-129.59375, 340.0], [-128.890625, 342.5], [-128.1875, 345.0], [-127.453125, 347.0], [-126.75, 349.0], [-126.03125, 351.0], [-125.328125, 352.5], [-124.640625, 354.5], [-123.9375, 356.5], [-123.234375, 358.5], [-122.53125, 362.0], [-121.796875, 364.0], [-121.09375, 366.5], [-120.375, 370.0], [-119.671875, 372.5], [-118.953125, 375.5], [-118.25, 378.5], [-117.53125, 382.0], [-116.828125, 385.0], [-116.15625, 388.5], [-115.46875, 392.0], [-114.765625, 396.0], [-114.078125, 400.0], [-113.34375, 402.5], [-112.640625, 407.0], [-111.9375, 411.5], [-111.234375, 416.0], [-110.515625, 421.0], [-109.8125, 427.5], [-109.109375, 432.5], [-108.40625, 435.0], [-107.6875, 440.0], [-106.984375, 447.0], [-106.28125, 457.5], [-105.578125, 470.5], [-104.84375, 481.0], [-104.140625, 488.5], [-103.421875, 495.5], [-102.71875, 502.5], [-102.03125, 509.5], [-101.328125, 517.5], [-100.625, 525.5], [-99.921875, 533.5], [-99.1875, 543.5], [-98.484375, 553.5], [-97.765625, 564.5], [-97.0625, 570.0], [-95.515625, 595.0], [-94.78125, 609.0], [-94.046875, 622.0], [-93.40625, 634.0], [-92.703125, 647.5], [-91.984375, 665.5], [-91.28125, 683.0], [-90.578125, 700.5], [-89.875, 719.0], [-89.171875, 730.0], [-88.46875, 730.0], [-87.71875, 738.5], [-87.015625, 756.0], [-86.296875, 756.5], [-85.59375, 749.0], [-84.875, 749.0], [-84.171875, 751.5], [-83.453125, 742.0], [-82.75, 728.0], [-82.046875, 723.0], [-81.34375, 722.0], [-80.640625, 719.5], [-79.9375, 714.0], [-79.1875, 708.5], [-78.484375, 709.0], [-77.765625, 709.0], [-77.0625, 704.5], [-76.359375, 697.5], [-75.65625, 690.5], [-74.953125, 686.0], [-74.25, 682.5], [-73.515625, 681.0], [-72.8125, 677.0], [-72.09375, 677.0], [-71.390625, 676.5], [-70.65625, 672.0], [-69.953125, 670.0], [-69.234375, 667.0], [-68.53125, 666.0], [-67.828125, 667.5], [-67.125, 667.0], [-66.421875, 663.0], [-65.71875, 661.0], [-64.984375, 659.5], [-64.28125, 654.5], [-63.5625, 652.5], [-62.859375, 651.0], [-62.140625, 649.5], [-61.4375, 651.0], 