{"heading": 6.6, "target": -38.98120496792467, "gap_dist": 303.27146391155435, "gap_info": [{"width": 462.16619142773516, "center_angle": -129.6086624583513, "edge_a": [-130, 727.5], "edge_b": [-128, 177.0], "depth": 727.5, "passable": true, "chosen": false}, {"width": 303.27146391155435, "center_angle": -38.98120496792467, "edge_a": [-66, 328.5], "edge_b": [-5, 267.0], "depth": 328.5, "passable": true, "chosen": true}, {"width": 180.8039889108088, "center_angle": 44.409190530504745, "edge_a": [43, 206.5], "edge_b": [45, 492.5], "depth": 492.5, "passable": false, "chosen": false}, {"width": 68.10821752232523, "center_angle": 152.57586350661404, "edge_a": [151, 568.0], "edge_b": [154, 628.5], "depth": 628.5, "passable": false, "chosen": false}], "scan": [[-3, 270.0], [-2, 266.5], [-1, 261.5], [0, 259.5], [1, 254.0], [2, 252.0], [3, 249.0], [4, 243.5], [5, 241.5], [6, 238.0], [7, 236.0], [8, 231.0], [9, 227.5], [10, 226.0], [11, 225.0], [12, 223.0], [13, 220.5], [14, 217.5], [15, 215.0], [16, 212.0], [17, 211.0], [18, 210.5], [19, 208.5], [20, 206.5], [21, 206.0], [22, 204.0], [23, 203.0], [24, 203.0], [25, 203.0], [26, 200.5], [27, 200.5], [28, 200.0], [29, 198.5], [30, 198.5], [31, 198.0], [32, 198.0], [33, 197.0], [34, 195.5], [35, 194.5], [36, 192.5], [37, 191.0], [38, 192.0], [39, 195.5], [40, 196.5], [41, 197.0], [43, 206.5], [45, 492.5], [46, 493.5], [48, 466.5], [49, 465.0], [50, 457.0], [51, 437.5], [52, 429.5], [54, 413.5], [55, 409.5], [56, 400.5], [57, 399.5], [59, 384.5], [60, 381.5], [61, 376.5], [62, 372.0], [63, 364.0], [64, 362.0], [65, 359.5], [66, 352.0], [67, 352.0], [68, 345.5], [69, 342.5], [70, 340.5], [71, 336.5], [72, 334.0], [73, 334.0], [74, 331.0], [75, 327.5], [76, 324.0], [77, 321.0], [78, 320.0], [79, 319.5], [80, 312.5], [81, 311.5], [82, 310.75], [83, 310.75], [84, 309.25], [85, 310.75], [86, 309.5], [87, 304.75], [88, 307.0], [89, 304.5], [90, 303.5], [91, 305.0], [92, 303.75], [93, 304.75], [94, 306.0], [95, 303.75], [96, 304.0], [97, 303.5], [98, 304.75], [99, 304.5], [100, 306.25], [101, 305.5], [102, 305.5], [103, 306.5], [104, 308.5], [105, 308.25], [106, 311.5], [107, 311.25], [108, 310.5], [109, 313.5], [110, 316.5], [111, 321.5], [112, 321.0], [113, 326.0], [114, 328.5], [115, 328.5], [116, 331.0], [117, 336.5], [118, 339.0], [119, 341.0], [120, 345.5], [121, 347.0], [122, 350.5], [123, 354.5], [125, 367.0], [126, 365.5], [127, 370.75], [128, 376.5], [129, 378.5], [130, 384.5], [131, 388.0], [132, 398.0], [133, 402.5], [134, 406.0], [135, 418.0], [136, 419.0], [137, 426.0], [138, 436.0], [139, 436.5], [140, 451.75], [141, 454.0], [142, 461.0], [143, 473.75], [145, 503.5], [146, 512.0], [147, 515.0], [148, 525.0], [150, 562.0], [151, 568.0], [154, 628.5], [155, 658.0], [156, 667.0], [157, 697.0], [158, 716.5], [159, 734.0], [160, 752.5], [161, 772.0], [163, 840.0], [164, 861.5], [165, 914.0], [179, 1239.5], [180, 1242.0], [-179, 1244.0], [-178, 1246.5], [-177, 1249.5], [-176, 1254.0], [-175, 1257.0], [-174, 1260.0], [-173, 1266.5], [-168, 585.0], [-167, 587.5], [-166, 590.0], [-165, 592.0], [-164, 593.5], [-163, 596.5], [-162, 599.5], [-161, 602.0], [-160, 605.5], [-159, 607.5], [-158, 613.5], [-157, 615.5], [-156, 618.5], [-155, 628.0], [-154, 631.5], [-153, 635.0], [-152, 645.0], [-151, 648.5], [-150, 658.0], [-149, 663.0], [-148, 666.5], [-147, 677.5], [-146, 683.0], [-145, 698.0], [-144, 705.5], [-143, 716.0], [-142, 733.0], [-141, 728.5], [-140, 726.0], [-139, 723.5], [-138, 721.0], [-137, 718.5], [-136, 716.5], [-135, 719.5], [-134, 722.0], [-133, 723.5], [-132, 726.0], [-131, 729.0], [-130, 727.5], [-128, 177.0], [-127, 172.5], [-126, 173.0], [-125, 172.0], [-124, 167.5], [-123, 168.0], [-122, 168.0], [-121, 168.0], [-120, 169.0], [-119, 170.0], [-118, 170.5], [-117, 172.0], [-116, 175.5], [-115, 175.5], [-114, 174.5], [-113, 175.0], [-112, 175.0], [-111, 176.5], [-110, 177.0], [-109, 177.5], [-108, 178.5], [-107, 178.5], [-106, 181.0], [-105, 182.0], [-104, 184.0], [-103, 185.5], [-102, 186.5], [-101, 189.0], [-100, 190.5], [-99, 192.0], [-98, 192.0], [-97, 193.0], [-96, 197.0], [-95, 199.0], [-94, 201.5], [-93, 202.5], [-92, 204.5], [-91, 208.0], [-90, 209.5], [-89, 213.5], [-88, 216.5], [-87, 219.0], [-86, 222.0], [-85, 223.0], [-84, 228.0], [-83, 231.0], [-82, 235.0], [-81, 242.0], [-80, 244.5], [-79, 251.0], [-78, 254.0], [-77, 258.0], [-76, 264.0], [-75, 266.5], [-74, 274.0], [-73, 277.5], [-72, 282.0], [-71, 291.0], [-70, 296.5], [-69, 307.5], [-68, 312.0], [-67, 317.5], [-66, 328.5], [-64, 838.5], [-63, 843.0], [-62, 846.5], [-61, 855.5], [-60, 860.0], [-59, 869.0], [-58, 875.0], [-57, 885.5], [-56, 891.5], [-55, 897.0], [-54, 909.5], [-53, 916.0], [-52, 922.5], [-51, 939.0], [-50, 950.0], [-49, 964.0], [-48, 972.5], [-47, 999.0], [-46, 1009.5], [-45, 1015.0], [-44, 1022.5], [-43, 1031.0], [-42, 1051.0], [-41, 1060.0], [-40, 1070.0], [-39, 1096.0], [-38, 1108.5], [-37, 1133.5], [-36, 1147.0], [-35, 1160.0], [-34, 1190.5], [-32, 2093.0], [-26, 6302.5], [-24, 1377.0], [-23, 1349.0], [-22, 1352.0], [-21, 1368.5], [-16, 8176.5], [-9, 11325.0], [-7, 15194.5], [-5, 267.0]]}