{"heading": 17.0, "target": -19.274280984564523, "gap_dist": 531.3468671942173, "gap_info": [{"width": 531.3468671942173, "center_angle": -19.274280984564523, "edge_a": [-21, 786.0], "edge_b": [-14, 257.5], "depth": 786.0, "passable": true, "chosen": true}], "scan": [[-4, 222.0], [-3, 220.5], [-2, 234.5], [-1, 230.5], [0, 229.5], [1, 227.0], [2, 226.0], [3, 222.5], [4, 221.5], [5, 221.0], [6, 218.5], [7, 217.5], [8, 214.5], [9, 213.5], [10, 212.5], [11, 212.0], [12, 211.0], [13, 208.0], [14, 207.0], [15, 207.0], [16, 206.5], [17, 205.0], [18, 204.5], [19, 204.5], [20, 202.5], [21, 203.0], [22, 203.0], [23, 202.0], [24, 202.5], [25, 199.0], [26, 198.0], [27, 199.0], [28, 198.5], [29, 197.0], [30, 197.5], [31, 199.0], [32, 200.5], [33, 201.5], [34, 202.0], [35, 202.5], [36, 201.5], [37, 202.5], [38, 203.5], [39, 204.0], [40, 205.5], [41, 205.0], [42, 206.5], [43, 206.5], [44, 207.5], [45, 209.0], [46, 210.5], [47, 211.5], [48, 211.5], [49, 214.0], [50, 221.0], [52, 209.0], [53, 202.5], [54, 201.5], [55, 201.5], [56, 206.0], [57, 207.0], [58, 208.0], [59, 211.0], [60, 212.0], [61, 218.0], [62, 219.5], [63, 221.0], [64, 223.5], [65, 226.0], [66, 231.0], [67, 233.5], [68, 239.0], [69, 240.5], [70, 246.0], [71, 249.0], [72, 253.0], [73, 259.5], [74, 263.5], [75, 269.5], [76, 272.5], [77, 280.0], [78, 283.0], [79, 288.5], [80, 297.0], [81, 301.5], [82, 311.5], [83, 318.0], [84, 327.5], [85, 334.0], [86, 346.5], [87, 354.0], [88, 362.0], [89, 375.5], [90, 385.5], [91, 402.75], [92, 413.25], [94, 511.0], [95, 511.0], [96, 510.0], [97, 502.5], [98, 501.5], [99, 495.5], [100, 495.0], [101, 493.5], [102, 489.5], [103, 487.5], [104, 483.5], [105, 482.0], [106, 481.0], [107, 478.5], [108, 477.5], [109, 476.0], [110, 474.0], [111, 473.0], [112, 469.5], [113, 469.0], [114, 468.0], [115, 469.5], [116, 465.5], [117, 464.0], [118, 464.5], [119, 463.5], [120, 463.0], [121, 465.0], [122, 464.5], [123, 462.5], [124, 462.5], [125, 463.5], [126, 464.5], [127, 465.5], [128, 466.5], [129, 466.5], [130, 469.5], [131, 470.0], [132, 469.5], [133, 475.5], [134, 477.5], [135, 482.5], [136, 479.5], [137, 477.5], [138, 480.0], [139, 479.0], [140, 480.5], [141, 486.0], [142, 494.0], [143, 506.5], [144, 505.0], [145, 504.0], [146, 499.0], [147, 504.0], [149, 525.0], [150, 537.0], [151, 539.0], [152, 533.0], [154, 573.0], [155, 571.5], [156, 561.5], [157, 565.5], [158, 571.0], [159, 581.5], [160, 589.0], [161, 601.5], [162, 611.5], [163, 619.0], [164, 630.5], [165, 641.5], [166, 655.5], [167, 661.75], [168, 683.5], [169, 687.0], [170, 694.5], [171, 710.5], [172, 721.5], [173, 743.0], [174, 754.0], [176, 803.5], [177, 813.0], [179, 871.0], [180, 887.0], [-178, 959.0], [-177, 977.5], [-175, 1064.5], [-173, 1134.5], [-172, 1121.0], [-171, 1112.5], [-170, 1105.0], [-169, 1094.5], [-168, 1088.0], [-167, 1084.0], [-166, 1076.5], [-165, 1072.5], [-164, 1064.5], [-163, 1061.5], [-162, 1055.0], [-161, 1052.5], [-160, 1050.0], [-159, 1046.5], [-158, 1047.0], [-157, 1050.5], [-156, 1047.5], [-155, 1041.5], [-154, 1041.0], [-153, 1044.5], [-151, 314.5], [-150, 310.0], [-149, 308.5], [-148, 308.5], [-147, 312.5], [-146, 313.5], [-145, 314.5], [-144, 314.5], [-143, 314.5], [-142, 316.5], [-141, 317.5], [-140, 318.5], [-139, 319.5], [-138, 320.0], [-137, 321.5], [-136, 322.0], [-135, 325.0], [-134, 327.0], [-133, 329.0], [-132, 331.0], [-131, 334.5], [-130, 335.0], [-129, 336.0], [-128, 340.0], [-127, 342.0], [-126, 345.5], [-125, 346.0], [-124, 352.0], [-123, 354.0], [-122, 356.5], [-121, 362.0], [-120, 364.0], [-119, 369.0], [-118, 373.0], [-117, 380.0], [-116, 382.5], [-115, 390.0], [-114, 394.0], [-113, 397.5], [-112, 404.0], [-111, 408.0], [-110, 414.5], [-109, 419.5], [-107, 439.75], [-106, 440.25], [-105, 439.0], [-104, 440.5], [-103, 450.0], [-102, 455.5], [-101, 467.5], [-100, 474.0], [-99, 488.0], [-98, 495.5], [-97, 503.25], [-96, 521.5], [-95, 530.75], [-94, 549.5], [-93, 552.0], [-91, 596.5], [-90, 609.0], [-89, 633.5], [-88, 651.0], [-87, 688.0], [-85, 726.5], [-84, 732.5], [-83, 731.5], [-82, 724.5], [-81, 708.5], [-80, 704.75], [-79, 702.25], [-78, 697.0], [-77, 691.5], [-76, 679.0], [-75, 675.0], [-74, 672.0], [-73, 675.0], [-72, 662.0], [-71, 657.0], [-70, 656.5], [-69, 651.5], [-68, 648.0], [-67, 642.0], [-66, 641.0], [-65, 634.0], [-64, 633.5], [-63, 630.0], [-62, 628.5], [-61, 628.0], [-60, 628.0], [-59, 630.0], [-58, 631.0], [-57, 633.0], [-56, 634.5], [-55, 635.0], [-54, 636.0], [-53, 635.5], [-52, 640.0], [-51, 640.5], [-50, 648.0], [-49, 653.0], [-48, 654.0], [-47, 655.5], [-46, 659.0], [-45, 670.0], [-44, 671.5], [-43, 675.0], [-42, 679.5], [-41, 685.5], [-40, 686.0], [-39, 687.5], [-38, 690.5], [-37, 693.0], [-36, 703.0], [-35, 704.0], [-34, 709.5], [-33, 718.5], [-32, 714.0], [-31, 725.0], [-30, 721.5], [-29, 724.5], [-28, 728.5], [-27, 732.5], [-26, 746.0], [-25, 754.0], [-24, 764.5], [-23, 771.5], [-22, 780.0], [-21, 786.0], [-20, 803.0], [-19, 809.5], [-18, 815.5], [-17, 829.5], [-14, 257.5], [-13, 255.0], [-12, 252.0], [-11, 246.0], [-10, 242.5], [-9, 238.5], [-8, 236.0], [-7, 230.5], [-6, 229.0], [-5, 227.0]]}