{"heading": 12.8, "target": -2.586639516135771, "gap_dist": 413.29927998187026, "gap_info": [{"width": 292.85797111740396, "center_angle": -143.62397826859777, "edge_a": [-148, 427.5], "edge_b": [-141, 712.5], "depth": 712.5, "passable": true, "chosen": false}, {"width": 413.29927998187026, "center_angle": -2.586639516135771, "edge_a": [-5, 719.0], "edge_b": [3, 311.0], "depth": 719.0, "passable": true, "chosen": true}, {"width": 333.61532360385934, "center_angle": 76.22225306228684, "edge_a": [50, 317.5], "edge_b": [93, 486.0], "depth": 486.0, "passable": true, "chosen": false}], "scan": [[3, 311.0], [4, 294.0], [7, 258.0], [8, 252.0], [9, 239.0], [10, 232.5], [11, 227.0], [12, 223.0], [14, 207.0], [16, 192.0], [17, 189.5], [18, 183.0], [19, 179.5], [20, 175.5], [21, 172.0], [22, 168.0], [23, 167.0], [24, 167.0], [25, 167.5], [26, 170.0], [27, 171.5], [28, 174.0], [29, 177.5], [30, 182.5], [31, 184.5], [32, 188.5], [33, 192.5], [34, 195.5], [35, 200.5], [37, 213.0], [38, 217.0], [39, 221.5], [40, 228.0], [41, 233.5], [42, 243.5], [43, 248.5], [44, 260.5], [45, 265.5], [46, 271.5], [47, 285.5], [49, 302.0], [50, 317.5], [53, 855.5], [54, 842.5], [55, 838.5], [56, 826.5], [57, 823.0], [58, 819.5], [59, 817.5], [62, 1133.0], [63, 1137.0], [64, 1114.5], [65, 1113.5], [66, 1091.5], [67, 1082.0], [68, 1072.0], [69, 1054.5], [70, 1046.0], [71, 1032.5], [72, 1032.0], [73, 1032.5], [74, 1012.5], [75, 1000.5], [76, 985.5], [77, 977.5], [78, 962.0], [79, 954.5], [80, 947.0], [81, 939.5], [82, 933.5], [83, 921.5], [84, 918.0], [85, 910.0], [86, 906.0], [87, 905.0], [88, 895.5], [89, 895.5], [90, 892.5], [91, 895.5], [93, 486.0], [94, 481.5], [95, 472.5], [96, 469.5], [97, 460.5], [98, 456.5], [99, 452.0], [100, 444.5], [101, 441.5], [102, 437.0], [103, 432.0], [104, 429.0], [105, 421.5], [106, 418.5], [107, 417.0], [108, 417.5], [109, 413.5], [110, 408.0], [111, 406.5], [112, 404.0], [113, 401.0], [114, 399.5], [115, 397.0], [116, 396.0], [117, 395.0], [118, 390.0], [119, 390.0], [120, 389.5], [121, 386.5], [122, 385.0], [123, 384.0], [124, 381.5], [125, 382.0], [126, 381.0], [127, 382.0], [128, 382.0], [132, 901.0], [133, 908.5], [134, 915.0], [135, 928.0], [136, 939.0], [138, 999.5], [139, 1010.0], [140, 1020.0], [141, 1022.0], [142, 1037.5], [143, 1054.5], [144, 1063.5], [145, 1079.0], [146, 1087.0], [147, 1097.5], [148, 1122.0], [149, 1134.5], [150, 1160.0], [151, 1175.0], [153, 1031.5], [154, 1002.0], [155, 988.5], [156, 965.0], [157, 950.0], [158, 926.25], [159, 915.0], [160, 908.0], [161, 903.5], [162, 915.5], [163, 929.0], [164, 943.0], [165, 973.5], [166, 990.0], [167, 1027.5], [168, 1047.0], [169, 1088.0], [170, 1110.0], [180, 3361.0], [-180, 3374.0], [-178, 569.5], [-177, 553.0], [-176, 549.0], [-175, 538.0], [-174, 532.5], [-173, 526.5], [-172, 514.5], [-171, 509.5], [-170, 504.5], [-169, 499.0], [-168, 493.5], [-167, 486.0], [-166, 485.5], [-165, 483.0], [-164, 473.0], [-163, 470.0], [-162, 464.0], [-161, 461.0], [-160, 458.5], [-159, 454.0], [-158, 451.5], [-157, 446.0], [-156, 444.5], [-155, 442.5], [-154, 439.5], [-153, 439.0], [-152, 436.0], [-151, 434.0], [-150, 430.0], [-149, 427.0], [-148, 427.5], [-141, 712.5], [-139, 664.5], [-138, 646.5], [-136, 587.0], [-132, 491.0], [-130, 454.0], [-129, 448.5], [-127, 421.0], [-125, 406.5], [-124, 402.0], [-122, 384.0], [-121, 370.5], [-120, 368.0], [-118, 348.5], [-117, 346.5], [-115, 334.5], [-114, 331.5], [-113, 327.5], [-112, 321.0], [-111, 318.0], [-110, 315.0], [-109, 308.0], [-108, 304.5], [-106, 296.5], [-105, 300.5], [-104, 290.0], [-103, 287.0], [-102, 285.0], [-100, 275.5], [-99, 272.0], [-98, 270.5], [-97, 266.0], [-96, 264.5], [-95, 263.5], [-94, 260.0], [-93, 256.5], [-92, 253.5], [-91, 252.5], [-90, 251.0], [-89, 246.5], [-88, 245.0], [-87, 246.5], [-86, 242.5], [-85, 241.5], [-84, 240.5], [-83, 240.0], [-82, 239.0], [-81, 238.5], [-80, 239.5], [-79, 239.5], [-78, 238.5], [-77, 239.0], [-76, 242.5], [-75, 241.0], [-74, 239.5], [-73, 240.5], [-72, 241.5], [-71, 241.0], [-70, 242.0], [-69, 241.0], [-68, 240.0], [-67, 244.0], [-66, 243.0], [-65, 240.5], [-64, 241.0], [-63, 241.5], [-62, 242.0], [-61, 243.5], [-60, 244.0], [-59, 249.0], [-58, 250.5], [-57, 252.0], [-56, 253.0], [-55, 253.5], [-54, 259.5], [-53, 262.0], [-52, 265.0], [-51, 268.5], [-48, 277.0], [-47, 281.0], [-46, 283.0], [-45, 285.5], [-44, 293.0], [-43, 294.0], [-42, 298.5], [-41, 302.0], [-40, 312.0], [-39, 311.0], [-38, 311.5], [-37, 321.0], [-36, 320.5], [-35, 326.75], [-34, 331.75], [-33, 336.5], [-32, 342.75], [-31, 345.25], [-30, 350.0], [-29, 354.5], [-27, 375.0], [-26, 380.0], [-25, 392.5], [-24, 396.75], [-23, 398.75], [-22, 414.5], [-21, 422.75], [-19, 440.0], [-17, 461.5], [-16, 472.0], [-15, 485.5], [-14, 495.0], [-13, 518.0], [-10, 584.0], [-8, 622.0], [-5, 719.0]]}