{"heading": -32.0, "target": -120.7017754239836, "gap_dist": 327.6464316322322, "gap_info": [{"width": 327.6464316322322, "center_angle": -120.7017754239836, "edge_a": [-132, 532.5], "edge_b": [-86, 183.25], "depth": 532.5, "passable": true, "chosen": true}, {"width": 64.64900157293306, "center_angle": -83.62029583554053, "edge_a": [-86, 183.25], "edge_b": [-80, 120.5], "depth": 183.25, "passable": false, "chosen": false}, {"width": 104.44168450508415, "center_angle": -26.591631409983737, "edge_a": [-31, 258.25], "edge_b": [-24, 439.0], "depth": 439.0, "passable": false, "chosen": false}], "scan": [[-2, 237.0], [-1, 233.75], [0, 234.5], [2, 226.25], [3, 224.25], [4, 219.75], [6, 210.0], [8, 204.0], [9, 201.75], [10, 196.0], [11, 195.5], [12, 193.25], [13, 189.25], [14, 188.75], [15, 187.25], [18, 177.25], [19, 176.0], [20, 175.75], [22, 171.75], [23, 173.25], [24, 172.5], [25, 172.5], [27, 164.75], [28, 164.0], [29, 166.5], [30, 162.5], [31, 161.75], [32, 160.0], [33, 160.5], [34, 161.25], [35, 156.75], [36, 156.0], [37, 155.0], [38, 156.0], [39, 156.5], [40, 156.75], [41, 156.75], [42, 156.5], [43, 156.0], [44, 155.75], [45, 155.5], [46, 157.25], [47, 156.5], [48, 154.75], [49, 156.5], [50, 155.0], [51, 156.25], [52, 156.25], [53, 159.75], [54, 160.25], [55, 157.75], [56, 161.75], [57, 161.5], [58, 162.5], [59, 161.5], [61, 167.0], [62, 171.0], [63, 175.25], [64, 175.75], [65, 174.25], [66, 177.5], [67, 177.25], [68, 179.0], [69, 179.0], [70, 182.0], [71, 184.0], [72, 187.5], [73, 192.0], [75, 198.5], [78, 206.5], [79, 208.0], [80, 207.5], [81, 212.0], [82, 213.0], [83, 212.75], [84, 219.0], [85, 225.25], [86, 229.5], [87, 232.25], [88, 233.25], [90, 246.25], [91, 252.75], [92, 252.5], [94, 270.0], [95, 270.0], [97, 291.75], [98, 294.0], [101, 321.0], [103, 336.0], [104, 347.25], [106, 373.0], [107, 375.0], [109, 412.5], [110, 419.75], [113, 468.5], [132, 2100.0], [133, 2107.0], [134, 2071.0], [135, 2102.75], [136, 2115.0], [137, 2115.75], [138, 2120.0], [139, 2124.25], [140, 2130.25], [141, 2135.5], [142, 2139.25], [145, 1981.75], [151, 1874.25], [154, 10333.5], [157, 1121.75], [158, 1106.25], [159, 1108.5], [160, 1117.75], [162, 1875.5], [166, 1418.75], [169, 11187.0], [177, 4259.5], [-174, 3013.75], [-173, 3012.75], [-172, 3001.25], [-168, 1065.25], [-167, 1051.75], [-166, 1040.5], [-165, 1019.5], [-164, 1008.5], [-163, 1003.75], [-162, 989.5], [-161, 984.25], [-159, 507.75], [-158, 504.5], [-157, 493.75], [-156, 489.5], [-155, 481.75], [-154, 478.75], [-153, 475.5], [-152, 467.5], [-151, 463.25], [-150, 457.75], [-149, 455.0], [-148, 448.75], [-147, 446.5], [-146, 444.0], [-145, 439.0], [-144, 436.0], [-143, 431.5], [-142, 428.75], [-141, 427.5], [-140, 423.5], [-139, 421.25], [-138, 418.5], [-137, 418.0], [-136, 418.0], [-135, 417.25], [-132, 532.5], [-130, 955.0], [-128, 917.75], [-127, 920.5], [-126, 924.0], [-125, 929.0], [-124, 932.5], [-123, 939.5], [-122, 943.5], [-121, 946.25], [-120, 952.75], [-119, 954.75], [-118, 963.0], [-117, 965.0], [-116, 972.75], [-115, 978.25], [-114, 980.75], [-113, 993.25], [-112, 998.5], [-111, 1008.5], [-110, 1014.25], [-109, 1026.5], [-108, 1030.25], [-107, 1030.75], [-106, 1046.25], [-105, 1052.0], [-104, 1063.5], [-103, 1070.0], [-102, 1084.75], [-101, 1105.75], [-100, 1120.75], [-99, 1126.0], [-98, 1136.0], [-97, 1157.25], [-96, 1167.25], [-95, 1177.25], [-94, 1205.5], [-93, 1218.75], [-92, 1248.75], [-91, 1266.5], [-86, 183.25], [-80, 120.5], [-79, 118.5], [-78, 115.5], [-77, 114.25], [-76, 113.75], [-75, 115.75], [-74, 116.0], [-73, 116.5], [-72, 116.75], [-71, 117.5], [-70, 118.0], [-69, 118.75], [-68, 120.0], [-67, 119.75], [-66, 121.0], [-65, 122.75], [-64, 123.25], [-63, 124.25], [-62, 123.75], [-61, 125.0], [-60, 128.25], [-59, 129.75], [-58, 131.75], [-57, 133.0], [-56, 134.5], [-55, 135.75], [-54, 137.0], [-53, 141.25], [-52, 142.5], [-51, 144.5], [-50, 146.25], [-49, 147.75], [-48, 150.75], [-47, 152.5], [-46, 157.5], [-45, 160.25], [-44, 164.0], [-43, 170.5], [-42, 173.75], [-40, 185.75], [-39, 188.5], [-38, 196.25], [-36, 212.5], [-35, 217.5], [-33, 238.25], [-32, 245.0], [-31, 258.25], [-24, 439.0], [-23, 427.5], [-22, 409.75], [-21, 405.25], [-19, 374.5], [-18, 356.0], [-17, 348.5], [-16, 340.25], [-15, 339.75], [-13, 314.25], [-12, 309.0], [-11, 303.75], [-10, 289.5], [-9, 283.25], [-7, 264.75], [-6, 262.5], [-4, 248.5]]}