{"heading": 14.4, "target": 24.444917773732218, "gap_dist": 475.4854401290261, "gap_info": [{"width": 184.83896166564872, "center_angle": -93.71425906851357, "edge_a": [-95, 235.0], "edge_b": [-93, 423.0], "depth": 423.0, "passable": false, "chosen": false}, {"width": 399.8595981190339, "center_angle": -2.291295825376123, "edge_a": [-16, 799.0], "edge_b": [14, 675.0], "depth": 799.0, "passable": true, "chosen": false}, {"width": 475.4854401290261, "center_angle": 24.444917773732218, "edge_a": [24, 674.5], "edge_b": [26, 193.0], "depth": 674.5, "passable": true, "chosen": true}, {"width": 508.41162027448166, "center_angle": 118.31772788250592, "edge_a": [116, 212.0], "edge_b": [119, 720.0], "depth": 720.0, "passable": true, "chosen": false}], "scan": [[8, 1338.0], [9, 1339.5], [10, 1339.0], [11, 1338.5], [12, 1340.0], [14, 675.0], [15, 664.5], [16, 665.0], [17, 666.0], [18, 667.5], [19, 667.0], [20, 667.0], [21, 668.0], [22, 668.5], [23, 671.0], [24, 674.5], [26, 193.0], [27, 188.5], [28, 186.0], [29, 183.5], [30, 183.0], [31, 177.5], [32, 176.0], [33, 172.0], [34, 170.0], [35, 169.0], [36, 167.0], [37, 166.0], [38, 163.5], [39, 163.0], [40, 160.0], [41, 159.5], [42, 158.5], [43, 156.0], [44, 154.5], [45, 153.5], [46, 152.5], [47, 152.0], [48, 151.0], [49, 150.5], [50, 150.5], [51, 148.5], [52, 148.5], [53, 148.0], [54, 148.5], [55, 148.5], [56, 147.0], [57, 147.5], [58, 146.0], [59, 145.5], [60, 144.5], [61, 144.5], [62, 145.5], [63, 143.5], [64, 143.0], [65, 141.5], [66, 140.5], [67, 139.5], [68, 140.5], [69, 140.0], [70, 141.5], [71, 143.5], [72, 144.0], [73, 145.0], [74, 144.0], [75, 143.5], [76, 143.5], [77, 145.5], [78, 146.5], [79, 147.0], [80, 148.0], [81, 149.0], [82, 148.0], [83, 150.0], [84, 150.0], [85, 150.0], [86, 150.5], [87, 152.0], [88, 152.0], [89, 151.5], [90, 154.0], [91, 155.0], [92, 156.5], [93, 157.0], [94, 159.0], [95, 159.5], [96, 160.0], [97, 162.5], [98, 164.5], [99, 166.5], [100, 167.5], [101, 169.0], [102, 173.0], [103, 173.5], [104, 174.5], [105, 179.5], [106, 181.0], [107, 184.0], [108, 186.0], [109, 190.5], [110, 193.0], [111, 195.0], [112, 200.0], [113, 203.5], [114, 206.5], [115, 209.0], [116, 212.0], [119, 720.0], [120, 725.5], [121, 726.0], [122, 720.5], [123, 732.5], [124, 729.5], [125, 729.5], [126, 730.0], [127, 733.5], [128, 741.5], [129, 747.0], [130, 752.5], [131, 757.0], [132, 768.75], [133, 774.75], [134, 779.0], [135, 789.5], [136, 796.5], [137, 801.0], [138, 810.0], [139, 818.0], [140, 832.0], [141, 839.5], [142, 842.5], [143, 856.0], [144, 862.0], [145, 880.5], [146, 885.5], [147, 891.5], [148, 898.0], [149, 905.0], [150, 921.5], [151, 932.0], [152, 955.5], [153, 965.5], [154, 977.0], [155, 1001.5], [156, 1015.5], [157, 1043.5], [158, 1059.0], [165, 5295.5], [167, 8427.5], [172, 8056.0], [179, 1343.0], [180, 1316.0], [-180, 1295.5], [-179, 1303.0], [-178, 1316.0], [-177, 1342.5], [-174, 15006.0], [-173, 14924.0], [-172, 14901.0], [-171, 14873.0], [-168, 14792.0], [-167, 14770.0], [-166, 14750.5], [-163, 1239.0], [-162, 1222.5], [-161, 1224.0], [-160, 1234.5], [-152, 2343.0], [-150, 203.0], [-149, 201.0], [-148, 199.5], [-147, 200.0], [-146, 197.5], [-145, 197.0], [-144, 195.5], [-143, 194.0], [-142, 194.5], [-141, 193.0], [-140, 192.0], [-139, 191.0], [-138, 190.0], [-137, 191.0], [-136, 189.5], [-135, 190.0], [-134, 189.0], [-133, 188.0], [-132, 186.0], [-131, 184.5], [-130, 182.5], [-129, 182.5], [-128, 184.5], [-127, 183.5], [-126, 186.5], [-125, 187.5], [-124, 188.5], [-123, 188.5], [-122, 190.0], [-121, 191.0], [-120, 190.5], [-119, 191.0], [-118, 192.5], [-117, 193.0], [-116, 194.5], [-115, 194.5], [-114, 195.5], [-113, 197.0], [-112, 198.5], [-111, 200.0], [-110, 201.0], [-109, 202.5], [-108, 204.0], [-107, 207.0], [-106, 207.5], [-105, 207.5], [-104, 211.0], [-103, 213.5], [-102, 217.0], [-101, 218.0], [-100, 222.0], [-99, 224.0], [-98, 226.5], [-97, 229.0], [-96, 229.5], [-95, 235.0], [-93, 423.0], [-92, 427.0], [-91, 424.0], [-90, 422.0], [-89, 421.0], [-88, 418.5], [-87, 417.5], [-86, 414.0], [-85, 412.0], [-84, 410.0], [-83, 409.5], [-82, 408.5], [-81, 408.5], [-80, 406.5], [-79, 406.25], [-78, 404.5], [-77, 404.25], [-76, 403.5], [-75, 403.5], [-74, 405.0], [-73, 403.0], [-72, 403.0], [-71, 401.5], [-70, 405.75], [-69, 405.75], [-68, 408.25], [-67, 408.25], [-66, 409.0], [-65, 409.75], [-64, 409.0], [-63, 411.25], [-62, 411.75], [-61, 417.25], [-60, 419.5], [-59, 421.75], [-58, 425.75], [-57, 425.25], [-56, 430.0], [-55, 432.25], [-54, 432.25], [-53, 444.0], [-52, 443.75], [-51, 447.0], [-50, 452.0], [-49, 463.5], [-48, 462.0], [-47, 464.5], [-46, 474.5], [-45, 479.5], [-44, 486.0], [-43, 488.0], [-42, 495.5], [-41, 501.5], [-40, 510.0], [-39, 517.5], [-38, 524.0], [-37, 531.5], [-36, 538.0], [-35, 548.0], [-34, 562.5], [-33, 567.0], [-32, 583.75], [-30, 599.5], [-28, 630.0], [-27, 650.5], [-26, 647.0], [-24, 681.0], [-23, 693.5], [-22, 707.5], [-21, 718.5], [-19, 757.5], [-18, 764.0], [-17, 791.5], [-16, 799.0], [-15, 822.0], [-14, 840.5], [-13, 862.0], [-12, 903.0], [-11, 926.0], [-10, 980.0], [-9, 1007.5], [-8, 1034.5], [-7, 1097.5], [-6, 1131.0]]}