{"heading": -17.3, "target": -90.42202017590303, "gap_dist": 382.79150641318915, "gap_info": [{"width": 43.67447252406816, "center_angle": -150.57781028295557, "edge_a": [-152, 395.5], "edge_b": [-149, 356.5], "depth": 395.5, "passable": false, "chosen": false}, {"width": 382.79150641318915, "center_angle": -90.42202017590303, "edge_a": [-112, 487.0], "edge_b": [-48, 265.5], "depth": 487.0, "passable": true, "chosen": true}, {"width": 14.478552641703486, "center_angle": -33.53413953246626, "edge_a": [-35, 213.5], "edge_b": [-32, 204.0], "depth": 213.5, "passable": false, "chosen": false}, {"width": 294.4015985818732, "center_angle": 72.26653473104312, "edge_a": [52, 350.5], "edge_b": [174, 124.0], "depth": 350.5, "passable": true, "chosen": false}], "scan": [[-3, 202.5], [-2, 202.5], [-1, 202.0], [0, 202.0], [1, 202.0], [2, 201.5], [3, 203.5], [4, 203.5], [5, 204.0], [6, 206.0], [7, 206.0], [8, 206.5], [9, 206.5], [10, 208.5], [11, 209.0], [12, 208.0], [13, 209.0], [14, 211.5], [15, 214.0], [16, 216.0], [17, 217.0], [18, 219.0], [19, 218.5], [20, 220.5], [21, 220.0], [22, 222.5], [23, 225.0], [24, 226.0], [25, 229.5], [26, 229.5], [27, 231.5], [28, 237.0], [29, 238.0], [30, 240.5], [31, 245.5], [32, 248.5], [33, 250.5], [34, 254.0], [35, 253.5], [36, 258.5], [37, 263.0], [38, 267.0], [39, 273.0], [40, 276.5], [41, 281.5], [42, 286.0], [43, 293.0], [44, 297.0], [45, 299.5], [46, 311.0], [47, 315.5], [48, 322.5], [49, 327.0], [50, 332.5], [51, 337.5], [52, 350.5], [55, 791.0], [56, 788.5], [57, 784.5], [58, 773.5], [59, 771.5], [60, 764.0], [61, 762.0], [62, 757.5], [63, 753.0], [64, 749.5], [65, 750.5], [75, 3289.0], [78, 6801.0], [80, 1880.0], [81, 1902.5], [87, 7150.0], [88, 7184.5], [91, 2021.5], [92, 2020.0], [94, 2474.0], [96, 2232.5], [97, 2235.0], [104, 509.0], [105, 503.0], [106, 504.5], [107, 507.0], [108, 510.25], [109, 513.5], [110, 514.5], [111, 516.0], [112, 523.0], [113, 525.5], [114, 533.5], [115, 536.0], [116, 538.0], [117, 546.0], [118, 549.0], [119, 557.5], [120, 559.5], [122, 2306.0], [124, 5218.5], [128, 3886.0], [140, 8625.0], [144, 12250.5], [155, 8537.0], [156, 8549.5], [158, 1708.5], [159, 1664.5], [165, 73.0], [166, 70.75], [168, 61.5], [174, 124.0], [175, 125.5], [176, 127.25], [177, 127.0], [178, 125.5], [179, 124.25], [180, 123.25], [-175, 70.5], [-168, 77.5], [-164, 1210.0], [-163, 1191.0], [-162, 1157.5], [-161, 1142.0], [-160, 1115.5], [-159, 1101.0], [-158, 1091.0], [-157, 1065.5], [-154, 430.0], [-152, 395.5], [-149, 356.5], [-147, 332.0], [-146, 325.5], [-145, 311.5], [-144, 305.0], [-143, 293.0], [-142, 288.0], [-141, 284.5], [-140, 278.0], [-139, 279.0], [-138, 280.5], [-137, 285.5], [-136, 288.0], [-135, 290.5], [-134, 298.0], [-133, 300.5], [-132, 307.0], [-131, 310.0], [-130, 318.0], [-129, 322.0], [-128, 329.0], [-127, 334.5], [-126, 339.5], [-125, 350.0], [-124, 354.5], [-123, 366.0], [-122, 372.0], [-121, 382.5], [-120, 389.0], [-119, 398.0], [-118, 412.5], [-117, 420.5], [-116, 436.5], [-115, 444.5], [-114, 453.0], [-113, 475.0], [-112, 487.0], [-109, 774.0], [-108, 774.0], [-107, 775.5], [-106, 777.0], [-105, 781.0], [-104, 784.0], [-102, 788.25], [-101, 796.25], [-100, 800.0], [-99, 808.5], [-98, 811.0], [-97, 819.0], [-96, 824.0], [-95, 824.75], [-94, 829.0], [-93, 830.25], [-92, 841.25], [-91, 844.5], [-90, 858.0], [-89, 864.0], [-88, 868.0], [-87, 881.5], [-86, 890.5], [-85, 900.5], [-84, 906.0], [-83, 913.0], [-82, 924.5], [-81, 932.5], [-80, 946.0], [-79, 956.0], [-78, 968.5], [-77, 977.5], [-76, 985.0], [-75, 1002.0], [-74, 1010.5], [-73, 1032.0], [-72, 1042.5], [-71, 1053.5], [-70, 1072.0], [-69, 1083.5], [-68, 1110.5], [-67, 1125.5], [-66, 1147.5], [-65, 1138.0], [-63, 720.5], [-62, 720.0], [-61, 723.5], [-60, 725.0], [-59, 726.5], [-58, 732.0], [-57, 734.0], [-56, 737.5], [-55, 742.0], [-54, 748.0], [-53, 751.0], [-52, 754.5], [-51, 764.5], [-50, 768.5], [-48, 265.5], [-47, 259.0], [-46, 253.5], [-45, 244.5], [-44, 244.5], [-43, 247.0], [-42, 250.0], [-41, 249.0], [-39, 232.5], [-38, 236.0], [-37, 237.0], [-35, 213.5], [-32, 204.0], [-31, 200.5], [-29, 203.5], [-28, 201.5], [-27, 201.0], [-26, 200.0], [-25, 200.0], [-24, 195.5], [-23, 193.0], [-22, 193.0], [-20, 187.5], [-19, 181.5], [-18, 180.5], [-17, 182.0], [-16, 178.0], [-15, 176.5], [-14, 175.0], [-13, 176.0], [-11, 172.5], [-10, 172.0], [-9, 170.5], [-8, 174.0], [-7, 172.0], [-6, 172.5], [-5, 173.5]]}