{"heading": 50.1, "target": 28.989124354506405, "gap_dist": 520.6750221587005, "gap_info": [{"width": 770.2160682691701, "center_angle": -133.02101647371933, "edge_a": [-142.4375, 707.0], "edge_b": [-25.203125, 121.5], "depth": 707.0, "passable": true, "chosen": false}, {"width": 520.6750221587005, "center_angle": 28.989124354506405, "edge_a": [27.640625, 246.0], "edge_b": [29.421875, 766.5], "depth": 766.5, "passable": true, "chosen": true}, {"width": 121.52182809363644, "center_angle": 81.26799531642214, "edge_a": [80.65625, 733.5], "edge_b": [82.0, 613.0], "depth": 733.5, "passable": false, "chosen": false}], "scan": [[-3.078125, 141.0], [-2.375, 142.0], [-1.671875, 143.0], [-0.96875, 143.5], [-0.25, 144.5], [0.453125, 146.0], [1.15625, 148.0], [1.859375, 149.5], [2.578125, 150.5], [3.28125, 151.5], [3.984375, 154.0], [4.6875, 156.5], [5.40625, 157.5], [6.109375, 158.5], [6.8125, 161.0], [7.515625, 164.0], [8.234375, 165.0], [8.9375, 165.0], [9.640625, 167.5], [10.34375, 170.5], [11.234375, 172.0], [11.984375, 175.0], [12.734375, 177.5], [13.484375, 178.5], [14.09375, 181.0], [14.796875, 184.0], [15.515625, 186.5], [16.21875, 189.5], [16.953125, 192.5], [17.65625, 195.0], [18.375, 198.0], [19.078125, 201.5], [19.796875, 204.5], [20.5, 207.5], [21.21875, 211.5], [21.921875, 215.5], [22.65625, 218.5], [23.359375, 222.5], [24.078125, 226.0], [24.78125, 230.5], [25.515625, 236.5], [26.21875, 240.5], [26.9375, 242.5], [27.640625, 246.0], [29.421875, 766.5], [30.0625, 766.5], [30.9375, 762.5], [31.640625, 758.0], [32.34375, 753.5], [33.046875, 750.0], [33.75, 747.5], [34.453125, 745.0], [35.15625, 743.0], [35.859375, 740.5], [36.5625, 738.5], [37.265625, 735.5], [37.96875, 732.5], [38.671875, 729.0], [39.375, 726.5], [40.078125, 725.5], [40.78125, 723.0], [41.484375, 721.0], [42.1875, 719.5], [42.890625, 717.0], [43.59375, 713.0], [44.296875, 709.5], [45.0, 706.5], [45.703125, 707.0], [46.40625, 708.0], [47.109375, 706.5], [48.09375, 703.0], [48.859375, 701.5], [49.640625, 702.0], [50.40625, 699.5], [50.9375, 707.5], [51.640625, 713.5], [52.359375, 703.5], [53.0625, 694.75], [53.8125, 690.75], [54.53125, 688.25], [55.25, 688.0], [55.96875, 689.25], [56.65625, 690.75], [57.359375, 692.0], [58.078125, 693.75], [58.78125, 693.75], [59.515625, 693.5], [60.21875, 695.5], [60.9375, 696.5], [61.640625, 696.5], [62.359375, 698.0], [63.0625, 699.0], [63.78125, 699.0], [64.484375, 701.0], [65.109375, 702.5], [65.796875, 704.0], [66.484375, 707.5], [67.171875, 710.0], [67.921875, 712.0], [68.625, 714.0], [69.328125, 715.0], [70.03125, 717.5], [70.75, 722.0], [71.453125, 724.0], [72.15625, 725.5], [72.859375, 728.5], [73.59375, 731.5], [74.296875, 735.5], [75.015625, 740.5], [75.71875, 745.0], [76.421875, 748.0], [77.125, 747.5], [77.828125, 749.5], [78.53125, 751.0], [80.65625, 733.5], [82.0, 613.0], [83.375, 557.0], [84.0625, 544.0], [84.84375, 531.5], [86.265625, 503.5], [86.96875, 494.5], [87.65625, 484.5], [88.359375, 476.0], [89.0625, 467.0], [89.765625, 457.5], [90.46875, 450.0], [91.171875, 442.0], [91.875, 433.0], [92.578125, 424.5], [93.296875, 417.5], [94.0, 411.5], [94.703125, 405.5], [95.40625, 399.0], [96.109375, 392.5], [96.8125, 387.5], [97.515625, 383.0], [98.21875, 377.5], [98.984375, 372.5], [99.703125, 367.5], [100.421875, 363.5], [101.140625, 359.5], [101.921875, 354.0], [102.65625, 350.0], [103.390625, 346.0], [104.125, 342.5], [104.78125, 339.0], [105.484375, 336.0], [106.203125, 333.5], [106.90625, 330.0], [107.609375, 326.5], [108.3125, 322.0], [109.015625, 317.5], [109.71875, 316.5], [110.46875, 318.5], [111.171875, 316.5], [111.890625, 313.0], [113.328125, 300.5], [114.03125, 297.0], [114.75, 294.5], [115.453125, 291.5], [116.140625, 287.0], [116.84375, 282.0], [117.546875, 281.0], [118.25, 281.0], [118.796875, 277.5], [119.453125, 274.5], [120.125, 275.5], [120.78125, 275.5], [121.59375, 273.0], [122.28125, 270.0], [122.984375, 266.0], [123.671875, 266.0], [124.40625, 267.5], [125.109375, 265.0], [125.8125, 263.0], [126.515625, 262.0], [127.234375, 261.0], [127.9375, 257.5], [128.640625, 255.5], [129.34375, 258.0], [130.046875, 259.5], [130.75, 257.0], [131.453125, 254.0], [132.15625, 254.5], [132.84375, 254.25], [133.53125, 251.75], [134.234375, 250.5], [134.921875, 252.0], [135.859375, 251.5], [136.609375, 249.25], [137.359375, 249.25], [138.109375, 250.25], [138.71875, 249.25], [139.421875, 249.5], [140.140625, 250.25], [140.84375, 251.25], [141.53125, 250.25], [142.234375, 249.5], [142.9375, 250.5], [143.640625, 250.0], [144.375, 249.0], [145.078125, 249.0], [145.796875, 250.0], [146.5, 249.0], [147.234375, 248.5], [147.9375, 249.0], [148.65625, 249.5], [149.359375, 250.5], [150.078125, 251.5], [150.78125, 252.0], [151.5, 251.5], [152.203125, 251.0], [152.921875, 251.0], [153.625, 251.0], [154.34375, 251.5], [155.046875, 252.5], [155.6875, 253.0], [156.375, 253.5], [157.0625, 254.0], [157.75, 255.0], [158.53125, 256.0], [159.234375, 256.5], [159.953125, 257.0], [160.65625, 258.0], [161.375, 259.5], [162.078125, 260.0], [162.796875, 262.0], [163.5, 263.5], [164.203125, 264.0], [164.90625, 264.5], [165.609375, 266.0], [166.3125, 268.5], [167.03125, 268.5], [167.734375, 270.0], [168.4375, 273.0], [169.140625, 274.5], [169.859375, 276.5], [170.5625, 277.0], [171.265625, 277.5], [171.96875, 280.5], [172.6875, 283.0], [173.390625, 284.5], [174.09375, 286.5], [174.796875, 287.0], [175.484375, 289.0], [176.171875, 292.5], [176.875, 294.5], [177.5625, 298.0], [178.328125, 300.0], [179.03125, 301.5], [179.75, 304.5], [-179.546875, 307.5], [-178.84375, 310.5], [-178.140625, 313.5], [-177.4375, 315.5], [-176.734375, 318.0], [-176.03125, 321.0], [-175.328125, 323.5], [-174.625, 326.0], [-173.921875, 329.5], [-173.1875, 334.0], [-172.484375, 336.5], [-171.765625, 340.0], [-171.0625, 344.0], [-170.375, 347.5], [-169.671875, 351.5], [-168.96875, 355.5], [-168.265625, 360.0], [-167.34375, 364.5], [-166.59375, 369.5], [-165.828125, 375.0], [-165.078125, 379.5], [-164.484375, 385.5], [-163.78125, 390.5], [-163.0625, 396.5], [-162.359375, 404.5], [-161.640625, 411.0], [-160.9375, 419.5], [-159.515625, 436.75], [-158.765625, 437.0], [-158.046875, 438.0], [-157.328125, 437.5], [-156.609375, 440.5], [-155.90625, 446.5], [-155.203125, 453.0], [-154.484375, 460.0], [-153.78125, 467.5], [-153.0625, 476.0], [-152.359375, 485.0], [-151.640625, 494.0], [-150.9375, 505.0], [-150.265625, 516.0], [-149.578125, 527.0], [-148.1875, 554.5], [-147.40625, 564.0], [-146.703125, 579.0], [-145.28125, 616.0], [-143.859375, 655.5], [-142.4375, 707.0], [-141.015625, 1053.0], [-140.296875, 1073.5], [-138.15625, 827.5], [-137.4375, 817.25], [-136.734375, 812.0], [-136.015625, 809.0], [-135.3125, 807.25], [-134.59375, 807.5], [-133.890625, 808.0], [-133.3125, 806.0], [-132.640625, 805.0], [-131.96875, 803.5], [-131.296875, 810.0], [-130.5, 817.0], [-129.796875, 824.5], [-129.09375, 841.5], [-128.390625, 856.0], [-127.6875, 852.0], [-126.28125, 14567.0], [-125.578125, 14562.0], [-124.859375, 14554.0], [-124.15625, 14547.0], [-123.453125, 14538.5], [-122.75, 14529.0], [-120.625, 1936.5], [-119.921875, 1927.5], [-119.21875, 1926.5], [-118.515625, 1920.5], [-117.8125, 1897.0], [-117.109375, 1884.0], [-116.390625, 1899.0], [-113.578125, 1921.5], [-112.875, 1896.5], [-112.171875, 1890.5], [-111.46875, 1892.5], [-110.765625, 1905.0], [-110.0625, 1939.0], [-106.546875, 3187.0], [-105.125, 1606.5], [-104.421875, 1581.0], [-103.71875, 1557.0], [-103.015625, 1539.5], [-102.3125, 1540.0], [-101.609375, 1556.5], [-100.90625, 1585.5], [-99.5, 2251.0], [-98.09375, 1435.0], [-97.390625, 1430.0], [-96.59375, 1426.0], [-95.875, 1421.5], [-95.140625, 1420.0], [-94.421875, 1423.0], [-93.78125, 1428.0], [-93.078125, 1436.0], [-91.671875, 1789.5], [-90.953125, 1756.0], [-89.546875, 1572.0], [-88.84375, 1545.0], [-88.125, 1518.0], [-87.421875, 1489.0], [-86.71875, 1461.0], [-86.015625, 1435.5], [-85.296875, 1411.0], [-84.59375, 1389.0], [-83.890625, 1369.0], [-83.1875, 1349.5], [-82.46875, 1329.5], 