{"heading": 50.0, "target": 10.315257187230527, "gap_dist": 608.4062929133084, "gap_info": [{"width": 551.4608167072548, "center_angle": -159.89424747475027, "edge_a": [-169.046875, 779.5], "edge_b": [-135.78125, 303.5], "depth": 779.5, "passable": true, "chosen": false}, {"width": 608.4062929133084, "center_angle": 10.315257187230527, "edge_a": [6.015625, 794.0], "edge_b": [27.28125, 204.0], "depth": 794.0, "passable": true, "chosen": true}], "scan": [[-3.765625, 698.5], [-3.078125, 707.0], [-2.375, 716.5], [-1.6875, 724.75], [-0.984375, 728.75], [-0.296875, 740.0], [0.40625, 750.5], [1.09375, 751.5], [1.828125, 752.0], [2.53125, 759.0], [3.234375, 765.0], [3.9375, 773.0], [4.625, 784.75], [5.3125, 792.25], [6.015625, 794.0], [7.40625, 827.5], [8.09375, 831.5], [8.796875, 836.5], [9.484375, 842.5], [10.375, 850.0], [11.109375, 853.0], [11.859375, 856.5], [12.59375, 869.5], [13.1875, 878.5], [13.890625, 881.0], [14.59375, 890.25], [15.296875, 900.75], [16.0, 909.0], [16.703125, 922.5], [17.40625, 935.75], [18.109375, 950.5], [18.84375, 970.25], [19.546875, 988.75], [20.265625, 1009.0], [20.96875, 1029.5], [21.65625, 1049.0], [22.359375, 1070.0], [23.0625, 1090.5], [23.765625, 1110.5], [24.46875, 1131.5], [25.171875, 1155.0], [25.875, 1181.0], [27.28125, 204.0], [27.984375, 204.5], [28.6875, 201.0], [29.390625, 200.0], [29.828125, 199.25], [30.453125, 197.25], [31.09375, 197.0], [31.71875, 196.0], [32.609375, 194.5], [33.296875, 193.5], [34.0, 192.5], [34.6875, 191.0], [35.390625, 190.0], [36.078125, 190.0], [36.78125, 190.0], [37.46875, 189.0], [38.171875, 188.0], [38.859375, 187.0], [39.5625, 186.5], [40.25, 186.0], [40.953125, 184.0], [41.640625, 183.5], [42.34375, 183.0], [43.03125, 181.5], [43.734375, 181.0], [44.421875, 181.0], [45.125, 182.0], [45.8125, 182.0], [46.765625, 180.0], [47.515625, 178.5], [48.28125, 178.0], [49.03125, 178.0], [49.59375, 177.0], [50.296875, 175.5], [51.0, 175.5], [51.703125, 175.5], [52.40625, 174.5], [53.109375, 174.0], [53.8125, 172.0], [54.515625, 171.0], [55.234375, 172.5], [55.9375, 174.0], [56.640625, 175.0], [57.34375, 175.5], [58.046875, 177.0], [58.75, 177.0], [59.453125, 177.0], [60.15625, 178.5], [60.859375, 178.0], [61.5625, 177.5], [62.265625, 178.0], [62.96875, 177.5], [63.6875, 177.5], [64.390625, 178.0], [65.09375, 179.5], [65.796875, 180.5], [66.375, 180.5], [67.046875, 182.5], [67.71875, 183.5], [68.390625, 184.5], [69.171875, 185.5], [69.859375, 185.5], [70.5625, 185.5], [71.25, 185.5], [71.96875, 186.0], [72.65625, 188.0], [73.359375, 189.5], [74.046875, 191.0], [74.765625, 193.0], [75.453125, 193.5], [76.15625, 194.0], [76.84375, 194.5], [77.5625, 195.5], [78.25, 197.0], [78.953125, 198.5], [79.640625, 199.0], [80.375, 199.0], [81.078125, 200.0], [81.78125, 202.5], [82.484375, 204.5], [83.078125, 205.5], [83.75, 207.0], [84.421875, 208.5], [85.09375, 210.5], [85.875, 213.0], [86.5625, 215.5], [87.265625, 217.0], [87.953125, 219.0], [88.65625, 221.5], [89.34375, 222.5], [90.046875, 225.0], [90.734375, 227.5], [91.453125, 228.5], [92.140625, 231.5], [92.84375, 234.5], [93.53125, 237.0], [94.234375, 240.0], [94.921875, 242.5], [95.625, 245.0], [96.3125, 248.0], [97.03125, 250.5], [97.71875, 252.5], [98.421875, 255.5], [99.109375, 258.5], [99.984375, 262.0], [100.71875, 266.5], [101.453125, 271.0], [102.78125, 288.5], [103.46875, 296.25], [104.171875, 300.75], [104.859375, 304.0], [105.59375, 310.0], [106.296875, 315.0], [107.0, 319.5], [107.703125, 325.0], [108.421875, 330.0], [109.125, 336.5], [109.828125, 342.0], [110.53125, 347.0], [111.21875, 354.5], [111.90625, 362.0], [112.609375, 368.0], [113.296875, 375.0], [114.03125, 382.5], [114.734375, 390.0], [115.4375, 399.5], [116.140625, 407.0], [117.515625, 429.5], [118.21875, 442.0], [118.90625, 451.25], [120.078125, 478.0], [121.375, 510.0], [123.65625, 551.0], [124.359375, 543.0], [125.703125, 564.5], [126.390625, 561.5], [127.078125, 554.5], [127.796875, 552.0], [128.484375, 554.5], [129.1875, 553.0], [129.875, 550.5], [130.59375, 552.5], [131.28125, 549.5], [131.984375, 539.5], [132.671875, 534.0], [133.375, 533.0], [134.0625, 534.0], [134.765625, 535.0], [135.453125, 532.0], [136.359375, 533.0], [137.09375, 532.0], [137.84375, 528.0], [138.578125, 524.0], [139.15625, 520.0], [139.84375, 519.0], [140.546875, 517.0], [141.234375, 516.5], [141.984375, 515.5], [142.6875, 514.5], [143.390625, 515.5], [144.09375, 514.5], [144.796875, 515.0], [145.5, 516.0], [146.203125, 515.0], [146.90625, 515.5], [147.59375, 515.5], [148.28125, 517.0], [148.984375, 518.0], [149.671875, 516.5], [150.40625, 519.0], [151.109375, 521.0], [151.8125, 520.0], [152.515625, 520.0], [153.234375, 521.75], [153.9375, 523.75], [154.640625, 522.5], [155.34375, 524.5], [155.96875, 529.0], [156.640625, 530.0], [157.328125, 530.0], [158.0, 533.0], [158.765625, 536.0], [159.453125, 537.0], [160.15625, 538.5], [160.84375, 540.5], [161.609375, 543.0], [162.3125, 545.0], [163.03125, 547.0], [163.734375, 550.0], [164.375, 553.5], [165.0625, 556.0], [165.75, 558.5], [166.4375, 562.0], [167.203125, 566.5], [167.90625, 570.0], [168.609375, 573.0], [169.3125, 575.5], [170.0, 579.5], [170.6875, 584.5], [171.390625, 586.0], [172.078125, 589.5], [172.765625, 594.5], [173.453125, 600.5], [174.140625, 605.5], [174.828125, 610.5], [175.5625, 619.0], [176.25, 624.5], [176.953125, 627.5], [177.640625, 632.0], [178.375, 636.0], [179.078125, 640.5], [179.78125, 649.5], [-179.515625, 656.0], [-178.828125, 663.0], [-178.140625, 671.5], [-177.4375, 677.5], [-176.75, 684.5], [-176.03125, 693.0], [-175.34375, 700.5], [-174.640625, 708.5], [-173.953125, 715.5], [-173.234375, 720.0], [-172.546875, 727.5], [-171.15625, 769.5], [-170.4375, 782.5], [-169.75, 781.5], [-169.046875, 779.5], [-167.453125, 818.0], [-166.71875, 818.5], [-165.96875, 825.0], [-165.234375, 844.0], [-164.625, 849.0], [-163.921875, 850.5], [-163.21875, 861.0], [-162.515625, 874.5], [-161.796875, 890.5], [-161.09375, 907.0], [-160.390625, 924.0], [-159.6875, 941.0], [-158.953125, 958.0], [-158.25, 980.5], [-157.53125, 1004.5], [-156.828125, 1026.0], [-156.140625, 1047.5], [-155.4375, 1070.0], [-154.734375, 1098.0], [-154.03125, 1132.0], [-152.609375, 1203.5], [-151.90625, 1221.5], [-151.203125, 1248.5], [-150.53125, 1282.0], [-149.84375, 1311.5], [-149.140625, 1342.0], [-148.453125, 1380.5], [-147.71875, 1418.5], [-146.3125, 1508.5], [-140.6875, 6540.5], [-139.265625, 2717.0], [-138.5625, 2733.0], [-135.78125, 303.5], [-135.078125, 303.0], [-134.390625, 302.5], [-133.78125, 301.5], [-133.109375, 300.5], [-132.4375, 300.5], [-131.765625, 300.5], [-130.984375, 300.0], [-130.296875, 299.0], [-129.59375, 297.0], [-128.90625, 295.0], [-128.1875, 293.0], [-127.5, 292.5], [-126.796875, 292.5], [-126.109375, 292.5], [-125.40625, 292.75], [-124.71875, 293.75], [-124.015625, 296.5], [-123.328125, 297.0], [-122.609375, 296.5], [-121.921875, 298.0], [-121.21875, 298.5], [-120.53125, 299.0], [-119.8125, 299.5], [-119.125, 300.5], [-118.421875, 301.5], [-117.734375, 302.0], [-117.03125, 303.5], [-116.34375, 304.0], [-115.640625, 304.5], [-114.953125, 305.0], [-114.234375, 305.5], [-113.546875, 307.0], [-112.84375, 308.5], [-112.15625, 308.5], [-111.4375, 308.5], [-110.75, 310.0], [-110.046875, 312.0], [-109.359375, 314.0], [-108.625, 315.5], [-107.921875, 316.5], [-107.21875, 318.0], [-106.515625, 319.5], [-105.859375, 320.5], [-105.171875, 322.0], [-104.484375, 325.0], [-103.796875, 327.0], [-103.046875, 327.5], [-102.34375, 329.0], [-101.640625, 331.5], [-100.9375, 334.0], [-100.265625, 336.5], [-99.578125, 340.0], [-98.875, 343.0], [-98.1875, 345.5], [-97.390625, 348.0], [-96.671875, 349.5], [-95.953125, 351.5], [-95.234375, 355.0], [-94.609375, 358.5], [-93.921875, 360.5], [-93.21875, 363.0], [-92.53125, 368.0], [-91.796875, 372.0], [-91.09375, 374.5], [-90.390625, 378.5], [-89.6875, 383.5], [-88.984375, 387.0], [-88.28125, 392.0], [-87.578125, 402.0], [-86.875, 410.0], [-86.1875, 414.5], [-85.5, 419.5], [-84.796875, 424.5], [-84.109375, 429.0], 