{"heading": 12.6, "target": 53.109072647614, "gap_dist": 324.18950277923113, "gap_info": [{"width": 372.00634890516096, "center_angle": -81.44028229611435, "edge_a": [-106, 444.5], "edge_b": [-59, 484.0], "depth": 484.0, "passable": true, "chosen": false}, {"width": 343.23608585946045, "center_angle": -44.71962475236211, "edge_a": [-53, 498.5], "edge_b": [-23, 194.0], "depth": 498.5, "passable": true, "chosen": false}, {"width": 324.18950277923113, "center_angle": 53.109072647614, "edge_a": [31, 204.5], "edge_b": [62, 498.0], "depth": 498.0, "passable": true, "chosen": true}, {"width": 103.4529968455639, "center_angle": 140.94503220570058, "edge_a": [135, 497.5], "edge_b": [147, 488.5], "depth": 497.5, "passable": false, "chosen": false}], "scan": [[-3, 163.0], [-2, 187.5], [-1, 186.0], [0, 184.5], [1, 185.0], [2, 183.0], [3, 183.0], [4, 182.0], [5, 179.5], [6, 180.5], [7, 180.0], [8, 178.5], [9, 179.5], [10, 179.5], [11, 182.0], [12, 182.0], [13, 184.0], [14, 183.0], [15, 185.0], [16, 187.0], [17, 187.0], [18, 187.0], [19, 189.0], [20, 188.5], [21, 191.0], [22, 192.0], [23, 191.0], [24, 191.0], [25, 192.5], [26, 194.5], [27, 194.5], [28, 196.0], [29, 198.5], [30, 201.0], [31, 204.5], [35, 874.0], [36, 836.0], [37, 834.0], [38, 839.0], [39, 816.0], [42, 736.0], [43, 739.0], [47, 648.5], [48, 638.0], [49, 630.0], [50, 612.5], [51, 604.0], [52, 588.0], [53, 582.0], [54, 567.0], [55, 559.5], [56, 548.5], [57, 537.0], [58, 529.0], [59, 523.0], [60, 513.0], [61, 507.0], [62, 498.0], [63, 493.0], [64, 485.5], [65, 481.5], [66, 476.0], [67, 471.0], [68, 469.5], [69, 462.5], [70, 459.0], [71, 453.0], [72, 451.5], [73, 451.0], [74, 448.5], [75, 449.5], [76, 441.0], [77, 434.5], [78, 430.0], [79, 424.5], [80, 425.0], [81, 427.5], [82, 425.5], [83, 420.5], [84, 417.5], [85, 412.0], [86, 408.0], [87, 406.5], [88, 402.0], [89, 402.0], [90, 401.5], [91, 399.0], [92, 399.5], [93, 398.5], [94, 396.5], [95, 396.0], [96, 394.5], [97, 395.0], [98, 393.75], [99, 395.5], [100, 393.5], [101, 398.5], [102, 397.0], [103, 395.5], [104, 396.0], [105, 396.5], [106, 397.0], [107, 397.5], [108, 398.0], [109, 399.0], [110, 401.0], [111, 403.0], [112, 404.5], [113, 406.0], [114, 409.5], [115, 411.5], [116, 412.0], [117, 414.0], [118, 416.5], [119, 419.5], [120, 423.0], [121, 424.5], [122, 430.0], [123, 433.5], [124, 436.0], [125, 438.5], [126, 445.5], [127, 448.0], [128, 456.0], [129, 459.0], [130, 466.0], [131, 471.5], [132, 473.5], [133, 482.0], [134, 486.0], [135, 497.5], [136, 503.0], [137, 507.5], [139, 532.5], [140, 533.0], [141, 548.0], [142, 554.0], [143, 539.5], [144, 527.5], [145, 508.5], [146, 501.0], [147, 488.5], [148, 483.5], [149, 477.5], [150, 468.0], [151, 463.5], [152, 456.5], [153, 452.0], [154, 448.0], [155, 441.0], [156, 437.5], [157, 429.0], [158, 427.5], [159, 425.0], [160, 417.5], [161, 415.0], [162, 410.0], [163, 410.0], [164, 411.0], [165, 414.5], [166, 432.5], [168, 471.0], [171, 524.0], [175, 662.5], [-178, 2234.5], [-177, 2234.0], [-176, 2236.5], [-173, 2218.0], [-172, 2203.0], [-170, 1072.5], [-169, 1073.5], [-168, 1072.5], [-167, 1075.0], [-166, 1075.0], [-165, 1075.0], [-164, 1078.0], [-163, 1076.5], [-162, 1080.0], [-161, 1082.0], [-160, 1085.0], [-159, 1087.5], [-158, 1090.0], [-157, 1097.5], [-156, 1100.5], [-155, 1103.5], [-149, 1209.0], [-144, 487.0], [-143, 462.0], [-142, 451.0], [-141, 439.5], [-140, 417.75], [-139, 409.75], [-138, 392.0], [-137, 384.0], [-136, 369.0], [-135, 362.5], [-134, 355.5], [-133, 344.5], [-132, 339.0], [-131, 326.5], [-130, 321.5], [-129, 312.5], [-128, 308.5], [-127, 303.5], [-126, 296.5], [-125, 295.5], [-124, 294.0], [-123, 297.0], [-122, 300.0], [-121, 304.5], [-120, 312.0], [-119, 316.5], [-118, 325.0], [-117, 331.0], [-116, 341.0], [-115, 346.0], [-114, 351.0], [-113, 360.5], [-112, 368.5], [-111, 384.0], [-110, 391.5], [-109, 399.0], [-108, 415.0], [-107, 424.0], [-106, 444.5], [-104, 779.0], [-103, 772.5], [-102, 763.5], [-101, 759.0], [-100, 752.0], [-99, 748.5], [-98, 745.5], [-97, 742.0], [-96, 739.5], [-95, 735.0], [-94, 728.0], [-93, 724.75], [-92, 720.0], [-91, 717.0], [-90, 714.0], [-89, 712.0], [-88, 712.0], [-87, 710.0], [-86, 707.0], [-85, 706.0], [-84, 705.5], [-83, 704.5], [-82, 701.0], [-81, 700.5], [-80, 699.0], [-79, 699.5], [-78, 698.5], [-77, 698.5], [-76, 698.0], [-75, 698.5], [-74, 699.0], [-73, 699.5], [-72, 699.5], [-71, 700.0], [-70, 701.0], [-69, 702.5], [-68, 704.0], [-67, 707.5], [-66, 710.5], [-65, 702.5], [-64, 700.0], [-62, 696.5], [-59, 484.0], [-58, 484.0], [-57, 488.5], [-56, 490.0], [-55, 492.0], [-54, 496.0], [-53, 498.5], [-52, 503.0], [-51, 506.5], [-50, 510.5], [-49, 519.0], [-48, 523.0], [-47, 529.0], [-46, 532.5], [-45, 542.0], [-44, 544.5], [-43, 548.0], [-42, 561.5], [-41, 568.5], [-40, 578.0], [-39, 583.0], [-38, 589.0], [-37, 597.5], [-36, 603.5], [-35, 614.5], [-34, 622.0], [-33, 629.5], [-31, 983.0], [-30, 1008.0], [-29, 1022.0], [-28, 1035.5], [-27, 1067.0], [-26, 1080.5], [-23, 194.0], [-22, 192.0], [-21, 190.5], [-20, 188.5], [-19, 186.5], [-18, 184.5], [-17, 183.0], [-16, 181.5], [-15, 179.5], [-14, 177.0], [-13, 175.0], [-12, 174.5], [-11, 172.0], [-10, 171.0], [-9, 169.0], [-8, 168.0], [-7, 167.5], [-6, 166.0], [-5, 164.5], [-4, 163.0]]}