{"heading": 10.9, "target": 34.7098677534312, "gap_dist": 505.6189229311286, "gap_info": [{"width": 146.18526818339157, "center_angle": -60.26007384287701, "edge_a": [-61, 384.0], "edge_b": [-59, 225.5], "depth": 384.0, "passable": false, "chosen": false}, {"width": 505.6189229311286, "center_angle": 34.7098677534312, "edge_a": [27, 222.5], "edge_b": [37, 747.0], "depth": 747.0, "passable": true, "chosen": true}, {"width": 362.80429974660814, "center_angle": 67.35965421536078, "edge_a": [53, 705.0], "edge_b": [80, 799.0], "depth": 799.0, "passable": true, "chosen": false}, {"width": 332.0424551758809, "center_angle": 101.70828790173145, "edge_a": [101, 734.0], "edge_b": [103, 402.5], "depth": 734.0, "passable": true, "chosen": false}], "scan": [[-2, 176.5], [-1, 179.0], [0, 180.0], [1, 181.5], [2, 181.5], [3, 183.0], [4, 183.0], [5, 184.5], [6, 185.0], [7, 186.5], [8, 187.5], [9, 188.0], [10, 190.0], [11, 190.0], [12, 190.5], [13, 192.0], [14, 193.0], [15, 195.0], [16, 196.0], [17, 197.0], [18, 199.0], [19, 200.5], [20, 204.0], [21, 204.0], [22, 205.5], [23, 210.0], [24, 211.5], [25, 216.5], [26, 218.0], [27, 222.5], [37, 747.0], [38, 744.0], [39, 739.5], [40, 736.0], [41, 732.5], [42, 730.0], [43, 727.0], [44, 721.0], [45, 719.5], [46, 714.5], [47, 711.5], [48, 709.5], [49, 705.0], [50, 704.5], [51, 703.0], [52, 698.5], [53, 705.0], [55, 1101.0], [56, 1082.0], [57, 1069.0], [58, 1040.0], [59, 1026.5], [60, 1012.0], [61, 985.0], [62, 972.0], [63, 950.5], [64, 938.5], [65, 922.0], [66, 912.5], [67, 898.5], [68, 893.0], [69, 892.0], [70, 882.5], [71, 870.5], [72, 855.5], [73, 851.0], [74, 833.5], [75, 834.0], [76, 830.5], [77, 818.5], [78, 811.0], [79, 803.0], [80, 799.0], [81, 792.5], [82, 787.5], [83, 781.5], [84, 776.0], [85, 772.0], [86, 769.0], [87, 767.5], [88, 765.0], [89, 764.0], [90, 761.5], [91, 759.5], [92, 756.0], [93, 752.0], [94, 748.0], [95, 744.0], [96, 742.0], [97, 739.5], [98, 739.0], [99, 735.5], [100, 734.0], [101, 734.0], [103, 402.5], [104, 395.75], [105, 393.5], [106, 393.25], [107, 388.5], [108, 387.5], [109, 384.5], [110, 382.5], [111, 380.0], [112, 377.75], [113, 377.75], [114, 377.0], [115, 375.5], [116, 374.5], [117, 373.5], [118, 373.0], [119, 372.5], [120, 370.0], [121, 368.5], [122, 366.5], [123, 365.5], [124, 366.5], [125, 363.0], [126, 361.5], [127, 362.0], [128, 367.0], [129, 368.5], [130, 370.0], [131, 371.0], [132, 371.5], [133, 373.5], [134, 373.0], [135, 374.0], [136, 375.0], [137, 376.0], [138, 377.5], [139, 377.5], [140, 381.5], [141, 382.0], [142, 387.0], [143, 388.5], [144, 388.0], [145, 392.5], [147, 963.0], [148, 976.0], [149, 1002.0], [150, 1014.5], [151, 1041.0], [152, 1053.0], [153, 1068.0], [158, 3890.5], [161, 1503.5], [165, 8366.0], [180, 2004.0], [-177, 1542.0], [-175, 14886.5], [-174, 14858.5], [-172, 1521.0], [-171, 1499.5], [-170, 1508.0], [-169, 1526.0], [-167, 1584.0], [-166, 1545.0], [-165, 1543.0], [-164, 1548.5], [-155, 2304.0], [-146, 1067.0], [-144, 974.5], [-142, 897.0], [-141, 872.5], [-140, 840.0], [-138, 789.0], [-137, 778.5], [-135, 734.0], [-134, 715.0], [-133, 698.0], [-132, 676.5], [-130, 639.5], [-129, 626.0], [-128, 614.5], [-127, 594.5], [-126, 583.0], [-125, 568.0], [-123, 544.0], [-122, 524.0], [-121, 520.5], [-120, 511.0], [-119, 500.5], [-118, 490.5], [-117, 483.5], [-116, 482.5], [-114, 463.0], [-113, 458.0], [-112, 446.5], [-111, 441.0], [-110, 440.5], [-109, 433.0], [-108, 430.0], [-107, 424.0], [-106, 418.5], [-104, 411.0], [-103, 410.0], [-102, 407.0], [-101, 405.0], [-100, 396.0], [-99, 395.0], [-98, 394.0], [-97, 392.5], [-96, 389.5], [-95, 380.5], [-94, 379.0], [-93, 374.0], [-92, 373.0], [-91, 374.5], [-90, 373.5], [-89, 369.5], [-88, 367.5], [-87, 365.5], [-86, 367.5], [-85, 366.5], [-84, 364.0], [-83, 365.0], [-82, 362.0], [-81, 361.5], [-80, 360.0], [-79, 362.0], [-78, 362.75], [-77, 362.75], [-76, 362.5], [-75, 364.25], [-74, 362.75], [-73, 363.5], [-72, 363.5], [-71, 364.0], [-70, 364.25], [-69, 365.0], [-68, 367.5], [-67, 369.0], [-66, 370.5], [-65, 372.75], [-64, 369.5], [-63, 378.5], [-62, 382.0], [-61, 384.0], [-59, 225.5], [-58, 226.5], [-57, 221.0], [-56, 217.5], [-55, 214.5], [-54, 211.5], [-53, 206.0], [-52, 204.0], [-51, 200.5], [-50, 198.5], [-49, 197.0], [-48, 194.5], [-47, 193.0], [-46, 190.0], [-45, 189.0], [-44, 186.5], [-43, 185.5], [-42, 181.5], [-41, 181.0], [-40, 179.5], [-39, 176.5], [-38, 176.0], [-37, 174.5], [-36, 173.0], [-35, 171.0], [-34, 169.0], [-33, 169.0], [-32, 167.5], [-31, 166.5], [-30, 165.5], [-29, 164.5], [-28, 163.0], [-27, 163.5], [-26, 163.5], [-25, 163.5], [-24, 162.0], [-23, 162.0], [-22, 162.0], [-21, 161.0], [-20, 160.0], [-19, 158.5], [-18, 158.5], [-17, 156.5], [-16, 155.0], [-15, 155.5], [-14, 157.0], [-13, 159.5], [-12, 160.5], [-11, 160.0], [-10, 160.0], [-9, 161.5], [-8, 160.5], [-7, 161.5], [-6, 162.0], [-5, 162.5], [-4, 162.5]]}