{"heading": 56.8, "target": 119.89134288591858, "gap_dist": 301.4014409044328, "gap_info": [{"width": 32.90499973086777, "center_angle": -77.5563410879481, "edge_a": [-79, 373.0], "edge_b": [-76, 346.0], "depth": 373.0, "passable": false, "chosen": false}, {"width": 301.4014409044328, "center_angle": 119.89134288591858, "edge_a": [91, 196.0], "edge_b": [131, 491.5], "depth": 491.5, "passable": true, "chosen": true}], "scan": [[-3, 219.0], [-2, 220.5], [-1, 243.5], [0, 246.0], [1, 249.0], [2, 250.5], [3, 255.0], [4, 259.5], [6, 266.0], [7, 268.0], [8, 272.5], [9, 276.0], [10, 282.5], [11, 283.0], [12, 284.5], [13, 287.0], [14, 291.0], [15, 291.0], [17, 275.5], [18, 271.0], [19, 263.0], [20, 259.5], [21, 255.5], [22, 248.0], [23, 245.5], [24, 240.5], [25, 238.0], [26, 234.5], [27, 228.5], [28, 224.0], [29, 222.0], [30, 217.5], [31, 215.0], [32, 214.0], [33, 211.0], [34, 210.0], [35, 207.5], [36, 203.0], [37, 202.5], [38, 199.0], [39, 198.5], [40, 195.5], [41, 195.0], [42, 195.5], [43, 194.0], [44, 192.5], [45, 190.5], [46, 189.0], [47, 187.5], [48, 186.5], [49, 185.0], [50, 184.0], [51, 183.0], [52, 183.0], [53, 181.5], [54, 180.0], [55, 179.0], [56, 179.0], [57, 178.5], [58, 177.5], [59, 177.0], [60, 175.5], [61, 175.0], [62, 175.0], [63, 174.5], [64, 170.0], [65, 170.5], [66, 170.5], [67, 171.5], [68, 172.0], [69, 173.5], [70, 174.5], [71, 175.0], [72, 176.5], [73, 177.0], [74, 178.0], [75, 179.0], [76, 178.0], [77, 179.0], [78, 180.5], [79, 180.0], [80, 180.5], [81, 182.0], [82, 182.5], [83, 183.5], [84, 186.0], [85, 187.0], [86, 189.5], [87, 190.0], [88, 192.0], [89, 192.5], [90, 193.0], [91, 196.0], [94, 945.5], [95, 951.25], [96, 966.25], [97, 974.25], [98, 986.0], [99, 993.5], [100, 1000.75], [101, 1015.0], [102, 1024.5], [104, 1324.0], [105, 1288.25], [106, 1271.25], [107, 1236.5], [108, 1221.0], [109, 1206.0], [110, 1177.5], [111, 1163.5], [112, 1156.5], [113, 1170.0], [114, 1164.0], [115, 1141.5], [116, 1118.5], [117, 1098.5], [118, 1091.5], [119, 1068.5], [120, 1064.0], [121, 1041.5], [122, 1035.0], [123, 1028.0], [124, 1014.0], [125, 1006.0], [126, 995.0], [127, 989.0], [128, 982.0], [130, 513.0], [131, 491.5], [132, 481.5], [133, 470.0], [134, 454.5], [135, 445.0], [136, 437.5], [137, 426.0], [138, 420.0], [139, 409.5], [140, 404.5], [141, 399.0], [142, 390.0], [143, 385.0], [144, 376.5], [145, 372.5], [146, 367.5], [147, 365.0], [148, 367.0], [149, 371.5], [150, 382.5], [151, 388.5], [152, 395.0], [153, 408.0], [154, 415.0], [155, 430.0], [156, 439.0], [157, 456.0], [158, 467.0], [160, 502.5], [161, 513.0], [162, 540.5], [165, 612.0], [167, 885.0], [168, 889.0], [169, 891.5], [170, 897.0], [171, 899.5], [172, 908.0], [173, 904.5], [174, 905.5], [175, 912.0], [176, 916.0], [177, 922.0], [178, 926.5], [179, 937.0], [180, 940.0], [-179, 943.5], [-178, 952.5], [-177, 957.5], [-176, 971.5], [-175, 978.0], [-174, 985.5], [-173, 998.5], [-172, 1007.5], [-167, 1530.5], [-166, 1529.5], [-165, 1518.5], [-164, 1500.0], [-163, 1521.5], [-162, 1528.5], [-160, 3336.0], [-159, 3352.0], [-156, 1566.5], [-155, 1556.0], [-154, 1559.0], [-153, 1570.0], [-152, 1574.5], [-143, 6320.5], [-142, 6382.5], [-139, 936.0], [-138, 928.5], [-137, 924.5], [-136, 922.5], [-135, 917.5], [-133, 960.5], [-130, 1580.0], [-129, 1549.5], [-128, 1545.5], [-126, 865.5], [-125, 864.5], [-124, 859.5], [-123, 860.5], [-122, 862.0], [-121, 883.0], [-120, 897.5], [-119, 909.5], [-116, 3006.0], [-107, 1992.0], [-106, 2015.0], [-99, 802.5], [-98, 784.5], [-93, 607.5], [-90, 516.5], [-87, 460.0], [-86, 454.0], [-84, 423.0], [-83, 410.0], [-81, 392.5], [-80, 376.5], [-79, 373.0], [-76, 346.0], [-74, 331.5], [-73, 323.0], [-71, 313.5], [-70, 303.0], [-69, 298.5], [-68, 290.5], [-67, 286.0], [-66, 284.5], [-65, 277.5], [-64, 274.5], [-63, 270.0], [-62, 265.0], [-61, 263.0], [-60, 256.0], [-59, 254.5], [-58, 247.5], [-57, 244.5], [-56, 240.0], [-55, 239.5], [-54, 237.5], [-53, 235.5], [-52, 235.5], [-51, 230.0], [-50, 227.5], [-49, 226.5], [-48, 222.5], [-47, 220.5], [-46, 217.5], [-45, 217.5], [-43, 212.0], [-42, 211.0], [-41, 207.5], [-40, 206.5], [-39, 207.5], [-38, 205.0], [-37, 202.0], [-36, 201.0], [-35, 203.5], [-34, 202.0], [-33, 200.0], [-32, 201.0], [-31, 199.0], [-30, 200.0], [-29, 199.0], [-28, 198.5], [-27, 198.5], [-26, 200.0], [-25, 199.0], [-24, 198.5], [-23, 197.0], [-22, 198.5], [-21, 198.0], [-20, 199.5], [-19, 200.0], [-18, 199.5], [-17, 200.5], [-16, 201.0], [-15, 201.5], [-14, 204.5], [-13, 204.5], [-12, 206.5], [-11, 205.5], [-10, 208.5], [-9, 210.5], [-8, 209.5], [-7, 212.0], [-6, 212.5], [-5, 214.5], [-4, 215.5]]}