{"heading": -532.8, "target": 137.77503372300987, "gap_dist": 311.38982368541224, "gap_info": [{"width": 294.154305522302, "center_angle": -97.0476902948084, "edge_a": [-180, 122.0], "edge_b": [-80, 413.0], "depth": 413.0, "passable": true, "chosen": false}, {"width": 463.65153941295176, "center_angle": 75.88960763912877, "edge_a": [-11, 184.5], "edge_b": [104, 391.0], "depth": 391.0, "passable": true, "chosen": false}, {"width": 311.38982368541224, "center_angle": 137.77503372300987, "edge_a": [129, 475.5], "edge_b": [174, 122.75], "depth": 475.5, "passable": true, "chosen": true}], "scan": [[-1, 3417.0], [0, 3348.5], [1, 3316.5], [2, 3286.0], [3, 3225.5], [4, 3214.5], [5, 3246.5], [6, 3369.0], [7, 3437.0], [8, 3508.0], [9, 3660.5], [10, 3745.0], [11, 3917.0], [12, 4009.0], [13, 4107.5], [14, 4208.5], [15, 4434.5], [17, 1569.0], [18, 1551.0], [19, 1563.0], [20, 1594.0], [23, 2666.0], [24, 2651.0], [28, 2579.5], [29, 2564.0], [30, 2555.0], [31, 2553.0], [32, 2549.0], [33, 2543.0], [34, 2542.0], [37, 3361.5], [40, 3331.5], [41, 3329.5], [42, 3327.5], [44, 6176.5], [47, 6212.0], [51, 1552.0], [52, 1560.5], [55, 1542.0], [56, 1527.5], [58, 1658.0], [59, 1672.0], [60, 1664.0], [65, 1914.0], [66, 1854.0], [68, 1808.0], [69, 1840.0], [71, 1938.0], [74, 1976.0], [75, 2001.5], [76, 2002.0], [78, 2078.5], [79, 2126.0], [80, 2146.5], [82, 2076.5], [84, 2272.5], [85, 2298.0], [86, 2329.5], [88, 3186.0], [93, 2704.5], [95, 2934.0], [98, 1968.5], [99, 1942.0], [100, 1928.5], [101, 1913.5], [104, 391.0], [105, 378.0], [107, 361.5], [109, 343.0], [110, 345.0], [111, 350.0], [112, 354.0], [113, 362.5], [114, 365.5], [115, 367.5], [116, 375.5], [117, 379.5], [118, 388.5], [119, 394.0], [120, 398.5], [121, 407.0], [122, 418.0], [123, 424.0], [124, 430.0], [125, 443.0], [126, 448.5], [127, 454.5], [128, 468.5], [129, 475.5], [131, 2461.0], [132, 2466.0], [133, 2463.5], [134, 2480.0], [135, 2531.0], [136, 2534.5], [137, 2547.0], [138, 2554.5], [139, 2560.5], [140, 2565.5], [141, 2580.0], [142, 2592.0], [143, 2610.0], [144, 2622.0], [145, 2641.5], [146, 2654.0], [147, 2667.0], [148, 2691.0], [149, 2707.0], [150, 2740.0], [151, 2757.0], [152, 2774.5], [153, 2810.5], [154, 2833.0], [155, 2864.5], [156, 2885.0], [157, 2908.0], [158, 2953.0], [159, 2977.0], [160, 3031.5], [165, 70.5], [166, 70.0], [174, 122.75], [175, 126.75], [176, 127.75], [177, 127.0], [178, 125.75], [179, 122.75], [-180, 122.0], [-175, 69.0], [-166, 541.5], [-165, 543.0], [-164, 544.0], [-163, 544.5], [-162, 547.0], [-161, 548.0], [-160, 549.5], [-159, 549.5], [-158, 550.0], [-157, 556.5], [-154, 593.0], [-153, 593.5], [-152, 598.5], [-151, 602.0], [-150, 605.5], [-149, 614.5], [-148, 618.0], [-147, 626.0], [-146, 629.5], [-145, 634.5], [-144, 643.5], [-143, 649.5], [-142, 660.5], [-141, 665.0], [-140, 672.5], [-139, 683.0], [-138, 690.5], [-135, 2331.0], [-134, 2353.0], [-133, 2363.0], [-132, 2356.0], [-131, 2323.0], [-130, 2317.0], [-129, 2327.5], [-122, 4982.0], [-121, 5007.0], [-120, 5064.0], [-119, 5091.5], [-118, 5121.0], [-117, 5182.0], [-115, 3870.5], [-114, 3702.5], [-113, 3624.0], [-112, 3548.0], [-111, 3410.0], [-110, 3346.0], [-109, 3230.0], [-108, 3173.0], [-107, 3119.0], [-106, 3018.0], [-105, 2971.0], [-104, 2879.5], [-103, 2838.0], [-102, 2798.5], [-101, 2723.0], [-100, 2687.0], [-99, 2619.0], [-98, 2587.0], [-96, 1278.5], [-95, 1291.0], [-94, 1279.0], [-93, 1276.5], [-92, 1270.0], [-89, 1853.0], [-88, 1858.5], [-87, 1875.5], [-85, 2176.5], [-84, 2146.5], [-83, 2131.5], [-82, 2115.0], [-80, 413.0], [-79, 394.0], [-78, 383.5], [-77, 374.5], [-76, 358.0], [-75, 353.0], [-74, 336.0], [-73, 329.5], [-72, 323.5], [-71, 312.5], [-70, 307.5], [-69, 296.0], [-68, 292.5], [-67, 287.5], [-66, 281.0], [-65, 278.5], [-64, 271.0], [-63, 271.0], [-61, 252.5], [-60, 250.0], [-59, 244.5], [-58, 242.5], [-57, 236.5], [-56, 234.0], [-55, 231.5], [-54, 226.0], [-53, 223.5], [-52, 221.0], [-51, 218.0], [-50, 215.0], [-49, 211.0], [-48, 209.0], [-47, 206.5], [-46, 206.0], [-45, 204.0], [-44, 202.0], [-43, 200.0], [-42, 197.0], [-41, 197.0], [-40, 196.0], [-39, 193.0], [-38, 192.0], [-37, 189.0], [-36, 188.0], [-35, 187.0], [-34, 185.5], [-33, 186.0], [-32, 183.5], [-31, 183.5], [-30, 183.5], [-29, 182.0], [-28, 181.5], [-27, 180.5], [-26, 180.0], [-25, 180.0], [-24, 179.0], [-23, 179.0], [-22, 178.5], [-21, 178.5], [-20, 179.0], [-19, 177.5], [-18, 178.0], [-17, 178.5], [-16, 179.5], [-15, 179.0], [-14, 177.0], [-13, 177.5], [-11, 184.5], [-8, 3499.5], [-7, 3420.5], [-6, 3384.0], [-5, 3349.5], [-4, 3282.5]]}