{"heading": 938.2, "target": 129.35676398375767, "gap_dist": 436.97482514012455, "gap_info": [{"width": 150.7901824237651, "center_angle": -55.27046570621684, "edge_a": [-56, 353.5], "edge_b": [-54, 203.0], "depth": 353.5, "passable": false, "chosen": false}, {"width": 581.7115882518978, "center_angle": 85.55222836051392, "edge_a": [22, 274.0], "edge_b": [115, 499.0], "depth": 499.0, "passable": true, "chosen": false}, {"width": 436.97482514012455, "center_angle": 129.35676398375767, "edge_a": [121, 499.5], "edge_b": [171, 109.25], "depth": 499.5, "passable": true, "chosen": true}], "scan": [[-3, 195.25], [-2, 197.5], [-1, 198.0], [0, 201.0], [1, 202.0], [2, 203.0], [3, 208.0], [4, 207.75], [5, 211.5], [6, 213.5], [7, 216.5], [8, 219.5], [9, 220.5], [10, 224.5], [11, 227.0], [12, 229.5], [13, 235.5], [14, 239.5], [15, 242.0], [16, 246.5], [17, 252.0], [18, 254.5], [19, 260.5], [20, 266.5], [21, 269.5], [22, 274.0], [25, 5042.5], [26, 5016.0], [27, 5006.0], [28, 4999.0], [29, 4988.5], [30, 4990.0], [31, 4992.0], [32, 4978.0], [33, 4962.5], [34, 4375.0], [35, 4380.5], [36, 4400.0], [51, 1372.5], [52, 1293.0], [53, 1226.5], [54, 1196.0], [55, 1140.0], [56, 1114.5], [57, 1090.5], [58, 1045.5], [59, 1023.0], [60, 981.5], [61, 962.0], [62, 927.0], [63, 908.0], [64, 893.5], [65, 862.5], [66, 847.0], [67, 819.0], [68, 808.5], [69, 789.0], [70, 776.0], [71, 756.0], [72, 745.0], [73, 738.0], [74, 720.5], [75, 710.0], [76, 695.0], [77, 686.0], [78, 672.5], [79, 663.5], [80, 652.5], [81, 644.5], [82, 636.5], [83, 625.0], [84, 619.0], [85, 607.5], [86, 603.5], [87, 592.5], [88, 588.0], [89, 579.5], [90, 574.5], [91, 569.5], [92, 564.0], [93, 560.0], [94, 553.5], [95, 549.0], [96, 543.0], [97, 541.0], [98, 533.5], [99, 532.5], [100, 531.5], [101, 527.0], [102, 525.0], [103, 522.0], [104, 518.5], [105, 517.0], [106, 513.0], [107, 511.0], [108, 509.0], [109, 507.5], [110, 506.5], [111, 503.5], [112, 502.5], [113, 501.0], [114, 500.0], [115, 499.0], [116, 499.0], [117, 499.0], [118, 498.5], [119, 498.5], [120, 498.0], [121, 499.5], [122, 502.0], [123, 503.0], [124, 502.75], [125, 504.0], [126, 504.0], [127, 506.25], [128, 506.5], [129, 510.0], [130, 512.25], [131, 513.75], [132, 517.75], [133, 519.5], [134, 521.75], [135, 525.5], [136, 528.5], [137, 531.5], [138, 534.0], [139, 539.0], [140, 543.0], [141, 549.0], [142, 552.5], [143, 555.0], [144, 559.5], [145, 562.0], [146, 572.0], [147, 575.5], [148, 579.5], [149, 590.0], [150, 594.0], [151, 604.5], [152, 608.5], [153, 618.5], [154, 627.0], [155, 639.0], [156, 646.5], [157, 651.0], [158, 664.5], [159, 671.0], [160, 687.0], [161, 695.0], [163, 60.0], [165, 69.0], [166, 68.25], [171, 109.25], [173, 115.75], [174, 122.25], [175, 124.25], [176, 127.25], [177, 126.75], [178, 126.25], [179, 127.0], [180, 127.0], [-175, 69.0], [-173, 60.5], [-171, 77.75], [-170, 78.25], [-168, 69.75], [-166, 86.0], [-165, 2234.0], [-162, 2690.0], [-161, 2677.5], [-160, 2501.0], [-159, 2506.0], [-158, 2662.0], [-157, 2660.0], [-156, 2651.5], [-155, 2649.0], [-154, 2644.0], [-152, 2632.0], [-151, 2635.0], [-149, 2630.5], [-148, 2633.75], [-147, 2637.0], [-146, 2856.0], [-145, 2862.0], [-144, 2868.5], [-143, 2873.5], [-142, 2878.0], [-141, 2891.0], [-140, 2899.0], [-139, 2914.5], [-138, 2920.5], [-137, 2941.0], [-136, 2950.0], [-135, 2961.5], [-134, 2985.5], [-133, 2999.5], [-132, 3024.5], [-131, 3040.5], [-130, 3070.5], [-129, 3080.0], [-128, 2225.0], [-127, 2228.5], [-126, 2127.0], [-125, 2077.0], [-124, 1981.0], [-123, 1934.0], [-122, 1897.0], [-121, 1695.5], [-120, 1697.0], [-119, 1717.5], [-118, 1732.5], [-117, 1748.0], [-116, 1779.5], [-115, 1797.0], [-114, 1831.5], [-113, 1849.5], [-112, 1887.5], [-111, 1908.5], [-110, 1949.0], [-109, 1973.0], [-108, 1997.0], [-107, 2049.0], [-106, 4053.5], [-104, 4273.0], [-103, 4399.5], [-102, 4464.5], [-101, 4511.5], [-99, 4148.5], [-98, 4109.0], [-97, 4122.5], [-95, 4468.5], [-94, 4931.0], [-93, 4932.0], [-91, 5366.0], [-90, 3313.5], [-87, 3254.0], [-85, 4866.0], [-84, 4864.5], [-83, 4878.5], [-80, 3337.0], [-79, 4817.75], [-78, 6522.0], [-76, 5138.5], [-73, 3211.5], [-72, 3218.5], [-71, 3257.5], [-69, 4970.0], [-68, 5042.5], [-65, 2951.5], [-57, 358.0], [-56, 353.5], [-54, 203.0], [-53, 200.0], [-52, 198.5], [-51, 197.5], [-50, 197.0], [-49, 195.0], [-48, 194.5], [-47, 193.5], [-46, 190.0], [-45, 189.0], [-44, 188.5], [-43, 186.5], [-42, 185.5], [-41, 185.0], [-40, 184.5], [-39, 183.5], [-38, 183.0], [-37, 183.0], [-36, 183.0], [-35, 181.0], [-34, 180.5], [-33, 180.0], [-32, 178.0], [-31, 177.0], [-30, 177.0], [-29, 174.5], [-28, 175.5], [-27, 174.5], [-26, 176.5], [-25, 178.0], [-24, 179.5], [-23, 179.5], [-22, 179.0], [-21, 181.5], [-20, 179.25], [-19, 181.25], [-18, 181.5], [-17, 183.5], [-16, 184.0], [-15, 185.0], [-14, 186.5], [-13, 187.0], [-12, 188.0], [-11, 188.0], [-10, 191.0], [-9, 191.5], [-8, 192.5], [-7, 194.5], [-6, 195.0], [-5, 197.0], [-4, 197.5]]}