{"heading": 922.5, "target": 124.44867487054165, "gap_dist": 438.36913565960475, "gap_info": [{"width": 511.82102665296003, "center_angle": 48.49359289023367, "edge_a": [-20, 161.5], "edge_b": [66, 499.5], "depth": 499.5, "passable": true, "chosen": false}, {"width": 438.36913565960475, "center_angle": 124.44867487054165, "edge_a": [114, 497.0], "edge_b": [173, 120.25], "depth": 497.0, "passable": true, "chosen": true}], "scan": [[-2, 4841.5], [-1, 4840.0], [0, 4840.5], [1, 4840.0], [2, 4828.5], [3, 4820.0], [4, 4221.5], [5, 4230.0], [6, 4252.0], [22, 1200.5], [23, 1167.5], [24, 1105.5], [25, 1078.5], [26, 1053.5], [27, 1002.5], [28, 977.0], [29, 936.0], [30, 899.5], [31, 881.5], [32, 864.0], [33, 835.0], [34, 820.0], [35, 808.0], [36, 785.0], [37, 772.0], [38, 751.0], [39, 740.5], [40, 719.0], [41, 707.0], [42, 699.0], [43, 679.0], [44, 670.0], [45, 653.0], [46, 645.5], [47, 638.0], [48, 629.5], [49, 612.0], [50, 607.0], [51, 593.0], [52, 585.5], [53, 579.0], [54, 566.75], [55, 561.75], [56, 554.5], [57, 549.0], [58, 543.5], [59, 534.5], [60, 528.5], [61, 524.5], [62, 520.5], [63, 516.0], [64, 508.5], [65, 504.5], [66, 499.5], [67, 497.0], [68, 492.0], [69, 488.5], [70, 486.5], [71, 483.0], [72, 481.5], [73, 478.5], [74, 475.5], [75, 473.5], [76, 471.0], [77, 468.5], [78, 466.5], [79, 464.5], [80, 464.0], [81, 461.5], [82, 461.0], [83, 458.5], [84, 457.25], [85, 457.0], [86, 458.0], [87, 456.75], [88, 456.25], [89, 457.5], [90, 456.0], [91, 456.5], [92, 457.0], [93, 457.0], [94, 455.0], [95, 456.5], [96, 458.5], [97, 459.5], [98, 459.5], [99, 462.0], [100, 462.5], [101, 464.5], [102, 466.0], [103, 467.5], [104, 469.0], [105, 469.0], [106, 471.5], [107, 475.5], [108, 477.0], [109, 481.5], [110, 482.5], [111, 485.0], [112, 490.0], [113, 492.0], [114, 497.0], [115, 500.0], [116, 503.0], [117, 510.0], [118, 514.0], [119, 520.5], [120, 524.5], [121, 531.0], [122, 535.0], [123, 545.0], [124, 549.0], [125, 553.5], [126, 564.5], [127, 571.0], [128, 582.5], [129, 589.0], [130, 596.0], [131, 607.5], [132, 614.5], [133, 630.5], [134, 639.0], [135, 648.0], [136, 663.0], [137, 670.5], [138, 681.0], [139, 700.0], [140, 709.5], [141, 731.0], [142, 740.5], [143, 754.5], [144, 778.5], [145, 792.0], [146, 813.0], [147, 825.0], [148, 839.5], [149, 870.5], [150, 886.5], [151, 920.5], [152, 942.0], [153, 961.5], [154, 1005.0], [155, 1028.5], [156, 1081.0], [157, 1107.0], [158, 1136.0], [159, 1199.0], [160, 1235.5], [165, 69.25], [173, 120.25], [174, 121.75], [175, 123.5], [176, 128.5], [177, 126.75], [178, 126.25], [179, 126.0], [180, 125.5], [-175, 68.0], [-167, 70.5], [-166, 3052.0], [-165, 3064.0], [-164, 3077.5], [-163, 3103.0], [-162, 3116.5], [-161, 3138.5], [-160, 3149.0], [-159, 3158.5], [-158, 3185.0], [-157, 3199.5], [-156, 3226.5], [-155, 3242.5], [-154, 2384.0], [-153, 2390.0], [-152, 2300.5], [-151, 2240.0], [-150, 2134.5], [-149, 2084.5], [-147, 1853.0], [-146, 1860.0], [-145, 1874.5], [-144, 1889.5], [-143, 1920.0], [-142, 1934.5], [-141, 1968.5], [-140, 1988.0], [-139, 2006.0], [-138, 2044.5], [-137, 2063.5], [-136, 2107.0], [-135, 2131.5], [-134, 2156.0], [-132, 4208.5], [-131, 4195.5], [-130, 4424.0], [-129, 4482.5], [-128, 4548.5], [-127, 4615.5], [-126, 4733.5], [-125, 4813.5], [-124, 4277.0], [-123, 4238.0], [-122, 4250.0], [-121, 5039.0], [-120, 214.25], [-119, 214.0], [-118, 205.5], [-117, 201.5], [-116, 199.0], [-115, 193.5], [-113, 184.5], [-112, 182.5], [-111, 180.5], [-110, 173.5], [-109, 170.5], [-108, 167.5], [-107, 165.5], [-106, 160.5], [-105, 159.5], [-104, 158.5], [-103, 155.0], [-102, 152.5], [-101, 151.5], [-100, 150.5], [-99, 150.0], [-98, 146.0], [-97, 145.0], [-96, 143.0], [-95, 141.0], [-94, 140.5], [-93, 139.0], [-92, 140.0], [-91, 137.0], [-90, 138.0], [-89, 137.0], [-88, 133.5], [-87, 132.5], [-86, 131.0], [-85, 131.0], [-84, 130.0], [-83, 129.0], [-82, 130.5], [-81, 130.0], [-80, 129.5], [-79, 129.0], [-78, 127.0], [-77, 127.0], [-76, 125.0], [-75, 124.0], [-74, 123.5], [-73, 124.0], [-72, 124.0], [-71, 123.0], [-70, 123.5], [-69, 121.0], [-68, 121.0], [-67, 120.0], [-66, 117.5], [-64, 121.5], [-63, 123.0], [-62, 122.5], [-61, 122.0], [-60, 122.5], [-59, 123.0], [-58, 123.5], [-57, 123.5], [-56, 123.0], [-55, 126.5], [-54, 125.5], [-53, 124.5], [-52, 125.5], [-51, 128.0], [-50, 128.5], [-49, 128.5], [-48, 127.5], [-47, 128.0], [-46, 130.0], [-45, 129.5], [-44, 130.5], [-43, 132.0], [-42, 132.5], [-41, 132.5], [-40, 133.5], [-39, 135.0], [-38, 136.5], [-37, 137.5], [-36, 140.0], [-35, 141.0], [-34, 141.0], [-33, 142.0], [-32, 143.0], [-31, 145.5], [-30, 146.0], [-29, 147.5], [-28, 147.5], [-27, 148.0], [-26, 152.0], [-25, 153.0], [-24, 156.0], [-23, 158.5], [-22, 158.0], [-21, 158.5], [-20, 161.5], [-18, 5226.0], [-17, 5199.5], [-16, 5175.5], [-15, 5132.5], [-14, 5106.5], [-13, 5057.0]]}