{"heading": -63.3, "target": -137.83180621826932, "gap_dist": 307.1119192426709, "gap_info": [{"width": 307.1119192426709, "center_angle": -137.83180621826932, "edge_a": [-148, 485.0], "edge_b": [-112, 196.5], "depth": 485.0, "passable": true, "chosen": true}, {"width": 152.58497547472606, "center_angle": 89.79536309251873, "edge_a": [87, 535.0], "edge_b": [92, 678.25], "depth": 678.25, "passable": false, "chosen": false}], "scan": [[-4, 201.5], [-2, 222.5], [-1, 222.5], [1, 214.0], [3, 215.0], [4, 214.0], [5, 212.5], [6, 209.0], [7, 206.5], [9, 201.0], [10, 201.0], [11, 203.0], [12, 202.0], [13, 198.5], [14, 198.5], [15, 197.5], [16, 198.0], [17, 198.0], [18, 201.0], [19, 199.0], [20, 198.0], [21, 198.0], [22, 198.0], [23, 200.5], [24, 200.5], [25, 200.5], [26, 200.5], [27, 199.0], [28, 200.0], [29, 199.5], [30, 201.0], [31, 203.5], [32, 203.5], [33, 204.5], [34, 206.0], [35, 205.5], [36, 208.5], [38, 214.5], [39, 219.5], [40, 215.0], [41, 218.5], [42, 223.0], [43, 223.0], [44, 224.5], [45, 226.0], [46, 230.5], [47, 233.0], [48, 234.0], [49, 234.0], [51, 243.5], [52, 243.5], [53, 246.0], [54, 247.5], [56, 257.5], [57, 260.0], [58, 262.0], [61, 275.0], [62, 279.0], [63, 284.0], [64, 290.0], [65, 295.0], [66, 308.25], [67, 310.25], [68, 314.5], [69, 317.5], [71, 335.5], [72, 337.75], [73, 349.75], [74, 356.75], [76, 376.25], [77, 378.75], [78, 389.75], [79, 395.0], [81, 424.0], [82, 432.0], [83, 447.0], [87, 535.0], [92, 678.25], [107, 2727.0], [109, 2078.5], [110, 2078.5], [112, 1575.5], [114, 935.5], [115, 924.5], [116, 918.0], [117, 915.5], [118, 918.5], [125, 1120.0], [127, 1016.5], [129, 989.0], [130, 995.5], [132, 1021.5], [133, 1009.5], [135, 1260.5], [136, 1226.0], [137, 1207.5], [138, 1201.0], [139, 1199.5], [140, 1203.0], [145, 11176.5], [159, 9367.5], [163, 2933.0], [164, 2955.5], [169, 1009.5], [170, 990.0], [171, 981.5], [172, 972.0], [173, 954.5], [174, 950.0], [175, 935.5], [176, 932.5], [177, 925.0], [178, 917.0], [-177, 482.0], [-173, 395.5], [-171, 375.0], [-170, 370.5], [-169, 371.0], [-168, 373.0], [-167, 377.0], [-166, 381.0], [-165, 382.5], [-164, 390.0], [-163, 392.5], [-162, 394.0], [-161, 402.0], [-160, 404.5], [-159, 411.0], [-158, 414.0], [-157, 420.5], [-156, 425.0], [-155, 430.5], [-154, 440.0], [-153, 444.0], [-152, 456.0], [-151, 459.5], [-150, 465.5], [-149, 479.0], [-148, 485.0], [-146, 905.5], [-145, 909.0], [-144, 917.5], [-143, 920.0], [-142, 925.5], [-141, 930.0], [-140, 937.0], [-139, 944.5], [-138, 945.0], [-137, 959.5], [-136, 961.0], [-135, 967.5], [-134, 979.5], [-133, 984.5], [-132, 998.5], [-131, 1002.0], [-130, 1015.5], [-129, 1017.5], [-128, 1039.5], [-127, 1045.0], [-126, 1050.0], [-125, 1063.5], [-124, 1079.0], [-123, 1096.0], [-122, 1113.5], [-121, 1122.5], [-120, 1134.5], [-119, 1145.0], [-118, 1172.0], [-117, 1185.0], [-116, 1213.0], [-115, 1227.0], [-114, 1244.0], [-112, 196.5], [-111, 196.0], [-110, 193.0], [-109, 193.5], [-108, 193.0], [-107, 190.0], [-106, 189.0], [-105, 189.25], [-104, 187.5], [-103, 186.0], [-102, 185.75], [-101, 184.75], [-100, 184.0], [-99, 183.5], [-98, 183.5], [-97, 182.25], [-96, 182.75], [-95, 181.5], [-94, 181.5], [-93, 179.5], [-92, 179.0], [-91, 177.5], [-90, 176.5], [-89, 177.0], [-88, 178.0], [-87, 179.75], [-86, 179.0], [-85, 180.0], [-84, 182.0], [-83, 182.0], [-82, 183.0], [-81, 182.0], [-80, 182.5], [-79, 184.5], [-78, 185.0], [-77, 185.5], [-76, 186.5], [-75, 187.0], [-74, 188.5], [-73, 190.0], [-72, 191.0], [-71, 191.5], [-70, 193.5], [-69, 195.0], [-68, 196.5], [-67, 198.0], [-66, 200.0], [-65, 201.0], [-64, 201.0], [-63, 203.0], [-62, 206.5], [-61, 208.0], [-60, 210.0], [-59, 211.5], [-58, 215.5], [-57, 218.5], [-56, 223.5], [-55, 224.0], [-54, 226.0], [-53, 232.0], [-52, 235.0], [-51, 239.5], [-50, 242.5], [-49, 245.0], [-48, 251.0], [-47, 254.0], [-46, 260.5], [-45, 264.5], [-44, 267.5], [-43, 274.5], [-42, 279.0], [-39, 365.0], [-38, 363.5], [-37, 351.5], [-36, 347.0], [-35, 336.0], [-34, 330.0], [-33, 323.5], [-32, 314.0], [-31, 311.0], [-30, 297.0], [-29, 293.0], [-28, 286.5], [-26, 272.0], [-25, 268.0], [-24, 264.0], [-23, 264.5], [-21, 251.5], [-19, 242.0], [-18, 242.0], [-17, 239.5], [-15, 229.5], [-14, 227.5], [-13, 226.5], [-12, 227.0], [-11, 221.0], [-10, 216.0], [-9, 218.0], [-8, 210.5], [-7, 210.0], [-6, 206.5], [-5, 203.0]]}