{"heading": -59.1, "target": -135.54278797426812, "gap_dist": 518.9301457709704, "gap_info": [{"width": 518.9301457709704, "center_angle": -135.54278797426812, "edge_a": [-151, 557.0], "edge_b": [-35, 151.0], "depth": 557.0, "passable": true, "chosen": true}, {"width": 627.1694720249711, "center_angle": 89.4403692410519, "edge_a": [-18, 139.0], "edge_b": [99, 798.5], "depth": 798.5, "passable": true, "chosen": false}], "scan": [[-3, 2160.0], [-2, 2201.5], [-1, 2255.5], [3, 3929.0], [4, 3970.0], [5, 4016.0], [7, 3243.5], [9, 4300.0], [10, 4357.5], [11, 4478.5], [12, 4500.5], [13, 4410.5], [14, 4365.0], [15, 4274.0], [16, 4237.0], [17, 4153.5], [18, 4113.0], [19, 4126.5], [20, 4190.5], [22, 3466.0], [24, 6120.5], [25, 6405.5], [26, 6554.5], [27, 6719.0], [28, 7065.5], [29, 7253.0], [30, 7687.0], [32, 5084.0], [34, 7039.5], [45, 11502.0], [46, 11470.5], [47, 11446.5], [51, 4690.0], [60, 4347.0], [76, 1482.0], [77, 1400.0], [78, 1364.5], [79, 1297.0], [80, 1265.0], [81, 1213.0], [82, 1187.5], [83, 1141.5], [84, 1117.5], [85, 1075.0], [86, 1058.0], [87, 1039.5], [88, 1003.0], [89, 983.5], [90, 953.5], [91, 938.5], [92, 910.0], [93, 897.0], [94, 869.0], [95, 859.0], [96, 849.0], [97, 829.0], [98, 818.0], [99, 798.5], [100, 787.5], [101, 781.5], [102, 765.0], [103, 757.0], [104, 742.0], [105, 735.5], [106, 724.0], [107, 718.5], [108, 710.5], [109, 696.5], [110, 690.5], [111, 679.0], [112, 675.5], [113, 664.5], [114, 662.5], [115, 659.5], [116, 655.5], [117, 651.5], [118, 644.0], [119, 638.5], [120, 634.5], [121, 628.5], [122, 625.5], [123, 621.5], [124, 616.0], [125, 614.5], [126, 611.5], [127, 610.5], [128, 602.5], [129, 603.0], [130, 598.5], [131, 596.5], [132, 596.0], [133, 593.0], [134, 594.0], [135, 588.0], [136, 587.5], [137, 587.0], [138, 586.5], [139, 586.5], [140, 582.0], [141, 582.5], [142, 583.5], [143, 583.0], [144, 583.5], [145, 586.0], [146, 586.0], [147, 587.25], [148, 588.5], [149, 588.0], [150, 595.0], [151, 595.0], [152, 596.5], [153, 598.5], [154, 602.0], [155, 607.0], [156, 609.0], [157, 614.0], [158, 617.5], [159, 623.5], [160, 627.0], [161, 630.5], [162, 639.0], [163, 638.5], [164, 636.5], [165, 641.5], [166, 639.0], [167, 618.0], [168, 608.5], [169, 598.0], [171, 563.0], [172, 548.5], [173, 547.0], [174, 530.5], [175, 522.0], [177, 515.5], [178, 514.5], [179, 497.5], [180, 493.5], [-179, 485.5], [-178, 481.5], [-177, 476.0], [-176, 474.0], [-175, 474.5], [-174, 463.0], [-173, 464.0], [-172, 459.0], [-171, 459.5], [-170, 456.0], [-169, 456.5], [-168, 458.5], [-167, 457.5], [-166, 459.5], [-165, 455.0], [-164, 451.5], [-163, 446.5], [-162, 440.0], [-161, 436.5], [-160, 430.0], [-159, 425.5], [-158, 421.0], [-157, 425.5], [-154, 491.0], [-152, 551.5], [-151, 557.0], [-135, 6143.0], [-134, 6115.5], [-133, 6110.0], [-132, 6105.0], [-131, 6102.5], [-130, 6104.0], [-127, 2766.5], [-126, 2770.0], [-120, 8654.5], [-119, 8780.5], [-118, 8848.5], [-117, 9035.0], [-116, 9124.0], [-115, 9409.0], [-114, 9490.0], [-113, 9694.0], [-108, 8116.0], [-106, 7428.5], [-105, 7060.0], [-104, 6883.5], [-103, 6719.5], [-98, 4448.0], [-96, 3840.0], [-94, 5174.0], [-93, 4994.5], [-92, 4913.5], [-89, 4621.0], [-88, 4490.5], [-87, 4431.0], [-86, 4319.5], [-85, 4267.0], [-84, 4163.0], [-83, 4113.5], [-82, 4066.0], [-81, 3979.5], [-80, 3939.0], [-79, 3861.5], [-78, 3826.0], [-75, 3689.5], [-74, 3630.5], [-73, 3603.0], [-72, 3549.0], [-71, 3524.5], [-70, 3500.5], [-69, 3453.0], [-68, 3430.5], [-67, 3390.0], [-66, 3372.0], [-65, 3337.0], [-64, 3321.0], [-63, 3305.0], [-62, 3268.0], [-60, 1930.5], [-57, 3175.5], [-56, 3169.5], [-55, 3151.0], [-54, 3141.0], [-53, 3123.0], [-52, 3115.0], [-51, 3106.5], [-50, 3093.5], [-49, 3063.5], [-48, 2996.0], [-47, 3037.0], [-46, 3067.5], [-45, 3065.0], [-44, 3061.0], [-43, 3058.0], [-35, 151.0], [-34, 148.5], [-33, 148.0], [-32, 148.5], [-31, 149.5], [-30, 150.0], [-28, 152.5], [-27, 150.0], [-26, 150.5], [-25, 150.5], [-24, 150.5], [-23, 151.0], [-22, 149.5], [-21, 149.0], [-20, 145.0], [-19, 141.5], [-18, 139.0], [-11, 97.0], [-10, 93.0], [-9, 91.5], [-8, 91.5], [-7, 91.0], [-6, 89.5], [-5, 89.5], [-4, 88.0]]}