{"heading": -70.9, "target": -80.00111896902781, "gap_dist": 446.6830943536504, "gap_info": [{"width": 442.6786201556979, "center_angle": -106.03827815382964, "edge_a": [-120, 404.0], "edge_b": [-99, 795.5], "depth": 795.5, "passable": false, "chosen": false}, {"width": 446.6830943536504, "center_angle": -80.00111896902781, "edge_a": [-94, 780.5], "edge_b": [-60, 552.0], "depth": 780.5, "passable": true, "chosen": true}, {"width": 149.83333991184625, "center_angle": -57.87523279905921, "edge_a": [-60, 552.0], "edge_b": [-55, 408.0], "depth": 552.0, "passable": false, "chosen": false}, {"width": 232.4904328750799, "center_angle": 94.46010314028935, "edge_a": [80, 465.5], "edge_b": [109, 463.0], "depth": 465.5, "passable": false, "chosen": false}], "scan": [[-3, 163.5], [-2, 162.0], [-1, 192.0], [0, 190.5], [1, 191.0], [2, 189.0], [3, 187.5], [4, 186.0], [5, 186.0], [6, 186.0], [7, 184.0], [8, 185.0], [9, 185.0], [10, 185.5], [11, 186.0], [12, 185.0], [13, 185.0], [14, 184.5], [15, 184.5], [16, 184.5], [17, 183.5], [18, 184.5], [19, 183.5], [20, 182.5], [21, 183.0], [22, 184.0], [23, 184.0], [24, 184.5], [25, 186.0], [26, 183.5], [28, 186.5], [29, 188.0], [30, 191.0], [31, 192.0], [32, 191.0], [33, 192.0], [34, 200.5], [35, 202.0], [36, 201.5], [38, 205.0], [39, 203.0], [40, 204.5], [41, 207.0], [42, 209.0], [43, 212.0], [44, 215.0], [45, 216.0], [46, 218.0], [47, 220.5], [48, 224.0], [49, 226.5], [50, 229.5], [51, 231.5], [52, 235.0], [53, 236.5], [54, 243.5], [55, 247.0], [56, 251.5], [57, 253.5], [58, 256.0], [59, 261.5], [60, 265.0], [61, 271.0], [62, 275.5], [63, 278.0], [64, 287.5], [65, 293.0], [66, 302.0], [67, 307.0], [68, 314.5], [69, 322.0], [70, 335.0], [71, 342.5], [72, 347.0], [73, 360.0], [74, 367.0], [75, 383.5], [76, 391.0], [77, 399.0], [78, 421.0], [80, 465.5], [92, 853.0], [100, 15191.0], [101, 15168.0], [102, 15155.0], [103, 15145.5], [104, 15127.5], [105, 15117.5], [109, 463.0], [110, 462.5], [111, 462.0], [112, 462.0], [113, 463.0], [114, 463.5], [115, 464.5], [116, 468.0], [117, 469.5], [118, 468.5], [119, 471.5], [120, 474.0], [121, 476.0], [122, 478.5], [123, 479.5], [124, 483.5], [125, 487.0], [126, 489.0], [127, 492.5], [128, 494.5], [129, 498.5], [130, 505.0], [131, 508.0], [132, 516.0], [133, 519.0], [134, 522.0], [135, 529.0], [136, 534.5], [137, 542.5], [138, 548.0], [139, 552.0], [140, 563.5], [142, 1502.5], [143, 1479.0], [144, 1434.5], [145, 1413.5], [146, 1375.0], [147, 1359.0], [148, 1343.0], [149, 1306.5], [150, 1288.5], [151, 1259.75], [152, 1244.25], [153, 1228.5], [154, 1203.0], [155, 1189.5], [156, 1168.5], [157, 1157.5], [158, 1137.0], [159, 1126.0], [160, 1116.0], [161, 1092.5], [162, 1086.0], [163, 1071.5], [164, 1064.5], [165, 1056.0], [166, 1043.5], [167, 1037.0], [168, 1024.5], [169, 1018.5], [170, 1005.5], [171, 1000.5], [172, 996.0], [173, 983.0], [174, 978.0], [175, 972.0], [176, 966.0], [177, 958.0], [178, 954.5], [179, 951.0], [180, 948.5], [-180, 945.0], [-179, 941.0], [-178, 936.5], [-177, 934.5], [-176, 932.0], [-175, 928.5], [-174, 927.0], [-173, 923.5], [-172, 923.0], [-171, 921.5], [-170, 920.5], [-169, 920.5], [-168, 920.5], [-167, 920.5], [-166, 921.5], [-160, 409.5], [-159, 399.0], [-157, 367.0], [-156, 361.0], [-155, 349.5], [-154, 340.0], [-153, 326.5], [-152, 321.0], [-151, 306.5], [-150, 301.0], [-149, 295.5], [-148, 286.5], [-147, 282.0], [-146, 273.0], [-145, 269.5], [-144, 267.0], [-143, 257.5], [-142, 254.0], [-139, 250.0], [-138, 250.5], [-137, 257.0], [-136, 259.5], [-135, 267.0], [-134, 271.0], [-133, 278.5], [-132, 283.5], [-131, 292.5], [-130, 299.5], [-129, 307.0], [-128, 320.0], [-127, 324.0], [-126, 338.5], [-125, 346.0], [-124, 360.0], [-123, 367.0], [-122, 375.0], [-121, 395.5], [-120, 404.0], [-118, 1350.0], [-117, 1392.0], [-116, 1413.0], [-115, 1432.5], [-114, 1474.5], [-113, 1499.5], [-111, 898.5], [-110, 891.5], [-109, 884.0], [-108, 870.0], [-107, 863.5], [-106, 850.0], [-105, 843.5], [-104, 829.5], [-103, 826.0], [-102, 820.5], [-101, 809.5], [-100, 803.0], [-99, 795.5], [-98, 790.5], [-97, 785.5], [-96, 783.0], [-95, 779.0], [-94, 780.5], [-91, 986.0], [-90, 977.0], [-89, 974.0], [-88, 968.0], [-87, 939.0], [-86, 928.5], [-85, 920.0], [-84, 898.5], [-83, 892.5], [-82, 884.0], [-81, 892.5], [-80, 910.5], [-79, 945.5], [-78, 966.5], [-77, 989.0], [-76, 1036.0], [-75, 1059.5], [-74, 1118.0], [-69, 1171.5], [-60, 552.0], [-55, 408.0], [-54, 398.0], [-52, 368.0], [-51, 350.5], [-50, 343.0], [-49, 325.5], [-48, 318.0], [-47, 311.5], [-45, 291.0], [-44, 280.5], [-43, 276.0], [-41, 263.0], [-40, 258.0], [-39, 250.5], [-38, 245.5], [-37, 237.5], [-36, 234.5], [-35, 231.0], [-34, 226.5], [-32, 218.0], [-31, 215.5], [-30, 210.0], [-29, 207.5], [-28, 205.0], [-27, 200.5], [-26, 198.0], [-25, 196.0], [-24, 194.0], [-23, 192.5], [-22, 196.0], [-20, 188.0], [-19, 194.5], [-17, 188.0], [-16, 187.0], [-15, 183.0], [-14, 181.0], [-13, 179.0], [-12, 177.5], [-11, 174.0], [-10, 175.5], [-9, 175.0], [-7, 168.0], [-6, 164.5], [-5, 163.5], [-4, 163.0]]}