{"heading": 9.1, "target": 25.627421904276027, "gap_dist": 397.14043355704524, "gap_info": [{"width": 486.72824918947646, "center_angle": -105.11174993330071, "edge_a": [-133, 500.5], "edge_b": [-68, 388.0], "depth": 500.5, "passable": true, "chosen": false}, {"width": 137.7266271238819, "center_angle": -18.12416428014008, "edge_a": [-23, 235.0], "edge_b": [-15, 366.5], "depth": 366.5, "passable": false, "chosen": false}, {"width": 407.4925452461465, "center_angle": -4.073767214793444, "edge_a": [-15, 366.5], "edge_b": [1, 785.5], "depth": 785.5, "passable": false, "chosen": false}, {"width": 397.14043355704524, "center_angle": 25.627421904276027, "edge_a": [14, 796.5], "edge_b": [42, 569.5], "depth": 796.5, "passable": true, "chosen": true}], "scan": [[-3, 1081.0], [1, 785.5], [3, 740.0], [4, 743.0], [5, 751.5], [6, 754.5], [7, 760.0], [8, 765.5], [9, 772.5], [10, 775.0], [11, 779.0], [12, 785.0], [13, 792.0], [14, 796.5], [15, 803.5], [16, 806.0], [17, 817.0], [18, 821.5], [19, 832.5], [20, 838.5], [21, 851.0], [28, 1224.5], [42, 569.5], [44, 497.5], [45, 487.0], [46, 470.0], [47, 459.5], [48, 449.0], [49, 440.0], [50, 428.0], [51, 418.5], [52, 404.0], [53, 399.0], [54, 387.5], [55, 381.5], [56, 377.5], [57, 365.0], [58, 362.0], [59, 354.5], [60, 349.5], [61, 342.0], [62, 338.5], [63, 335.5], [64, 326.5], [65, 322.0], [66, 318.5], [67, 315.0], [68, 308.5], [69, 306.0], [70, 299.5], [71, 298.0], [72, 293.25], [73, 290.25], [74, 285.5], [75, 286.5], [76, 288.0], [77, 284.5], [78, 285.5], [80, 282.5], [81, 279.5], [82, 277.0], [83, 272.0], [84, 270.0], [85, 270.5], [86, 268.5], [87, 262.5], [88, 261.0], [89, 260.5], [90, 257.0], [91, 256.5], [92, 255.0], [93, 255.5], [94, 256.5], [95, 258.0], [96, 258.5], [97, 255.0], [98, 256.0], [99, 256.0], [100, 255.0], [101, 255.0], [102, 254.5], [103, 254.5], [104, 254.0], [105, 254.0], [106, 254.5], [107, 254.5], [108, 256.5], [109, 255.0], [110, 256.5], [111, 257.0], [112, 256.5], [113, 256.0], [114, 256.5], [115, 256.0], [116, 254.5], [117, 257.0], [118, 256.0], [119, 261.5], [120, 264.0], [121, 267.0], [122, 268.0], [123, 270.5], [124, 272.0], [125, 274.0], [126, 275.0], [127, 276.0], [128, 279.5], [129, 281.0], [130, 284.5], [131, 285.5], [132, 289.5], [133, 291.5], [134, 294.0], [135, 296.0], [136, 299.5], [137, 305.5], [138, 307.0], [139, 307.5], [140, 315.5], [141, 318.5], [142, 321.5], [143, 327.0], [144, 333.5], [145, 338.0], [146, 342.0], [147, 346.5], [148, 347.5], [149, 358.0], [150, 364.5], [151, 371.5], [152, 376.5], [153, 385.5], [154, 391.5], [155, 396.0], [156, 410.0], [157, 415.0], [158, 430.0], [159, 436.0], [160, 451.5], [162, 475.5], [163, 487.5], [164, 496.5], [166, 560.5], [167, 567.5], [170, 645.5], [172, 668.5], [174, 705.5], [175, 721.5], [176, 756.0], [-179, 973.0], [-173, 1867.0], [-172, 1866.0], [-169, 438.0], [-168, 438.5], [-167, 438.5], [-166, 437.0], [-165, 437.5], [-164, 436.5], [-163, 435.5], [-162, 435.5], [-161, 435.5], [-160, 436.0], [-159, 437.0], [-158, 438.5], [-157, 439.5], [-156, 440.0], [-155, 440.5], [-154, 442.0], [-153, 444.5], [-152, 445.5], [-151, 447.5], [-150, 448.5], [-149, 450.5], [-148, 451.0], [-147, 453.5], [-146, 456.0], [-145, 457.0], [-144, 460.5], [-143, 463.5], [-142, 467.5], [-141, 470.0], [-140, 471.5], [-139, 477.0], [-138, 479.5], [-137, 484.0], [-136, 487.5], [-135, 491.0], [-134, 495.0], [-133, 500.5], [-131, 1566.5], [-130, 1510.5], [-129, 1482.0], [-128, 1455.5], [-127, 1411.0], [-126, 1389.5], [-125, 1349.5], [-124, 1329.5], [-123, 1308.5], [-122, 1273.5], [-121, 1260.5], [-120, 1223.5], [-119, 1209.5], [-118, 1181.0], [-117, 1166.0], [-116, 1141.5], [-115, 1129.0], [-114, 1117.0], [-113, 1092.5], [-112, 1082.5], [-111, 1061.0], [-110, 1051.0], [-109, 1032.5], [-108, 1024.0], [-107, 1005.0], [-106, 998.0], [-105, 992.0], [-104, 975.5], [-103, 967.5], [-102, 954.5], [-101, 949.0], [-100, 936.0], [-99, 929.5], [-98, 925.0], [-97, 914.5], [-96, 909.0], [-95, 900.5], [-94, 895.5], [-93, 886.5], [-92, 883.75], [-91, 881.0], [-90, 875.75], [-89, 871.75], [-88, 866.0], [-87, 864.0], [-86, 859.0], [-85, 857.5], [-84, 853.0], [-83, 851.0], [-82, 849.5], [-81, 845.5], [-80, 843.5], [-79, 843.0], [-78, 842.0], [-77, 840.5], [-76, 839.5], [-75, 841.0], [-74, 838.0], [-73, 837.5], [-72, 836.0], [-71, 833.0], [-68, 388.0], [-66, 359.0], [-65, 343.5], [-64, 336.0], [-63, 320.5], [-62, 313.0], [-61, 306.5], [-59, 284.0], [-58, 278.5], [-57, 274.5], [-56, 266.0], [-55, 261.0], [-54, 255.5], [-53, 248.5], [-52, 244.5], [-51, 238.0], [-50, 235.0], [-49, 227.5], [-48, 225.0], [-47, 218.0], [-46, 215.0], [-45, 211.5], [-44, 207.0], [-43, 204.5], [-42, 200.5], [-41, 199.0], [-40, 195.0], [-39, 192.0], [-38, 190.5], [-37, 187.5], [-36, 183.5], [-35, 182.0], [-34, 181.5], [-33, 179.5], [-32, 179.0], [-31, 178.5], [-30, 179.5], [-29, 184.0], [-28, 187.0], [-27, 196.0], [-23, 235.0], [-15, 366.5], [-13, 1617.0], [-12, 1652.0], [-11, 1725.0], [-10, 1764.5], [-9, 1851.0], [-7, 1080.5], [-6, 1075.5], [-5, 1068.5], [-4, 1064.0]]}