{"heading": -58.6, "target": -131.253099374904, "gap_dist": 305.9017432842552, "gap_info": [{"width": 305.9017432842552, "center_angle": -131.253099374904, "edge_a": [-142, 471.5], "edge_b": [-104, 192.0], "depth": 471.5, "passable": true, "chosen": true}, {"width": 202.527033556875, "center_angle": 94.44082466990238, "edge_a": [91, 555.0], "edge_b": [97, 746.0], "depth": 746.0, "passable": false, "chosen": false}], "scan": [[-2, 242.0], [-1, 239.0], [0, 239.5], [1, 236.0], [2, 232.5], [3, 230.0], [4, 227.0], [5, 224.5], [6, 224.5], [7, 225.0], [8, 221.5], [9, 222.0], [10, 222.5], [11, 218.5], [12, 217.5], [13, 215.0], [14, 212.5], [15, 212.0], [16, 213.5], [17, 212.5], [18, 213.5], [19, 212.0], [20, 211.0], [21, 211.0], [22, 211.5], [23, 213.0], [24, 210.5], [25, 211.5], [26, 211.5], [27, 210.0], [28, 210.0], [29, 210.0], [30, 211.5], [31, 212.5], [32, 214.0], [33, 212.5], [34, 214.5], [35, 213.5], [37, 218.5], [38, 220.0], [39, 221.5], [40, 221.5], [41, 223.0], [42, 226.0], [43, 227.5], [44, 229.5], [45, 229.0], [46, 230.5], [47, 234.5], [48, 238.0], [49, 242.0], [50, 239.5], [51, 242.5], [52, 246.0], [53, 250.0], [54, 251.5], [55, 256.5], [56, 259.5], [57, 262.5], [58, 268.0], [59, 271.0], [60, 271.5], [61, 273.0], [63, 284.5], [64, 286.0], [65, 291.5], [66, 301.5], [67, 306.0], [68, 307.0], [69, 309.0], [70, 318.0], [72, 330.5], [73, 341.5], [74, 343.5], [75, 353.5], [76, 355.0], [77, 358.0], [78, 372.0], [80, 390.5], [82, 409.0], [83, 421.0], [85, 452.5], [88, 496.0], [90, 553.5], [91, 555.0], [97, 746.0], [113, 843.5], [114, 842.5], [115, 829.0], [116, 829.5], [117, 830.0], [120, 2091.0], [121, 2098.0], [122, 2101.5], [123, 2113.5], [130, 9600.0], [131, 9529.0], [134, 1026.5], [135, 1020.5], [136, 1016.5], [137, 1019.0], [138, 1040.5], [146, 1178.0], [147, 1179.0], [148, 1192.5], [149, 1213.5], [150, 1196.5], [151, 1174.5], [155, 1220.5], [163, 3296.0], [164, 3310.0], [167, 2937.0], [169, 2943.0], [174, 997.0], [175, 976.0], [176, 965.5], [177, 956.5], [178, 944.5], [179, 933.0], [180, 927.5], [-180, 923.0], [-179, 915.0], [-178, 907.5], [-177, 901.0], [-171, 449.5], [-168, 391.5], [-166, 361.0], [-165, 358.0], [-164, 357.5], [-163, 362.0], [-162, 364.0], [-161, 367.0], [-160, 371.5], [-159, 372.5], [-158, 379.5], [-157, 382.5], [-156, 384.5], [-155, 392.5], [-154, 397.0], [-153, 402.0], [-152, 406.5], [-151, 410.5], [-150, 416.5], [-149, 420.5], [-148, 429.0], [-147, 435.0], [-146, 440.0], [-145, 451.5], [-144, 456.5], [-143, 462.5], [-142, 471.5], [-140, 895.5], [-139, 900.5], [-138, 904.5], [-137, 911.5], [-136, 914.0], [-135, 927.0], [-134, 929.0], [-133, 930.0], [-132, 937.0], [-131, 946.0], [-130, 956.5], [-129, 964.0], [-128, 975.0], [-127, 984.5], [-126, 990.0], [-125, 1002.5], [-124, 1008.5], [-123, 1018.0], [-122, 1027.5], [-121, 1032.5], [-120, 1046.5], [-119, 1056.0], [-118, 1078.0], [-117, 1086.5], [-116, 1104.0], [-115, 1115.5], [-114, 1128.0], [-113, 1153.5], [-112, 1166.5], [-111, 1180.5], [-110, 1207.0], [-109, 1223.5], [-108, 1256.0], [-107, 1273.5], [-106, 1292.0], [-104, 192.0], [-103, 191.0], [-102, 189.5], [-101, 188.0], [-100, 186.5], [-99, 186.0], [-98, 185.0], [-97, 184.5], [-96, 184.0], [-95, 182.5], [-94, 182.5], [-93, 180.5], [-92, 180.5], [-91, 181.0], [-90, 180.5], [-89, 180.0], [-88, 179.5], [-87, 179.0], [-86, 174.5], [-85, 174.5], [-84, 176.5], [-83, 174.5], [-82, 175.5], [-81, 177.0], [-80, 179.0], [-79, 179.0], [-78, 179.0], [-77, 180.5], [-76, 179.5], [-75, 182.0], [-74, 182.0], [-73, 182.5], [-72, 182.5], [-71, 183.0], [-70, 184.0], [-69, 184.5], [-68, 185.5], [-67, 186.5], [-66, 188.5], [-65, 190.5], [-64, 191.0], [-63, 192.5], [-62, 194.5], [-61, 195.0], [-60, 198.5], [-59, 200.0], [-58, 200.5], [-57, 202.5], [-56, 203.0], [-55, 207.0], [-54, 208.5], [-53, 209.5], [-52, 214.0], [-51, 216.5], [-50, 219.5], [-49, 222.0], [-48, 224.0], [-47, 229.0], [-46, 232.5], [-45, 237.0], [-44, 239.5], [-43, 243.5], [-42, 248.0], [-41, 251.5], [-40, 259.25], [-39, 262.0], [-38, 265.0], [-37, 272.75], [-36, 276.25], [-35, 283.0], [-34, 287.0], [-32, 356.5], [-31, 361.0], [-30, 363.0], [-29, 354.0], [-28, 346.25], [-27, 342.0], [-26, 334.0], [-25, 326.0], [-24, 325.5], [-22, 306.0], [-21, 302.0], [-20, 294.0], [-19, 289.0], [-18, 283.0], [-17, 278.0], [-16, 273.0], [-15, 268.0], [-14, 262.0], [-12, 252.5], [-11, 251.0], [-10, 248.0], [-9, 246.0], [-8, 239.5], [-7, 237.0], [-6, 234.0], [-5, 232.5]]}