{"heading": -41.3, "target": -57.09347073021254, "gap_dist": 567.4144256457728, "gap_info": [{"width": 475.02468084791366, "center_angle": -148.05808873825126, "edge_a": [-153, 639.0], "edge_b": [-128, 160.5], "depth": 639.0, "passable": true, "chosen": false}, {"width": 567.4144256457728, "center_angle": -57.09347073021254, "edge_a": [-81, 275.5], "edge_b": [-49, 793.0], "depth": 793.0, "passable": true, "chosen": true}, {"width": 237.42645384096437, "center_angle": -36.67260366901123, "edge_a": [-44, 794.5], "edge_b": [-28, 672.0], "depth": 794.5, "passable": false, "chosen": false}, {"width": 145.42598165310636, "center_angle": -24.259209098925268, "edge_a": [-26, 612.5], "edge_b": [-22, 472.0], "depth": 612.5, "passable": false, "chosen": false}], "scan": [[-2, 290.0], [-1, 285.5], [0, 278.5], [1, 276.0], [2, 275.0], [3, 267.5], [4, 263.5], [5, 260.5], [6, 257.5], [7, 255.0], [8, 250.0], [9, 249.0], [10, 244.0], [11, 242.5], [12, 241.0], [13, 238.0], [14, 235.5], [15, 234.0], [16, 230.0], [17, 228.5], [18, 225.5], [19, 224.5], [20, 222.0], [21, 221.0], [22, 219.5], [23, 215.5], [24, 213.5], [25, 214.0], [26, 214.5], [27, 214.0], [28, 212.5], [29, 208.5], [30, 209.0], [31, 208.5], [32, 208.5], [33, 208.5], [34, 206.5], [35, 207.0], [36, 206.5], [37, 205.0], [38, 205.5], [39, 204.5], [40, 203.5], [41, 203.5], [42, 204.0], [43, 204.0], [44, 204.0], [45, 205.0], [46, 204.5], [47, 204.5], [48, 206.0], [49, 204.5], [50, 204.5], [51, 206.0], [52, 207.5], [53, 209.0], [54, 213.0], [55, 215.5], [57, 225.5], [58, 227.5], [59, 227.5], [60, 226.5], [61, 226.0], [62, 226.5], [63, 227.5], [65, 232.5], [66, 231.0], [67, 229.5], [68, 231.5], [70, 246.5], [71, 246.5], [72, 250.0], [73, 250.5], [74, 254.5], [75, 254.0], [76, 252.5], [79, 256.5], [82, 293.0], [83, 292.5], [86, 299.0], [87, 301.0], [89, 326.5], [90, 328.5], [91, 328.5], [92, 335.0], [93, 344.0], [94, 349.5], [95, 356.0], [96, 365.5], [97, 371.5], [98, 386.0], [99, 394.0], [100, 402.0], [101, 415.0], [102, 427.5], [103, 436.5], [104, 456.0], [105, 468.0], [106, 491.5], [109, 563.0], [112, 640.5], [114, 723.5], [116, 633.0], [117, 627.5], [118, 625.0], [119, 620.5], [120, 618.0], [121, 615.5], [122, 613.0], [123, 610.5], [124, 607.5], [125, 606.0], [126, 604.0], [127, 602.5], [128, 600.5], [129, 600.5], [130, 599.0], [131, 596.5], [132, 596.0], [133, 596.0], [134, 599.0], [135, 598.5], [136, 598.0], [137, 600.0], [138, 602.0], [139, 604.5], [140, 606.5], [141, 606.5], [142, 609.5], [143, 618.5], [152, 1659.5], [153, 1668.0], [155, 2577.0], [158, 2077.5], [159, 2019.5], [160, 1966.0], [161, 1875.0], [162, 1831.0], [163, 1752.0], [164, 1716.0], [165, 1681.5], [166, 1617.5], [167, 1588.0], [168, 1534.0], [169, 1509.5], [170, 1457.5], [171, 1434.0], [172, 1412.0], [173, 1369.5], [174, 1347.0], [175, 1309.5], [176, 1291.5], [177, 1273.5], [178, 1241.5], [179, 1227.0], [180, 1211.5], [-180, 1196.0], [-179, 1182.5], [-178, 1155.5], [-177, 1146.0], [-176, 1137.0], [-175, 1116.5], [-174, 1120.75], [-171, 586.5], [-170, 582.0], [-169, 586.5], [-168, 587.0], [-167, 590.0], [-166, 593.0], [-165, 594.0], [-164, 597.0], [-163, 599.0], [-162, 600.0], [-161, 605.5], [-160, 607.5], [-159, 613.0], [-158, 614.5], [-157, 618.0], [-156, 624.5], [-155, 628.0], [-154, 635.5], [-153, 639.0], [-151, 905.0], [-150, 901.0], [-149, 899.0], [-148, 896.0], [-147, 895.5], [-146, 893.0], [-145, 887.5], [-144, 885.5], [-143, 885.5], [-142, 884.0], [-141, 882.0], [-140, 876.5], [-139, 877.5], [-138, 877.0], [-137, 877.5], [-136, 878.0], [-135, 878.5], [-134, 878.5], [-133, 878.5], [-132, 877.5], [-131, 887.5], [-130, 894.5], [-128, 160.5], [-127, 161.5], [-126, 161.0], [-125, 162.0], [-124, 163.0], [-123, 165.0], [-122, 165.0], [-121, 165.0], [-120, 166.5], [-119, 167.5], [-118, 167.0], [-117, 168.5], [-116, 170.0], [-115, 169.5], [-114, 171.0], [-113, 172.0], [-112, 172.0], [-111, 174.0], [-110, 175.5], [-109, 177.0], [-108, 179.0], [-107, 179.5], [-106, 182.5], [-105, 184.5], [-104, 186.0], [-103, 188.5], [-102, 190.0], [-101, 192.5], [-100, 194.5], [-99, 197.5], [-98, 200.0], [-97, 204.5], [-96, 206.5], [-95, 209.0], [-94, 213.5], [-93, 216.5], [-92, 221.5], [-91, 224.5], [-90, 228.5], [-89, 235.0], [-88, 238.5], [-87, 245.0], [-86, 249.5], [-85, 254.0], [-84, 260.5], [-83, 264.5], [-82, 273.0], [-81, 275.5], [-78, 1659.5], [-77, 1733.0], [-76, 1772.0], [-75, 1854.5], [-74, 1899.5], [-73, 1946.5], [-72, 2048.0], [-71, 2104.0], [-70, 2225.0], [-69, 2290.0], [-68, 2432.0], [-59, 940.0], [-58, 923.5], [-57, 910.5], [-56, 887.5], [-55, 877.0], [-54, 856.5], [-53, 846.0], [-52, 828.0], [-51, 819.0], [-50, 809.0], [-49, 793.0], [-48, 787.0], [-47, 774.5], [-46, 775.0], [-45, 782.5], [-44, 794.5], [-43, 824.0], [-42, 836.5], [-41, 864.5], [-40, 885.5], [-39, 905.0], [-36, 1018.0], [-35, 1024.0], [-28, 672.0], [-26, 612.5], [-22, 472.0], [-21, 466.0], [-19, 402.0], [-18, 399.5], [-15, 360.0], [-14, 362.5], [-11, 322.5], [-10, 312.0], [-9, 307.5], [-8, 297.5], [-7, 293.0], [-6, 285.0], [-5, 281.0], [-4, 277.5], [-3, 274.5]]}