{"heading": 25.4, "target": -34.63832334683708, "gap_dist": 599.0696080817759, "gap_info": [{"width": 223.68482855832835, "center_angle": -114.6239450692535, "edge_a": [-126, 558.0], "edge_b": [-104, 597.0], "depth": 597.0, "passable": false, "chosen": false}, {"width": 472.8972279538134, "center_angle": -81.21640959795123, "edge_a": [-102, 591.0], "edge_b": [-66, 799.0], "depth": 799.0, "passable": true, "chosen": false}, {"width": 599.0696080817759, "center_angle": -34.63832334683708, "edge_a": [-44, 798.5], "edge_b": [-7, 280.0], "depth": 798.5, "passable": true, "chosen": true}, {"width": 527.7017322201067, "center_angle": 57.53367558102421, "edge_a": [56, 230.5], "edge_b": [58, 758.0], "depth": 758.0, "passable": false, "chosen": false}], "scan": [[-3, 262.75], [-2, 258.75], [-1, 257.0], [0, 253.75], [1, 249.0], [2, 246.0], [3, 242.0], [4, 239.0], [5, 238.5], [6, 233.0], [7, 230.5], [8, 230.0], [9, 228.0], [10, 225.0], [11, 223.0], [12, 222.0], [13, 222.0], [14, 221.0], [15, 219.5], [16, 216.0], [17, 214.5], [18, 211.5], [19, 212.0], [20, 212.0], [21, 208.5], [22, 208.5], [23, 207.5], [24, 207.0], [25, 207.0], [26, 206.0], [27, 205.0], [28, 204.5], [29, 204.0], [30, 203.5], [31, 202.5], [32, 200.5], [33, 201.0], [34, 200.0], [35, 201.5], [36, 200.0], [37, 201.0], [38, 201.5], [39, 203.0], [40, 203.0], [41, 203.5], [42, 205.0], [43, 205.5], [44, 206.0], [45, 206.0], [46, 207.0], [47, 207.5], [48, 208.5], [49, 209.5], [50, 210.0], [51, 211.0], [52, 213.0], [53, 216.0], [54, 217.5], [56, 230.5], [58, 758.0], [59, 742.0], [60, 708.5], [61, 695.5], [62, 672.0], [63, 656.0], [64, 624.5], [65, 610.5], [66, 586.5], [68, 565.0], [69, 547.5], [70, 539.0], [71, 536.5], [73, 494.5], [74, 481.0], [75, 485.5], [76, 482.5], [79, 435.5], [80, 445.5], [82, 408.5], [83, 404.5], [84, 401.0], [85, 392.0], [86, 387.5], [87, 384.5], [88, 378.0], [89, 374.5], [90, 369.0], [91, 366.0], [92, 359.5], [93, 357.0], [94, 355.5], [95, 348.5], [96, 347.5], [97, 342.5], [98, 340.0], [99, 337.5], [100, 332.5], [101, 330.5], [102, 330.0], [103, 327.0], [104, 326.0], [105, 322.5], [106, 320.5], [107, 319.0], [108, 316.0], [109, 316.0], [110, 314.5], [111, 312.0], [112, 310.5], [113, 310.0], [114, 310.5], [115, 308.5], [116, 306.0], [117, 304.5], [118, 304.5], [119, 304.0], [120, 304.5], [121, 304.0], [122, 303.5], [123, 302.5], [124, 302.5], [125, 303.0], [126, 302.5], [127, 304.5], [128, 303.0], [129, 303.5], [130, 304.0], [131, 305.0], [132, 310.0], [133, 310.5], [134, 317.5], [136, 310.0], [137, 311.5], [138, 312.0], [139, 312.5], [140, 314.0], [141, 314.5], [142, 315.5], [143, 316.5], [144, 318.0], [145, 321.5], [146, 322.0], [147, 324.5], [148, 326.5], [149, 329.5], [150, 331.0], [151, 332.5], [152, 336.0], [153, 337.5], [154, 344.0], [155, 346.0], [156, 349.0], [157, 353.5], [158, 356.5], [159, 363.5], [160, 364.0], [161, 372.0], [162, 374.75], [163, 376.75], [164, 383.0], [165, 386.5], [166, 393.5], [167, 398.5], [168, 403.0], [169, 410.0], [170, 414.0], [171, 423.5], [172, 428.5], [173, 438.5], [174, 446.0], [175, 452.0], [176, 462.0], [180, 2200.0], [-172, 7764.5], [-170, 2655.5], [-152, 14401.0], [-151, 14374.5], [-150, 14329.0], [-149, 14312.5], [-148, 14285.0], [-147, 14275.5], [-146, 14258.0], [-145, 14242.5], [-144, 14228.5], [-137, 472.5], [-136, 459.5], [-135, 460.5], [-134, 465.5], [-133, 471.5], [-132, 464.0], [-130, 484.5], [-129, 495.5], [-128, 516.0], [-126, 558.0], [-122, 2257.0], [-120, 2056.5], [-119, 1960.5], [-118, 1958.0], [-113, 1702.5], [-112, 1637.0], [-111, 1603.0], [-110, 1544.5], [-109, 1516.5], [-108, 1487.5], [-106, 1318.0], [-104, 597.0], [-103, 590.5], [-102, 591.0], [-100, 1157.0], [-99, 1141.5], [-98, 1117.5], [-96, 1082.5], [-95, 1075.0], [-94, 1057.0], [-93, 1042.5], [-92, 1020.5], [-91, 1011.5], [-90, 991.0], [-89, 981.5], [-88, 964.5], [-87, 955.5], [-86, 947.0], [-85, 931.5], [-84, 924.5], [-83, 913.5], [-82, 906.0], [-81, 899.0], [-80, 887.5], [-79, 883.0], [-78, 874.5], [-77, 870.5], [-76, 864.0], [-75, 856.0], [-74, 852.5], [-73, 841.0], [-72, 836.25], [-71, 832.75], [-70, 826.5], [-69, 822.0], [-68, 814.5], [-67, 809.0], [-66, 799.0], [-65, 793.5], [-64, 789.5], [-63, 787.0], [-62, 784.5], [-61, 784.5], [-60, 783.5], [-59, 781.0], [-58, 781.0], [-57, 781.0], [-56, 779.0], [-55, 778.5], [-54, 778.0], [-53, 775.5], [-52, 777.5], [-51, 778.0], [-50, 779.5], [-49, 781.0], [-48, 782.0], [-47, 788.5], [-46, 794.5], [-45, 799.5], [-44, 798.5], [-43, 804.5], [-42, 808.0], [-41, 811.5], [-40, 813.5], [-39, 816.0], [-38, 814.5], [-37, 814.5], [-36, 815.5], [-35, 818.5], [-34, 821.0], [-33, 825.5], [-32, 827.0], [-31, 830.0], [-30, 832.5], [-29, 838.5], [-28, 849.0], [-27, 854.5], [-26, 871.0], [-25, 875.0], [-24, 879.0], [-23, 893.0], [-22, 897.5], [-21, 904.0], [-20, 919.0], [-19, 925.5], [-18, 937.5], [-17, 946.0], [-16, 963.5], [-15, 972.0], [-14, 982.0], [-13, 1001.5], [-12, 1009.5], [-11, 1030.0], [-10, 1040.5], [-9, 1050.5], [-7, 280.0], [-6, 275.5], [-5, 268.5], [-4, 266.0]]}