{"heading": -340.1, "target": 83.4507264412789, "gap_dist": 544.714577036024, "gap_info": [{"width": 154.08323457725498, "center_angle": -41.314156802377816, "edge_a": [-43, 554.5], "edge_b": [-39, 404.0], "depth": 554.5, "passable": false, "chosen": false}, {"width": 71.66337863692684, "center_angle": -3.3988141046441545, "edge_a": [-4, 168.5], "edge_b": [-3, 254.0], "depth": 254.0, "passable": false, "chosen": false}, {"width": 544.714577036024, "center_angle": 83.4507264412789, "edge_a": [55, 303.5], "edge_b": [94, 789.75], "depth": 789.75, "passable": true, "chosen": true}], "scan": [[-4, 168.5], [-3, 254.0], [-2, 252.0], [-1, 250.0], [0, 248.0], [1, 245.5], [2, 242.5], [3, 241.0], [4, 238.5], [5, 236.0], [6, 235.0], [7, 232.5], [8, 230.5], [9, 225.0], [10, 225.0], [11, 225.5], [12, 224.5], [13, 223.0], [14, 220.0], [15, 219.5], [16, 220.0], [17, 219.5], [18, 219.5], [19, 220.0], [20, 219.5], [21, 219.5], [22, 221.0], [23, 221.5], [24, 221.0], [25, 223.0], [26, 223.5], [27, 225.0], [28, 226.5], [29, 228.0], [30, 228.0], [31, 229.5], [32, 231.5], [33, 234.5], [34, 235.0], [35, 238.5], [36, 239.5], [37, 240.5], [38, 243.5], [39, 245.5], [40, 248.0], [41, 248.5], [42, 253.5], [43, 255.0], [44, 258.0], [45, 263.5], [46, 265.5], [47, 269.0], [48, 271.0], [49, 274.5], [50, 283.0], [51, 284.5], [52, 288.0], [53, 289.5], [54, 294.0], [55, 303.5], [67, 1233.0], [68, 1244.0], [69, 1251.5], [70, 1261.5], [71, 1263.5], [72, 1271.5], [73, 1261.5], [74, 1202.5], [75, 1179.5], [76, 1135.5], [77, 1114.0], [78, 1093.0], [79, 1053.5], [80, 1035.0], [81, 1003.5], [82, 987.5], [83, 955.0], [84, 939.5], [85, 916.5], [86, 905.5], [87, 883.5], [88, 873.0], [89, 862.5], [90, 844.0], [91, 835.0], [92, 815.25], [93, 808.5], [94, 789.75], [95, 780.5], [96, 772.75], [97, 759.5], [98, 755.0], [99, 739.0], [100, 733.75], [101, 720.0], [102, 714.0], [103, 708.5], [104, 698.0], [105, 691.0], [106, 682.0], [107, 678.5], [108, 671.5], [109, 666.5], [110, 660.5], [111, 654.0], [112, 649.0], [113, 644.0], [114, 641.5], [115, 640.0], [116, 639.0], [117, 635.5], [118, 629.5], [119, 623.0], [120, 621.5], [121, 620.0], [122, 617.0], [123, 616.0], [124, 609.5], [125, 608.5], [126, 609.0], [127, 606.5], [128, 604.5], [129, 604.5], [130, 602.5], [131, 602.0], [132, 600.5], [133, 603.0], [134, 604.0], [135, 603.5], [136, 601.5], [137, 603.0], [138, 607.5], [139, 607.5], [140, 607.5], [141, 609.5], [142, 609.5], [143, 611.0], [144, 611.5], [145, 614.0], [146, 615.0], [147, 618.0], [148, 623.0], [149, 624.0], [150, 627.0], [151, 630.5], [152, 633.0], [153, 637.0], [154, 641.0], [155, 647.5], [156, 651.0], [157, 652.5], [158, 657.5], [159, 664.0], [160, 672.0], [161, 675.0], [162, 684.0], [163, 687.0], [164, 697.0], [165, 702.0], [166, 705.0], [167, 717.5], [168, 722.0], [169, 732.5], [170, 736.5], [171, 747.5], [172, 755.0], [173, 772.5], [174, 779.5], [175, 786.5], [176, 801.5], [177, 812.0], [178, 832.5], [179, 842.0], [-180, 865.25], [-179, 875.75], [-178, 902.0], [-177, 916.5], [-176, 929.5], [-175, 957.0], [-174, 971.5], [-173, 1004.0], [-172, 1020.0], [-171, 1056.0], [-170, 1075.5], [-169, 1096.5], [-168, 1137.5], [-167, 1161.0], [-166, 1182.5], [-165, 1235.0], [-164, 1263.0], [-163, 1322.5], [-162, 1354.0], [-161, 1427.0], [-160, 1464.0], [-159, 1506.5], [-158, 1595.5], [-144, 3946.5], [-143, 3939.0], [-142, 3936.0], [-141, 3931.0], [-140, 3923.5], [-139, 3919.5], [-138, 3916.0], [-137, 3908.5], [-135, 3269.0], [-133, 3912.5], [-132, 3930.0], [-131, 3949.0], [-130, 3954.0], [-129, 3959.0], [-128, 3973.5], [-127, 3982.0], [-126, 4000.0], [-125, 4008.5], [-124, 4029.0], [-123, 4036.0], [-122, 4046.5], [-121, 3996.0], [-120, 3947.0], [-119, 3960.5], [-118, 3975.0], [-117, 4008.5], [-116, 4026.0], [-115, 4045.0], [-114, 4069.0], [-113, 4089.5], [-112, 4132.5], [-111, 4158.0], [-110, 4206.0], [-109, 4231.5], [-108, 4258.0], [-107, 4316.5], [-106, 4348.5], [-105, 4336.5], [-103, 3913.5], [-101, 4658.0], [-99, 2985.5], [-98, 3005.0], [-96, 4790.5], [-95, 4718.0], [-94, 4586.0], [-93, 4524.0], [-92, 4409.0], [-91, 4352.5], [-90, 4302.5], [-89, 4198.5], [-88, 4153.0], [-87, 4065.5], [-86, 4014.0], [-84, 3083.5], [-83, 3082.5], [-81, 3768.0], [-80, 3704.0], [-79, 3675.5], [-76, 3559.5], [-74, 2074.5], [-73, 2038.5], [-71, 3404.0], [-69, 2552.0], [-67, 3308.5], [-66, 3278.0], [-65, 3263.5], [-64, 3239.5], [-63, 3226.5], [-62, 3214.0], [-61, 3192.5], [-60, 3181.5], [-59, 3164.0], [-58, 3155.5], [-57, 3148.0], [-56, 3133.5], [-55, 3127.5], [-54, 3112.5], [-53, 3109.5], [-51, 2491.0], [-50, 2492.5], [-49, 2490.0], [-48, 2490.0], [-47, 2490.0], [-46, 2491.0], [-45, 2493.5], [-43, 554.5], [-39, 404.0], [-38, 393.5], [-37, 372.0], [-36, 362.5], [-34, 287.0], [-33, 285.5], [-32, 282.5], [-28, 269.5], [-27, 271.5], [-26, 273.0], [-25, 263.5], [-22, 231.5], [-21, 227.0], [-20, 216.0], [-19, 210.0], [-18, 203.0], [-17, 201.0], [-16, 196.0], [-15, 191.5], [-14, 188.0], [-13, 183.5], [-12, 181.5], [-11, 176.5], [-10, 174.5], [-9, 174.5], [-8, 172.5], [-7, 172.5], [-6, 170.0], [-5, 169.0]]}