{"heading": -42.2, "target": 136.94854522624465, "gap_dist": 413.2381317550957, "gap_info": [{"width": 660.8645816815589, "center_angle": -160.53334404155197, "edge_a": [-169, 797.0], "edge_b": [-126, 207.0], "depth": 797.0, "passable": false, "chosen": false}, {"width": 128.32465103559053, "center_angle": -35.52425140524358, "edge_a": [-39, 324.0], "edge_b": [-33, 446.0], "depth": 446.0, "passable": false, "chosen": false}, {"width": 84.39914746191998, "center_angle": -28.297228280238805, "edge_a": [-33, 446.0], "edge_b": [-24, 488.0], "depth": 488.0, "passable": false, "chosen": false}, {"width": 413.2381317550957, "center_angle": 136.94854522624465, "edge_a": [113, 484.5], "edge_b": [156, 602.5], "depth": 602.5, "passable": true, "chosen": true}], "scan": [[-2, 302.0], [-1, 297.5], [0, 290.5], [1, 287.0], [2, 283.5], [3, 276.5], [4, 274.0], [5, 270.5], [6, 268.0], [7, 265.5], [8, 258.5], [9, 257.0], [10, 253.0], [11, 251.5], [12, 248.5], [13, 243.5], [14, 241.5], [15, 238.0], [16, 239.0], [17, 239.0], [18, 237.5], [19, 233.0], [21, 221.5], [22, 220.0], [23, 216.5], [24, 215.0], [25, 214.5], [26, 214.5], [27, 215.0], [28, 210.5], [29, 207.0], [30, 203.5], [31, 202.5], [32, 202.5], [33, 201.0], [34, 200.0], [35, 198.0], [36, 198.0], [37, 201.5], [38, 202.5], [39, 198.5], [40, 198.5], [41, 199.0], [42, 200.0], [43, 198.0], [44, 196.5], [45, 197.5], [46, 196.0], [47, 196.0], [48, 197.5], [49, 197.5], [50, 197.5], [51, 198.0], [52, 198.0], [53, 201.0], [54, 199.5], [55, 198.0], [56, 198.5], [57, 201.0], [58, 205.0], [59, 204.5], [60, 204.5], [61, 207.0], [62, 208.0], [63, 213.75], [64, 213.5], [65, 210.0], [66, 207.5], [67, 209.5], [69, 204.0], [70, 207.5], [71, 208.0], [72, 211.0], [73, 210.0], [74, 208.0], [75, 216.0], [77, 225.0], [78, 227.0], [81, 245.5], [82, 250.0], [84, 239.5], [85, 243.5], [86, 247.0], [87, 250.0], [90, 276.0], [91, 281.0], [93, 299.5], [97, 307.0], [100, 323.0], [101, 333.0], [102, 340.0], [103, 346.0], [104, 352.0], [105, 364.0], [106, 372.5], [107, 389.0], [108, 397.5], [109, 417.5], [111, 441.0], [113, 484.5], [121, 808.0], [137, 1175.0], [138, 1167.5], [139, 1172.5], [140, 1171.0], [141, 1170.5], [142, 1170.0], [143, 1169.5], [144, 1172.5], [145, 1175.5], [146, 1178.0], [147, 1180.0], [148, 1181.0], [149, 1185.5], [150, 1187.5], [151, 1193.5], [156, 602.5], [157, 579.5], [158, 570.0], [159, 564.0], [160, 547.5], [161, 540.0], [162, 525.0], [163, 519.5], [164, 513.5], [165, 500.0], [166, 493.5], [167, 485.5], [168, 480.5], [169, 475.5], [170, 466.5], [171, 465.0], [172, 464.0], [173, 476.5], [174, 485.5], [175, 504.5], [176, 515.0], [177, 526.0], [178, 548.0], [179, 564.5], [-180, 590.5], [-177, 664.5], [-175, 734.5], [-174, 737.5], [-173, 746.5], [-172, 756.0], [-171, 767.0], [-170, 784.5], [-169, 797.0], [-168, 811.0], [-167, 834.5], [-166, 850.0], [-165, 881.5], [-164, 899.5], [-163, 918.5], [-162, 962.5], [-160, 1007.5], [-159, 1000.5], [-158, 984.0], [-157, 979.0], [-156, 969.0], [-155, 964.0], [-154, 958.5], [-153, 949.0], [-152, 943.5], [-151, 934.5], [-150, 931.5], [-149, 928.0], [-148, 924.0], [-147, 921.5], [-146, 916.5], [-145, 914.5], [-144, 912.0], [-143, 906.5], [-142, 903.5], [-141, 901.5], [-140, 899.0], [-139, 898.0], [-138, 897.5], [-137, 895.5], [-136, 894.0], [-135, 893.0], [-134, 892.5], [-133, 891.5], [-132, 891.0], [-131, 894.5], [-130, 896.0], [-126, 207.0], [-125, 205.5], [-124, 205.0], [-123, 206.5], [-122, 207.0], [-121, 207.0], [-120, 208.5], [-119, 209.5], [-118, 210.5], [-117, 211.0], [-116, 212.0], [-115, 213.0], [-114, 214.0], [-113, 217.5], [-112, 217.5], [-111, 220.5], [-110, 221.5], [-109, 224.0], [-108, 224.5], [-107, 225.5], [-106, 228.5], [-105, 230.0], [-104, 234.0], [-103, 236.5], [-102, 237.5], [-101, 241.5], [-100, 244.0], [-99, 248.5], [-98, 251.0], [-97, 253.0], [-96, 257.5], [-95, 259.5], [-94, 265.5], [-93, 268.5], [-92, 271.0], [-91, 276.5], [-90, 281.0], [-89, 285.0], [-88, 287.5], [-87, 296.5], [-86, 301.0], [-85, 305.0], [-84, 306.0], [-83, 296.0], [-82, 293.5], [-81, 287.5], [-79, 262.0], [-78, 255.5], [-77, 246.0], [-75, 225.0], [-74, 220.0], [-73, 210.0], [-71, 201.0], [-69, 189.5], [-66, 171.25], [-65, 169.5], [-64, 171.0], [-63, 170.0], [-62, 173.5], [-61, 175.0], [-60, 177.0], [-59, 180.5], [-58, 183.0], [-57, 186.75], [-56, 190.5], [-55, 198.5], [-54, 201.0], [-52, 212.0], [-51, 216.5], [-50, 226.0], [-49, 230.5], [-48, 236.5], [-47, 246.5], [-46, 251.5], [-45, 262.5], [-43, 276.5], [-42, 290.5], [-41, 298.5], [-40, 315.0], [-39, 324.0], [-33, 446.0], [-24, 488.0], [-23, 485.5], [-22, 480.5], [-21, 474.5], [-18, 407.0], [-17, 399.5], [-16, 382.0], [-15, 373.0], [-14, 359.5], [-13, 351.5], [-12, 344.5], [-11, 330.5], [-10, 324.75], [-8, 310.5], [-7, 302.0], [-6, 295.5], [-5, 292.0], [-4, 285.5]]}