{"heading": -45.5, "target": -49.915666417481994, "gap_dist": 507.719647896634, "gap_info": [{"width": 466.81424518589023, "center_angle": -147.70643376327206, "edge_a": [-155, 642.0], "edge_b": [-123, 195.0], "depth": 642.0, "passable": true, "chosen": false}, {"width": 507.719647896634, "center_angle": -49.915666417481994, "edge_a": [-84, 325.5], "edge_b": [-36, 758.5], "depth": 758.5, "passable": true, "chosen": true}, {"width": 138.85848755777147, "center_angle": -32.6741291836826, "edge_a": [-34, 651.5], "edge_b": [-31, 516.0], "depth": 651.5, "passable": false, "chosen": false}], "scan": [[-3, 231.0], [-2, 235.0], [-1, 234.0], [0, 229.5], [1, 228.0], [2, 224.0], [3, 223.0], [4, 221.5], [5, 216.5], [6, 214.5], [7, 213.0], [8, 210.0], [9, 209.0], [10, 207.0], [11, 205.0], [12, 204.5], [13, 202.5], [14, 202.5], [15, 201.0], [16, 199.5], [17, 198.0], [18, 195.5], [19, 194.0], [20, 194.5], [21, 193.5], [22, 192.5], [23, 191.5], [24, 191.0], [25, 190.5], [26, 191.0], [27, 190.5], [28, 189.0], [29, 189.0], [30, 188.0], [31, 189.0], [32, 187.5], [33, 188.5], [34, 195.0], [35, 193.5], [36, 198.0], [37, 202.0], [38, 203.5], [39, 205.5], [40, 201.0], [41, 200.5], [42, 201.0], [43, 201.5], [44, 201.5], [45, 200.5], [46, 203.5], [47, 203.0], [48, 202.5], [49, 199.0], [50, 201.5], [52, 210.0], [53, 210.0], [54, 211.0], [55, 213.0], [57, 220.0], [59, 215.0], [60, 219.5], [61, 218.5], [62, 221.0], [63, 225.5], [64, 226.5], [65, 224.5], [67, 244.5], [68, 248.0], [69, 251.5], [70, 253.0], [71, 255.0], [72, 258.5], [75, 257.0], [78, 286.5], [79, 283.5], [80, 284.0], [81, 288.0], [82, 295.0], [83, 299.5], [84, 308.0], [85, 313.5], [86, 318.0], [87, 330.0], [88, 336.0], [89, 344.5], [90, 351.0], [91, 360.0], [92, 370.5], [93, 379.0], [94, 396.5], [95, 403.5], [96, 413.5], [97, 435.0], [99, 472.0], [100, 484.5], [101, 499.0], [104, 578.0], [108, 585.5], [109, 579.5], [110, 575.5], [111, 572.5], [112, 569.0], [113, 566.5], [114, 565.5], [115, 564.5], [116, 562.5], [117, 559.0], [118, 559.0], [119, 555.0], [120, 555.5], [121, 551.0], [122, 548.5], [123, 549.0], [124, 547.5], [125, 548.5], [126, 546.5], [127, 547.0], [128, 547.0], [129, 548.5], [130, 552.0], [131, 552.0], [132, 554.0], [133, 556.5], [134, 558.0], [135, 559.5], [136, 560.0], [137, 563.5], [138, 568.0], [145, 2931.0], [146, 2938.5], [151, 2193.0], [152, 2074.5], [153, 2022.5], [154, 1971.5], [155, 1882.5], [156, 1840.0], [157, 1763.0], [158, 1723.0], [159, 1652.0], [160, 1622.0], [161, 1594.0], [162, 1541.0], [163, 1516.5], [164, 1463.0], [165, 1441.5], [166, 1421.0], [167, 1378.0], [168, 1358.5], [169, 1340.5], [170, 1304.0], [171, 1286.5], [172, 1256.0], [173, 1240.0], [174, 1209.0], [175, 1197.0], [176, 1184.5], [177, 1159.5], [178, 1147.0], [179, 1136.0], [180, 1125.5], [-180, 1115.5], [-179, 1106.5], [-178, 1090.0], [-173, 573.0], [-172, 573.5], [-171, 575.0], [-170, 578.0], [-169, 581.5], [-168, 584.0], [-167, 587.0], [-166, 593.0], [-165, 595.5], [-164, 601.5], [-163, 602.0], [-162, 602.5], [-161, 612.0], [-160, 614.0], [-159, 620.5], [-158, 625.5], [-157, 629.5], [-156, 638.0], [-155, 642.0], [-153, 909.5], [-152, 908.5], [-151, 907.5], [-150, 905.5], [-149, 902.5], [-148, 901.5], [-147, 901.0], [-146, 900.0], [-145, 899.0], [-144, 898.5], [-143, 898.5], [-142, 897.0], [-141, 897.5], [-140, 898.0], [-139, 899.5], [-138, 899.5], [-137, 901.0], [-136, 902.5], [-135, 901.75], [-134, 903.0], [-133, 906.5], [-123, 195.0], [-122, 193.0], [-121, 192.75], [-120, 191.5], [-119, 193.0], [-118, 193.5], [-117, 194.0], [-116, 196.5], [-115, 197.5], [-114, 200.5], [-113, 200.5], [-112, 201.5], [-111, 204.75], [-110, 206.5], [-109, 211.0], [-108, 212.0], [-107, 212.5], [-106, 217.0], [-105, 219.0], [-104, 222.0], [-103, 225.5], [-102, 228.0], [-101, 232.5], [-100, 235.5], [-99, 240.75], [-98, 243.5], [-97, 246.5], [-96, 253.0], [-95, 255.5], [-94, 262.0], [-93, 266.0], [-92, 270.0], [-91, 277.0], [-90, 280.0], [-89, 289.5], [-88, 295.0], [-87, 300.5], [-86, 310.5], [-85, 316.5], [-84, 325.5], [-82, 1743.0], [-81, 1826.5], [-80, 1866.5], [-79, 1956.5], [-78, 2007.0], [-77, 2059.0], [-76, 2168.5], [-75, 2229.0], [-74, 2363.0], [-73, 2435.5], [-67, 1395.5], [-66, 1397.5], [-64, 983.0], [-63, 968.5], [-62, 943.5], [-61, 927.5], [-60, 906.5], [-59, 894.5], [-58, 885.0], [-57, 861.5], [-56, 853.5], [-55, 834.5], [-54, 826.5], [-53, 817.5], [-52, 811.0], [-51, 818.0], [-50, 828.5], [-49, 859.5], [-48, 876.0], [-47, 893.0], [-46, 929.25], [-45, 948.25], [-42, 1056.0], [-41, 1068.0], [-38, 824.5], [-36, 758.5], [-34, 651.5], [-31, 516.0], [-27, 427.5], [-26, 429.0], [-24, 392.0], [-21, 341.0], [-20, 327.5], [-19, 321.0], [-18, 313.5], [-17, 303.5], [-16, 298.5], [-15, 288.0], [-14, 283.5], [-13, 279.5], [-12, 271.5], [-11, 267.25], [-10, 262.0], [-8, 251.0], [-7, 244.5], [-6, 242.5], [-5, 237.5], [-4, 235.0]]}