{"heading": 1.8, "target": 22.584715481195623, "gap_dist": 501.2011670232061, "gap_info": [{"width": 143.90062157007605, "center_angle": -64.82343624759187, "edge_a": [-66, 437.0], "edge_b": [-63, 282.0], "depth": 437.0, "passable": false, "chosen": false}, {"width": 501.2011670232061, "center_angle": 22.584715481195623, "edge_a": [9, 245.0], "edge_b": [27, 747.5], "depth": 747.5, "passable": true, "chosen": true}, {"width": 335.28138918306036, "center_angle": 54.32908771677226, "edge_a": [41, 694.5], "edge_b": [66, 791.5], "depth": 791.5, "passable": true, "chosen": false}, {"width": 340.69583535928666, "center_angle": 89.67738235920564, "edge_a": [89, 697.5], "edge_b": [91, 357.25], "depth": 697.5, "passable": true, "chosen": false}], "scan": [[-2, 227.0], [-1, 227.5], [0, 229.0], [1, 230.5], [2, 231.5], [3, 233.5], [4, 235.5], [5, 237.5], [6, 239.5], [7, 241.5], [8, 243.5], [9, 245.0], [11, 1149.0], [12, 1155.5], [13, 1162.5], [14, 1167.0], [15, 1181.0], [17, 11560.0], [19, 11523.0], [20, 11579.0], [24, 8641.0], [27, 747.5], [28, 741.5], [29, 737.5], [30, 730.5], [31, 728.0], [32, 722.0], [33, 718.0], [34, 713.5], [35, 711.0], [36, 707.0], [37, 706.0], [38, 704.5], [39, 702.0], [40, 697.5], [41, 694.5], [43, 1077.0], [44, 1085.5], [45, 1102.0], [46, 1081.5], [47, 1068.0], [48, 1038.5], [49, 1023.0], [50, 989.0], [51, 976.0], [52, 949.0], [53, 938.5], [54, 926.5], [55, 905.5], [56, 894.5], [57, 879.0], [58, 872.0], [59, 870.5], [60, 861.0], [61, 850.5], [62, 838.0], [63, 832.0], [64, 821.0], [65, 804.0], [66, 791.5], [67, 789.0], [68, 785.5], [69, 775.5], [70, 770.0], [71, 756.0], [72, 752.0], [73, 747.5], [74, 743.5], [75, 740.5], [76, 733.5], [77, 730.0], [78, 726.5], [79, 725.5], [80, 721.0], [81, 715.0], [82, 710.5], [83, 710.0], [84, 706.5], [85, 703.5], [86, 701.0], [87, 701.0], [88, 699.0], [89, 697.5], [91, 357.25], [92, 354.5], [93, 349.75], [94, 349.0], [95, 344.0], [96, 341.5], [97, 340.0], [98, 337.5], [99, 336.25], [100, 331.5], [101, 330.5], [102, 329.0], [103, 326.0], [104, 323.25], [105, 322.25], [106, 321.25], [107, 321.0], [108, 319.5], [109, 318.5], [110, 317.0], [111, 316.5], [112, 316.5], [113, 314.0], [114, 312.5], [115, 312.0], [116, 313.0], [117, 311.5], [118, 308.5], [119, 309.0], [120, 307.25], [121, 311.0], [122, 313.0], [123, 313.0], [124, 315.0], [125, 317.5], [126, 318.0], [127, 318.0], [128, 319.5], [129, 320.5], [130, 322.5], [131, 323.5], [132, 325.5], [133, 327.5], [134, 330.0], [135, 330.5], [136, 332.5], [137, 333.5], [138, 337.0], [139, 338.5], [140, 343.0], [141, 350.0], [143, 942.0], [144, 953.0], [145, 976.0], [146, 988.0], [147, 1003.5], [148, 1030.5], [155, 1379.5], [156, 1333.5], [157, 1323.5], [158, 1325.5], [159, 1334.5], [176, 14983.0], [178, 1634.5], [179, 1634.0], [180, 1642.5], [-175, 1711.0], [-174, 1716.5], [-170, 3251.5], [-161, 2283.0], [-160, 2289.0], [-151, 1121.5], [-150, 1089.0], [-149, 1035.5], [-147, 950.0], [-146, 929.5], [-145, 911.5], [-144, 881.0], [-143, 858.0], [-142, 822.5], [-141, 812.0], [-140, 790.0], [-139, 775.0], [-138, 764.0], [-136, 722.5], [-135, 713.0], [-133, 664.5], [-132, 660.0], [-130, 632.5], [-129, 620.0], [-128, 606.0], [-127, 598.5], [-126, 591.5], [-125, 579.5], [-124, 571.0], [-123, 554.0], [-122, 553.0], [-121, 534.5], [-120, 526.5], [-119, 525.0], [-117, 515.0], [-116, 503.0], [-115, 500.0], [-114, 490.5], [-113, 482.5], [-112, 473.5], [-111, 471.0], [-110, 468.0], [-109, 460.5], [-108, 455.5], [-107, 451.5], [-106, 448.5], [-105, 446.5], [-104, 439.5], [-103, 438.5], [-102, 436.5], [-101, 427.5], [-100, 429.5], [-99, 426.0], [-98, 422.0], [-97, 417.0], [-96, 417.0], [-95, 418.0], [-94, 415.0], [-93, 414.5], [-92, 410.5], [-91, 410.0], [-90, 409.5], [-89, 409.5], [-88, 409.0], [-87, 409.5], [-86, 410.5], [-85, 410.5], [-84, 408.5], [-83, 407.5], [-82, 408.0], [-81, 409.0], [-80, 409.0], [-79, 408.25], [-78, 407.25], [-77, 408.75], [-76, 411.0], [-75, 411.0], [-74, 414.0], [-73, 415.0], [-72, 415.5], [-71, 423.5], [-70, 425.0], [-69, 427.0], [-68, 430.0], [-67, 432.0], [-66, 437.0], [-63, 282.0], [-62, 274.0], [-61, 271.5], [-60, 264.5], [-59, 262.0], [-58, 260.5], [-57, 256.0], [-56, 253.0], [-55, 247.5], [-54, 245.5], [-53, 243.0], [-52, 238.5], [-51, 236.5], [-50, 231.5], [-49, 230.0], [-48, 229.0], [-47, 225.5], [-46, 225.0], [-45, 222.0], [-44, 220.5], [-43, 219.0], [-42, 217.0], [-41, 215.5], [-40, 211.5], [-39, 211.5], [-38, 210.0], [-37, 209.0], [-36, 209.0], [-35, 207.5], [-34, 206.0], [-33, 204.0], [-32, 203.0], [-31, 203.0], [-30, 202.0], [-29, 201.5], [-28, 201.0], [-27, 199.5], [-26, 199.5], [-25, 198.5], [-24, 198.5], [-23, 196.5], [-22, 195.0], [-21, 194.0], [-20, 194.5], [-19, 195.0], [-18, 195.0], [-17, 198.0], [-16, 198.0], [-15, 198.0], [-14, 200.0], [-13, 200.5], [-12, 200.5], [-11, 200.5], [-10, 201.0], [-9, 202.0], [-8, 202.5], [-7, 203.5], [-6, 203.5], [-5, 205.5], [-4, 206.0], [-3, 206.0]]}