{"heading": -47.3, "target": -135.49112020242913, "gap_dist": 401.68746995385, "gap_info": [{"width": 401.68746995385, "center_angle": -135.49112020242913, "edge_a": [-144, 584.5], "edge_b": [-103, 161.0], "depth": 584.5, "passable": true, "chosen": true}, {"width": 155.54913013686297, "center_angle": 110.77923583764581, "edge_a": [108, 577.0], "edge_b": [113, 722.0], "depth": 722.0, "passable": false, "chosen": false}, {"width": 280.93310478851225, "center_angle": 121.58438165166824, "edge_a": [113, 722.0], "edge_b": [133, 544.5], "depth": 722.0, "passable": true, "chosen": false}], "scan": [[-4, 290.0], [-2, 273.5], [-1, 269.5], [0, 267.5], [1, 266.5], [2, 260.5], [3, 258.0], [5, 249.0], [6, 248.5], [7, 246.0], [8, 240.5], [9, 235.5], [10, 234.0], [11, 231.5], [12, 226.0], [13, 224.0], [14, 220.0], [15, 219.0], [16, 216.5], [17, 215.5], [18, 213.5], [19, 211.5], [20, 210.5], [21, 208.0], [22, 204.0], [23, 202.5], [24, 201.5], [25, 201.0], [26, 200.0], [27, 200.0], [28, 200.5], [29, 198.0], [30, 195.5], [31, 198.0], [32, 197.5], [33, 197.5], [34, 197.0], [35, 195.5], [36, 194.5], [37, 193.0], [38, 194.5], [39, 194.5], [40, 193.5], [41, 193.5], [42, 197.0], [43, 195.5], [44, 195.5], [45, 197.0], [46, 198.0], [47, 199.5], [48, 197.5], [49, 198.0], [50, 198.5], [51, 198.5], [52, 199.0], [53, 201.5], [54, 205.0], [55, 205.5], [56, 207.5], [57, 208.0], [58, 209.0], [59, 210.5], [60, 213.5], [61, 215.0], [62, 215.5], [64, 225.5], [65, 226.0], [66, 228.0], [67, 229.5], [68, 231.5], [69, 235.0], [70, 239.0], [71, 242.5], [72, 247.0], [73, 250.0], [74, 250.5], [76, 258.5], [77, 260.5], [78, 264.5], [79, 267.5], [80, 270.0], [81, 278.0], [82, 283.5], [83, 293.5], [85, 303.0], [86, 305.5], [87, 313.0], [88, 313.5], [89, 319.5], [90, 335.0], [91, 341.0], [92, 348.5], [93, 354.5], [94, 369.0], [95, 376.0], [96, 379.0], [97, 389.0], [98, 398.5], [99, 415.0], [100, 420.0], [103, 471.0], [106, 524.0], [108, 577.0], [113, 722.0], [119, 1263.0], [120, 1231.5], [121, 1219.0], [122, 1193.0], [123, 1184.0], [124, 1175.0], [125, 1155.5], [126, 1147.5], [127, 1138.0], [133, 544.5], [134, 542.5], [135, 544.5], [136, 551.0], [137, 555.5], [138, 558.0], [139, 563.0], [140, 567.5], [141, 575.5], [142, 578.0], [143, 583.0], [144, 591.0], [145, 595.5], [146, 607.0], [147, 609.5], [148, 614.5], [149, 626.0], [150, 631.0], [151, 641.5], [152, 648.0], [153, 655.0], [154, 670.5], [155, 678.5], [156, 694.0], [157, 701.0], [160, 1637.5], [161, 1598.0], [162, 1535.5], [163, 1508.5], [164, 1482.0], [165, 1431.5], [166, 1411.0], [167, 1371.5], [168, 1367.25], [169, 1374.0], [170, 1324.75], [171, 1303.5], [172, 1269.25], [173, 1253.25], [174, 1226.75], [175, 1211.25], [176, 1197.25], [177, 1177.0], [178, 1164.5], [179, 1140.25], [-180, 1137.0], [-179, 1126.5], [-178, 1107.0], [-177, 1091.0], [-176, 1075.5], [-175, 1071.25], [-174, 1058.25], [-163, 459.0], [-162, 460.5], [-161, 464.0], [-160, 466.0], [-159, 471.5], [-158, 474.5], [-157, 482.5], [-156, 487.0], [-155, 491.0], [-154, 499.5], [-153, 503.0], [-152, 513.5], [-151, 518.5], [-150, 529.0], [-149, 534.5], [-148, 542.0], [-147, 552.0], [-146, 559.0], [-145, 574.5], [-144, 584.5], [-142, 881.0], [-141, 886.0], [-140, 892.0], [-139, 891.0], [-138, 889.0], [-137, 887.0], [-136, 886.5], [-135, 894.0], [-134, 893.5], [-133, 894.0], [-132, 896.0], [-131, 901.0], [-130, 906.5], [-129, 908.0], [-128, 913.0], [-127, 916.0], [-126, 920.5], [-125, 927.5], [-124, 931.0], [-123, 941.0], [-122, 943.5], [-121, 947.0], [-120, 958.5], [-119, 963.5], [-118, 971.0], [-117, 978.5], [-116, 985.0], [-115, 999.0], [-114, 1005.5], [-113, 1020.0], [-112, 1027.0], [-111, 1050.0], [-110, 1054.0], [-109, 1064.5], [-108, 1079.0], [-107, 1085.0], [-106, 1102.0], [-103, 161.0], [-102, 157.0], [-101, 155.5], [-100, 153.0], [-99, 153.0], [-98, 152.5], [-97, 150.0], [-96, 151.0], [-95, 149.0], [-94, 147.5], [-93, 147.0], [-92, 147.5], [-91, 148.0], [-90, 147.5], [-89, 146.5], [-88, 146.0], [-87, 146.0], [-86, 146.0], [-85, 146.0], [-84, 145.5], [-83, 145.5], [-82, 143.5], [-81, 142.0], [-80, 141.5], [-79, 142.5], [-78, 139.0], [-77, 139.5], [-76, 140.0], [-75, 142.0], [-74, 143.0], [-73, 142.0], [-72, 144.0], [-71, 144.0], [-70, 144.0], [-69, 146.5], [-68, 145.5], [-67, 146.5], [-66, 146.5], [-65, 146.5], [-64, 147.0], [-63, 147.0], [-62, 148.0], [-61, 149.0], [-60, 149.5], [-59, 150.0], [-58, 150.0], [-57, 151.0], [-56, 151.0], [-55, 151.5], [-54, 152.5], [-53, 155.0], [-52, 157.5], [-51, 158.0], [-50, 161.0], [-49, 160.5], [-48, 158.5], [-47, 159.5], [-45, 169.5], [-44, 170.0], [-43, 170.0], [-42, 174.0], [-41, 175.0], [-40, 177.5], [-39, 179.5], [-38, 182.5], [-37, 184.0], [-36, 185.5], [-35, 191.5], [-34, 192.5], [-33, 197.5], [-32, 200.5], [-31, 203.5], [-30, 208.0], [-29, 211.0], [-28, 218.5], [-27, 222.0], [-26, 225.0], [-25, 232.0], [-24, 236.5], [-23, 245.5], [-22, 250.5], [-21, 254.5], [-20, 262.0], [-18, 347.0], [-17, 349.0], [-15, 333.0], [-13, 323.0], [-11, 312.5], [-10, 307.0], [-9, 293.0], [-8, 289.0], [-7, 282.5], [-6, 278.0]]}