{"heading": 1.8, "target": 23.446768494588454, "gap_dist": 497.6347034837177, "gap_info": [{"width": 146.69916777670701, "center_angle": -68.22791184873213, "edge_a": [-69, 418.25], "edge_b": [-67, 263.0], "depth": 418.25, "passable": false, "chosen": false}, {"width": 497.6347034837177, "center_angle": 23.446768494588454, "edge_a": [12, 230.0], "edge_b": [27, 736.5], "depth": 736.5, "passable": true, "chosen": true}, {"width": 336.9977844688644, "center_angle": 54.403856736768034, "edge_a": [41, 688.5], "edge_b": [66, 794.0], "depth": 794.0, "passable": true, "chosen": false}, {"width": 339.54881551921824, "center_angle": 91.68369202504691, "edge_a": [91, 707.5], "edge_b": [93, 367.5], "depth": 707.5, "passable": true, "chosen": false}], "scan": [[-4, 188.5], [-3, 207.5], [-2, 207.0], [-1, 208.0], [0, 209.0], [1, 208.5], [2, 212.0], [3, 213.0], [4, 214.0], [5, 214.0], [6, 219.5], [7, 220.5], [8, 221.5], [9, 224.0], [10, 225.5], [11, 227.0], [12, 230.0], [14, 1088.5], [15, 1094.0], [16, 1098.0], [17, 1102.0], [18, 1105.0], [19, 1107.0], [20, 1113.5], [21, 1118.5], [22, 1126.0], [23, 1130.0], [27, 736.5], [28, 730.0], [29, 726.5], [30, 720.5], [31, 716.0], [32, 709.5], [33, 707.0], [34, 705.0], [35, 703.0], [36, 700.0], [37, 696.5], [38, 696.5], [39, 693.5], [40, 693.0], [41, 688.5], [43, 1076.0], [44, 1080.5], [45, 1095.5], [46, 1065.5], [47, 1050.0], [48, 1029.5], [49, 1017.0], [50, 989.0], [51, 974.5], [52, 948.0], [53, 938.5], [54, 915.5], [55, 905.5], [56, 898.5], [57, 881.0], [58, 874.0], [59, 868.0], [60, 863.5], [61, 851.0], [62, 839.0], [63, 825.5], [64, 817.5], [65, 811.0], [66, 794.0], [67, 790.5], [68, 784.0], [69, 775.5], [70, 772.0], [71, 762.0], [72, 758.0], [73, 753.0], [74, 747.0], [75, 744.5], [76, 738.5], [77, 736.0], [78, 733.5], [79, 727.0], [80, 726.5], [81, 721.0], [82, 717.5], [83, 712.5], [84, 711.5], [85, 707.5], [86, 708.5], [87, 707.0], [88, 705.0], [89, 706.0], [90, 706.0], [91, 707.5], [93, 367.5], [94, 366.0], [95, 362.0], [96, 360.5], [97, 355.5], [98, 354.0], [99, 352.5], [100, 350.75], [101, 349.5], [102, 347.5], [103, 344.0], [104, 344.0], [105, 339.25], [106, 338.25], [107, 337.5], [108, 336.5], [109, 336.25], [110, 333.25], [111, 333.0], [112, 333.75], [113, 328.75], [114, 329.0], [115, 327.5], [116, 331.0], [117, 330.0], [118, 329.0], [119, 328.5], [120, 331.0], [121, 333.0], [122, 334.0], [123, 335.5], [124, 336.5], [125, 336.5], [126, 337.5], [127, 340.0], [128, 339.5], [129, 341.0], [130, 344.0], [131, 345.5], [132, 346.5], [133, 348.0], [134, 349.0], [135, 353.0], [136, 355.5], [137, 359.0], [138, 361.0], [139, 363.5], [141, 966.5], [142, 967.5], [143, 993.0], [144, 1008.0], [145, 1036.0], [146, 1051.5], [151, 3919.5], [157, 1380.0], [158, 1369.5], [159, 1356.5], [160, 1349.0], [161, 1340.0], [162, 1338.5], [163, 1345.5], [164, 1352.0], [165, 1388.0], [166, 1412.0], [167, 1449.5], [168, 1469.5], [170, 1291.0], [175, 14988.0], [177, 1215.5], [179, 14805.0], [180, 14781.5], [-179, 14748.0], [-178, 14739.5], [-176, 7522.5], [-175, 7533.5], [-174, 7530.0], [-165, 1442.5], [-163, 2292.5], [-153, 1107.5], [-152, 1047.0], [-150, 989.5], [-148, 917.0], [-147, 873.0], [-146, 857.0], [-145, 841.5], [-144, 819.5], [-143, 807.0], [-142, 769.5], [-141, 757.5], [-140, 743.5], [-139, 726.0], [-136, 676.5], [-135, 672.0], [-133, 630.5], [-132, 623.5], [-131, 607.0], [-130, 586.0], [-129, 582.5], [-127, 560.5], [-126, 554.0], [-125, 536.0], [-124, 533.0], [-123, 521.0], [-122, 515.5], [-121, 512.5], [-119, 488.0], [-118, 483.5], [-117, 479.5], [-116, 473.0], [-115, 472.5], [-114, 469.5], [-113, 458.5], [-112, 451.5], [-111, 451.0], [-110, 448.5], [-109, 443.5], [-108, 434.0], [-107, 435.0], [-106, 427.5], [-105, 425.5], [-104, 422.5], [-103, 418.5], [-102, 414.5], [-101, 414.0], [-100, 412.5], [-99, 410.0], [-98, 407.5], [-97, 406.5], [-96, 403.0], [-95, 402.0], [-94, 403.0], [-93, 400.5], [-92, 400.0], [-91, 401.0], [-90, 399.5], [-89, 399.0], [-88, 399.0], [-87, 398.0], [-86, 399.5], [-85, 398.0], [-84, 397.5], [-83, 399.0], [-82, 399.5], [-81, 398.5], [-80, 398.0], [-79, 400.0], [-78, 400.0], [-77, 402.75], [-76, 402.0], [-75, 402.5], [-74, 405.5], [-73, 411.25], [-72, 413.75], [-71, 414.25], [-70, 415.5], [-69, 418.25], [-67, 263.0], [-66, 259.0], [-65, 252.5], [-64, 249.0], [-63, 245.5], [-62, 240.5], [-61, 238.5], [-60, 232.0], [-59, 229.0], [-58, 226.5], [-57, 223.5], [-56, 221.0], [-55, 218.0], [-54, 215.5], [-53, 212.0], [-52, 210.5], [-51, 209.5], [-50, 207.0], [-49, 206.0], [-48, 204.5], [-47, 202.5], [-46, 201.0], [-45, 197.5], [-44, 196.5], [-43, 194.5], [-42, 192.0], [-41, 191.5], [-40, 190.0], [-39, 190.5], [-38, 189.0], [-37, 188.0], [-36, 186.5], [-35, 185.0], [-34, 185.0], [-33, 183.5], [-32, 183.0], [-31, 181.5], [-30, 181.5], [-29, 181.5], [-28, 181.0], [-27, 180.5], [-26, 176.5], [-25, 176.0], [-24, 176.5], [-23, 176.5], [-22, 175.5], [-21, 175.5], [-20, 176.5], [-19, 177.5], [-18, 180.0], [-17, 180.0], [-16, 180.5], [-15, 181.0], [-14, 181.5], [-13, 182.5], [-12, 183.0], [-11, 183.5], [-10, 185.0], [-9, 183.5], [-8, 184.5], [-7, 185.5], [-6, 185.5], [-5, 187.0]]}