{"heading": -87.2, "target": -90.62484132178889, "gap_dist": 634.9014122722806, "gap_info": [{"width": 634.9014122722806, "center_angle": -90.62484132178889, "edge_a": [-126, 432.5], "edge_b": [-72, 784.0], "depth": 784.0, "passable": true, "chosen": true}, {"width": 256.0000211141806, "center_angle": -70.38312863806264, "edge_a": [-72, 784.0], "edge_b": [-68, 532.0], "depth": 784.0, "passable": false, "chosen": false}, {"width": 134.42796578541297, "center_angle": -66.27970432175636, "edge_a": [-68, 532.0], "edge_b": [-64, 401.5], "depth": 532.0, "passable": false, "chosen": false}, {"width": 226.68303980027565, "center_angle": 88.8860191954457, "edge_a": [74, 441.0], "edge_b": [104, 434.5], "depth": 441.0, "passable": false, "chosen": false}], "scan": [[-2, 175.0], [-1, 176.5], [0, 175.5], [1, 174.5], [2, 175.0], [3, 173.5], [4, 170.0], [5, 171.5], [6, 170.5], [7, 170.0], [8, 170.0], [9, 171.0], [10, 171.0], [11, 171.5], [12, 172.0], [13, 173.5], [14, 170.0], [15, 169.0], [17, 175.5], [18, 175.0], [19, 171.5], [20, 172.0], [21, 173.5], [22, 175.5], [23, 177.0], [24, 177.0], [25, 178.0], [26, 178.0], [27, 180.5], [28, 183.5], [29, 185.0], [30, 186.0], [31, 188.5], [32, 189.5], [33, 191.0], [34, 192.5], [35, 193.0], [36, 195.5], [37, 197.5], [38, 200.0], [39, 203.0], [40, 203.5], [41, 207.0], [42, 210.5], [43, 213.5], [44, 216.0], [45, 218.0], [46, 223.5], [47, 225.0], [48, 226.5], [49, 229.5], [50, 234.5], [51, 241.0], [52, 239.5], [54, 251.5], [55, 253.5], [56, 263.5], [57, 267.5], [58, 272.5], [59, 278.5], [60, 282.0], [61, 294.5], [62, 299.5], [63, 305.0], [64, 317.5], [65, 323.0], [66, 334.5], [67, 342.0], [68, 355.5], [69, 362.5], [71, 389.0], [73, 432.0], [74, 441.0], [93, 15185.0], [94, 15145.0], [95, 15130.0], [96, 15115.0], [97, 15106.0], [104, 434.5], [105, 436.5], [106, 437.0], [107, 440.0], [108, 441.0], [109, 440.5], [110, 442.5], [111, 444.0], [112, 446.0], [113, 447.0], [114, 449.0], [115, 452.0], [116, 454.0], [117, 457.5], [118, 459.5], [119, 461.5], [120, 464.5], [121, 469.5], [122, 473.0], [123, 473.5], [124, 479.5], [125, 483.5], [126, 490.0], [127, 493.0], [128, 496.5], [129, 502.0], [130, 506.0], [131, 515.0], [132, 519.0], [133, 529.0], [134, 533.5], [135, 539.5], [136, 550.0], [137, 558.5], [139, 1411.5], [140, 1374.0], [141, 1355.5], [142, 1335.0], [143, 1300.0], [144, 1285.0], [145, 1256.5], [146, 1240.5], [147, 1228.5], [148, 1201.5], [149, 1189.5], [150, 1166.0], [151, 1154.5], [152, 1135.0], [153, 1125.5], [154, 1116.5], [155, 1095.5], [156, 1088.5], [157, 1074.5], [158, 1063.5], [159, 1054.5], [160, 1045.5], [161, 1038.5], [162, 1026.5], [163, 1021.0], [164, 1016.25], [165, 1002.5], [166, 997.5], [167, 986.5], [168, 983.0], [169, 977.0], [170, 973.5], [171, 969.5], [172, 961.5], [173, 959.5], [174, 954.0], [175, 950.5], [176, 948.0], [177, 944.5], [178, 941.0], [179, 938.0], [-180, 936.5], [-179, 933.5], [-178, 932.5], [-177, 931.0], [-176, 930.0], [-175, 929.0], [-174, 929.5], [-173, 930.5], [-172, 931.0], [-171, 931.0], [-170, 928.5], [-167, 483.5], [-165, 445.0], [-164, 422.0], [-163, 413.5], [-162, 407.5], [-160, 380.0], [-159, 368.5], [-158, 362.5], [-157, 356.5], [-156, 344.0], [-155, 338.0], [-154, 326.0], [-153, 320.5], [-152, 315.5], [-151, 305.5], [-150, 301.5], [-149, 293.0], [-148, 289.5], [-147, 286.5], [-146, 279.5], [-145, 276.0], [-144, 272.75], [-143, 273.0], [-142, 273.25], [-141, 279.0], [-140, 282.5], [-139, 287.5], [-138, 297.0], [-137, 303.0], [-136, 315.0], [-135, 322.0], [-134, 328.5], [-133, 341.5], [-132, 348.5], [-131, 364.5], [-130, 380.5], [-129, 391.5], [-128, 401.5], [-126, 432.5], [-124, 1407.0], [-123, 1429.0], [-122, 1471.5], [-121, 1496.0], [-120, 1545.0], [-118, 931.5], [-117, 924.5], [-116, 909.5], [-115, 901.5], [-114, 886.5], [-113, 879.0], [-112, 874.5], [-111, 860.5], [-110, 855.5], [-109, 843.5], [-108, 837.0], [-107, 828.5], [-106, 823.5], [-105, 819.0], [-104, 811.0], [-103, 805.5], [-102, 803.0], [-99, 1017.0], [-98, 1016.5], [-97, 1001.5], [-96, 998.5], [-95, 987.5], [-94, 958.0], [-93, 946.0], [-92, 930.0], [-91, 919.5], [-90, 910.5], [-89, 922.5], [-88, 940.0], [-87, 960.5], [-86, 1001.5], [-85, 1025.0], [-84, 1071.5], [-83, 1100.0], [-82, 1153.5], [-77, 1202.5], [-72, 784.0], [-68, 532.0], [-64, 401.5], [-63, 391.0], [-60, 347.5], [-58, 323.0], [-56, 301.0], [-54, 282.5], [-53, 276.0], [-52, 266.5], [-51, 261.0], [-49, 248.0], [-48, 243.0], [-47, 235.5], [-46, 233.0], [-45, 225.5], [-44, 222.0], [-43, 218.0], [-42, 213.5], [-41, 210.5], [-40, 206.5], [-39, 204.0], [-38, 204.0], [-36, 198.0], [-35, 202.0], [-33, 196.0], [-32, 194.5], [-31, 188.5], [-30, 185.5], [-29, 185.5], [-27, 176.5], [-26, 174.0], [-24, 177.0], [-23, 176.5], [-22, 178.5], [-20, 169.5], [-19, 169.0], [-17, 162.5], [-15, 157.5], [-14, 154.5], [-13, 157.0], [-12, 157.0], [-9, 155.5], [-8, 155.0], [-7, 154.0], [-6, 151.0], [-5, 149.5], [-4, 152.5]]}