{"heading": 37.3, "target": 34.655744555424775, "gap_dist": 352.03947870653894, "gap_info": [{"width": 174.88366335034448, "center_angle": -126.09659549375672, "edge_a": [-129, 478.5], "edge_b": [-124, 662.5], "depth": 662.5, "passable": false, "chosen": false}, {"width": 137.34556044836106, "center_angle": -119.23008785039289, "edge_a": [-121, 637.5], "edge_b": [-117, 506.0], "depth": 637.5, "passable": false, "chosen": false}, {"width": 352.03947870653894, "center_angle": 34.655744555424775, "edge_a": [21, 702.5], "edge_b": [67, 310.0], "depth": 702.5, "passable": true, "chosen": true}, {"width": 343.9854308979713, "center_angle": 128.7810087061054, "edge_a": [110, 407.5], "edge_b": [139, 739.5], "depth": 739.5, "passable": true, "chosen": false}], "scan": [[-3, 313.0], [-2, 316.5], [-1, 322.5], [0, 329.0], [1, 336.5], [2, 343.5], [3, 355.0], [4, 359.0], [5, 373.0], [6, 381.0], [7, 388.5], [8, 402.0], [10, 430.0], [11, 441.0], [12, 452.0], [14, 506.0], [17, 595.5], [19, 661.0], [21, 702.5], [29, 1018.5], [30, 1015.5], [31, 1014.0], [32, 1007.5], [33, 1006.5], [34, 1006.5], [35, 1005.5], [36, 1002.0], [37, 1002.0], [38, 1003.0], [39, 1002.0], [40, 1002.0], [41, 1001.0], [42, 1003.0], [43, 1004.0], [44, 1006.5], [49, 2739.5], [53, 1734.5], [54, 1737.0], [56, 1680.0], [67, 310.0], [68, 301.5], [69, 286.5], [70, 279.0], [71, 272.5], [72, 263.5], [73, 259.5], [74, 248.0], [75, 244.0], [76, 240.0], [77, 230.5], [78, 227.0], [79, 219.0], [80, 215.5], [81, 209.5], [82, 207.5], [83, 207.5], [84, 206.5], [85, 208.5], [86, 210.5], [87, 216.5], [88, 219.0], [89, 222.5], [90, 229.0], [91, 232.0], [92, 239.5], [93, 242.5], [94, 252.0], [95, 255.0], [96, 259.5], [97, 269.0], [98, 272.5], [99, 284.0], [100, 288.5], [102, 309.5], [103, 317.0], [104, 323.5], [105, 339.5], [106, 348.0], [107, 365.0], [108, 374.5], [110, 407.5], [114, 887.0], [115, 884.0], [116, 879.5], [117, 876.5], [118, 873.5], [119, 870.0], [120, 864.5], [121, 861.5], [122, 860.5], [123, 859.0], [124, 858.5], [125, 858.0], [126, 858.5], [127, 860.5], [128, 857.5], [129, 856.5], [130, 856.5], [131, 857.5], [132, 860.0], [133, 864.5], [134, 864.5], [135, 865.5], [136, 867.5], [137, 870.0], [139, 739.5], [140, 721.0], [141, 686.0], [142, 669.5], [143, 641.5], [144, 628.0], [145, 614.5], [146, 591.5], [147, 580.0], [148, 559.5], [149, 551.0], [150, 541.0], [151, 524.0], [152, 516.5], [153, 504.5], [154, 500.5], [155, 501.0], [156, 508.5], [157, 516.5], [158, 522.5], [159, 538.0], [160, 548.0], [161, 567.0], [162, 578.5], [163, 588.0], [164, 608.5], [165, 619.0], [166, 642.5], [167, 653.0], [169, 1121.5], [170, 1134.5], [171, 1160.0], [172, 1172.0], [173, 1198.0], [174, 1215.0], [175, 1230.5], [176, 1264.0], [177, 1280.0], [178, 1315.0], [179, 1334.5], [180, 1355.0], [-180, 1375.5], [-179, 1397.5], [-178, 1420.0], [-177, 1467.0], [-176, 1493.5], [-175, 1520.5], [-174, 1581.5], [-173, 1611.0], [-172, 1673.5], [-171, 1707.5], [-170, 1746.0], [-169, 1825.0], [-168, 1869.0], [-167, 1914.5], [-166, 2016.5], [-165, 2072.5], [-164, 2194.5], [-163, 2259.0], [-161, 583.0], [-160, 559.5], [-159, 545.5], [-158, 534.0], [-157, 514.0], [-156, 505.0], [-155, 486.0], [-154, 480.5], [-153, 475.0], [-152, 460.0], [-151, 453.0], [-150, 440.0], [-149, 435.0], [-148, 429.0], [-147, 418.5], [-146, 414.5], [-145, 406.5], [-144, 401.0], [-143, 396.5], [-142, 390.25], [-141, 386.75], [-140, 379.25], [-139, 377.5], [-138, 375.0], [-137, 374.75], [-136, 382.0], [-135, 389.0], [-134, 403.5], [-133, 411.5], [-132, 422.0], [-131, 440.5], [-130, 451.5], [-129, 478.5], [-124, 662.5], [-123, 643.5], [-122, 640.0], [-121, 637.5], [-117, 506.0], [-116, 481.5], [-115, 470.0], [-114, 458.5], [-113, 437.5], [-112, 429.5], [-110, 403.0], [-109, 396.0], [-108, 379.5], [-107, 374.0], [-106, 360.5], [-105, 355.5], [-103, 343.0], [-102, 346.0], [-101, 344.0], [-99, 311.5], [-98, 317.0], [-97, 315.5], [-95, 306.75], [-92, 275.0], [-91, 265.5], [-90, 265.0], [-89, 264.5], [-88, 264.75], [-87, 264.75], [-85, 253.0], [-83, 251.5], [-81, 236.5], [-79, 227.0], [-78, 231.5], [-77, 232.0], [-76, 228.5], [-75, 228.5], [-74, 226.0], [-73, 228.5], [-71, 215.0], [-70, 212.0], [-69, 206.0], [-68, 205.0], [-67, 203.0], [-66, 202.0], [-65, 200.5], [-64, 200.0], [-63, 199.0], [-62, 197.5], [-61, 197.5], [-60, 196.5], [-59, 196.0], [-58, 196.0], [-57, 194.5], [-56, 194.0], [-55, 194.0], [-54, 194.0], [-53, 195.0], [-52, 195.5], [-51, 196.5], [-50, 196.5], [-49, 195.0], [-48, 195.0], [-47, 194.0], [-46, 198.0], [-45, 198.0], [-44, 194.5], [-43, 195.5], [-42, 196.5], [-41, 197.5], [-40, 198.0], [-39, 197.5], [-38, 201.0], [-37, 201.0], [-36, 201.0], [-35, 202.5], [-34, 203.5], [-33, 207.5], [-32, 207.5], [-31, 207.5], [-30, 207.0], [-28, 219.5], [-27, 219.0], [-26, 227.5], [-25, 228.5], [-24, 226.5], [-23, 225.5], [-22, 228.0], [-21, 231.5], [-20, 234.0], [-19, 235.5], [-18, 241.5], [-17, 243.0], [-16, 249.5], [-15, 251.0], [-14, 252.5], [-13, 256.5], [-12, 258.5], [-11, 264.5], [-10, 270.0], [-9, 273.0], [-8, 277.0], [-7, 280.0], [-6, 288.0], [-5, 292.0]]}