{"heading": -17.6, "target": 10.259668012727133, "gap_dist": 306.4729832283228, "gap_info": [{"width": 585.2241854468158, "center_angle": -65.04115718254681, "edge_a": [-69, 723.0], "edge_b": [-46, 153.0], "depth": 723.0, "passable": true, "chosen": false}, {"width": 306.4729832283228, "center_angle": 10.259668012727133, "edge_a": [-33, 172.5], "edge_b": [30, 350.0], "depth": 350.0, "passable": true, "chosen": true}, {"width": 552.8478505997806, "center_angle": 79.58755520203076, "edge_a": [44, 407.5], "edge_b": [99, 713.5], "depth": 713.5, "passable": true, "chosen": false}, {"width": 233.65569198466966, "center_angle": 118.91904978633012, "edge_a": [112, 697.0], "edge_b": [128, 532.0], "depth": 697.0, "passable": false, "chosen": false}], "scan": [[-4, 9204.5], [2, 7354.5], [4, 3415.5], [7, 2655.0], [12, 10528.0], [15, 4511.0], [21, 9535.0], [23, 2946.5], [25, 8847.0], [30, 350.0], [31, 341.0], [32, 336.5], [33, 336.5], [34, 338.5], [35, 340.0], [36, 339.5], [37, 342.5], [38, 339.0], [40, 377.0], [41, 382.5], [42, 382.5], [44, 407.5], [50, 6604.5], [53, 1607.5], [55, 1512.5], [59, 3068.0], [60, 3081.5], [62, 6272.5], [63, 6312.0], [67, 6447.5], [68, 6451.0], [70, 2129.0], [72, 6462.5], [75, 6495.0], [76, 6508.0], [77, 6531.5], [78, 6542.0], [87, 4851.5], [90, 4852.5], [91, 4781.5], [92, 4763.0], [95, 5122.0], [99, 713.5], [101, 656.5], [102, 656.0], [103, 654.5], [104, 654.5], [105, 653.0], [106, 652.5], [107, 657.5], [108, 663.0], [109, 667.5], [110, 672.0], [111, 686.0], [112, 697.0], [115, 2301.5], [117, 6519.5], [118, 6490.0], [121, 2648.0], [122, 2655.5], [124, 2823.0], [125, 2857.0], [128, 532.0], [129, 527.0], [130, 523.0], [131, 516.0], [132, 511.5], [133, 500.5], [134, 497.5], [135, 495.0], [136, 489.0], [137, 489.5], [138, 485.5], [139, 480.0], [140, 476.5], [141, 475.0], [142, 472.0], [143, 471.0], [144, 473.0], [145, 480.0], [146, 486.5], [148, 587.0], [150, 695.0], [156, 1813.0], [157, 1812.0], [158, 1811.5], [159, 1814.5], [160, 1817.0], [161, 1817.5], [162, 1818.5], [163, 1819.0], [164, 1815.0], [170, 1294.0], [171, 1298.5], [172, 1308.0], [173, 1311.5], [174, 1315.5], [175, 1326.5], [176, 1331.0], [177, 1340.5], [178, 1347.0], [179, 1361.0], [180, 1368.0], [-179, 1375.5], [-177, 2235.0], [-176, 2179.5], [-175, 2124.5], [-174, 2021.5], [-173, 1976.5], [-172, 1889.5], [-171, 1849.0], [-170, 1812.0], [-169, 1775.5], [-168, 1708.0], [-167, 1683.0], [-165, 980.0], [-164, 970.0], [-163, 971.0], [-162, 975.5], [-161, 980.0], [-160, 986.5], [-159, 989.5], [-158, 993.5], [-157, 1001.5], [-156, 1008.0], [-155, 1016.5], [-154, 1020.5], [-153, 1025.5], [-152, 1033.0], [-151, 1039.0], [-150, 1051.0], [-149, 1056.5], [-147, 1190.5], [-146, 1171.5], [-145, 1161.5], [-144, 1150.5], [-143, 1133.5], [-142, 1124.0], [-141, 1116.0], [-140, 1101.5], [-139, 1094.5], [-138, 1080.5], [-137, 1074.5], [-136, 1063.5], [-135, 1057.5], [-134, 1052.5], [-133, 1042.0], [-132, 1037.5], [-131, 1028.0], [-130, 1022.5], [-129, 1014.5], [-128, 1010.5], [-127, 1008.0], [-126, 1002.5], [-125, 999.5], [-124, 993.0], [-123, 991.5], [-122, 988.0], [-121, 982.5], [-120, 980.5], [-119, 977.5], [-118, 975.0], [-117, 973.0], [-116, 972.5], [-115, 972.5], [-114, 970.0], [-113, 970.0], [-112, 969.5], [-111, 971.0], [-110, 970.5], [-109, 969.5], [-108, 973.0], [-107, 973.0], [-106, 975.0], [-105, 977.0], [-104, 978.5], [-103, 982.5], [-102, 985.0], [-101, 988.5], [-100, 991.5], [-99, 993.5], [-98, 1000.5], [-97, 1003.5], [-96, 1009.5], [-95, 1014.0], [-94, 1018.0], [-93, 1026.5], [-92, 1033.0], [-91, 1044.0], [-90, 1048.5], [-89, 1053.0], [-88, 1065.0], [-87, 1070.0], [-86, 1082.5], [-85, 1089.0], [-84, 1096.0], [-83, 1111.5], [-82, 1118.0], [-81, 1134.5], [-80, 1143.5], [-77, 1175.5], [-76, 1201.0], [-75, 1211.5], [-74, 1221.0], [-73, 1244.0], [-72, 1256.5], [-71, 1284.0], [-69, 723.0], [-67, 1352.0], [-66, 1392.5], [-65, 1411.5], [-64, 1430.0], [-63, 1469.0], [-60, 1280.5], [-59, 1305.5], [-58, 1308.0], [-57, 1285.0], [-56, 1273.5], [-55, 1264.5], [-54, 1247.5], [-53, 1240.0], [-52, 1222.5], [-51, 1217.0], [-50, 1202.0], [-49, 1195.5], [-48, 1198.5], [-46, 153.0], [-45, 152.0], [-44, 153.0], [-43, 153.5], [-42, 156.5], [-41, 161.5], [-40, 160.5], [-39, 159.0], [-38, 162.0], [-37, 164.5], [-36, 166.0], [-35, 167.0], [-34, 170.5], [-33, 172.5], [-31, 5703.0], [-26, 5340.0], [-25, 5234.5], [-24, 5186.5], [-23, 5138.5], [-22, 5101.5], [-21, 5119.0], [-20, 5136.0], [-19, 5141.5], [-18, 5150.0], [-16, 8723.0], [-15, 8736.0], [-14, 8765.0], [-13, 8776.5], [-12, 8793.0], [-11, 8821.5], [-9, 8344.0], [-8, 8380.0]]}