{"heading": -44.8, "target": -137.98871457739116, "gap_dist": 457.6751377143086, "gap_info": [{"width": 457.6751377143086, "center_angle": -137.98871457739116, "edge_a": [-146, 557.5], "edge_b": [-103, 135.5], "depth": 557.5, "passable": true, "chosen": true}, {"width": 73.4545607118041, "center_angle": -33.75624912106155, "edge_a": [-35, 316.5], "edge_b": [-33, 520.5], "depth": 520.5, "passable": false, "chosen": false}, {"width": 131.7193997983772, "center_angle": 114.3478831818082, "edge_a": [111, 696.5], "edge_b": [119, 501.5], "depth": 696.5, "passable": false, "chosen": false}, {"width": 132.17482446943333, "center_angle": 143.1289498839029, "edge_a": [142, 442.5], "edge_b": [144, 573.5], "depth": 573.5, "passable": false, "chosen": false}], "scan": [[-3, 224.5], [-2, 243.5], [-1, 241.0], [0, 234.5], [1, 233.0], [2, 229.0], [3, 225.5], [4, 223.0], [5, 219.5], [6, 218.0], [7, 216.5], [8, 215.5], [9, 214.0], [10, 210.0], [11, 209.0], [12, 207.5], [13, 206.0], [14, 206.0], [15, 207.5], [16, 204.0], [17, 205.0], [18, 208.0], [19, 208.5], [20, 208.0], [21, 210.0], [22, 205.0], [23, 200.5], [24, 200.0], [25, 196.5], [26, 195.5], [27, 197.0], [28, 197.5], [29, 195.0], [30, 195.5], [31, 194.5], [32, 193.0], [33, 194.0], [34, 193.0], [35, 193.5], [36, 192.0], [37, 193.0], [38, 194.0], [39, 192.5], [40, 193.5], [41, 194.5], [42, 195.0], [43, 193.5], [44, 192.5], [45, 195.0], [46, 194.5], [47, 193.0], [48, 193.5], [49, 194.0], [50, 192.0], [51, 194.5], [52, 197.5], [53, 198.5], [54, 199.5], [55, 201.0], [56, 203.5], [57, 207.0], [58, 207.0], [59, 207.5], [60, 208.5], [61, 210.5], [63, 221.0], [64, 224.0], [65, 229.0], [66, 230.0], [67, 233.5], [70, 233.5], [71, 235.5], [72, 237.0], [73, 241.0], [74, 244.0], [75, 249.5], [76, 252.0], [77, 254.5], [78, 260.0], [79, 262.5], [80, 268.0], [81, 271.5], [82, 276.0], [83, 284.0], [84, 288.0], [85, 295.0], [86, 298.5], [87, 308.0], [88, 311.0], [89, 322.5], [90, 328.0], [91, 334.0], [92, 342.5], [93, 350.0], [94, 366.0], [95, 374.5], [96, 382.5], [97, 396.5], [98, 405.0], [99, 423.5], [100, 432.5], [103, 491.5], [107, 596.0], [111, 696.5], [117, 1009.5], [119, 501.5], [120, 494.5], [121, 491.5], [122, 488.0], [123, 482.5], [124, 480.5], [125, 474.0], [126, 471.5], [127, 468.0], [128, 465.0], [129, 461.5], [130, 457.0], [131, 455.5], [132, 453.0], [133, 451.5], [134, 450.0], [135, 447.5], [136, 447.0], [137, 445.0], [138, 442.0], [139, 441.0], [140, 440.5], [141, 439.5], [142, 442.5], [144, 573.5], [147, 2881.0], [148, 2860.5], [151, 2482.5], [152, 2412.5], [154, 2072.0], [155, 2017.0], [156, 1919.5], [157, 1873.5], [158, 1791.0], [159, 1750.0], [160, 1681.0], [161, 1652.5], [162, 1621.0], [163, 1562.0], [164, 1535.5], [165, 1486.5], [166, 1465.0], [167, 1444.0], [168, 1401.5], [169, 1379.0], [170, 1343.5], [171, 1325.0], [172, 1306.5], [173, 1272.5], [174, 1257.5], [175, 1228.0], [176, 1216.0], [177, 1187.0], [178, 1175.5], [179, 1164.0], [180, 1149.0], [-180, 1136.0], [-179, 1126.5], [-178, 1104.0], [-177, 1096.5], [-176, 1089.5], [-175, 1072.0], [-174, 1062.5], [-173, 1048.0], [-172, 1040.5], [-171, 1031.5], [-170, 1015.5], [-167, 514.0], [-166, 516.5], [-165, 516.5], [-164, 518.5], [-163, 519.5], [-162, 519.5], [-161, 520.0], [-160, 521.5], [-159, 523.0], [-158, 524.0], [-157, 525.5], [-156, 528.0], [-155, 528.5], [-154, 532.0], [-153, 533.0], [-152, 535.0], [-151, 539.5], [-150, 542.0], [-149, 546.5], [-148, 547.5], [-147, 553.5], [-146, 557.5], [-144, 904.0], [-143, 902.0], [-142, 902.0], [-141, 904.0], [-140, 903.0], [-139, 904.0], [-138, 906.0], [-137, 906.0], [-136, 908.0], [-135, 910.5], [-134, 911.0], [-133, 911.5], [-132, 915.5], [-131, 919.0], [-130, 921.5], [-129, 923.0], [-128, 929.0], [-127, 933.0], [-126, 937.0], [-125, 944.5], [-124, 948.0], [-123, 955.0], [-122, 959.0], [-121, 963.0], [-120, 970.5], [-119, 976.0], [-118, 987.0], [-117, 992.5], [-116, 999.5], [-115, 1012.5], [-114, 1018.0], [-113, 1033.0], [-112, 1038.0], [-111, 1055.5], [-110, 1065.0], [-109, 1073.0], [-108, 1087.5], [-107, 1097.0], [-106, 1116.0], [-105, 1127.5], [-103, 135.5], [-102, 137.0], [-101, 136.0], [-100, 134.0], [-99, 133.5], [-98, 134.5], [-97, 136.5], [-96, 136.5], [-95, 136.25], [-94, 137.25], [-93, 139.5], [-92, 139.5], [-91, 140.0], [-90, 139.5], [-89, 140.0], [-88, 141.0], [-87, 141.0], [-86, 142.0], [-85, 142.5], [-84, 143.0], [-83, 143.0], [-82, 143.5], [-81, 145.0], [-80, 145.5], [-79, 146.0], [-78, 147.0], [-77, 148.5], [-76, 149.5], [-75, 150.0], [-74, 151.0], [-73, 152.5], [-72, 153.5], [-71, 155.0], [-70, 156.5], [-69, 158.0], [-68, 159.0], [-67, 161.0], [-66, 161.0], [-65, 164.0], [-64, 165.0], [-63, 167.5], [-62, 171.0], [-61, 173.0], [-60, 176.5], [-59, 177.5], [-58, 179.5], [-57, 183.5], [-56, 186.0], [-55, 191.0], [-54, 192.5], [-53, 196.0], [-52, 201.0], [-51, 203.5], [-50, 208.5], [-49, 212.5], [-48, 216.0], [-47, 223.0], [-46, 225.5], [-45, 235.0], [-44, 239.5], [-43, 250.5], [-42, 255.0], [-41, 258.5], [-40, 268.5], [-38, 289.5], [-37, 296.0], [-36, 302.5], [-35, 316.5], [-33, 520.5], [-32, 510.5], [-30, 471.5], [-28, 410.0], [-27, 398.0], [-26, 379.0], [-25, 370.5], [-24, 352.5], [-23, 346.0], [-22, 331.0], [-21, 323.5], [-20, 318.0], [-19, 306.0], [-18, 300.5], [-17, 291.5], [-16, 286.5], [-15, 282.5], [-14, 270.5], [-13, 266.0], [-12, 261.5], [-11, 257.5], [-10, 254.0], [-9, 247.0], [-8, 245.5], [-7, 238.5], [-6, 235.5], [-5, 230.5], [-4, 227.5]]}