{"heading": 95.8, "target": 104.63948258180248, "gap_dist": 480.9700788702235, "gap_info": [{"width": 1075.2366042063065, "center_angle": -58.32366983099932, "edge_a": [-103, 777.75], "edge_b": [-15, 797.0], "depth": 797.0, "passable": true, "chosen": false}, {"width": 451.24578474446923, "center_angle": -5.5790580727635675, "edge_a": [-7, 759.0], "edge_b": [-2, 301.5], "depth": 759.0, "passable": true, "chosen": false}, {"width": 639.5624684913604, "center_angle": 78.58955162080208, "edge_a": [42, 331.5], "edge_b": [93, 794.0], "depth": 794.0, "passable": true, "chosen": false}, {"width": 480.9700788702235, "center_angle": 104.63948258180248, "edge_a": [103, 772.0], "edge_b": [109, 290.5], "depth": 772.0, "passable": true, "chosen": true}], "scan": [[-2, 301.5], [1, 260.5], [3, 236.5], [5, 216.5], [7, 199.0], [9, 188.5], [10, 187.5], [11, 186.5], [12, 188.0], [13, 190.0], [14, 191.5], [15, 193.0], [16, 195.5], [17, 198.0], [18, 200.0], [19, 201.5], [20, 206.0], [21, 207.5], [22, 211.0], [23, 214.0], [24, 220.0], [25, 222.0], [26, 225.0], [27, 231.0], [28, 235.0], [29, 242.0], [30, 244.0], [31, 251.5], [32, 254.5], [33, 263.0], [34, 266.5], [35, 275.5], [36, 279.0], [37, 283.0], [38, 294.5], [39, 300.0], [40, 311.5], [41, 319.0], [42, 331.5], [45, 825.5], [46, 822.5], [47, 830.5], [48, 836.0], [49, 838.5], [50, 852.0], [51, 859.5], [52, 869.0], [53, 877.5], [54, 882.0], [55, 893.0], [56, 893.5], [57, 915.0], [58, 926.5], [59, 937.0], [60, 945.5], [61, 965.0], [62, 988.5], [63, 1004.5], [64, 1018.5], [65, 1038.0], [66, 1052.5], [67, 1083.0], [68, 1100.0], [69, 1133.5], [70, 1152.5], [71, 1192.5], [72, 1215.0], [73, 1237.0], [74, 1306.0], [75, 1341.5], [76, 1392.5], [77, 1428.5], [78, 1479.5], [79, 1515.5], [80, 1554.5], [81, 1644.0], [84, 835.0], [85, 832.0], [86, 824.0], [87, 820.75], [88, 817.75], [89, 812.0], [90, 809.0], [91, 804.0], [92, 802.0], [93, 794.0], [94, 790.0], [95, 788.0], [96, 782.0], [97, 781.0], [98, 777.0], [99, 775.5], [100, 771.0], [101, 769.0], [102, 768.0], [103, 772.0], [109, 290.5], [110, 283.0], [113, 246.5], [114, 241.5], [115, 229.0], [116, 223.5], [117, 219.0], [118, 213.0], [119, 209.0], [120, 208.5], [121, 210.0], [122, 212.5], [123, 215.0], [124, 216.5], [125, 222.0], [126, 224.5], [127, 228.0], [128, 231.0], [129, 237.0], [130, 240.0], [131, 243.0], [132, 247.0], [133, 250.5], [134, 258.0], [135, 260.5], [136, 268.0], [137, 271.5], [138, 275.0], [139, 283.0], [140, 289.0], [141, 293.5], [142, 303.5], [143, 308.5], [144, 318.5], [145, 325.5], [146, 333.0], [147, 345.5], [148, 353.0], [149, 366.5], [150, 376.5], [151, 394.0], [154, 443.0], [156, 517.0], [158, 498.0], [159, 500.0], [160, 495.5], [161, 487.0], [162, 476.0], [163, 471.5], [164, 468.5], [165, 455.0], [166, 454.5], [167, 448.0], [168, 445.5], [169, 438.0], [170, 433.5], [171, 430.0], [172, 422.5], [173, 421.0], [174, 419.0], [175, 415.5], [176, 410.0], [177, 407.5], [178, 405.0], [179, 401.0], [180, 400.0], [-179, 397.0], [-178, 393.5], [-177, 392.0], [-176, 393.5], [-175, 393.5], [-174, 387.5], [-173, 386.5], [-172, 384.5], [-171, 384.5], [-170, 384.5], [-169, 384.0], [-168, 384.0], [-167, 382.5], [-166, 383.0], [-165, 382.75], [-164, 381.25], [-163, 384.5], [-162, 381.5], [-161, 379.5], [-160, 382.0], [-159, 384.0], [-158, 386.0], [-157, 386.0], [-156, 386.5], [-155, 387.5], [-154, 390.5], [-153, 391.5], [-152, 390.0], [-151, 393.0], [-150, 394.5], [-149, 397.0], [-148, 400.0], [-147, 399.0], [-146, 403.0], [-145, 405.0], [-144, 408.5], [-143, 413.0], [-142, 416.5], [-141, 420.5], [-140, 422.0], [-139, 424.5], [-138, 427.5], [-137, 437.0], [-136, 440.0], [-135, 445.5], [-134, 450.0], [-133, 455.0], [-132, 462.0], [-131, 466.5], [-130, 477.0], [-129, 475.0], [-128, 480.5], [-126, 498.0], [-125, 499.0], [-124, 507.5], [-123, 522.0], [-122, 529.0], [-121, 539.0], [-119, 567.0], [-118, 570.5], [-116, 597.0], [-115, 597.0], [-114, 611.0], [-112, 651.0], [-111, 657.5], [-109, 687.5], [-107, 722.5], [-106, 736.5], [-105, 756.5], [-104, 765.75], [-103, 777.75], [-102, 812.5], [-101, 827.0], [-100, 861.0], [-99, 885.0], [-98, 926.0], [-97, 946.0], [-95, 1039.0], [-94, 1066.5], [-93, 1132.0], [-92, 1167.5], [-80, 908.5], [-79, 887.0], [-78, 879.5], [-77, 877.5], [-76, 882.0], [-74, 2028.0], [-73, 2032.0], [-72, 2033.5], [-71, 2035.0], [-70, 2035.5], [-69, 2049.5], [-66, 893.0], [-65, 899.0], [-57, 8102.5], [-55, 1137.5], [-54, 1112.5], [-53, 1087.0], [-52, 1070.5], [-51, 1074.5], [-50, 1083.5], [-45, 7591.5], [-43, 11439.0], [-38, 11093.5], [-24, 2117.5], [-21, 2758.0], [-20, 2755.0], [-19, 2759.5], [-16, 808.5], [-15, 797.0], [-14, 791.0], [-13, 774.5], [-12, 761.5], [-11, 766.0], [-10, 759.0], [-9, 749.0], [-7, 759.0]]}