{"heading": -13.5, "target": 39.23397404346656, "gap_dist": 530.8153450585951, "gap_info": [{"width": 530.8153450585951, "center_angle": 39.23397404346656, "edge_a": [28, 265.0], "edge_b": [43, 786.0], "depth": 786.0, "passable": true, "chosen": true}, {"width": 283.3994015461094, "center_angle": 86.77552094058817, "edge_a": [85, 624.5], "edge_b": [90, 344.0], "depth": 624.5, "passable": true, "chosen": false}], "scan": [[-3, 207.0], [-2, 206.5], [-1, 207.0], [0, 207.0], [1, 207.5], [2, 208.5], [3, 210.0], [4, 211.0], [5, 211.5], [6, 213.5], [7, 214.5], [8, 218.5], [9, 218.5], [10, 219.5], [11, 222.0], [12, 223.0], [13, 224.0], [14, 225.0], [15, 227.0], [16, 231.0], [17, 233.0], [18, 235.5], [19, 237.5], [20, 240.0], [21, 242.0], [22, 244.5], [23, 248.5], [24, 251.5], [25, 254.5], [26, 259.5], [27, 261.5], [28, 265.0], [30, 1000.5], [32, 952.5], [33, 910.0], [34, 897.5], [35, 897.5], [36, 872.0], [37, 857.5], [38, 860.5], [39, 853.0], [41, 834.0], [43, 786.0], [44, 780.5], [45, 768.0], [46, 760.5], [47, 755.5], [48, 744.5], [49, 738.5], [50, 736.0], [51, 728.5], [52, 722.0], [53, 709.5], [54, 706.0], [55, 704.0], [56, 689.5], [57, 686.0], [58, 679.5], [59, 675.5], [60, 671.5], [61, 668.5], [62, 664.5], [63, 658.5], [64, 658.5], [65, 653.5], [66, 657.5], [67, 661.5], [68, 647.5], [69, 647.0], [70, 644.0], [71, 646.5], [72, 647.0], [73, 645.0], [74, 644.0], [75, 641.5], [76, 644.5], [77, 646.5], [78, 646.75], [79, 647.0], [80, 647.5], [81, 651.5], [82, 655.0], [84, 625.5], [85, 624.5], [90, 344.0], [91, 343.5], [92, 342.5], [93, 343.5], [94, 345.25], [95, 348.75], [96, 350.5], [97, 352.75], [98, 354.5], [99, 357.75], [100, 358.25], [101, 361.0], [102, 367.0], [103, 369.5], [104, 372.5], [105, 377.0], [106, 380.0], [107, 382.0], [108, 390.0], [109, 391.0], [110, 400.0], [111, 403.5], [112, 410.5], [113, 414.5], [114, 419.0], [115, 426.5], [116, 431.5], [117, 441.0], [118, 447.5], [120, 885.0], [121, 899.0], [122, 910.5], [123, 921.5], [124, 947.5], [125, 962.0], [126, 988.0], [127, 1004.0], [128, 1018.5], [129, 1048.5], [130, 1065.5], [131, 1108.0], [132, 1130.0], [133, 1133.0], [134, 1136.5], [135, 1155.0], [136, 1207.5], [137, 1235.5], [138, 1266.5], [139, 1333.0], [141, 4220.0], [150, 2448.5], [151, 2443.0], [152, 2451.5], [154, 2357.5], [155, 2337.0], [156, 2337.5], [157, 2342.5], [160, 1429.0], [161, 1428.5], [162, 1407.0], [163, 1407.0], [166, 7945.5], [167, 7958.0], [171, 1492.0], [172, 1463.5], [173, 1455.5], [174, 1450.5], [175, 1464.5], [176, 1464.5], [178, 2714.0], [-173, 1286.5], [-171, 1171.5], [-170, 1138.5], [-169, 1107.5], [-168, 1049.5], [-167, 1022.5], [-166, 975.0], [-165, 949.5], [-164, 928.5], [-163, 891.0], [-162, 873.5], [-161, 843.0], [-160, 827.0], [-159, 812.5], [-158, 790.0], [-157, 780.0], [-156, 753.0], [-155, 739.5], [-154, 733.5], [-153, 720.0], [-152, 714.5], [-151, 692.5], [-150, 681.5], [-149, 673.5], [-147, 651.0], [-146, 638.5], [-145, 625.5], [-144, 615.0], [-143, 607.5], [-142, 600.5], [-141, 589.5], [-140, 580.0], [-139, 570.0], [-138, 564.5], [-137, 558.0], [-136, 549.5], [-134, 530.5], [-133, 518.5], [-132, 509.0], [-131, 505.5], [-130, 504.0], [-129, 500.5], [-128, 497.0], [-127, 495.5], [-126, 491.0], [-125, 487.5], [-124, 480.0], [-123, 474.0], [-122, 474.0], [-121, 472.5], [-120, 467.5], [-119, 465.0], [-118, 464.0], [-117, 457.5], [-116, 455.0], [-115, 454.5], [-114, 455.0], [-113, 450.0], [-112, 450.25], [-111, 451.75], [-110, 449.75], [-109, 450.75], [-108, 448.25], [-107, 442.75], [-106, 442.75], [-105, 445.75], [-104, 446.0], [-103, 444.5], [-102, 448.0], [-101, 448.0], [-100, 449.0], [-99, 451.5], [-98, 453.5], [-97, 453.5], [-96, 454.0], [-95, 458.5], [-94, 461.0], [-93, 460.0], [-92, 463.5], [-91, 461.5], [-90, 468.0], [-89, 470.0], [-88, 472.0], [-87, 476.0], [-86, 477.0], [-85, 486.5], [-84, 487.0], [-83, 492.5], [-81, 467.0], [-79, 426.5], [-78, 416.0], [-77, 407.5], [-76, 390.0], [-75, 382.5], [-73, 358.0], [-72, 346.5], [-71, 339.5], [-70, 333.0], [-69, 323.0], [-68, 317.0], [-67, 307.0], [-66, 303.5], [-65, 298.0], [-64, 287.0], [-63, 284.0], [-62, 276.0], [-61, 272.5], [-60, 267.0], [-59, 263.5], [-58, 261.5], [-57, 254.5], [-56, 252.0], [-55, 247.5], [-54, 244.0], [-53, 242.0], [-52, 239.0], [-51, 235.0], [-50, 229.0], [-49, 225.5], [-48, 221.5], [-47, 220.0], [-46, 217.5], [-45, 211.0], [-44, 208.5], [-43, 207.0], [-42, 206.0], [-41, 205.5], [-40, 202.0], [-39, 202.5], [-38, 199.0], [-37, 198.0], [-36, 195.0], [-35, 194.0], [-34, 193.5], [-33, 190.5], [-32, 190.5], [-31, 190.5], [-30, 189.5], [-29, 187.0], [-28, 186.0], [-27, 186.0], [-26, 185.0], [-25, 185.0], [-24, 184.0], [-23, 183.5], [-22, 183.0], [-21, 182.5], [-20, 181.0], [-19, 179.5], [-18, 178.0], [-17, 177.5], [-16, 177.5], [-15, 179.0], [-14, 178.0], [-13, 179.0], [-12, 181.0], [-11, 182.5], [-10, 183.0], [-9, 182.0], [-8, 183.0], [-7, 183.0], [-6, 184.0], [-5, 184.0], [-4, 185.0]]}