{"heading": -8.0, "target": 23.38601841792052, "gap_dist": 434.1938991035801, "gap_info": [{"width": 145.9853377831499, "center_angle": -75.21065438784908, "edge_a": [-76, 444.0], "edge_b": [-74, 289.5], "depth": 444.0, "passable": false, "chosen": false}, {"width": 434.1938991035801, "center_angle": 23.38601841792052, "edge_a": [4, 237.0], "edge_b": [30, 683.0], "depth": 683.0, "passable": true, "chosen": true}, {"width": 111.4858855018793, "center_angle": 56.04441807534957, "edge_a": [52, 780.5], "edge_b": [60, 798.0], "depth": 798.0, "passable": false, "chosen": false}, {"width": 334.3844718587018, "center_angle": 88.67251933258679, "edge_a": [88, 677.0], "edge_b": [90, 343.0], "depth": 677.0, "passable": true, "chosen": false}], "scan": [[-3, 214.0], [-2, 214.0], [-1, 215.0], [0, 217.5], [1, 219.0], [4, 237.0], [6, 1085.0], [7, 1085.5], [8, 1084.5], [9, 1083.5], [10, 1086.5], [11, 1087.0], [12, 1088.0], [13, 1091.0], [14, 1094.5], [15, 1097.5], [16, 1104.5], [17, 1108.0], [18, 1115.5], [19, 1118.0], [21, 8964.0], [25, 1826.0], [30, 683.0], [31, 667.5], [33, 626.0], [34, 630.5], [35, 635.0], [36, 643.5], [37, 646.5], [38, 655.0], [39, 661.5], [40, 665.0], [41, 676.5], [42, 682.0], [43, 695.5], [44, 700.5], [45, 712.5], [46, 721.25], [47, 728.25], [48, 734.0], [49, 747.5], [50, 755.0], [51, 772.5], [52, 780.5], [54, 860.0], [55, 850.5], [56, 846.0], [57, 825.5], [58, 819.0], [59, 803.5], [60, 798.0], [61, 795.5], [62, 778.0], [63, 776.0], [64, 760.5], [65, 758.0], [66, 745.5], [67, 742.0], [68, 733.5], [69, 730.0], [70, 727.0], [71, 721.0], [72, 717.0], [73, 707.5], [74, 705.5], [75, 703.5], [76, 699.0], [77, 698.5], [78, 692.5], [79, 694.0], [80, 687.5], [81, 686.0], [82, 684.5], [83, 679.0], [84, 679.0], [85, 677.0], [86, 678.5], [87, 676.5], [88, 677.0], [90, 343.0], [91, 340.5], [92, 337.0], [93, 333.5], [94, 331.5], [95, 330.0], [96, 326.25], [97, 325.25], [98, 324.0], [99, 322.0], [100, 320.5], [101, 321.0], [102, 318.5], [103, 318.0], [104, 316.5], [105, 315.5], [106, 312.75], [107, 312.75], [108, 313.0], [109, 312.5], [110, 310.5], [111, 307.0], [112, 306.0], [113, 305.0], [114, 306.5], [115, 308.0], [116, 308.5], [117, 308.5], [118, 309.0], [119, 311.5], [120, 312.5], [121, 313.5], [122, 314.5], [123, 316.0], [124, 317.0], [125, 317.5], [126, 319.5], [127, 320.5], [128, 321.5], [129, 322.5], [130, 324.5], [131, 325.5], [132, 326.5], [133, 328.5], [134, 332.0], [135, 333.5], [136, 336.0], [137, 339.5], [138, 341.5], [139, 344.0], [140, 347.5], [142, 993.0], [143, 1009.5], [144, 1025.5], [150, 1706.5], [155, 8281.5], [158, 1418.0], [159, 1417.0], [160, 1425.0], [164, 5664.0], [172, 14957.0], [173, 14908.5], [175, 1651.5], [177, 14776.0], [178, 14758.5], [179, 14732.5], [-178, 7555.5], [-175, 3273.5], [-170, 1806.0], [-166, 2298.0], [-165, 2308.5], [-155, 1095.0], [-154, 1067.5], [-152, 979.0], [-151, 957.0], [-150, 913.5], [-149, 894.0], [-148, 863.5], [-147, 847.0], [-146, 832.5], [-145, 810.0], [-144, 798.5], [-143, 776.5], [-142, 762.0], [-141, 748.0], [-140, 726.0], [-139, 715.0], [-138, 691.0], [-137, 688.0], [-135, 654.5], [-134, 639.5], [-133, 638.5], [-131, 600.5], [-130, 596.0], [-129, 575.5], [-128, 572.0], [-126, 550.5], [-125, 545.5], [-124, 544.0], [-123, 539.0], [-122, 522.5], [-121, 519.0], [-119, 504.5], [-118, 493.0], [-117, 485.5], [-116, 480.5], [-115, 482.0], [-114, 476.0], [-113, 471.5], [-112, 468.0], [-111, 461.0], [-110, 461.5], [-109, 462.5], [-108, 449.0], [-107, 447.5], [-106, 444.0], [-105, 443.5], [-104, 438.0], [-103, 436.0], [-102, 432.5], [-101, 433.0], [-100, 432.0], [-99, 429.5], [-98, 430.0], [-97, 429.5], [-96, 429.5], [-95, 429.0], [-94, 426.5], [-93, 426.5], [-92, 422.5], [-91, 425.0], [-90, 424.5], [-89, 425.5], [-88, 426.5], [-87, 424.5], [-86, 426.5], [-85, 427.5], [-84, 428.0], [-83, 428.5], [-82, 429.5], [-81, 429.0], [-80, 432.0], [-79, 433.0], [-78, 435.5], [-77, 439.5], [-76, 444.0], [-74, 289.5], [-73, 282.5], [-72, 279.5], [-71, 273.0], [-70, 269.5], [-69, 266.0], [-68, 260.5], [-67, 257.5], [-66, 251.0], [-65, 247.0], [-64, 242.5], [-63, 240.0], [-62, 237.0], [-61, 232.5], [-60, 230.5], [-59, 226.0], [-58, 224.5], [-57, 221.0], [-56, 219.5], [-55, 219.0], [-54, 216.0], [-53, 214.0], [-52, 210.5], [-51, 211.0], [-50, 210.0], [-49, 207.5], [-48, 206.5], [-47, 203.5], [-46, 203.5], [-45, 202.0], [-44, 200.0], [-43, 199.0], [-42, 197.5], [-41, 197.5], [-40, 196.5], [-39, 196.0], [-38, 194.5], [-37, 193.5], [-36, 193.0], [-35, 193.0], [-34, 192.0], [-33, 191.0], [-32, 190.0], [-31, 190.0], [-30, 187.5], [-29, 187.0], [-28, 185.5], [-27, 184.5], [-26, 186.0], [-25, 189.0], [-24, 189.0], [-23, 189.0], [-22, 190.0], [-21, 191.0], [-20, 192.0], [-19, 193.0], [-18, 193.5], [-17, 193.5], [-16, 194.5], [-15, 196.0], [-14, 195.5], [-13, 196.5], [-12, 197.0], [-11, 199.0], [-10, 200.5], [-9, 202.0], [-8, 205.75], [-6, 196.5]]}