{"heading": -102.9, "target": -110.99799240028041, "gap_dist": 632.9562034457074, "gap_info": [{"width": 632.9562034457074, "center_angle": -110.99799240028041, "edge_a": [-147, 325.5], "edge_b": [-97, 791.0], "depth": 791.0, "passable": true, "chosen": true}, {"width": 290.08938607764287, "center_angle": -94.2519480881855, "edge_a": [-97, 791.0], "edge_b": [-90, 511.5], "depth": 791.0, "passable": false, "chosen": false}, {"width": 468.2770278977851, "center_angle": 58.65425032082006, "edge_a": [54, 762.5], "edge_b": [70, 314.5], "depth": 762.5, "passable": false, "chosen": false}, {"width": 541.89586212689, "center_angle": 150.22753924058736, "edge_a": [113, 419.0], "edge_b": [176, 583.0], "depth": 583.0, "passable": true, "chosen": false}], "scan": [[-3, 229.0], [-2, 230.5], [-1, 231.0], [0, 233.0], [1, 236.5], [2, 238.0], [3, 239.5], [4, 243.0], [5, 245.5], [6, 248.0], [7, 249.0], [8, 251.0], [9, 252.0], [10, 255.0], [11, 259.0], [12, 259.5], [13, 261.5], [14, 268.25], [15, 269.0], [16, 274.5], [17, 277.5], [18, 279.5], [19, 283.5], [20, 286.0], [21, 293.5], [22, 296.0], [23, 299.0], [24, 304.5], [25, 308.5], [26, 319.0], [27, 322.5], [28, 327.0], [29, 339.0], [31, 363.0], [32, 364.5], [33, 372.5], [34, 378.0], [37, 419.5], [38, 426.0], [39, 426.0], [43, 489.0], [44, 504.0], [45, 520.5], [46, 532.5], [49, 603.0], [51, 669.5], [54, 762.5], [56, 840.0], [61, 1256.0], [62, 1270.0], [63, 1273.5], [64, 1286.5], [66, 1387.5], [68, 1322.5], [70, 314.5], [71, 313.5], [72, 307.5], [73, 308.5], [74, 309.5], [75, 313.5], [76, 315.5], [77, 315.0], [78, 316.5], [79, 317.0], [80, 317.0], [81, 316.5], [82, 318.0], [83, 320.5], [84, 322.5], [85, 322.5], [86, 324.0], [87, 326.0], [88, 327.5], [89, 329.0], [90, 332.0], [91, 333.5], [92, 336.5], [93, 337.0], [94, 338.5], [95, 342.5], [96, 345.5], [97, 347.5], [98, 350.5], [99, 354.5], [100, 359.5], [101, 362.0], [102, 368.0], [103, 370.5], [104, 372.0], [105, 374.0], [106, 380.5], [107, 384.0], [108, 391.0], [109, 395.0], [110, 402.5], [111, 407.0], [112, 409.5], [113, 419.0], [116, 1232.5], [117, 1200.5], [118, 1187.5], [119, 1163.5], [120, 1149.5], [121, 1128.0], [122, 1116.5], [123, 1096.5], [124, 1084.5], [125, 1074.5], [126, 1055.0], [127, 1048.0], [128, 1033.0], [129, 1022.5], [130, 1018.0], [131, 1000.5], [132, 993.5], [133, 980.0], [134, 973.5], [135, 964.0], [136, 960.5], [137, 956.5], [138, 950.0], [139, 941.0], [140, 935.0], [141, 929.5], [142, 924.0], [143, 917.5], [144, 911.5], [145, 906.5], [146, 900.0], [147, 895.5], [148, 892.0], [149, 887.0], [150, 885.5], [151, 881.0], [152, 879.5], [153, 878.0], [154, 875.5], [155, 874.0], [156, 869.5], [157, 869.5], [158, 872.0], [159, 872.5], [160, 872.0], [161, 870.0], [162, 873.0], [163, 875.0], [164, 874.5], [165, 878.0], [166, 879.5], [167, 887.0], [168, 890.0], [169, 892.5], [170, 900.0], [171, 896.5], [172, 916.5], [176, 583.0], [177, 580.5], [179, 479.5], [180, 471.0], [-179, 457.5], [-178, 451.0], [-177, 441.0], [-176, 435.5], [-175, 429.0], [-174, 418.0], [-173, 414.0], [-172, 406.0], [-171, 401.5], [-170, 395.5], [-169, 389.0], [-168, 385.5], [-167, 383.0], [-166, 375.5], [-165, 371.0], [-164, 365.0], [-163, 362.0], [-162, 359.5], [-161, 355.5], [-160, 352.0], [-159, 346.0], [-158, 345.0], [-157, 343.25], [-156, 338.25], [-155, 335.5], [-154, 333.5], [-153, 330.0], [-152, 328.0], [-151, 324.25], [-150, 323.25], [-149, 321.25], [-148, 320.5], [-147, 325.5], [-139, 1850.5], [-138, 1899.5], [-137, 1999.5], [-135, 1228.5], [-134, 1224.5], [-133, 1214.0], [-132, 1210.5], [-131, 1200.5], [-129, 1268.0], [-128, 1301.0], [-126, 856.0], [-125, 862.0], [-124, 866.0], [-123, 872.0], [-122, 877.0], [-121, 880.5], [-120, 887.5], [-119, 892.5], [-118, 901.0], [-117, 907.0], [-116, 914.0], [-115, 924.0], [-114, 929.5], [-113, 942.5], [-112, 948.5], [-111, 965.5], [-110, 974.5], [-107, 11158.0], [-103, 1337.0], [-97, 791.0], [-90, 511.5], [-88, 466.5], [-86, 432.0], [-84, 400.5], [-83, 393.5], [-82, 378.5], [-81, 370.5], [-80, 363.5], [-79, 351.5], [-78, 346.5], [-77, 334.0], [-76, 332.0], [-75, 330.0], [-74, 326.5], [-73, 324.0], [-72, 310.0], [-71, 302.0], [-70, 297.5], [-69, 301.0], [-68, 305.5], [-67, 297.5], [-66, 293.0], [-63, 262.0], [-61, 250.0], [-60, 253.0], [-59, 254.0], [-58, 253.5], [-57, 253.5], [-56, 249.0], [-55, 246.0], [-53, 238.0], [-52, 236.0], [-50, 224.5], [-49, 223.5], [-48, 226.0], [-47, 222.5], [-46, 220.0], [-45, 215.5], [-44, 213.5], [-43, 211.5], [-42, 209.5], [-41, 210.5], [-40, 209.5], [-39, 208.0], [-38, 206.5], [-37, 204.5], [-36, 205.5], [-35, 205.0], [-34, 203.0], [-33, 202.5], [-32, 202.5], [-31, 201.0], [-30, 201.0], [-29, 200.5], [-28, 199.0], [-27, 200.0], [-26, 201.0], [-25, 201.0], [-24, 199.0], [-23, 200.5], [-22, 200.5], [-21, 199.0], [-20, 201.0], [-19, 202.0], [-18, 202.0], [-17, 202.0], [-16, 202.5], [-15, 203.0], [-14, 204.0], [-13, 205.0], [-12, 206.0], [-11, 207.0], [-10, 209.5], [-9, 210.5], [-8, 209.0], [-7, 210.0], [-6, 211.5], [-5, 211.5], [-4, 213.0]]}