{"heading": -32.7, "target": -90.06718993423043, "gap_dist": 639.1372151228144, "gap_info": [{"width": 350.73956489963047, "center_angle": -113.70175660655416, "edge_a": [-115, 413.0], "edge_b": [-113, 764.0], "depth": 764.0, "passable": true, "chosen": false}, {"width": 639.1372151228144, "center_angle": -90.06718993423043, "edge_a": [-105, 798.5], "edge_b": [-54, 349.5], "depth": 798.5, "passable": true, "chosen": true}, {"width": 159.24828297827818, "center_angle": -5.737910460482366, "edge_a": [-10, 376.0], "edge_b": [-3, 585.0], "depth": 585.0, "passable": false, "chosen": false}, {"width": 129.18138765132485, "center_angle": 113.80034852042515, "edge_a": [113, 652.0], "edge_b": [115, 435.0], "depth": 652.0, "passable": false, "chosen": false}], "scan": [[-3, 585.0], [-2, 593.5], [-1, 573.0], [0, 562.5], [1, 540.0], [2, 531.5], [3, 518.0], [4, 510.0], [5, 500.0], [6, 486.0], [7, 479.0], [8, 466.5], [9, 459.5], [10, 447.5], [11, 442.5], [12, 437.0], [13, 431.0], [14, 423.0], [15, 419.5], [16, 412.5], [17, 407.5], [18, 401.0], [19, 398.0], [20, 392.0], [21, 388.5], [22, 388.0], [23, 385.5], [24, 382.5], [25, 385.0], [26, 382.0], [27, 378.0], [28, 372.0], [29, 369.5], [30, 368.0], [31, 369.5], [33, 362.5], [34, 361.0], [35, 357.0], [36, 350.5], [37, 349.0], [38, 346.5], [39, 346.0], [40, 342.5], [41, 342.5], [42, 340.5], [43, 339.5], [44, 338.5], [45, 338.0], [46, 338.5], [47, 339.0], [48, 336.0], [49, 336.0], [50, 334.0], [51, 333.5], [52, 334.0], [53, 333.5], [54, 334.5], [55, 334.5], [56, 336.0], [57, 336.0], [58, 337.0], [59, 337.5], [60, 337.0], [61, 337.5], [62, 338.5], [63, 341.5], [64, 343.5], [65, 344.5], [66, 345.0], [67, 347.0], [68, 348.0], [69, 348.0], [70, 351.5], [71, 353.0], [72, 356.0], [73, 358.0], [74, 358.5], [75, 363.5], [76, 364.5], [77, 368.5], [78, 370.0], [79, 376.5], [80, 376.5], [81, 378.0], [82, 381.5], [83, 384.5], [84, 390.0], [85, 394.0], [86, 399.0], [87, 402.0], [88, 409.5], [89, 412.5], [90, 421.0], [91, 425.0], [92, 429.5], [93, 438.5], [94, 443.5], [95, 452.5], [96, 457.0], [97, 474.0], [98, 480.5], [99, 484.5], [100, 491.5], [101, 497.0], [104, 553.0], [105, 544.5], [106, 550.0], [108, 608.5], [112, 644.0], [113, 652.0], [115, 435.0], [116, 423.5], [117, 417.0], [118, 407.5], [119, 402.0], [120, 392.5], [121, 387.0], [122, 379.5], [123, 375.5], [124, 366.5], [125, 362.0], [126, 354.5], [127, 349.5], [128, 346.5], [129, 341.5], [130, 338.5], [131, 332.0], [132, 328.5], [133, 324.0], [134, 321.0], [135, 318.0], [136, 313.5], [137, 313.5], [138, 311.0], [139, 311.0], [140, 319.5], [141, 326.5], [142, 344.5], [143, 354.0], [144, 372.5], [148, 436.5], [154, 1794.5], [156, 1932.0], [157, 1912.0], [158, 1920.0], [162, 2704.5], [163, 2696.5], [170, 1802.0], [171, 1705.5], [172, 1662.5], [173, 1589.0], [174, 1551.5], [175, 1516.0], [176, 1458.0], [177, 1429.0], [178, 1374.0], [179, 1350.0], [180, 1326.0], [-180, 1303.0], [-179, 1283.0], [-178, 1239.5], [-177, 1221.5], [-176, 1204.0], [-175, 1171.5], [-174, 1152.5], [-173, 1122.0], [-172, 1107.0], [-171, 1079.5], [-170, 1064.0], [-169, 1050.5], [-168, 1028.0], [-167, 1017.0], [-166, 1004.5], [-165, 981.5], [-164, 969.5], [-163, 952.0], [-162, 942.0], [-161, 924.5], [-160, 916.0], [-159, 909.5], [-158, 896.0], [-157, 888.0], [-156, 878.0], [-155, 869.5], [-154, 854.0], [-153, 850.5], [-152, 849.5], [-151, 843.5], [-150, 839.5], [-149, 829.0], [-148, 826.0], [-145, 350.0], [-144, 341.0], [-143, 342.0], [-142, 345.0], [-141, 347.0], [-140, 347.0], [-139, 348.5], [-138, 349.5], [-137, 350.5], [-136, 352.0], [-135, 353.5], [-134, 356.75], [-133, 357.0], [-132, 360.0], [-131, 362.5], [-130, 365.5], [-129, 366.75], [-128, 372.5], [-127, 373.5], [-126, 374.5], [-125, 379.0], [-124, 382.5], [-123, 386.0], [-122, 388.0], [-121, 394.0], [-120, 396.5], [-119, 398.5], [-118, 405.0], [-117, 408.0], [-116, 414.5], [-115, 413.0], [-113, 764.0], [-112, 772.5], [-111, 774.0], [-110, 777.0], [-109, 779.0], [-108, 782.0], [-107, 790.0], [-106, 793.5], [-105, 798.5], [-104, 804.0], [-103, 807.5], [-102, 815.0], [-101, 822.0], [-100, 834.5], [-99, 841.0], [-98, 851.0], [-97, 858.0], [-96, 863.0], [-95, 873.0], [-94, 880.0], [-93, 895.0], [-92, 900.0], [-91, 918.0], [-90, 924.0], [-89, 932.5], [-88, 950.0], [-87, 958.5], [-86, 979.0], [-85, 987.5], [-84, 1009.0], [-83, 1021.0], [-82, 1032.5], [-81, 1056.0], [-80, 1067.0], [-79, 1094.0], [-78, 1108.5], [-77, 1138.0], [-76, 1152.0], [-75, 1183.0], [-74, 1199.0], [-73, 1216.0], [-72, 1254.0], [-71, 1275.0], [-69, 876.0], [-68, 872.5], [-67, 867.5], [-66, 859.0], [-65, 856.0], [-64, 849.5], [-63, 847.0], [-62, 844.0], [-61, 841.5], [-60, 839.0], [-59, 837.0], [-58, 834.0], [-57, 832.0], [-56, 831.5], [-54, 349.5], [-53, 342.0], [-52, 329.5], [-51, 322.5], [-50, 310.5], [-49, 303.5], [-48, 292.5], [-47, 287.0], [-46, 282.5], [-45, 274.0], [-44, 269.5], [-43, 260.5], [-42, 256.0], [-41, 249.0], [-40, 244.5], [-39, 241.0], [-38, 234.0], [-37, 230.5], [-36, 225.0], [-35, 223.0], [-34, 216.0], [-33, 212.5], [-32, 209.5], [-30, 200.5], [-29, 199.5], [-28, 200.5], [-27, 198.5], [-26, 200.0], [-23, 221.0], [-22, 224.5], [-21, 235.0], [-20, 240.0], [-19, 251.5], [-18, 258.0], [-17, 271.0], [-16, 278.0], [-15, 285.0], [-14, 301.5], [-10, 376.0]]}