{"heading": 17.3, "target": 79.820881584675, "gap_dist": 404.30893160976746, "gap_info": [{"width": 102.47524731108504, "center_angle": -11.471355207264917, "edge_a": [-13, 434.0], "edge_b": [-9, 268.5], "depth": 434.0, "passable": false, "chosen": false}, {"width": 404.30893160976746, "center_angle": 79.820881584675, "edge_a": [38, 316.0], "edge_b": [111, 407.0], "depth": 407.0, "passable": true, "chosen": true}, {"width": 343.3838291224669, "center_angle": 148.19128842738692, "edge_a": [145, 444.5], "edge_b": [150, 784.0], "depth": 784.0, "passable": true, "chosen": false}], "scan": [[-2, 195.0], [-1, 188.5], [0, 185.5], [1, 177.5], [2, 175.5], [3, 172.5], [4, 165.5], [5, 162.5], [6, 158.5], [7, 156.5], [8, 154.5], [9, 152.5], [10, 154.0], [11, 153.0], [12, 153.5], [13, 155.5], [14, 156.5], [15, 158.5], [16, 161.5], [17, 163.0], [18, 168.0], [19, 172.0], [20, 174.0], [21, 179.0], [22, 182.0], [23, 188.5], [24, 191.5], [25, 194.5], [26, 201.5], [29, 222.0], [30, 231.0], [32, 250.5], [33, 257.0], [34, 265.0], [35, 279.0], [37, 306.5], [38, 316.0], [45, 895.5], [46, 888.0], [47, 881.5], [48, 865.5], [49, 859.0], [50, 847.5], [51, 841.5], [52, 832.0], [53, 833.5], [54, 845.0], [55, 867.0], [56, 913.5], [61, 1167.25], [62, 1161.0], [63, 1129.5], [64, 1118.5], [65, 1091.5], [66, 1082.5], [67, 1061.5], [68, 1050.5], [69, 1040.0], [70, 1023.0], [71, 1012.5], [72, 996.0], [73, 989.5], [74, 983.5], [75, 968.5], [76, 961.0], [77, 951.0], [78, 947.0], [79, 943.0], [80, 931.0], [81, 927.0], [82, 922.5], [83, 912.5], [84, 907.5], [85, 898.0], [86, 896.0], [87, 887.0], [88, 883.5], [89, 885.0], [90, 881.5], [91, 876.0], [92, 862.0], [93, 860.0], [94, 856.5], [95, 848.5], [96, 846.0], [97, 842.0], [98, 840.5], [99, 839.0], [100, 836.5], [101, 836.0], [102, 834.0], [103, 831.5], [104, 831.5], [105, 824.5], [111, 407.0], [113, 372.5], [114, 363.0], [115, 353.0], [116, 335.5], [117, 327.0], [118, 313.0], [119, 306.5], [120, 302.5], [121, 303.25], [122, 303.75], [123, 307.75], [124, 312.5], [125, 314.0], [126, 319.0], [127, 321.5], [128, 326.0], [129, 333.5], [130, 337.5], [131, 344.5], [132, 348.0], [133, 352.0], [134, 362.5], [135, 367.0], [136, 374.5], [137, 381.0], [138, 390.5], [139, 396.0], [140, 401.5], [141, 407.0], [142, 416.0], [143, 422.5], [144, 438.5], [145, 444.5], [150, 784.0], [151, 785.5], [152, 786.5], [153, 792.0], [154, 796.5], [155, 802.0], [156, 805.0], [157, 816.0], [158, 819.5], [159, 824.0], [160, 832.5], [161, 836.0], [162, 844.5], [163, 849.5], [165, 1630.0], [166, 1664.0], [167, 1742.0], [168, 1780.0], [169, 1823.0], [170, 1918.5], [171, 1965.0], [172, 2016.0], [173, 2134.0], [174, 2196.0], [175, 2309.5], [-180, 2658.5], [-179, 2656.0], [-178, 2643.5], [-177, 2637.5], [-176, 2626.0], [-173, 2585.5], [-172, 2585.0], [-171, 2604.0], [-169, 1586.5], [-168, 1588.5], [-165, 6770.0], [-164, 6706.5], [-163, 6647.5], [-162, 6618.0], [-159, 1425.5], [-158, 1432.0], [-156, 1554.5], [-154, 10334.0], [-140, 568.0], [-139, 560.0], [-138, 554.0], [-135, 484.5], [-134, 463.5], [-133, 451.5], [-132, 435.0], [-131, 427.0], [-130, 420.0], [-129, 405.0], [-128, 398.5], [-127, 393.5], [-126, 380.75], [-125, 377.25], [-124, 366.25], [-123, 362.25], [-122, 357.25], [-121, 348.5], [-120, 344.5], [-119, 336.0], [-118, 332.5], [-117, 327.5], [-116, 321.0], [-115, 318.25], [-114, 310.5], [-113, 308.0], [-112, 302.0], [-111, 299.5], [-110, 298.0], [-109, 300.0], [-107, 297.0], [-105, 276.5], [-103, 273.5], [-102, 275.5], [-101, 272.0], [-100, 270.0], [-99, 267.5], [-98, 263.5], [-97, 260.5], [-96, 258.5], [-95, 252.5], [-94, 251.0], [-93, 248.5], [-92, 245.0], [-91, 245.0], [-90, 244.0], [-89, 238.5], [-88, 239.5], [-87, 238.5], [-86, 235.0], [-85, 235.0], [-84, 233.0], [-83, 233.5], [-82, 233.5], [-81, 234.0], [-80, 236.0], [-79, 234.0], [-78, 233.0], [-77, 233.0], [-76, 233.5], [-75, 234.5], [-74, 234.5], [-73, 234.0], [-72, 238.5], [-70, 228.5], [-69, 228.0], [-68, 225.0], [-67, 223.5], [-66, 223.5], [-65, 224.0], [-64, 224.5], [-63, 225.0], [-62, 225.5], [-61, 226.0], [-60, 224.5], [-59, 223.5], [-58, 223.0], [-57, 227.5], [-56, 228.0], [-55, 230.0], [-54, 231.0], [-53, 234.5], [-52, 237.0], [-51, 238.5], [-50, 241.0], [-49, 240.0], [-47, 249.0], [-44, 256.5], [-43, 262.5], [-42, 269.0], [-41, 268.5], [-39, 272.5], [-38, 272.5], [-37, 275.5], [-36, 278.5], [-35, 286.0], [-31, 296.0], [-30, 302.0], [-29, 308.0], [-28, 310.5], [-27, 315.5], [-26, 324.5], [-25, 329.0], [-24, 337.5], [-23, 343.5], [-22, 349.0], [-21, 359.5], [-20, 365.0], [-19, 377.0], [-18, 383.5], [-17, 389.0], [-16, 403.5], [-15, 409.5], [-14, 425.0], [-13, 434.0], [-9, 268.5], [-5, 217.5], [-4, 212.0]]}