{"heading": -34.1, "target": -51.38182825239265, "gap_dist": 578.0514324059966, "gap_info": [{"width": 434.9658013605542, "center_angle": -151.1439400557569, "edge_a": [-153, 782.0], "edge_b": [-147, 350.5], "depth": 782.0, "passable": true, "chosen": false}, {"width": 626.580346864465, "center_angle": -74.25540671527675, "edge_a": [-109, 367.5], "edge_b": [-59, 796.0], "depth": 796.0, "passable": true, "chosen": false}, {"width": 578.0514324059966, "center_angle": -51.38182825239265, "edge_a": [-53, 771.5], "edge_b": [-45, 196.0], "depth": 771.5, "passable": true, "chosen": true}], "scan": [[-3, 343.5], [-2, 350.5], [-1, 356.5], [0, 372.0], [1, 380.5], [2, 389.0], [5, 481.5], [8, 452.5], [9, 446.5], [10, 446.0], [11, 441.5], [12, 434.0], [13, 425.0], [14, 420.0], [15, 408.0], [16, 405.0], [17, 403.0], [18, 395.0], [19, 391.5], [20, 386.0], [21, 383.0], [22, 379.0], [23, 373.5], [24, 369.5], [25, 365.5], [26, 361.0], [27, 359.0], [28, 356.0], [29, 356.0], [30, 348.5], [31, 346.5], [32, 346.5], [33, 345.0], [34, 342.5], [35, 338.5], [36, 338.5], [37, 338.0], [38, 335.5], [39, 334.0], [40, 332.5], [41, 331.0], [42, 331.5], [43, 332.5], [44, 331.0], [45, 329.5], [46, 330.5], [47, 330.5], [48, 330.0], [49, 326.5], [50, 328.0], [51, 327.5], [52, 329.0], [53, 329.5], [54, 330.5], [55, 332.0], [56, 330.5], [57, 331.5], [58, 332.0], [59, 330.5], [60, 333.5], [61, 336.5], [62, 337.0], [63, 339.5], [64, 339.0], [65, 342.5], [66, 343.5], [67, 347.0], [68, 349.0], [69, 356.0], [70, 355.0], [71, 356.5], [72, 360.5], [73, 364.5], [74, 364.0], [75, 372.5], [76, 374.0], [77, 378.5], [78, 383.0], [79, 385.5], [80, 389.0], [81, 391.5], [82, 396.0], [83, 403.0], [84, 407.0], [85, 410.5], [86, 416.5], [87, 432.5], [88, 433.5], [89, 436.0], [90, 447.5], [91, 452.5], [92, 458.5], [93, 467.5], [94, 473.0], [95, 488.5], [96, 497.5], [97, 501.0], [98, 511.5], [99, 522.0], [101, 552.5], [102, 560.5], [103, 581.0], [104, 596.5], [105, 611.0], [108, 673.5], [109, 677.5], [110, 686.0], [111, 717.0], [112, 728.5], [114, 774.5], [117, 862.5], [119, 939.5], [133, 2035.5], [135, 896.5], [136, 893.5], [137, 888.0], [138, 882.5], [139, 884.0], [140, 892.5], [142, 2040.5], [143, 2045.5], [144, 2062.0], [146, 1222.5], [149, 928.5], [150, 933.5], [152, 914.5], [159, 10240.0], [179, 5190.0], [-169, 2815.5], [-168, 2818.5], [-167, 2822.0], [-164, 882.5], [-163, 867.5], [-162, 860.5], [-161, 851.5], [-160, 837.5], [-159, 828.25], [-158, 819.25], [-157, 806.5], [-156, 800.75], [-155, 795.0], [-154, 792.5], [-153, 782.0], [-147, 350.5], [-144, 306.5], [-141, 272.0], [-140, 259.0], [-138, 244.5], [-137, 239.5], [-136, 238.5], [-135, 238.0], [-134, 240.25], [-133, 242.5], [-132, 245.5], [-131, 248.0], [-130, 253.0], [-129, 256.0], [-128, 258.5], [-127, 262.0], [-126, 265.0], [-125, 268.5], [-124, 273.5], [-123, 276.5], [-122, 281.5], [-121, 284.5], [-120, 289.0], [-119, 296.0], [-118, 301.5], [-117, 308.5], [-116, 313.0], [-115, 318.5], [-114, 328.5], [-113, 334.0], [-112, 345.5], [-111, 350.5], [-110, 356.5], [-109, 367.5], [-107, 826.5], [-106, 823.5], [-105, 828.5], [-104, 838.0], [-103, 842.0], [-102, 861.5], [-101, 866.0], [-100, 865.5], [-99, 884.5], [-98, 893.5], [-97, 898.0], [-96, 910.5], [-95, 913.5], [-94, 926.0], [-93, 928.0], [-92, 938.5], [-91, 971.5], [-90, 981.5], [-89, 993.5], [-88, 1012.0], [-86, 1054.0], [-85, 1054.5], [-84, 1073.5], [-83, 1088.0], [-82, 1103.5], [-81, 1135.0], [-80, 1152.0], [-79, 1188.0], [-78, 1207.0], [-77, 1227.0], [-76, 1278.0], [-75, 1313.5], [-73, 1394.5], [-72, 1431.0], [-71, 1477.5], [-70, 1513.5], [-69, 1551.0], [-68, 1632.0], [-66, 840.5], [-65, 834.5], [-64, 823.5], [-63, 820.0], [-62, 813.5], [-61, 809.0], [-60, 804.0], [-59, 796.0], [-58, 791.5], [-57, 783.5], [-56, 780.0], [-55, 777.0], [-54, 772.5], [-53, 771.5], [-45, 196.0], [-44, 188.5], [-43, 187.5], [-42, 188.0], [-41, 188.5], [-40, 190.5], [-39, 190.5], [-38, 192.5], [-37, 193.5], [-36, 194.0], [-35, 197.0], [-34, 198.0], [-33, 199.5], [-32, 201.0], [-31, 203.0], [-30, 206.5], [-29, 207.5], [-28, 211.5], [-27, 212.0], [-26, 212.0], [-25, 217.0], [-24, 219.5], [-23, 223.0], [-22, 225.0], [-21, 228.5], [-20, 235.0], [-19, 237.5], [-18, 240.5], [-17, 245.0], [-16, 247.0], [-15, 254.0], [-14, 257.5], [-13, 260.5], [-12, 268.5], [-11, 272.0], [-10, 279.0], [-9, 282.5], [-8, 286.5], [-7, 297.5], [-6, 302.0], [-5, 313.5], [-4, 320.0]]}