{"heading": 61.0, "target": 79.19869970508871, "gap_dist": 557.6454862169029, "gap_info": [{"width": 557.6454862169029, "center_angle": 79.19869970508871, "edge_a": [60, 767.0], "edge_b": [109, 507.5], "depth": 767.0, "passable": true, "chosen": true}], "scan": [[-1, 213.5], [0, 214.5], [1, 215.0], [2, 218.5], [3, 218.5], [4, 221.0], [5, 225.5], [6, 227.0], [7, 229.0], [8, 228.5], [9, 232.5], [10, 233.5], [11, 235.5], [12, 236.0], [13, 236.0], [15, 247.0], [16, 248.5], [17, 249.5], [19, 257.0], [20, 261.0], [21, 263.5], [22, 265.5], [25, 286.5], [26, 286.0], [27, 284.5], [28, 293.5], [29, 297.5], [30, 309.0], [32, 317.75], [34, 331.5], [35, 335.5], [36, 340.5], [37, 349.0], [38, 351.5], [40, 376.0], [41, 379.75], [42, 387.75], [43, 394.5], [44, 411.5], [45, 422.25], [46, 435.0], [47, 446.0], [48, 456.0], [50, 488.75], [52, 532.0], [56, 628.0], [57, 654.0], [59, 726.0], [60, 767.0], [72, 1612.0], [76, 2515.5], [77, 2525.5], [78, 2527.5], [79, 2531.5], [80, 2537.5], [81, 2542.0], [82, 2550.0], [83, 2554.5], [86, 1326.5], [87, 1318.0], [88, 1316.5], [89, 1337.5], [90, 1354.5], [104, 1548.5], [105, 1568.5], [107, 1388.0], [109, 507.5], [110, 494.5], [111, 478.0], [112, 468.5], [113, 452.0], [114, 443.5], [115, 436.5], [116, 424.0], [117, 418.0], [118, 408.0], [119, 402.5], [120, 392.0], [121, 387.0], [122, 382.0], [123, 374.0], [124, 369.0], [125, 362.5], [126, 360.0], [127, 358.5], [128, 359.0], [129, 366.0], [130, 372.5], [131, 385.5], [132, 393.5], [133, 406.0], [134, 415.0], [135, 424.5], [136, 443.5], [137, 454.0], [138, 477.5], [139, 487.5], [140, 490.0], [150, 963.0], [151, 966.0], [153, 932.0], [154, 936.0], [155, 922.0], [156, 917.5], [157, 912.5], [158, 908.5], [159, 906.0], [160, 901.5], [161, 903.5], [162, 896.5], [163, 895.0], [164, 894.5], [165, 894.5], [166, 896.0], [167, 900.0], [168, 891.5], [169, 880.5], [170, 879.5], [171, 880.0], [172, 878.0], [173, 882.0], [174, 886.5], [175, 884.0], [176, 888.5], [177, 892.0], [178, 895.0], [179, 897.5], [180, 901.5], [-180, 906.0], [-179, 909.0], [-178, 912.0], [-177, 918.0], [-176, 922.5], [-175, 929.5], [-174, 934.5], [-173, 939.0], [-172, 951.0], [-171, 954.5], [-170, 959.0], [-169, 969.5], [-168, 976.0], [-167, 982.5], [-166, 995.5], [-165, 1004.5], [-164, 1020.5], [-163, 1030.5], [-161, 468.0], [-160, 452.0], [-159, 442.5], [-158, 436.5], [-157, 420.5], [-156, 414.0], [-155, 403.0], [-154, 398.5], [-153, 392.5], [-152, 382.5], [-151, 376.5], [-150, 365.0], [-149, 362.0], [-148, 358.5], [-147, 352.0], [-146, 346.5], [-145, 340.5], [-144, 336.5], [-143, 334.0], [-142, 325.5], [-141, 322.5], [-140, 317.0], [-139, 314.5], [-138, 313.5], [-137, 307.0], [-136, 303.5], [-135, 299.5], [-134, 298.0], [-133, 293.0], [-132, 291.0], [-131, 289.5], [-130, 286.0], [-129, 286.5], [-127, 273.0], [-126, 271.0], [-125, 270.0], [-124, 269.0], [-123, 267.0], [-122, 266.0], [-121, 264.5], [-120, 262.5], [-119, 262.0], [-118, 261.5], [-117, 260.5], [-116, 258.75], [-115, 257.5], [-114, 256.25], [-113, 256.0], [-112, 255.5], [-111, 255.0], [-110, 252.5], [-109, 252.0], [-108, 253.0], [-107, 252.5], [-106, 252.0], [-105, 253.0], [-104, 254.5], [-103, 256.5], [-102, 257.5], [-101, 257.0], [-100, 258.0], [-99, 257.5], [-98, 259.5], [-97, 260.0], [-96, 260.0], [-95, 263.0], [-94, 263.0], [-93, 264.0], [-92, 267.5], [-91, 268.0], [-90, 269.0], [-89, 271.0], [-88, 272.0], [-87, 273.0], [-86, 274.5], [-85, 277.0], [-84, 278.5], [-83, 281.5], [-82, 285.0], [-81, 286.0], [-80, 289.0], [-79, 291.0], [-78, 295.5], [-77, 299.0], [-76, 301.0], [-75, 307.0], [-74, 309.5], [-73, 313.0], [-72, 314.5], [-71, 317.5], [-70, 324.0], [-69, 321.5], [-68, 324.0], [-67, 324.0], [-66, 321.0], [-65, 319.5], [-64, 315.0], [-62, 296.0], [-61, 286.0], [-60, 281.0], [-59, 271.5], [-58, 269.5], [-55, 253.0], [-54, 249.0], [-53, 247.0], [-52, 248.0], [-51, 241.0], [-50, 239.0], [-48, 234.0], [-46, 226.5], [-45, 227.5], [-44, 223.5], [-43, 225.5], [-41, 213.5], [-40, 214.0], [-39, 208.5], [-38, 207.0], [-37, 205.0], [-36, 205.5], [-35, 205.0], [-34, 201.5], [-33, 201.0], [-32, 200.0], [-31, 195.5], [-30, 195.5], [-28, 190.0], [-27, 191.0], [-26, 189.0], [-25, 187.5], [-24, 187.0], [-23, 187.5], [-22, 186.5], [-21, 187.0], [-20, 188.0], [-19, 184.5], [-18, 185.5], [-17, 186.0], [-16, 186.5], [-15, 187.5], [-14, 185.0], [-13, 185.0], [-12, 184.0], [-11, 186.5], [-10, 186.5], [-9, 186.0], [-8, 186.0], [-7, 186.0], [-6, 189.0], [-5, 190.0], [-4, 189.0], [-3, 191.0]]}