{"heading": 2.9, "target": 59.14323671282599, "gap_dist": 650.8656206570697, "gap_info": [{"width": 213.31151373092024, "center_angle": -37.116967508877714, "edge_a": [-39, 484.5], "edge_b": [-32, 178.5], "depth": 484.5, "passable": false, "chosen": false}, {"width": 650.8656206570697, "center_angle": 59.14323671282599, "edge_a": [22, 383.0], "edge_b": [76, 797.5], "depth": 797.5, "passable": true, "chosen": true}, {"width": 484.8603812799628, "center_angle": 94.48407874810297, "edge_a": [92, 775.0], "edge_b": [101, 296.0], "depth": 775.0, "passable": true, "chosen": false}, {"width": 346.5378033695484, "center_angle": 141.97973745453703, "edge_a": [140, 367.5], "edge_b": [143, 713.0], "depth": 713.0, "passable": true, "chosen": false}], "scan": [[-3, 227.0], [-2, 229.0], [-1, 232.0], [0, 239.5], [1, 240.5], [2, 246.0], [3, 249.0], [4, 253.5], [5, 263.0], [6, 265.0], [7, 270.5], [8, 273.0], [9, 283.0], [10, 286.5], [11, 290.0], [12, 295.0], [13, 302.75], [14, 308.25], [15, 318.0], [16, 324.0], [17, 332.0], [18, 344.5], [19, 351.5], [20, 367.0], [21, 374.5], [22, 383.0], [28, 904.5], [29, 893.0], [30, 875.0], [31, 866.5], [32, 857.0], [33, 840.5], [34, 833.5], [35, 819.5], [36, 813.5], [37, 807.0], [38, 802.5], [39, 813.0], [40, 831.0], [41, 864.0], [42, 881.5], [43, 903.0], [44, 943.5], [45, 970.5], [46, 1025.5], [48, 1118.0], [49, 1103.0], [50, 1090.0], [51, 1060.5], [52, 1047.5], [53, 1022.5], [54, 1008.5], [55, 995.5], [56, 972.0], [57, 963.5], [58, 954.0], [59, 935.5], [60, 925.0], [61, 911.0], [62, 901.5], [63, 892.0], [64, 882.5], [65, 875.0], [66, 857.5], [67, 852.5], [68, 840.0], [69, 836.0], [70, 823.0], [71, 818.5], [72, 815.0], [73, 808.5], [74, 805.5], [75, 802.5], [76, 797.5], [77, 796.0], [78, 785.5], [79, 785.0], [80, 784.0], [81, 781.5], [82, 779.0], [83, 773.5], [84, 773.5], [85, 774.0], [86, 775.5], [87, 773.5], [88, 773.0], [89, 772.0], [90, 775.0], [91, 776.5], [92, 775.0], [101, 296.0], [103, 271.0], [104, 264.0], [106, 244.0], [108, 227.0], [110, 213.0], [111, 212.0], [112, 212.5], [113, 214.0], [114, 216.5], [115, 219.5], [116, 222.0], [117, 224.0], [118, 226.0], [119, 231.5], [120, 237.0], [121, 239.0], [122, 246.0], [123, 248.5], [124, 252.0], [125, 258.0], [126, 261.0], [127, 269.5], [128, 272.5], [129, 276.0], [130, 286.0], [131, 289.0], [132, 298.0], [133, 303.0], [134, 308.0], [135, 318.0], [136, 324.5], [137, 331.0], [138, 342.75], [139, 350.0], [140, 367.5], [143, 713.0], [144, 716.0], [145, 725.0], [146, 728.5], [147, 731.5], [148, 738.5], [149, 740.5], [150, 749.0], [151, 754.5], [152, 759.0], [153, 767.5], [154, 772.0], [155, 782.0], [156, 785.5], [158, 1657.0], [159, 1697.0], [160, 1790.5], [161, 1842.0], [163, 2019.0], [170, 2606.0], [171, 2620.0], [172, 2611.5], [173, 2607.0], [174, 2595.5], [175, 2591.0], [177, 1454.5], [178, 1446.0], [-176, 6735.0], [-175, 6677.0], [-174, 6604.0], [-173, 6656.0], [-172, 6697.5], [-170, 1387.0], [-169, 1378.0], [-168, 1383.0], [-166, 10358.0], [-163, 9844.0], [-159, 4659.0], [-152, 760.5], [-151, 729.0], [-150, 716.5], [-148, 656.5], [-147, 640.5], [-146, 613.5], [-145, 600.0], [-144, 596.0], [-143, 590.0], [-142, 589.5], [-140, 549.0], [-139, 528.5], [-138, 521.5], [-137, 511.5], [-136, 495.0], [-135, 488.5], [-134, 482.0], [-133, 465.5], [-132, 457.0], [-131, 452.0], [-130, 449.0], [-129, 436.5], [-128, 431.5], [-127, 423.5], [-126, 418.0], [-125, 414.0], [-124, 407.5], [-123, 405.5], [-122, 401.0], [-121, 397.0], [-120, 395.0], [-119, 388.5], [-118, 385.5], [-117, 380.5], [-116, 377.5], [-115, 375.5], [-114, 371.0], [-113, 370.0], [-112, 363.5], [-111, 368.0], [-110, 363.0], [-109, 363.0], [-107, 347.5], [-106, 345.5], [-105, 347.0], [-104, 348.5], [-103, 346.0], [-102, 342.0], [-101, 340.0], [-100, 337.0], [-99, 335.0], [-98, 333.0], [-97, 333.0], [-96, 330.0], [-95, 330.5], [-94, 329.0], [-93, 328.0], [-92, 328.25], [-91, 327.5], [-90, 328.0], [-89, 327.75], [-88, 327.75], [-87, 328.5], [-86, 326.5], [-85, 327.0], [-84, 328.25], [-83, 332.25], [-82, 326.5], [-81, 326.0], [-80, 321.75], [-79, 321.0], [-78, 321.0], [-77, 324.75], [-76, 324.25], [-75, 323.0], [-74, 326.5], [-73, 326.75], [-72, 327.75], [-71, 332.0], [-70, 334.0], [-69, 335.0], [-68, 334.0], [-67, 337.5], [-66, 336.5], [-65, 341.25], [-64, 342.75], [-63, 350.0], [-62, 360.5], [-61, 364.0], [-60, 366.5], [-58, 362.0], [-56, 382.0], [-54, 391.0], [-53, 386.0], [-52, 391.0], [-51, 395.0], [-50, 400.5], [-49, 408.0], [-48, 411.0], [-47, 418.5], [-46, 425.0], [-45, 429.5], [-44, 440.5], [-43, 446.5], [-42, 456.5], [-41, 461.0], [-40, 469.0], [-39, 484.5], [-32, 178.5], [-31, 175.0], [-30, 175.0], [-29, 175.5], [-28, 175.5], [-27, 176.0], [-26, 176.5], [-25, 179.0], [-24, 179.0], [-23, 180.0], [-22, 181.5], [-21, 182.0], [-20, 182.5], [-19, 185.0], [-18, 186.0], [-17, 187.0], [-16, 189.5], [-15, 192.5], [-14, 193.5], [-13, 196.0], [-12, 198.0], [-11, 199.5], [-10, 204.0], [-9, 205.0], [-8, 207.0], [-7, 211.5], [-6, 213.5], [-5, 218.0]]}