{"heading": -36.8, "target": -73.91277898557053, "gap_dist": 616.2401171319401, "gap_info": [{"width": 550.5580056429766, "center_angle": -100.52147363385181, "edge_a": [-128, 487.5], "edge_b": [-84, 791.0], "depth": 791.0, "passable": true, "chosen": false}, {"width": 616.2401171319401, "center_angle": -73.91277898557053, "edge_a": [-77, 798.0], "edge_b": [-59, 167.0], "depth": 798.0, "passable": true, "chosen": true}, {"width": 244.1042761300176, "center_angle": 124.0810264847315, "edge_a": [118, 774.0], "edge_b": [134, 476.0], "depth": 774.0, "passable": false, "chosen": false}], "scan": [[-3, 445.5], [-2, 443.5], [-1, 443.5], [0, 442.5], [1, 438.5], [2, 420.5], [3, 417.0], [5, 404.5], [6, 400.5], [7, 390.5], [8, 385.5], [9, 379.0], [10, 374.5], [11, 369.5], [12, 364.5], [13, 362.0], [14, 356.5], [16, 343.0], [17, 343.5], [19, 327.0], [20, 324.0], [21, 320.5], [22, 317.5], [23, 317.5], [24, 312.5], [25, 309.5], [26, 306.0], [27, 303.5], [28, 302.0], [29, 297.0], [30, 295.0], [31, 293.5], [32, 290.5], [33, 289.0], [34, 288.5], [35, 285.5], [36, 282.0], [37, 281.0], [38, 283.0], [39, 282.5], [40, 280.5], [41, 278.5], [42, 277.5], [43, 277.5], [44, 278.0], [45, 276.5], [46, 276.5], [47, 277.0], [48, 277.0], [49, 278.5], [50, 279.0], [51, 278.0], [52, 277.5], [53, 277.0], [54, 278.0], [55, 278.0], [56, 279.5], [57, 279.0], [58, 279.0], [59, 280.5], [60, 279.0], [61, 279.5], [62, 284.5], [63, 285.5], [64, 289.5], [65, 288.0], [66, 290.5], [67, 292.0], [69, 301.0], [70, 301.0], [71, 307.5], [72, 309.0], [73, 310.5], [74, 315.0], [75, 318.5], [76, 320.0], [77, 324.0], [78, 324.0], [79, 325.5], [80, 327.5], [81, 337.5], [82, 338.0], [83, 342.5], [84, 350.5], [85, 351.5], [86, 355.5], [87, 359.5], [88, 369.5], [89, 374.0], [90, 378.0], [92, 398.5], [93, 403.0], [94, 407.0], [95, 411.0], [96, 424.5], [97, 432.5], [98, 444.5], [99, 448.0], [101, 469.5], [103, 482.5], [104, 501.5], [105, 512.0], [106, 524.5], [108, 554.5], [109, 574.0], [112, 641.0], [114, 685.0], [115, 701.0], [116, 736.5], [117, 756.0], [118, 774.0], [119, 817.5], [120, 862.5], [125, 1196.0], [126, 1190.0], [127, 1160.5], [128, 1147.0], [129, 1123.5], [130, 1112.0], [131, 1118.0], [134, 476.0], [135, 474.5], [136, 475.0], [137, 475.0], [138, 477.0], [139, 480.0], [140, 483.5], [141, 484.5], [142, 486.0], [143, 491.0], [144, 492.5], [145, 498.0], [146, 501.0], [147, 503.5], [148, 508.5], [149, 511.5], [150, 518.0], [151, 521.5], [152, 525.5], [153, 534.0], [154, 538.0], [155, 543.5], [156, 547.5], [157, 553.0], [158, 564.5], [159, 569.5], [160, 582.0], [161, 587.0], [162, 594.0], [163, 608.5], [165, 1865.0], [166, 1864.0], [168, 1615.0], [170, 1487.0], [171, 1456.5], [172, 1401.0], [173, 1376.5], [174, 1327.5], [175, 1305.0], [176, 1272.5], [177, 1267.0], [178, 1270.0], [179, 1223.5], [-180, 1202.5], [-179, 1170.5], [-178, 1157.0], [-177, 1145.0], [-176, 1118.0], [-175, 1107.5], [-174, 1082.5], [-173, 1072.0], [-172, 1061.5], [-171, 1040.5], [-170, 1040.0], [-169, 1033.5], [-168, 1004.0], [-167, 998.0], [-166, 971.0], [-165, 965.5], [-164, 957.5], [-163, 940.5], [-162, 934.0], [-157, 495.5], [-153, 409.0], [-152, 398.0], [-151, 380.0], [-150, 370.5], [-149, 365.5], [-148, 365.5], [-147, 367.5], [-146, 369.0], [-145, 377.0], [-144, 381.0], [-143, 384.0], [-142, 389.5], [-141, 392.5], [-140, 399.0], [-139, 404.0], [-138, 408.5], [-137, 415.0], [-136, 419.5], [-135, 430.0], [-134, 434.0], [-133, 438.0], [-132, 450.5], [-131, 461.5], [-130, 469.0], [-129, 476.5], [-128, 487.5], [-126, 814.5], [-125, 814.0], [-124, 814.0], [-123, 815.5], [-122, 816.0], [-121, 821.0], [-120, 822.5], [-119, 824.5], [-118, 825.5], [-117, 827.0], [-116, 834.5], [-115, 837.0], [-114, 839.0], [-113, 851.5], [-112, 856.0], [-111, 862.5], [-110, 868.0], [-109, 874.5], [-108, 882.5], [-107, 887.5], [-106, 897.5], [-105, 903.5], [-104, 915.5], [-103, 922.5], [-102, 927.0], [-101, 942.0], [-100, 948.5], [-99, 966.5], [-98, 974.5], [-97, 984.0], [-96, 1007.5], [-95, 1019.5], [-94, 1041.5], [-93, 1054.0], [-92, 1061.5], [-91, 1070.5], [-90, 1091.5], [-86, 850.5], [-85, 809.5], [-84, 791.0], [-83, 774.0], [-82, 766.5], [-81, 774.0], [-80, 779.0], [-79, 791.5], [-78, 794.5], [-77, 798.0], [-76, 811.0], [-75, 819.0], [-74, 830.5], [-73, 837.0], [-72, 845.0], [-71, 858.5], [-70, 867.0], [-69, 887.5], [-68, 895.5], [-67, 904.5], [-66, 932.0], [-59, 167.0], [-58, 166.5], [-57, 166.0], [-56, 166.5], [-55, 167.5], [-54, 167.5], [-53, 168.5], [-52, 170.0], [-51, 170.0], [-50, 170.0], [-49, 170.5], [-48, 172.5], [-47, 175.5], [-46, 175.5], [-45, 177.0], [-44, 181.0], [-43, 180.5], [-42, 181.0], [-41, 181.5], [-40, 183.0], [-39, 185.5], [-38, 187.0], [-37, 190.5], [-36, 191.0], [-35, 191.5], [-34, 194.5], [-33, 197.5], [-32, 199.5], [-31, 200.5], [-30, 202.0], [-29, 206.0], [-28, 209.0], [-27, 214.5], [-26, 217.0], [-25, 218.5], [-24, 224.0], [-23, 227.5], [-22, 234.5], [-21, 237.5], [-20, 239.5], [-19, 240.0], [-17, 258.0], [-16, 262.0], [-15, 267.0], [-14, 273.5], [-13, 277.5], [-12, 289.0], [-11, 294.0], [-10, 299.0], [-9, 310.5], [-8, 316.5], [-7, 331.5], [-6, 337.5], [-5, 354.5]]}