{"heading": -405.5, "target": 87.21669449849858, "gap_dist": 736.1216722529498, "gap_info": [{"width": 99.87464653844947, "center_angle": -4.890238566593823, "edge_a": [-6, 304.0], "edge_b": [-3, 178.5], "depth": 304.0, "passable": false, "chosen": false}, {"width": 736.1216722529498, "center_angle": 87.21669449849858, "edge_a": [6, 179.0], "edge_b": [100, 799.5], "depth": 799.5, "passable": true, "chosen": true}], "scan": [[-3, 178.5], [-2, 176.5], [-1, 176.0], [0, 175.0], [1, 174.5], [2, 173.0], [3, 171.0], [4, 170.0], [6, 179.0], [8, 4391.5], [9, 4448.5], [11, 3686.5], [13, 4854.0], [15, 3009.5], [16, 3030.0], [18, 4271.0], [20, 3401.0], [22, 5332.5], [23, 5298.5], [24, 5230.0], [25, 5200.0], [26, 5119.0], [27, 5089.0], [28, 5038.5], [29, 5012.5], [30, 4961.0], [31, 4938.5], [32, 4895.5], [33, 4875.0], [34, 4923.5], [35, 4894.0], [37, 4458.5], [38, 4460.0], [39, 4436.5], [40, 4426.0], [41, 4410.5], [42, 4401.5], [43, 4390.5], [46, 2092.0], [47, 2120.0], [48, 2146.5], [50, 2302.5], [51, 2302.5], [53, 2050.5], [55, 1920.0], [57, 2004.5], [63, 1966.0], [67, 1603.5], [70, 1885.0], [72, 1700.0], [74, 1287.0], [75, 1295.0], [76, 1322.0], [77, 1342.5], [78, 1328.5], [79, 1296.0], [80, 1238.0], [81, 1212.0], [82, 1168.0], [83, 1144.0], [84, 1101.5], [85, 1081.5], [86, 1045.0], [87, 1028.5], [88, 995.0], [89, 978.5], [90, 948.0], [91, 933.0], [92, 910.0], [93, 897.5], [94, 874.0], [95, 864.0], [96, 854.5], [97, 831.5], [98, 823.0], [99, 806.0], [100, 799.5], [101, 784.0], [102, 776.0], [103, 768.5], [104, 753.0], [105, 746.5], [106, 734.5], [107, 728.0], [108, 719.0], [109, 714.5], [110, 708.0], [111, 693.5], [112, 689.0], [113, 683.5], [114, 680.5], [115, 677.5], [116, 672.5], [117, 667.0], [118, 664.5], [119, 658.5], [120, 651.5], [121, 649.5], [122, 648.5], [123, 643.0], [124, 639.0], [125, 632.5], [126, 631.5], [127, 630.5], [128, 631.5], [129, 629.0], [130, 625.0], [131, 622.5], [132, 621.5], [133, 622.0], [134, 622.0], [135, 621.5], [136, 620.5], [137, 620.5], [138, 618.75], [139, 618.5], [140, 620.0], [141, 620.0], [142, 620.75], [143, 620.75], [144, 621.0], [145, 624.5], [146, 626.0], [147, 627.0], [148, 627.0], [149, 628.0], [150, 630.0], [151, 634.5], [152, 635.5], [153, 637.0], [154, 641.5], [155, 645.0], [156, 651.5], [157, 652.0], [158, 658.0], [159, 659.5], [160, 665.5], [161, 669.0], [162, 680.0], [163, 682.0], [164, 693.5], [165, 695.5], [166, 699.0], [167, 709.5], [168, 716.0], [169, 726.0], [170, 731.0], [171, 738.0], [172, 743.0], [173, 756.0], [174, 763.0], [175, 777.0], [176, 785.0], [177, 803.5], [178, 812.5], [179, 821.0], [180, 843.0], [-179, 852.0], [-178, 871.0], [-177, 881.5], [-176, 908.0], [-175, 919.5], [-174, 948.5], [-173, 962.5], [-172, 991.5], [-171, 1007.0], [-170, 1023.5], [-169, 1060.5], [-168, 1077.5], [-167, 1097.5], [-166, 1137.5], [-165, 1160.5], [-164, 1209.0], [-163, 1233.0], [-162, 1288.5], [-161, 1317.5], [-160, 1385.0], [-159, 1420.5], [-158, 1496.5], [-157, 1539.0], [-156, 1583.5], [-146, 2672.0], [-145, 2661.0], [-144, 2659.0], [-143, 2650.0], [-141, 2073.5], [-140, 2060.5], [-139, 2052.5], [-138, 2053.0], [-137, 2044.5], [-136, 2044.5], [-135, 2046.0], [-134, 2047.5], [-133, 2050.0], [-132, 2066.0], [-131, 2095.0], [-129, 2630.5], [-128, 2651.0], [-127, 2669.0], [-126, 2673.5], [-125, 2682.5], [-124, 2690.0], [-123, 2702.5], [-122, 2712.0], [-121, 2719.0], [-120, 2737.5], [-119, 2746.5], [-118, 2769.0], [-117, 2779.5], [-116, 2805.0], [-115, 2817.5], [-114, 2844.0], [-113, 2858.5], [-112, 2887.0], [-111, 2905.0], [-110, 2921.0], [-109, 2955.0], [-108, 2974.5], [-107, 3013.0], [-106, 3024.5], [-105, 3062.5], [-104, 3088.0], [-103, 3136.0], [-102, 3164.5], [-101, 3191.0], [-100, 3246.5], [-99, 3275.5], [-98, 3338.5], [-97, 3373.5], [-96, 3448.5], [-94, 3350.0], [-91, 3008.5], [-89, 3396.5], [-87, 3246.5], [-86, 3285.5], [-85, 3314.5], [-84, 3335.5], [-82, 2208.5], [-81, 2169.0], [-80, 2182.5], [-78, 3578.0], [-77, 3557.0], [-76, 3534.0], [-75, 3508.75], [-74, 3458.5], [-73, 3436.5], [-72, 3395.0], [-71, 3375.5], [-70, 3339.0], [-69, 3320.0], [-68, 3286.0], [-65, 3228.5], [-62, 3182.0], [-61, 3167.5], [-60, 3157.5], [-59, 3137.0], [-58, 3130.0], [-57, 3124.5], [-56, 3109.0], [-55, 3101.5], [-54, 3093.0], [-53, 3087.5], [-51, 2127.5], [-49, 3072.5], [-48, 3071.0], [-47, 3069.5], [-46, 3070.0], [-44, 651.5], [-43, 648.0], [-42, 657.0], [-40, 587.5], [-37, 468.5], [-36, 456.5], [-35, 449.5], [-34, 441.5], [-33, 437.5], [-32, 429.0], [-29, 313.5], [-27, 295.5], [-26, 295.0], [-25, 294.0], [-24, 295.5], [-23, 295.5], [-22, 295.5], [-21, 296.5], [-19, 258.5], [-16, 285.5], [-15, 296.0], [-14, 300.0], [-13, 301.0], [-12, 301.0], [-11, 299.5], [-10, 300.5], [-9, 302.0], [-8, 304.0], [-7, 303.5], [-6, 304.0]]}