{"heading": -4.5, "target": 68.66294538494165, "gap_dist": 1030.445857565443, "gap_info": [{"width": 921.9786954775899, "center_angle": -145.64747317370671, "edge_a": [-166, 796.0], "edge_b": [-40, 287.5], "depth": 796.0, "passable": true, "chosen": false}, {"width": 103.91554724790504, "center_angle": -18.07793995038746, "edge_a": [-20, 175.0], "edge_b": [-17, 312.0], "depth": 312.0, "passable": false, "chosen": false}, {"width": 164.20869486829932, "center_angle": -13.777541391691802, "edge_a": [-15, 301.5], "edge_b": [-13, 474.0], "depth": 474.0, "passable": false, "chosen": false}, {"width": 1030.445857565443, "center_angle": 68.66294538494165, "edge_a": [-13, 474.0], "edge_b": [105, 791.5], "depth": 791.5, "passable": true, "chosen": true}], "scan": [[-4, 3284.0], [-3, 3301.0], [-2, 3622.0], [-1, 3651.0], [0, 3680.5], [1, 3681.5], [2, 3556.0], [3, 3497.0], [4, 3444.0], [5, 3345.0], [6, 3299.0], [7, 3201.5], [9, 2520.0], [10, 2526.0], [12, 3401.0], [14, 4584.5], [15, 4652.5], [16, 4721.5], [17, 4864.5], [18, 4937.5], [19, 5104.5], [20, 5187.5], [22, 4150.0], [23, 4117.0], [25, 5900.0], [27, 3829.0], [28, 3835.5], [30, 6909.5], [31, 7294.0], [34, 8163.0], [39, 6024.5], [41, 5878.0], [42, 5863.0], [43, 5845.5], [44, 5873.5], [45, 5757.5], [46, 5731.5], [47, 5718.0], [48, 5705.0], [49, 5661.0], [50, 5612.0], [51, 5635.0], [52, 5640.5], [53, 5625.5], [54, 5612.0], [55, 5606.5], [56, 5594.0], [57, 5595.5], [58, 5599.5], [59, 5602.0], [60, 5607.0], [61, 5612.5], [62, 5629.5], [63, 5616.0], [65, 5699.0], [80, 1508.5], [81, 1466.5], [82, 1390.0], [83, 1352.0], [84, 1288.0], [85, 1258.0], [86, 1202.0], [87, 1175.0], [88, 1151.5], [89, 1104.5], [90, 1083.0], [91, 1045.0], [92, 1026.5], [93, 1009.0], [94, 974.5], [95, 958.0], [96, 928.75], [97, 915.25], [98, 902.0], [99, 876.0], [100, 864.0], [101, 839.0], [102, 827.5], [103, 817.0], [104, 806.5], [105, 791.5], [106, 781.5], [107, 764.5], [108, 757.5], [109, 751.5], [110, 737.0], [111, 728.0], [112, 715.0], [113, 706.0], [114, 704.0], [115, 698.5], [116, 696.5], [117, 683.5], [118, 680.5], [119, 671.0], [120, 667.0], [121, 656.25], [122, 651.25], [123, 646.0], [124, 639.5], [125, 636.5], [126, 632.0], [127, 627.0], [128, 622.0], [129, 622.0], [130, 620.5], [131, 617.5], [132, 606.5], [133, 606.0], [134, 604.0], [135, 599.5], [136, 598.0], [137, 599.5], [138, 594.5], [139, 590.0], [140, 587.25], [141, 583.25], [142, 584.5], [143, 581.5], [144, 580.5], [145, 578.0], [146, 577.0], [147, 577.0], [148, 574.0], [149, 572.5], [150, 573.0], [151, 575.5], [152, 576.0], [153, 576.0], [154, 582.5], [155, 582.0], [156, 580.5], [157, 582.5], [158, 584.5], [159, 589.5], [160, 590.0], [161, 592.5], [162, 595.5], [163, 597.0], [164, 600.0], [165, 602.0], [166, 604.5], [167, 611.0], [168, 616.0], [169, 619.0], [170, 620.5], [171, 625.5], [172, 629.0], [173, 633.0], [174, 637.5], [175, 647.5], [176, 650.0], [177, 650.0], [178, 655.5], [179, 663.5], [180, 678.0], [-179, 685.5], [-178, 698.0], [-177, 701.5], [-176, 703.25], [-175, 715.5], [-174, 719.75], [-173, 735.0], [-172, 739.0], [-171, 747.0], [-170, 760.0], [-169, 766.0], [-168, 774.0], [-167, 789.5], [-166, 796.0], [-165, 804.5], [-164, 824.5], [-163, 836.0], [-162, 855.0], [-161, 867.5], [-160, 881.5], [-159, 905.0], [-158, 917.0], [-157, 948.0], [-156, 965.5], [-155, 983.0], [-154, 1018.0], [-153, 1039.0], [-152, 1058.0], [-151, 1094.0], [-150, 1114.0], [-149, 1162.0], [-148, 1185.5], [-147, 1211.5], [-146, 1265.0], [-145, 1295.0], [-144, 1358.5], [-143, 1395.0], [-142, 1431.5], [-141, 1511.5], [-140, 1558.0], [-138, 1719.5], [-118, 5060.0], [-117, 5045.5], [-116, 5060.5], [-115, 5084.5], [-113, 13238.5], [-101, 6497.0], [-96, 8486.5], [-93, 5179.0], [-91, 4092.5], [-90, 4039.5], [-88, 6341.5], [-87, 6083.5], [-86, 5949.5], [-85, 5821.0], [-84, 5597.0], [-83, 5492.0], [-82, 5305.0], [-81, 5217.0], [-80, 5131.5], [-79, 4973.0], [-78, 4892.5], [-77, 4750.0], [-76, 4680.5], [-75, 4618.0], [-73, 2623.0], [-72, 2579.0], [-71, 2605.0], [-69, 4133.0], [-68, 4088.5], [-67, 4005.5], [-66, 3966.0], [-65, 3930.0], [-64, 3859.0], [-63, 3824.5], [-62, 3789.5], [-61, 3722.5], [-60, 3691.0], [-58, 2852.0], [-57, 2809.5], [-56, 2788.5], [-55, 2769.0], [-54, 2732.5], [-53, 2715.5], [-52, 2683.0], [-51, 2668.0], [-50, 2654.0], [-49, 2645.0], [-48, 2666.0], [-46, 3252.0], [-45, 3237.5], [-44, 3210.5], [-43, 3199.0], [-40, 287.5], [-37, 215.0], [-36, 215.0], [-35, 214.0], [-34, 215.0], [-33, 215.5], [-32, 216.5], [-31, 222.0], [-30, 224.0], [-29, 224.0], [-26, 186.5], [-25, 184.5], [-23, 173.0], [-22, 171.0], [-21, 172.5], [-20, 175.0], [-17, 312.0], [-16, 308.0], [-15, 301.5], [-13, 474.0], [-11, 2398.0], [-9, 3171.5], [-8, 3194.0], [-7, 3207.5], [-6, 3235.0], [-5, 3252.0]]}