{"heading": 27.3, "target": -24.215071621899437, "gap_dist": 556.1246237399914, "gap_info": [{"width": 437.03504198031635, "center_angle": -152.76554405632018, "edge_a": [-158, 798.5], "edge_b": [-142, 390.0], "depth": 798.5, "passable": true, "chosen": false}, {"width": 556.1246237399914, "center_angle": -24.215071621899437, "edge_a": [-28, 796.5], "edge_b": [-12, 248.5], "depth": 796.5, "passable": true, "chosen": true}], "scan": [[-4, 221.5], [-3, 220.5], [-2, 236.5], [-1, 233.0], [0, 229.5], [1, 226.0], [2, 225.0], [3, 222.0], [4, 220.5], [5, 220.0], [6, 217.0], [7, 216.5], [8, 212.5], [9, 212.0], [10, 211.0], [11, 209.0], [12, 208.5], [13, 207.5], [14, 206.5], [15, 205.5], [16, 204.0], [17, 203.5], [18, 203.0], [19, 198.0], [20, 198.5], [21, 199.5], [22, 200.0], [23, 201.5], [24, 197.5], [25, 195.5], [26, 194.0], [27, 195.5], [28, 193.5], [29, 194.0], [30, 196.5], [31, 198.5], [32, 198.5], [33, 201.0], [34, 200.5], [35, 200.0], [36, 201.5], [37, 202.5], [38, 202.5], [39, 202.5], [40, 203.0], [41, 204.0], [42, 204.0], [43, 206.5], [44, 207.0], [45, 208.0], [46, 209.5], [47, 210.5], [48, 211.0], [49, 211.5], [50, 213.0], [51, 215.5], [52, 217.5], [53, 218.5], [54, 222.0], [55, 223.0], [56, 224.5], [57, 230.0], [58, 229.5], [59, 233.5], [60, 231.0], [61, 232.0], [62, 235.5], [63, 237.5], [64, 239.0], [65, 242.0], [66, 247.5], [67, 250.5], [68, 252.5], [69, 257.5], [70, 261.0], [71, 265.5], [72, 269.5], [73, 275.0], [74, 276.5], [75, 279.0], [76, 289.0], [77, 292.5], [78, 297.0], [79, 306.5], [80, 310.5], [81, 320.5], [82, 327.0], [83, 338.0], [84, 343.5], [85, 349.0], [86, 361.0], [87, 369.0], [88, 382.5], [89, 390.5], [90, 409.5], [91, 418.5], [93, 459.5], [94, 463.5], [95, 465.5], [96, 469.0], [97, 461.5], [98, 458.0], [99, 453.5], [100, 451.0], [101, 451.0], [102, 453.5], [103, 449.0], [105, 432.5], [106, 429.0], [107, 430.0], [108, 432.0], [109, 428.5], [110, 425.0], [111, 420.5], [112, 416.5], [113, 414.5], [114, 416.0], [115, 415.5], [116, 415.0], [117, 411.0], [118, 413.0], [119, 410.0], [120, 411.5], [121, 410.5], [122, 412.0], [123, 412.5], [124, 412.5], [125, 417.5], [126, 420.0], [127, 409.0], [128, 402.5], [129, 402.5], [130, 403.0], [131, 402.0], [132, 404.0], [133, 406.0], [134, 409.5], [135, 410.5], [136, 412.0], [137, 418.0], [138, 416.25], [139, 413.75], [140, 414.25], [141, 419.25], [142, 429.0], [143, 434.0], [144, 437.5], [145, 447.0], [146, 447.5], [147, 442.5], [148, 446.0], [150, 474.5], [152, 463.5], [153, 470.0], [154, 474.0], [155, 483.0], [156, 487.25], [157, 496.5], [158, 501.75], [159, 504.25], [160, 517.0], [161, 522.5], [162, 536.0], [163, 541.5], [164, 547.5], [165, 565.0], [166, 574.0], [167, 588.5], [168, 599.5], [169, 609.0], [170, 625.5], [171, 634.5], [172, 654.0], [173, 661.5], [174, 695.0], [175, 710.0], [176, 721.5], [177, 731.0], [-179, 872.5], [-178, 885.0], [-177, 865.5], [-176, 861.5], [-175, 857.0], [-174, 850.0], [-173, 844.5], [-172, 838.5], [-171, 834.5], [-170, 831.0], [-169, 827.0], [-168, 821.0], [-167, 817.5], [-166, 812.0], [-165, 809.0], [-164, 807.5], [-163, 807.0], [-162, 805.5], [-161, 803.0], [-160, 801.5], [-159, 799.0], [-158, 798.5], [-157, 803.5], [-155, 3019.0], [-154, 3010.0], [-153, 3035.0], [-148, 2155.5], [-147, 2139.5], [-146, 2116.0], [-145, 2134.5], [-142, 390.0], [-139, 290.0], [-138, 292.0], [-137, 295.0], [-136, 296.0], [-135, 298.0], [-134, 299.0], [-133, 300.5], [-132, 302.0], [-131, 304.0], [-130, 307.0], [-129, 309.0], [-128, 311.0], [-127, 312.0], [-126, 315.0], [-125, 317.5], [-124, 321.5], [-123, 323.0], [-122, 325.5], [-121, 329.0], [-120, 332.5], [-119, 338.0], [-118, 340.0], [-117, 342.5], [-116, 347.0], [-115, 350.5], [-114, 356.5], [-113, 356.5], [-112, 365.0], [-111, 369.5], [-110, 374.5], [-109, 380.5], [-108, 385.0], [-107, 393.0], [-106, 398.5], [-105, 402.5], [-104, 410.5], [-103, 415.5], [-102, 426.5], [-101, 432.5], [-100, 444.0], [-98, 459.5], [-97, 465.5], [-96, 470.0], [-95, 478.0], [-94, 496.5], [-93, 507.0], [-92, 528.5], [-91, 539.0], [-90, 551.0], [-89, 584.0], [-86, 646.5], [-85, 683.5], [-82, 736.5], [-81, 750.5], [-80, 764.0], [-79, 759.0], [-78, 752.5], [-77, 751.0], [-76, 746.5], [-75, 742.5], [-74, 736.5], [-73, 730.5], [-72, 724.5], [-71, 717.0], [-70, 715.0], [-69, 709.0], [-68, 706.0], [-67, 702.0], [-66, 701.0], [-65, 698.0], [-64, 689.5], [-63, 683.5], [-62, 679.0], [-61, 675.5], [-60, 678.5], [-59, 683.5], [-58, 682.5], [-57, 683.0], [-56, 687.5], [-55, 694.0], [-54, 695.5], [-53, 693.5], [-52, 691.5], [-51, 691.5], [-50, 705.0], [-49, 714.0], [-48, 717.0], [-47, 719.5], [-46, 720.0], [-45, 733.0], [-44, 738.0], [-43, 739.0], [-42, 736.0], [-41, 737.5], [-40, 744.0], [-39, 750.0], [-38, 760.0], [-37, 762.0], [-36, 761.5], [-35, 766.5], [-34, 774.0], [-33, 776.0], [-32, 780.5], [-31, 782.0], [-30, 783.5], [-29, 789.0], [-28, 796.5], [-27, 800.0], [-26, 811.0], [-25, 822.0], [-24, 828.5], [-23, 841.5], [-22, 848.5], [-21, 862.5], [-20, 872.0], [-19, 880.0], [-18, 895.5], [-17, 907.5], [-16, 920.0], [-15, 932.5], [-12, 248.5], [-11, 246.0], [-10, 241.0], [-9, 238.5], [-8, 236.0], [-7, 231.5], [-6, 228.5], [-5, 223.5]]}