{"heading": -30.3, "target": 4.651511707114616, "gap_dist": 367.43826256158286, "gap_info": [{"width": 367.43826256158286, "center_angle": 4.651511707114616, "edge_a": [-28, 197.0], "edge_b": [17, 497.0], "depth": 497.0, "passable": true, "chosen": true}], "scan": [[-3, 728.5], [-2, 745.5], [-1, 722.5], [0, 711.0], [1, 691.5], [2, 680.0], [3, 661.0], [4, 655.5], [5, 631.5], [6, 623.5], [7, 611.0], [8, 603.5], [9, 586.0], [10, 578.0], [11, 570.0], [12, 555.5], [13, 551.0], [14, 541.0], [16, 501.0], [17, 497.0], [18, 494.0], [19, 493.5], [20, 498.5], [21, 487.0], [23, 458.0], [24, 456.0], [25, 455.0], [26, 463.5], [27, 456.0], [28, 454.0], [30, 432.0], [32, 439.5], [33, 432.0], [35, 418.5], [36, 420.0], [37, 415.5], [38, 415.0], [39, 411.5], [40, 411.0], [41, 409.0], [42, 408.0], [43, 407.0], [44, 406.0], [45, 405.5], [46, 404.5], [47, 404.0], [48, 403.5], [49, 402.0], [50, 401.5], [51, 402.0], [52, 401.5], [53, 402.0], [54, 403.5], [55, 400.5], [56, 402.0], [57, 402.0], [58, 403.0], [59, 403.0], [60, 404.5], [61, 405.0], [62, 405.5], [63, 407.0], [64, 408.0], [65, 408.5], [66, 410.0], [67, 411.0], [68, 414.5], [69, 415.0], [70, 416.5], [71, 420.5], [72, 420.5], [73, 425.5], [74, 428.0], [75, 432.0], [76, 435.0], [77, 439.5], [78, 443.0], [79, 449.0], [80, 447.5], [81, 450.5], [82, 452.5], [83, 456.5], [84, 460.0], [85, 465.5], [86, 467.5], [87, 476.0], [88, 479.5], [89, 482.0], [90, 489.5], [91, 492.5], [92, 503.5], [93, 508.0], [94, 516.0], [95, 521.0], [96, 530.5], [97, 538.5], [98, 549.5], [99, 555.5], [100, 570.5], [101, 578.5], [102, 586.5], [103, 600.5], [104, 608.0], [105, 626.5], [107, 5077.5], [108, 5102.5], [114, 1978.5], [115, 1968.5], [116, 1991.0], [122, 736.0], [123, 726.5], [124, 731.0], [125, 734.0], [126, 749.5], [127, 767.5], [129, 1348.0], [131, 900.5], [133, 841.0], [134, 842.0], [135, 836.5], [136, 838.5], [137, 855.5], [138, 859.0], [144, 2741.5], [146, 7208.0], [147, 7212.0], [149, 2133.5], [150, 2118.0], [151, 2086.0], [152, 2089.0], [153, 2058.5], [154, 2049.0], [155, 2065.0], [161, 1078.0], [162, 1066.5], [163, 1061.0], [164, 1055.0], [165, 1055.0], [166, 1057.5], [167, 1079.5], [169, 1754.5], [170, 1677.0], [174, 1023.0], [175, 1033.25], [176, 1041.75], [177, 1079.0], [179, 1182.5], [180, 1163.0], [-179, 1128.5], [-178, 1111.0], [-177, 1079.0], [-176, 1064.0], [-175, 1036.5], [-174, 1025.5], [-173, 997.0], [-172, 984.0], [-171, 959.0], [-170, 949.0], [-169, 938.0], [-168, 917.0], [-167, 906.5], [-166, 890.0], [-165, 881.5], [-164, 872.5], [-163, 858.0], [-162, 852.0], [-161, 834.0], [-160, 830.0], [-159, 817.0], [-158, 814.5], [-157, 798.5], [-156, 792.5], [-155, 783.0], [-154, 780.5], [-153, 780.5], [-152, 778.0], [-151, 773.5], [-150, 776.5], [-149, 777.0], [-148, 765.0], [-147, 760.5], [-146, 760.0], [-145, 758.5], [-144, 750.5], [-143, 749.5], [-142, 745.0], [-141, 737.0], [-140, 733.5], [-139, 730.5], [-138, 726.5], [-137, 721.0], [-136, 719.0], [-135, 713.5], [-134, 711.0], [-133, 709.0], [-132, 709.5], [-131, 707.5], [-130, 704.5], [-129, 700.5], [-128, 708.5], [-127, 708.0], [-126, 706.5], [-125, 703.5], [-124, 708.0], [-123, 706.0], [-122, 707.5], [-121, 709.5], [-120, 713.5], [-119, 709.0], [-118, 709.0], [-117, 712.0], [-116, 714.0], [-115, 713.5], [-114, 716.0], [-113, 723.5], [-112, 723.5], [-111, 730.5], [-110, 732.0], [-109, 733.5], [-108, 736.5], [-107, 743.0], [-106, 743.5], [-105, 753.5], [-104, 758.5], [-103, 766.0], [-102, 768.0], [-101, 774.5], [-100, 779.0], [-99, 785.5], [-98, 802.0], [-97, 810.0], [-96, 820.0], [-95, 825.0], [-94, 833.0], [-93, 836.5], [-92, 851.0], [-90, 345.5], [-89, 336.0], [-88, 324.0], [-87, 318.5], [-86, 310.0], [-85, 304.5], [-84, 295.5], [-83, 291.5], [-82, 284.5], [-81, 281.0], [-80, 276.0], [-79, 272.5], [-78, 266.0], [-77, 263.0], [-76, 257.5], [-75, 256.0], [-74, 253.0], [-73, 247.5], [-72, 245.0], [-71, 241.0], [-70, 238.5], [-69, 235.0], [-68, 231.5], [-67, 228.0], [-66, 227.5], [-65, 223.5], [-64, 220.5], [-63, 218.5], [-62, 217.0], [-61, 215.5], [-60, 213.0], [-59, 212.0], [-58, 210.5], [-57, 209.0], [-56, 206.0], [-55, 206.0], [-54, 203.0], [-53, 202.0], [-52, 201.5], [-51, 201.0], [-50, 198.0], [-49, 197.0], [-48, 197.0], [-47, 197.0], [-46, 196.0], [-45, 195.0], [-44, 194.5], [-43, 194.5], [-42, 194.5], [-41, 193.5], [-40, 191.5], [-39, 187.5], [-38, 188.5], [-37, 188.0], [-36, 189.0], [-35, 189.0], [-34, 189.5], [-33, 191.5], [-32, 193.0], [-31, 194.0], [-30, 194.5], [-29, 195.0], [-28, 197.0], [-26, 790.5], [-25, 781.5], [-24, 773.0], [-23, 755.0], [-22, 751.0], [-21, 759.0], [-20, 774.0], [-19, 785.0], [-18, 808.5], [-17, 819.0], [-16, 843.5], [-15, 856.5], [-14, 889.0], [-13, 909.0], [-12, 925.0], [-11, 922.5], [-5, 763.0], [-4, 735.5]]}