{"heading": -91.7, "target": 10.205257050992271, "gap_dist": 446.1272871707421, "gap_info": [{"width": 446.1272871707421, "center_angle": 10.205257050992271, "edge_a": [-39.09375, 167.0], "edge_b": [25.09375, 492.75], "depth": 492.75, "passable": true, "chosen": true}], "scan": [[-3.015625, 673.0], [-2.328125, 674.5], [-1.625, 673.25], [-0.9375, 674.25], [-0.234375, 676.75], [0.453125, 683.5], [1.15625, 689.5], [1.84375, 692.75], [2.546875, 698.5], [3.234375, 705.25], [3.9375, 699.5], [4.625, 694.5], [5.34375, 696.75], [6.03125, 702.0], [7.421875, 734.0], [8.109375, 733.0], [10.171875, 747.25], [11.0625, 748.0], [11.796875, 739.25], [12.53125, 734.25], [13.265625, 734.25], [13.875, 737.5], [14.578125, 742.0], [15.28125, 745.5], [15.984375, 748.25], [16.6875, 751.25], [17.390625, 754.0], [18.09375, 756.5], [20.90625, 556.25], [21.609375, 546.25], [22.984375, 520.5], [23.6875, 511.5], [24.375, 502.5], [25.09375, 492.75], [25.78125, 483.75], [26.484375, 476.5], [27.171875, 471.5], [27.921875, 464.25], [28.625, 456.0], [29.328125, 449.75], [30.03125, 443.0], [30.421875, 436.0], [31.046875, 430.0], [31.671875, 424.25], [32.296875, 419.25], [33.203125, 414.5], [33.890625, 410.0], [34.59375, 405.25], [35.28125, 400.5], [35.96875, 396.25], [36.65625, 392.0], [37.34375, 387.5], [38.03125, 383.5], [38.75, 380.75], [39.4375, 377.5], [40.140625, 373.75], [40.828125, 368.25], [41.53125, 365.25], [42.21875, 364.5], [42.921875, 364.0], [43.609375, 367.0], [44.28125, 371.0], [44.96875, 374.75], [45.65625, 381.0], [46.34375, 387.0], [47.328125, 392.75], [48.078125, 399.0], [48.84375, 406.0], [49.59375, 413.0], [50.125, 421.0], [50.8125, 430.0], [51.515625, 440.0], [52.203125, 449.5], [52.9375, 460.0], [53.640625, 471.75], [54.34375, 483.0], [55.046875, 495.5], [56.421875, 526.0], [57.125, 542.5], [57.8125, 550.0], [60.671875, 8265.0], [62.78125, 5904.0], [64.046875, 5722.0], [64.703125, 5741.0], [65.375, 5777.0], [66.84375, 1201.0], [67.53125, 1185.75], [68.234375, 1175.75], [68.921875, 1172.0], [69.640625, 1176.0], [70.328125, 1187.5], [71.03125, 1199.75], [71.71875, 1208.25], [72.421875, 1223.0], [73.109375, 1237.0], [74.5, 15015.0], [75.21875, 15000.0], [75.90625, 14983.0], [76.609375, 14975.0], [77.296875, 14963.0], [78.703125, 14941.0], [80.09375, 9632.75], [80.796875, 9649.25], [84.171875, 1828.0], [89.6875, 1220.25], [91.046875, 2512.0], [91.796875, 2524.5], [94.578125, 1669.0], [95.265625, 1682.5], [95.96875, 1698.0], [102.515625, 1166.5], [103.109375, 1138.0], [103.796875, 1104.5], [104.5, 1073.0], [105.1875, 1046.0], [105.921875, 1021.5], [106.625, 996.0], [107.328125, 969.5], [108.03125, 944.5], [108.71875, 922.0], [109.40625, 901.5], [110.109375, 883.5], [110.796875, 864.0], [111.515625, 845.5], [112.203125, 835.0], [112.90625, 822.5], [113.59375, 806.5], [114.3125, 794.0], [115.0, 785.5], [115.703125, 782.5], [116.390625, 775.5], [117.109375, 767.0], [117.796875, 767.5], [118.5, 759.0], [119.1875, 739.0], [119.71875, 719.5], [120.359375, 707.0], [121.65625, 682.5], [122.484375, 682.0], [123.171875, 685.0], [124.546875, 655.5], [125.25, 645.0], [125.9375, 636.0], [126.625, 628.0], [127.3125, 617.5], [128.03125, 608.5], [128.71875, 604.5], [130.109375, 585.0], [130.796875, 583.25], [131.484375, 580.75], [132.171875, 572.5], [132.859375, 561.5], [133.5625, 556.5], [134.9375, 536.5], [-135.0, 372.5], [-133.75, 350.0], [-132.421875, 329.0], [-131.765625, 321.0], [-130.953125, 313.25], [-130.265625, 306.5], [-129.5625, 299.75], [-128.15625, 286.5], [-127.46875, 287.5], [-126.765625, 288.5], [-126.078125, 288.0], [-125.34375, 283.5], [-124.640625, 277.5], [-123.9375, 272.0], [-122.578125, 256.5], [-121.890625, 252.0], [-121.203125, 248.5], [-120.515625, 245.5], [-119.78125, 242.0], [-118.390625, 231.5], [-117.703125, 228.75], [-116.984375, 224.25], [-116.296875, 220.0], [-115.59375, 217.25], [-114.90625, 213.5], [-114.203125, 210.5], [-113.515625, 208.75], [-112.8125, 206.0], [-112.125, 203.25], [-111.421875, 200.0], [-110.734375, 197.0], [-110.03125, 195.25], [-109.34375, 192.75], [-108.640625, 190.0], [-107.953125, 188.0], [-107.25, 185.5], [-106.5625, 183.5], [-105.84375, 181.75], [-105.15625, 180.0], [-104.453125, 179.25], [-103.765625, 177.0], [-103.0625, 175.0], [-102.375, 174.5], [-101.671875, 173.5], [-100.984375, 172.0], [-100.265625, 169.5], [-99.578125, 167.75], [-98.875, 166.75], [-98.1875, 166.25], [-97.390625, 167.0], [-96.671875, 165.5], [-95.953125, 163.25], [-95.234375, 162.0], [-94.59375, 161.25], [-93.90625, 161.25], [-93.203125, 161.0], [-92.515625, 160.25], [-91.796875, 159.25], [-91.109375, 158.0], [-90.40625, 157.25], [-89.71875, 156.75], [-89.0, 156.0], [-88.3125, 155.5], [-87.609375, 154.5], [-86.921875, 153.75], [-86.1875, 153.75], [-85.484375, 152.75], [-84.78125, 151.75], [-84.078125, 151.5], [-83.390625, 151.0], [-82.703125, 150.25], [-82.0, 150.5], [-81.3125, 150.0], [-80.59375, 149.0], [-79.90625, 148.75], [-79.203125, 148.25], [-78.515625, 149.0], [-77.734375, 149.25], [-77.03125, 147.75], [-76.3125, 147.0], [-75.609375, 145.75], [-74.9375, 146.0], [-74.25, 148.25], [-73.546875, 148.5], [-72.859375, 147.75], [-72.140625, 147.5], [-71.453125, 146.0], [-70.75, 144.25], [-70.0625, 144.0], [-69.328125, 144.25], [-68.625, 144.25], [-67.921875, 144.75], [-67.21875, 146.0], [-66.53125, 146.5], [-65.84375, 147.0], [-65.140625, 148.0], [-64.453125, 147.25], [-63.71875, 145.5], [-63.015625, 146.0], [-62.3125, 147.75], [-61.609375, 147.0], [-60.84375, 147.75], [-60.125, 148.75], [-59.40625, 147.5], [-58.6875, 148.0], [-58.078125, 148.0], [-57.390625, 147.0], [-56.703125, 147.5], [-56.015625, 147.75], [-55.265625, 147.75], [-54.5625, 148.75], [-53.859375, 150.0], [-53.15625, 150.25], [-52.453125, 150.0], [-51.75, 150.75], [-51.046875, 150.75], [-50.34375, 149.75], [-49.65625, 150.5], [-48.96875, 151.25], [-48.265625, 152.25], [-47.578125, 153.5], [-46.84375, 153.5], [-46.140625, 153.75], [-45.4375, 154.0], [-44.734375, 154.5], [-44.015625, 155.0], [-43.3125, 156.0], [-42.609375, 157.0], [-41.90625, 155.5], [-40.5, 160.0], [-39.09375, 167.0], [-36.984375, 762.5], [-35.5625, 724.0], [-34.859375, 735.0], [-34.15625, 742.5], [-33.453125, 733.0], [-32.046875, 698.5], [-31.34375, 695.5], [-30.640625, 694.0], [-29.921875, 689.5], [-29.21875, 684.5], [-28.515625, 682.0], [-27.8125, 680.0], [-27.125, 678.5], [-26.4375, 676.5], [-25.734375, 675.0], [-25.046875, 674.5], [-24.28125, 673.5], [-23.578125, 671.5], [-22.859375, 669.5], [-22.15625, 669.5], [-21.46875, 668.0], [-20.765625, 666.0], [-20.0625, 664.5], [-19.359375, 663.5], [-18.65625, 663.0], [-17.953125, 661.5], [-17.25, 661.5], [-16.546875, 661.5], [-15.84375, 659.5], [-15.140625, 657.0], [-14.4375, 657.0], [-13.734375, 657.5], [-13.015625, 656.5], [-12.3125, 657.5], [-11.609375, 658.0], [-10.90625, 656.5], [-10.203125, 658.5], [-9.5, 661.0], [-8.796875, 661.0], [-8.09375, 662.0], [-7.46875, 662.0], [-6.796875, 661.5], [-6.109375, 662.5], [-5.4375, 665.0], [-4.640625, 666.5], [-3.9375, 669.25], [-3.234375, 671.75], [-2.53125, 672.0]]}