{"heading": -105.7, "target": 40.632241809597645, "gap_dist": 302.79623762246405, "gap_info": [{"width": 302.79623762246405, "center_angle": 40.632241809597645, "edge_a": [38.671875, 486.5], "edge_b": [45.765625, 186.0], "depth": 486.5, "passable": true, "chosen": true}], "scan": [[-2.59375, 221.0], [-1.875, 221.5], [-1.171875, 223.0], [-0.4375, 225.0], [0.984375, 236.0], [1.6875, 236.5], [2.40625, 235.0], [3.109375, 236.5], [3.828125, 238.0], [4.53125, 236.5], [5.25, 237.5], [5.953125, 239.0], [7.375, 246.0], [8.796875, 254.0], [9.515625, 254.0], [10.21875, 257.5], [11.109375, 263.5], [13.359375, 261.5], [13.984375, 265.5], [14.703125, 268.5], [15.421875, 271.5], [16.140625, 274.0], [16.859375, 277.0], [17.578125, 280.5], [18.296875, 282.0], [19.015625, 285.5], [19.734375, 290.0], [20.453125, 293.0], [21.171875, 297.0], [21.890625, 302.0], [22.609375, 306.5], [23.328125, 310.5], [24.046875, 315.0], [24.765625, 321.0], [25.46875, 327.0], [26.171875, 331.5], [26.890625, 335.5], [27.59375, 341.5], [28.09375, 345.5], [28.75, 351.0], [29.40625, 360.5], [30.0625, 370.0], [30.90625, 375.5], [31.609375, 380.0], [32.3125, 388.0], [33.015625, 396.5], [33.75, 406.0], [34.453125, 416.5], [35.171875, 426.5], [35.875, 435.0], [37.265625, 459.0], [37.96875, 472.0], [38.671875, 486.5], [39.40625, 500.5], [41.53125, 593.5], [42.234375, 609.5], [42.9375, 625.5], [45.765625, 186.0], [46.46875, 184.0], [47.171875, 183.5], [48.171875, 183.0], [48.9375, 182.5], [49.71875, 182.5], [50.484375, 181.0], [51.03125, 179.5], [51.734375, 180.0], [52.453125, 179.5], [53.15625, 179.0], [53.90625, 179.0], [54.625, 178.0], [55.34375, 179.0], [56.0625, 179.0], [56.765625, 178.5], [57.46875, 178.5], [58.1875, 177.0], [58.890625, 176.5], [59.640625, 176.5], [60.359375, 174.5], [61.078125, 172.5], [61.796875, 172.5], [62.5, 173.5], [63.203125, 173.0], [63.921875, 172.5], [64.625, 172.5], [65.265625, 173.0], [65.953125, 175.5], [66.640625, 176.5], [67.328125, 175.75], [68.109375, 175.75], [68.8125, 177.5], [69.53125, 178.5], [70.234375, 178.25], [70.96875, 179.0], [71.671875, 178.5], [72.390625, 177.0], [73.09375, 177.5], [73.8125, 178.5], [74.515625, 179.0], [75.234375, 179.5], [75.9375, 180.5], [76.671875, 180.25], [77.375, 181.0], [78.09375, 181.0], [78.796875, 181.0], [79.53125, 181.5], [80.234375, 182.5], [80.953125, 183.5], [81.65625, 184.0], [82.28125, 184.5], [82.96875, 184.5], [83.65625, 185.5], [84.34375, 184.25], [85.125, 184.0], [85.828125, 185.5], [86.546875, 187.0], [87.25, 189.0], [87.953125, 191.5], [88.65625, 193.75], [89.359375, 194.75], [90.0625, 195.5], [90.796875, 196.75], [91.5, 198.25], [92.21875, 199.5], [92.921875, 201.0], [93.625, 202.75], [94.328125, 203.25], [95.03125, 203.5], [95.734375, 205.5], [96.46875, 207.0], [97.171875, 209.5], [97.890625, 212.0], [98.59375, 212.5], [99.3125, 215.0], [100.015625, 217.75], [100.734375, 217.75], [101.4375, 219.5], [102.34375, 224.0], [103.09375, 226.5], [103.859375, 228.5], [104.609375, 231.0], [105.203125, 233.5], [105.90625, 236.5], [106.625, 240.0], [107.328125, 242.5], [108.0625, 244.5], [108.765625, 247.0], [109.484375, 250.5], [110.1875, 254.0], [110.9375, 256.5], [111.65625, 260.5], [112.375, 265.0], [113.09375, 268.5], [113.796875, 272.5], [114.5, 276.5], [115.21875, 279.5], [115.921875, 282.5], [116.6875, 287.0], [117.40625, 292.5], [118.125, 296.0], [119.3125, 309.5], [120.625, 1092.75], [121.28125, 1084.75], [122.171875, 1076.0], [122.875, 1066.5], [123.59375, 1058.5], [124.296875, 1050.0], [125.0, 1042.0], [125.703125, 1036.0], [126.40625, 1030.0], [127.109375, 1023.5], [127.828125, 1017.5], [128.53125, 1012.0], [129.234375, 1005.5], [129.9375, 998.5], [130.65625, 993.75], [131.359375, 989.25], [132.0625, 983.5], [132.765625, 976.0], [133.484375, 971.5], [134.1875, 967.0], [134.890625, 961.5], [-134.78125, 1352.0], [-134.078125, 1377.0], [-133.359375, 1396.0], [-132.078125, 779.0], [-131.40625, 775.5], [-130.734375, 776.5], [-130.0625, 778.5], [-129.25, 779.5], [-128.546875, 782.0], [-127.84375, 785.0], [-127.140625, 786.0], [-126.40625, 786.5], [-125.703125, 788.0], [-124.984375, 789.0], [-124.28125, 789.0], [-123.5625, 791.0], [-122.859375, 794.0], [-122.140625, 796.0], [-121.4375, 799.0], [-120.71875, 801.5], [-120.015625, 802.5], [-119.296875, 805.5], [-118.59375, 807.5], [-117.890625, 810.0], [-117.1875, 813.5], [-116.484375, 816.0], [-115.78125, 819.0], [-115.0625, 822.5], [-114.359375, 826.5], [-113.65625, 831.5], [-112.953125, 836.5], [-112.21875, 840.0], [-111.515625, 844.5], [-110.09375, 1639.0], [-100.1875, 606.5], [-99.484375, 598.5], [-98.796875, 599.0], [-98.0, 604.0], [-95.84375, 500.0], [-95.140625, 500.0], [-93.71875, 453.5], [-93.015625, 457.0], [-90.875, 401.5], [-90.171875, 393.5], [-89.453125, 386.0], [-88.75, 378.0], [-88.03125, 369.5], [-87.328125, 362.0], [-86.625, 355.0], [-85.921875, 348.0], [-85.21875, 342.0], [-84.515625, 336.0], [-83.765625, 330.0], [-83.0625, 324.0], [-82.34375, 318.0], [-81.640625, 313.5], [-80.90625, 307.5], [-80.203125, 300.5], [-79.484375, 296.5], [-78.78125, 293.5], [-78.0625, 288.5], [-77.359375, 285.5], [-76.640625, 282.5], [-75.9375, 278.5], [-75.203125, 273.5], [-74.5, 267.5], [-73.78125, 263.5], [-73.078125, 263.0], [-72.359375, 262.0], [-71.65625, 258.0], [-70.9375, 255.0], [-70.234375, 253.0], [-69.515625, 250.0], [-68.8125, 246.5], [-68.09375, 243.5], [-67.390625, 241.0], [-66.65625, 239.5], [-65.953125, 238.0], [-65.234375, 236.5], [-64.53125, 235.0], [-63.8125, 233.0], [-63.109375, 229.5], [-62.390625, 226.5], [-61.6875, 225.0], [-60.96875, 223.5], [-60.265625, 221.5], [-59.546875, 219.0], [-58.84375, 217.0], [-58.125, 215.5], [-57.421875, 215.0], [-56.703125, 214.0], [-56.0, 210.5], [-55.28125, 207.0], [-54.578125, 206.5], [-53.859375, 207.0], [-53.15625, 207.5], [-52.4375, 208.0], [-51.734375, 206.5], [-51.015625, 205.0], [-50.3125, 205.0], [-49.59375, 204.0], [-48.890625, 201.0], [-48.171875, 198.5], [-47.46875, 199.0], [-46.75, 199.5], [-46.046875, 199.0], [-45.328125, 198.0], [-44.625, 197.0], [-43.875, 196.5], [-43.15625, 196.0], [-42.4375, 199.0], [-41.71875, 199.5], [-41.03125, 195.5], [-40.328125, 196.0], [-39.609375, 198.75], [-38.90625, 199.5], [-38.21875, 198.5], [-37.515625, 196.0], [-36.8125, 196.0], [-36.109375, 197.5], [-35.359375, 196.5], [-34.65625, 193.5], [-33.9375, 192.0], [-33.234375, 192.0], [-32.515625, 191.5], [-31.8125, 191.5], [-31.09375, 192.0], [-30.390625, 191.5], [-29.65625, 192.0], [-28.953125, 192.0], [-28.234375, 191.0], [-27.53125, 190.0], [-26.8125, 190.0], [-26.109375, 189.5], [-25.390625, 189.5], [-24.6875, 190.5], [-23.953125, 191.0], [-23.25, 191.0], [-22.53125, 189.0], [-21.828125, 188.5], [-21.109375, 188.5], [-20.40625, 188.5], [-19.6875, 191.0], [-18.984375, 191.0], [-18.25, 191.0], [-17.546875, 192.5], [-16.828125, 192.0], [-16.125, 191.5], [-15.40625, 190.5], [-14.703125, 192.0], [-13.984375, 195.5], [-13.28125, 197.75], [-12.5625, 197.25], [-11.859375, 193.5], [-11.140625, 192.5], [-9.703125, 201.5], [-9.0, 202.25], [-7.578125, 195.5], [-6.9375, 194.5], [-6.25, 196.0], [-4.875, 210.0]]}