{"heading": -9.0, "target": 103.9070693276944, "gap_dist": 375.7686607602302, "gap_info": [{"width": 83.56411239761304, "center_angle": -42.25906914408233, "edge_a": [-44.875, 490.0], "edge_b": [-39.203125, 419.5], "depth": 490.0, "passable": false, "chosen": false}, {"width": 375.7686607602302, "center_angle": 103.9070693276944, "edge_a": [73.015625, 296.5], "edge_b": [121.6875, 498.5], "depth": 498.5, "passable": true, "chosen": true}], "scan": [[-2.796875, 233.5], [-2.09375, 232.0], [-1.390625, 231.0], [-0.6875, 232.0], [0.0, 233.0], [0.6875, 235.5], [1.390625, 240.5], [2.078125, 239.5], [2.828125, 235.5], [3.53125, 233.0], [4.234375, 230.0], [4.9375, 228.5], [5.65625, 226.5], [6.359375, 225.0], [7.0625, 222.5], [7.765625, 219.5], [8.484375, 219.0], [9.1875, 219.0], [9.890625, 219.0], [10.59375, 218.0], [11.484375, 215.5], [12.234375, 214.5], [12.984375, 215.0], [13.734375, 214.5], [14.296875, 214.0], [15.0, 213.5], [15.703125, 212.5], [16.40625, 212.0], [17.140625, 211.5], [17.84375, 210.5], [18.5625, 210.0], [19.265625, 209.5], [20.0, 209.5], [20.703125, 208.5], [21.421875, 206.5], [22.125, 207.0], [22.84375, 207.0], [23.546875, 206.5], [24.265625, 206.0], [24.96875, 204.0], [25.6875, 204.5], [26.390625, 205.0], [27.109375, 203.5], [27.8125, 203.5], [28.296875, 204.5], [28.9375, 205.0], [29.59375, 206.5], [30.234375, 208.5], [31.109375, 208.0], [31.8125, 207.5], [32.515625, 208.5], [33.21875, 209.0], [33.921875, 208.5], [34.625, 208.5], [35.328125, 210.5], [36.03125, 211.5], [36.71875, 210.5], [37.40625, 211.5], [38.109375, 212.0], [38.796875, 211.5], [39.53125, 212.5], [40.234375, 213.5], [40.9375, 213.0], [41.640625, 213.0], [42.34375, 214.5], [43.046875, 216.0], [43.75, 216.5], [44.453125, 216.5], [45.15625, 217.5], [45.859375, 217.5], [46.5625, 218.0], [47.265625, 220.0], [48.234375, 221.0], [49.0, 222.0], [49.765625, 223.5], [50.53125, 225.5], [51.09375, 227.5], [51.796875, 228.5], [52.515625, 229.5], [53.21875, 231.0], [53.9375, 232.0], [54.640625, 233.0], [55.359375, 235.0], [56.0625, 235.5], [56.78125, 237.5], [57.484375, 240.5], [58.203125, 242.5], [58.90625, 244.0], [59.640625, 246.0], [60.34375, 248.5], [61.0625, 250.0], [61.765625, 252.0], [62.453125, 254.5], [63.15625, 257.0], [63.859375, 259.5], [64.5625, 262.0], [65.21875, 264.5], [65.90625, 267.0], [66.59375, 270.0], [67.28125, 273.0], [68.046875, 275.5], [68.75, 279.0], [69.453125, 281.0], [70.15625, 284.0], [70.890625, 288.5], [71.59375, 291.5], [72.3125, 295.5], [73.015625, 296.5], [74.421875, 822.0], [75.125, 817.0], [75.828125, 816.5], [76.546875, 815.5], [77.25, 816.0], [77.953125, 815.0], [78.65625, 814.5], [79.390625, 815.0], [80.09375, 816.5], [80.8125, 816.0], [81.515625, 816.0], [82.140625, 816.0], [82.828125, 815.5], [83.515625, 815.5], [84.203125, 816.0], [84.953125, 818.5], [85.65625, 820.0], [86.359375, 821.5], [87.0625, 825.0], [87.765625, 826.0], [88.46875, 827.0], [89.171875, 832.5], [89.875, 839.0], [90.578125, 840.25], [91.28125, 841.25], [91.984375, 843.5], [92.6875, 849.0], [93.40625, 851.75], [94.109375, 849.75], [94.8125, 851.5], [95.515625, 849.0], [96.234375, 850.5], [96.9375, 856.0], [97.640625, 858.0], [98.34375, 859.5], [99.03125, 865.0], [99.71875, 865.0], [100.421875, 867.5], [101.109375, 872.5], [102.015625, 876.5], [102.75, 881.5], [103.5, 882.5], [104.234375, 888.5], [104.859375, 893.0], [105.5625, 897.5], [106.28125, 902.0], [108.40625, 730.5], [109.125, 713.0], [109.828125, 693.5], [110.546875, 675.5], [111.25, 660.5], [112.671875, 627.0], [113.40625, 618.5], [114.109375, 607.25], [114.828125, 593.5], [115.53125, 581.25], [116.234375, 571.0], [116.9375, 559.0], [117.640625, 547.0], [118.34375, 538.0], [118.890625, 529.5], [119.546875, 519.0], [120.21875, 512.5], [120.875, 507.0], [121.6875, 498.5], [122.375, 494.0], [123.078125, 495.0], [123.765625, 499.0], [124.484375, 505.5], [125.171875, 511.0], [125.875, 515.5], [126.5625, 521.0], [127.3125, 527.0], [128.015625, 534.0], [128.71875, 543.0], [129.421875, 553.0], [130.125, 560.0], [130.828125, 567.0], [131.53125, 577.0], [132.234375, 586.0], [132.921875, 595.5], [133.609375, 606.0], [134.3125, 615.0], [135.0, 627.0], [-134.5625, 360.0], [-133.859375, 355.0], [-133.234375, 348.5], [-132.5625, 345.5], [-131.875, 347.5], [-131.203125, 345.0], [-130.421875, 340.5], [-129.71875, 337.0], [-129.015625, 334.5], [-128.3125, 331.0], [-127.59375, 327.0], [-126.890625, 326.0], [-126.1875, 324.5], [-125.484375, 322.0], [-124.78125, 316.5], [-124.078125, 313.5], [-123.375, 310.5], [-122.671875, 309.5], [-121.953125, 308.0], [-121.25, 303.0], [-120.546875, 303.0], [-119.84375, 302.5], [-119.125, 300.0], [-118.421875, 299.0], [-117.71875, 296.5], [-117.015625, 295.0], [-116.296875, 295.5], [-115.59375, 291.5], [-114.890625, 286.5], [-114.1875, 286.25], [-113.515625, 287.0], [-112.828125, 287.5], [-112.125, 285.5], [-111.4375, 283.0], [-110.71875, 284.0], [-110.03125, 281.5], [-109.328125, 279.0], [-108.640625, 279.75], [-107.890625, 280.25], [-107.1875, 279.5], [-106.484375, 278.75], [-105.78125, 277.75], [-105.0625, 276.75], [-104.359375, 278.5], [-103.65625, 279.5], [-102.953125, 276.5], [-102.265625, 275.5], [-101.578125, 278.0], [-100.875, 278.0], [-100.1875, 275.5], [-99.4375, 276.0], [-98.734375, 276.5], [-98.03125, 276.0], [-97.328125, 278.0], [-96.53125, 277.5], [-95.8125, 278.0], [-95.078125, 280.0], [-94.359375, 278.5], [-93.71875, 277.5], [-93.015625, 277.5], [-92.3125, 278.0], [-91.609375, 280.0], [-90.875, 282.5], [-90.171875, 283.0], [-89.453125, 281.5], [-88.75, 279.5], [-88.046875, 280.5], [-87.34375, 282.0], [-86.640625, 282.0], [-85.9375, 283.5], [-85.203125, 285.0], [-84.5, 289.0], [-83.78125, 292.5], [-83.078125, 292.5], [-82.40625, 293.0], [-81.71875, 295.0], [-81.015625, 297.5], [-80.328125, 297.5], [-79.578125, 297.5], [-78.875, 300.5], [-78.171875, 306.5], [-77.46875, 310.0], [-76.75, 308.5], [-76.046875, 310.5], [-75.34375, 313.0], [-74.640625, 315.5], [-73.90625, 317.5], [-73.203125, 320.0], [-72.484375, 324.0], [-71.78125, 324.0], [-70.421875, 332.0], [-69.71875, 330.5], [-69.03125, 332.0], [-68.265625, 333.0], [-67.5625, 335.0], [-66.84375, 338.5], [-66.140625, 342.5], [-65.421875, 348.5], [-64.71875, 349.5], [-64.0, 349.5], [-63.296875, 353.5], [-62.609375, 354.0], [-61.90625, 356.5], [-61.203125, 364.5], [-60.5, 367.5], [-59.015625, 381.0], [-58.296875, 382.5], [-56.921875, 392.5], [-56.21875, 391.5], [-55.515625, 397.0], [-54.8125, 404.0], [-54.078125, 410.0], [-53.375, 415.5], [-52.65625, 423.5], [-51.953125, 429.0], [-51.25, 432.0], [-50.546875, 436.0], [-49.140625, 455.5], [-47.71875, 467.5], [-46.3125, 485.0], [-45.578125, 485.5], [-44.875, 490.0], [-44.15625, 502.0], [-41.34375, 531.0], [-39.203125, 419.5], [-38.484375, 409.0], [-37.78125, 400.0], [-37.078125, 392.5], [-35.671875, 372.5], [-34.96875, 365.5], [-34.25, 357.5], [-33.546875, 350.0], [-32.140625, 334.0], [-30.71875, 321.5], [-30.015625, 319.0], [-29.3125, 313.5], [-28.59375, 307.0], [-27.890625, 301.5], [-27.1875, 296.0], [-26.484375, 291.0], [-25.734375, 287.0], [-25.03125, 282.5], [-24.3125, 277.0], [-23.609375, 274.0], [-22.90625, 271.5], [-22.203125, 268.0], [-21.5, 265.0], [-20.796875, 261.0], [-20.0625, 256.5], [-19.359375, 253.5], [-18.640625, 252.0], [-17.9375, 249.5], [-17.21875, 247.0], [-16.515625, 244.5], [-15.796875, 241.5], [-15.09375, 238.5], [-14.390625, 236.0], [-13.6875, 233.0], [-12.984375, 230.5], [-12.28125, 229.0], [-11.546875, 225.5], [-10.84375, 222.5], [-10.125, 221.0], [-9.421875, 219.5], [-8.71875, 217.5], [-8.015625, 215.5], [-7.3125, 213.5], [-6.609375, 211.0], [-5.953125, 210.5], [-5.265625, 210.5], [-4.578125, 210.5], [-3.890625, 210.5]]}