{"heading": -4.7, "target": -37.4766628671378, "gap_dist": 107.28339753588246, "gap_info": [{"width": 107.28339753588246, "center_angle": -37.4766628671378, "edge_a": [-39.96875, 499.0], "edge_b": [-34.375, 401.0], "depth": 499.0, "passable": false, "chosen": true}], "scan": [[-2.015625, 240.0], [-1.328125, 239.0], [-0.625, 237.0], [0.0625, 236.0], [0.765625, 236.0], [1.453125, 233.5], [2.15625, 231.0], [2.84375, 229.0], [3.546875, 225.5], [4.234375, 223.0], [4.9375, 226.0], [5.625, 230.0], [6.328125, 232.0], [7.015625, 236.0], [7.71875, 238.0], [9.125, 230.5], [9.8125, 229.0], [10.515625, 225.0], [11.203125, 222.0], [12.078125, 221.0], [12.8125, 220.0], [13.546875, 219.5], [14.28125, 219.5], [14.890625, 217.5], [15.59375, 215.5], [16.296875, 215.0], [17.0, 215.5], [17.71875, 215.5], [18.421875, 215.0], [19.125, 214.0], [19.828125, 213.5], [20.515625, 213.0], [21.203125, 212.0], [21.90625, 212.0], [22.59375, 212.0], [23.34375, 210.5], [24.046875, 210.0], [24.75, 210.5], [25.453125, 210.0], [26.140625, 209.5], [26.828125, 209.0], [27.53125, 209.0], [28.21875, 208.5], [28.71875, 206.5], [29.359375, 205.5], [30.0, 205.5], [30.640625, 205.0], [31.5, 206.5], [32.1875, 208.5], [32.890625, 209.5], [33.578125, 210.0], [34.265625, 210.5], [34.953125, 210.5], [35.640625, 211.0], [36.328125, 210.5], [37.015625, 209.5], [37.703125, 210.0], [38.390625, 211.0], [39.078125, 212.0], [39.796875, 211.0], [40.484375, 211.5], [41.1875, 213.5], [41.875, 214.0], [42.578125, 213.5], [43.265625, 214.0], [43.96875, 215.0], [44.65625, 214.5], [45.34375, 215.0], [46.03125, 216.5], [46.71875, 218.0], [47.40625, 219.5], [48.421875, 218.5], [49.1875, 217.5], [49.953125, 219.5], [50.71875, 221.5], [51.234375, 222.0], [51.9375, 224.0], [52.640625, 227.0], [53.34375, 227.0], [54.046875, 227.0], [54.75, 229.0], [55.453125, 230.0], [56.15625, 230.5], [56.875, 231.5], [57.578125, 233.0], [58.28125, 234.0], [58.984375, 235.5], [59.6875, 236.5], [60.390625, 237.5], [61.09375, 241.5], [61.796875, 244.0], [62.5, 244.5], [63.203125, 246.5], [63.90625, 248.5], [64.609375, 249.5], [65.171875, 251.5], [65.828125, 254.0], [66.5, 255.5], [67.15625, 257.5], [67.96875, 261.0], [68.65625, 264.0], [69.359375, 265.5], [70.046875, 269.0], [70.765625, 273.5], [71.453125, 276.5], [72.15625, 279.0], [72.84375, 281.0], [73.5625, 283.0], [74.25, 286.0], [74.953125, 289.5], [75.640625, 293.5], [76.34375, 298.0], [77.03125, 302.0], [77.734375, 301.5], [78.421875, 303.0], [79.859375, 823.0], [80.5625, 825.0], [81.265625, 824.0], [81.859375, 822.5], [82.53125, 822.5], [83.203125, 822.0], [83.875, 823.5], [84.640625, 824.5], [85.328125, 823.5], [86.03125, 824.0], [86.71875, 825.5], [87.421875, 827.5], [88.109375, 828.5], [88.8125, 829.0], [89.5, 831.0], [90.203125, 832.5], [90.890625, 833.5], [91.59375, 835.75], [92.28125, 841.75], [92.984375, 847.0], [93.671875, 847.0], [94.375, 846.0], [95.0625, 847.5], [95.765625, 850.0], [96.453125, 852.5], [97.15625, 855.0], [97.84375, 858.5], [98.546875, 860.5], [99.234375, 862.5], [99.9375, 863.5], [100.625, 866.0], [101.5, 872.0], [102.234375, 873.5], [102.96875, 874.5], [103.703125, 880.0], [104.296875, 884.0], [104.984375, 888.5], [105.6875, 892.0], [106.375, 894.0], [107.109375, 898.0], [107.8125, 902.0], [108.515625, 908.5], [109.21875, 913.5], [109.90625, 916.5], [111.296875, 748.0], [111.984375, 728.0], [112.703125, 709.5], [113.390625, 694.5], [114.09375, 680.0], [114.78125, 662.5], [115.515625, 649.5], [116.21875, 639.5], [116.921875, 627.5], [117.625, 614.5], [118.09375, 602.0], [118.734375, 590.5], [119.375, 578.0], [120.015625, 565.5], [120.84375, 555.5], [121.53125, 548.5], [122.21875, 541.5], [122.90625, 531.0], [123.640625, 520.5], [124.328125, 512.5], [125.03125, 506.5], [125.71875, 506.0], [126.40625, 509.5], [127.09375, 513.5], [127.78125, 517.5], [128.46875, 524.0], [129.15625, 530.0], [129.84375, 536.5], [130.53125, 546.0], [131.21875, 552.0], [131.953125, 558.5], [132.640625, 569.5], [133.34375, 578.0], [134.03125, 585.0], [134.703125, 595.0], [-134.734375, 361.0], [-134.03125, 359.5], [-133.328125, 355.5], [-132.8125, 352.0], [-132.15625, 346.0], [-131.5, 342.5], [-130.84375, 340.5], [-130.03125, 334.0], [-129.34375, 330.5], [-128.640625, 329.5], [-127.953125, 329.5], [-127.265625, 328.0], [-126.578125, 323.5], [-125.890625, 320.0], [-125.203125, 319.0], [-124.46875, 319.0], [-123.78125, 315.5], [-123.078125, 311.0], [-122.390625, 307.0], [-121.671875, 305.0], [-120.984375, 302.0], [-120.28125, 299.5], [-119.59375, 299.0], [-118.921875, 297.5], [-118.234375, 296.0], [-117.546875, 293.0], [-116.859375, 289.0], [-116.140625, 285.5], [-115.453125, 285.0], [-114.75, 285.0], [-114.0625, 282.5], [-113.34375, 279.5], [-112.65625, 277.5], [-111.953125, 276.5], [-111.265625, 276.5], [-110.59375, 275.0], [-109.90625, 273.5], [-109.21875, 272.0], [-108.53125, 270.0], [-107.796875, 270.0], [-107.109375, 269.5], [-106.40625, 270.5], [-105.71875, 271.5], [-105.015625, 269.5], [-104.328125, 268.0], [-103.625, 267.5], [-102.9375, 266.5], [-102.234375, 266.5], [-101.546875, 267.5], [-100.84375, 267.5], [-100.15625, 265.5], [-99.46875, 264.5], [-98.78125, 266.5], [-98.09375, 268.0], [-97.40625, 269.0], [-96.59375, 267.5], [-95.875, 264.75], [-95.15625, 265.75], [-94.4375, 267.5], [-93.828125, 268.0], [-93.140625, 268.0], [-92.453125, 265.25], [-91.765625, 264.25], [-91.03125, 264.25], [-90.34375, 266.25], [-89.640625, 268.5], [-88.953125, 269.0], [-88.234375, 268.5], [-87.546875, 267.0], [-86.84375, 268.5], [-86.15625, 269.5], [-85.46875, 270.0], [-84.78125, 270.0], [-84.09375, 271.75], [-83.40625, 272.75], [-82.671875, 274.5], [-81.984375, 276.0], [-81.28125, 278.0], [-80.59375, 280.5], [-79.828125, 279.5], [-79.125, 280.0], [-78.40625, 281.0], [-77.703125, 282.5], [-77.03125, 285.0], [-76.34375, 285.5], [-74.953125, 294.5], [-74.234375, 295.5], [-73.546875, 296.0], [-72.84375, 299.0], [-72.15625, 303.0], [-71.453125, 303.0], [-70.765625, 302.5], [-70.0625, 304.5], [-69.375, 308.0], [-68.640625, 313.0], [-67.9375, 316.0], [-67.234375, 317.0], [-66.53125, 320.5], [-65.84375, 322.5], [-65.15625, 322.5], [-64.453125, 324.0], [-63.765625, 328.0], [-63.0625, 331.5], [-62.375, 333.5], [-61.671875, 336.0], [-60.984375, 338.0], [-60.265625, 339.0], [-59.578125, 341.5], [-58.875, 342.0], [-58.1875, 343.5], [-57.453125, 351.0], [-56.046875, 366.5], [-55.34375, 366.5], [-54.671875, 371.5], [-53.984375, 376.0], [-53.28125, 377.5], [-52.59375, 384.5], [-51.875, 394.0], [-51.1875, 397.5], [-50.484375, 401.5], [-49.796875, 409.5], [-49.09375, 413.0], [-48.40625, 419.0], [-47.703125, 423.0], [-47.015625, 423.0], [-46.28125, 429.5], [-45.578125, 438.5], [-44.171875, 454.5], [-43.484375, 456.0], [-42.796875, 466.5], [-42.09375, 474.0], [-41.40625, 474.0], [-39.96875, 499.0], [-39.265625, 500.5], [-38.5625, 504.5], [-37.890625, 516.0], [-37.203125, 521.0], [-34.375, 401.0], [-33.671875, 393.0], [-32.96875, 384.5], [-32.296875, 376.5], [-31.609375, 368.0], [-30.90625, 360.5], [-30.21875, 352.5], [-29.484375, 345.5], [-28.78125, 340.0], [-28.078125, 333.0], [-27.375, 325.5], [-26.703125, 319.0], [-26.015625, 314.5], [-25.3125, 310.5], [-24.625, 305.0], [-23.875, 300.0], [-23.171875, 295.0], [-22.46875, 290.5], [-21.765625, 285.5], [-21.109375, 281.5], [-20.421875, 279.5], [-19.734375, 275.0], [-19.046875, 271.0], [-18.296875, 268.0], [-17.59375, 263.5], [-16.890625, 260.5], [-16.1875, 259.0], [-15.5, 255.5], [-14.8125, 251.5], [-14.109375, 249.5], [-13.421875, 247.5], [-12.703125, 244.5], [-12.015625, 241.5], [-11.3125, 238.5], [-10.625, 236.0], [-9.890625, 234.0], [-9.1875, 232.0], [-8.484375, 230.0], [-7.78125, 227.0], [-7.171875, 223.5], [-6.5, 221.5], [-5.8125, 220.5], [-5.140625, 219.5], [-4.390625, 217.5], [-3.703125, 215.0], [-3.0, 213.5], [-2.3125, 212.5]]}