{"heading": -74.9, "target": 35.945157869052046, "gap_dist": 390.0162253014243, "gap_info": [{"width": 100.36570063268381, "center_angle": -124.119212120779, "edge_a": [-129.5, 496.0], "edge_b": [-118.296875, 458.5], "depth": 496.0, "passable": false, "chosen": false}, {"width": 390.0162253014243, "center_angle": 35.945157869052046, "edge_a": [0.796875, 219.5], "edge_b": [50.796875, 493.0], "depth": 493.0, "passable": true, "chosen": true}], "scan": [[-3.421875, 212.5], [-2.734375, 215.5], [-2.03125, 218.5], [-1.34375, 220.5], [-0.609375, 218.0], [0.09375, 217.0], [0.796875, 219.5], [2.203125, 751.5], [2.90625, 751.5], [3.609375, 751.5], [4.3125, 751.5], [5.0, 751.0], [5.6875, 750.5], [6.390625, 751.0], [7.078125, 750.0], [7.796875, 750.0], [8.484375, 752.0], [9.1875, 750.5], [9.875, 749.5], [10.78125, 748.5], [11.515625, 746.5], [12.265625, 747.0], [13.0, 749.0], [13.59375, 750.0], [14.296875, 749.5], [15.0, 749.5], [15.703125, 749.5], [16.421875, 748.5], [17.125, 749.0], [17.828125, 749.5], [18.53125, 750.5], [19.25, 755.5], [19.953125, 760.0], [20.65625, 758.5], [21.359375, 758.0], [22.0625, 758.0], [22.765625, 757.0], [23.46875, 758.5], [24.171875, 762.5], [24.90625, 767.5], [25.609375, 771.5], [26.328125, 771.5], [27.03125, 773.5], [27.71875, 779.0], [28.421875, 781.5], [29.125, 785.5], [29.828125, 792.5], [30.28125, 793.0], [30.921875, 796.0], [31.5625, 805.5], [32.203125, 816.0], [33.0625, 818.5], [33.75, 815.5], [34.453125, 820.5], [35.140625, 825.5], [35.84375, 831.5], [36.53125, 837.5], [37.234375, 842.5], [37.921875, 846.0], [39.328125, 683.5], [40.71875, 645.5], [41.421875, 629.0], [42.109375, 616.0], [42.8125, 603.5], [43.5, 588.5], [44.890625, 562.5], [45.59375, 555.5], [46.28125, 544.0], [47.25, 534.0], [48.0, 525.0], [48.765625, 515.0], [49.515625, 507.0], [50.09375, 500.0], [50.796875, 493.0], [51.515625, 486.5], [52.21875, 478.5], [52.90625, 470.5], [53.609375, 464.5], [54.3125, 459.5], [55.015625, 454.5], [55.71875, 448.5], [56.421875, 443.0], [57.125, 439.5], [57.828125, 439.5], [58.5625, 442.5], [59.265625, 446.5], [59.984375, 451.5], [60.6875, 456.5], [61.375, 463.5], [62.078125, 470.5], [62.78125, 477.25], [63.484375, 485.75], [64.09375, 493.5], [64.765625, 501.5], [65.453125, 510.5], [66.125, 519.0], [66.890625, 529.5], [67.578125, 541.0], [68.28125, 552.5], [68.96875, 563.5], [69.6875, 576.0], [70.375, 589.0], [71.765625, 619.0], [73.203125, 8557.0], [78.125, 8205.5], [80.234375, 8305.0], [82.296875, 6004.5], [83.640625, 1253.5], [84.3125, 1233.5], [85.0, 1226.0], [85.671875, 1222.0], [86.4375, 1227.0], [87.125, 1237.5], [87.828125, 1248.0], [88.515625, 1258.5], [89.234375, 1272.5], [90.625, 1506.5], [92.03125, 15139.0], [92.71875, 15111.5], [93.421875, 15085.5], [94.109375, 15065.5], [94.828125, 15045.0], [95.515625, 15021.0], [96.21875, 15005.5], [96.90625, 14996.0], [99.703125, 9674.0], [102.78125, 3540.0], [103.40625, 3561.5], [106.234375, 1241.0], [109.046875, 2540.5], [109.75, 2536.0], [110.453125, 2544.5], [111.875, 1681.5], [112.578125, 1698.5], [119.609375, 1076.0], [121.390625, 979.5], [122.875, 917.0], [123.5625, 893.5], [124.953125, 844.0], [125.65625, 829.0], [126.34375, 815.0], [127.046875, 796.5], [127.734375, 786.0], [128.4375, 782.0], [129.828125, 749.0], [130.515625, 733.0], [131.921875, 690.5], [132.625, 681.0], [133.3125, 672.0], [134.015625, 659.0], [134.703125, 652.5], [-134.9375, 459.0], [-134.234375, 460.0], [-133.53125, 469.5], [-132.96875, 474.0], [-132.3125, 476.5], [-131.640625, 482.0], [-130.984375, 481.5], [-130.1875, 487.5], [-129.5, 496.0], [-128.796875, 503.5], [-128.109375, 510.5], [-127.375, 513.5], [-126.671875, 520.5], [-125.96875, 529.5], [-124.59375, 553.0], [-123.90625, 556.5], [-122.515625, 586.0], [-121.765625, 578.0], [-118.296875, 458.5], [-114.796875, 382.0], [-113.390625, 363.5], [-112.0, 345.5], [-111.3125, 336.5], [-110.53125, 328.5], [-109.828125, 321.5], [-109.109375, 313.5], [-108.40625, 306.5], [-107.796875, 301.0], [-107.125, 294.5], [-106.4375, 288.0], [-105.765625, 282.5], [-104.984375, 277.5], [-104.28125, 272.5], [-103.578125, 269.0], [-102.875, 265.0], [-102.171875, 259.5], [-101.46875, 254.0], [-100.765625, 250.0], [-100.0625, 247.0], [-99.375, 243.5], [-98.6875, 240.5], [-97.984375, 237.5], [-97.296875, 236.5], [-96.515625, 236.5], [-95.8125, 237.5], [-95.09375, 239.5], [-94.390625, 239.5], [-93.0, 229.0], [-92.296875, 226.5], [-91.59375, 221.5], [-90.890625, 218.0], [-90.1875, 215.0], [-89.484375, 212.5], [-88.78125, 210.5], [-88.078125, 208.5], [-87.375, 206.5], [-86.671875, 204.5], [-85.96875, 203.5], [-85.28125, 201.5], [-84.59375, 199.5], [-83.890625, 197.0], [-83.203125, 195.0], [-82.46875, 193.5], [-81.765625, 190.5], [-81.0625, 189.0], [-80.359375, 189.5], [-79.65625, 187.5], [-78.953125, 185.0], [-78.25, 183.5], [-77.546875, 182.0], [-76.859375, 181.0], [-76.171875, 180.0], [-75.46875, 179.0], [-74.78125, 178.0], [-74.046875, 177.5], [-73.34375, 176.5], [-72.640625, 175.5], [-71.9375, 175.5], [-71.234375, 175.0], [-70.53125, 172.5], [-69.828125, 171.0], [-69.125, 171.0], [-68.4375, 170.0], [-67.75, 169.5], [-67.046875, 169.0], [-66.359375, 168.0], [-65.625, 168.0], [-64.921875, 167.5], [-64.21875, 167.0], [-63.515625, 167.0], [-62.8125, 166.5], [-62.109375, 166.0], [-61.40625, 166.5], [-60.703125, 165.5], [-59.96875, 165.5], [-59.265625, 166.5], [-58.546875, 165.0], [-57.84375, 164.0], [-57.15625, 163.5], [-56.453125, 163.0], [-55.75, 163.0], [-55.046875, 162.5], [-54.34375, 163.0], [-53.640625, 163.5], [-52.9375, 162.0], [-52.234375, 162.0], [-51.53125, 162.5], [-50.828125, 161.5], [-50.125, 160.5], [-49.421875, 160.0], [-48.71875, 161.0], [-48.015625, 162.5], [-47.3125, 163.5], [-46.609375, 162.5], [-45.90625, 162.5], [-45.203125, 164.0], [-44.5, 163.25], [-43.796875, 163.5], [-43.09375, 163.0], [-42.390625, 162.5], [-41.6875, 163.25], [-40.984375, 163.75], [-40.28125, 164.0], [-39.578125, 163.75], [-38.875, 163.75], [-38.171875, 165.25], [-37.46875, 166.5], [-36.765625, 165.75], [-36.0625, 166.0], [-35.359375, 166.5], [-34.65625, 166.5], [-33.953125, 167.25], [-33.25, 167.75], [-32.546875, 168.5], [-31.84375, 169.5], [-31.140625, 170.5], [-30.4375, 171.0], [-29.734375, 171.0], [-29.03125, 172.0], [-28.328125, 173.5], [-27.625, 174.5], [-26.921875, 174.0], [-26.21875, 174.5], [-25.515625, 176.5], [-24.8125, 177.5], [-24.109375, 178.5], [-23.390625, 179.5], [-22.6875, 180.5], [-21.984375, 182.5], [-21.28125, 184.0], [-20.59375, 184.5], [-19.90625, 186.0], [-19.203125, 187.0], [-18.515625, 188.5], [-17.78125, 190.0], [-17.078125, 190.5], [-16.375, 192.5], [-15.671875, 194.5], [-14.96875, 195.5], [-14.265625, 197.5], [-13.5625, 200.0], [-12.859375, 201.5], [-12.15625, 203.5], [-11.453125, 205.5], [-10.75, 208.0], [-10.046875, 210.5], [-9.34375, 212.0], [-8.640625, 211.0], [-7.9375, 210.0], [-7.234375, 212.0], [-5.890625, 744.0], [-5.203125, 742.0], [-4.515625, 741.0]]}