{"heading": -132.4, "target": 6.425959150038817, "gap_dist": 329.13721678802284, "gap_info": [{"width": 329.13721678802284, "center_angle": 6.425959150038817, "edge_a": [5.9375, 469.0], "edge_b": [8.0625, 140.0], "depth": 469.0, "passable": true, "chosen": true}], "scan": [[-3.203125, 353.0], [-2.5, 358.0], [-1.78125, 364.25], [-1.078125, 374.25], [-0.40625, 382.5], [0.28125, 388.5], [0.984375, 395.5], [1.671875, 403.5], [2.421875, 413.5], [3.125, 423.0], [3.828125, 433.0], [5.234375, 459.0], [5.9375, 469.0], [8.0625, 140.0], [8.765625, 142.75], [9.46875, 145.25], [10.171875, 145.0], [11.0625, 144.5], [11.8125, 145.0], [12.5625, 144.0], [13.3125, 144.5], [13.921875, 145.0], [14.625, 144.5], [15.34375, 144.0], [16.046875, 143.5], [16.765625, 143.0], [17.46875, 141.5], [18.1875, 142.5], [18.890625, 142.5], [19.609375, 140.5], [20.3125, 140.0], [21.03125, 140.5], [21.734375, 140.5], [22.453125, 139.5], [23.15625, 139.5], [23.875, 140.5], [24.578125, 141.0], [25.3125, 139.5], [26.015625, 138.5], [26.734375, 138.5], [27.4375, 138.0], [27.90625, 137.75], [28.546875, 137.75], [29.203125, 137.5], [29.84375, 136.5], [30.71875, 136.5], [31.421875, 136.5], [32.125, 137.5], [32.828125, 138.0], [33.53125, 137.5], [34.234375, 138.0], [34.9375, 139.0], [35.640625, 139.5], [36.34375, 139.0], [37.046875, 139.0], [37.75, 139.0], [38.453125, 139.5], [39.15625, 140.5], [39.859375, 140.5], [40.5625, 141.0], [41.265625, 141.5], [41.96875, 141.5], [42.671875, 141.0], [43.375, 140.0], [44.078125, 140.5], [44.78125, 141.5], [45.484375, 141.5], [46.1875, 141.5], [46.890625, 142.5], [47.859375, 142.5], [48.625, 142.5], [49.390625, 144.0], [50.15625, 144.5], [50.703125, 143.5], [51.40625, 144.5], [52.125, 146.0], [52.828125, 146.5], [53.546875, 147.5], [54.25, 147.5], [54.96875, 147.0], [55.671875, 149.0], [56.40625, 151.0], [57.109375, 150.5], [57.828125, 150.0], [58.53125, 150.0], [59.25, 150.5], [59.953125, 152.0], [60.671875, 153.5], [61.375, 155.5], [62.09375, 157.0], [62.796875, 157.75], [63.515625, 159.25], [64.21875, 159.25], [64.859375, 160.0], [65.546875, 162.0], [66.234375, 162.5], [66.921875, 162.5], [67.6875, 163.5], [68.390625, 164.25], [69.09375, 165.0], [69.796875, 167.25], [70.515625, 169.0], [71.21875, 169.25], [71.921875, 170.0], [72.625, 173.0], [73.34375, 175.75], [74.046875, 176.75], [74.75, 178.0], [75.453125, 180.75], [76.1875, 182.75], [76.890625, 185.5], [77.609375, 187.5], [79.015625, 193.25], [79.71875, 194.0], [80.421875, 196.0], [81.125, 200.25], [81.859375, 204.5], [82.5625, 206.5], [83.28125, 208.0], [83.984375, 211.5], [84.59375, 216.5], [85.265625, 220.25], [85.953125, 223.75], [86.625, 228.25], [87.390625, 232.75], [88.078125, 237.25], [88.78125, 241.25], [89.46875, 244.75], [90.921875, 256.25], [91.625, 260.5], [92.328125, 265.75], [93.03125, 270.0], [95.859375, 1023.0], [96.5625, 1013.0], [97.265625, 1005.5], [97.96875, 1001.25], [98.671875, 994.75], [99.375, 988.5], [100.078125, 982.5], [100.78125, 975.0], [101.6875, 968.5], [102.4375, 963.5], [103.1875, 956.5], [103.9375, 949.0], [104.53125, 947.5], [105.234375, 943.5], [105.953125, 938.0], [106.65625, 933.5], [107.359375, 929.5], [108.0625, 927.5], [108.765625, 924.0], [109.46875, 920.0], [110.203125, 918.5], [110.90625, 917.0], [111.625, 915.0], [112.328125, 913.0], [113.0625, 910.0], [113.765625, 907.0], [114.484375, 907.25], [115.1875, 906.5], [115.90625, 905.0], [116.609375, 904.75], [117.328125, 901.75], [118.03125, 899.75], [118.546875, 899.25], [119.203125, 897.25], [119.859375, 895.5], [120.515625, 894.25], [121.359375, 894.0], [122.0625, 894.75], [122.765625, 893.25], [123.46875, 894.25], [124.171875, 895.75], [124.875, 894.25], [125.578125, 895.0], [126.28125, 896.75], [126.984375, 897.25], [127.6875, 899.0], [128.390625, 899.5], [129.09375, 901.0], [129.796875, 905.5], [130.5, 906.75], [131.203125, 908.75], [131.90625, 912.0], [132.609375, 913.75], [133.3125, 914.75], [134.015625, 916.5], [134.71875, 921.5], [-131.421875, 648.5], [-130.609375, 641.0], [-129.90625, 642.0], [-129.203125, 652.0], [-127.078125, 543.0], [-124.921875, 493.0], [-122.796875, 438.5], [-122.109375, 428.0], [-121.40625, 417.0], [-120.703125, 407.0], [-120.0, 398.5], [-119.265625, 391.0], [-118.5625, 382.5], [-117.84375, 374.5], [-117.140625, 367.5], [-116.4375, 361.0], [-115.734375, 356.0], [-115.03125, 349.5], [-114.328125, 343.0], [-113.625, 338.5], [-112.921875, 333.5], [-112.21875, 327.0], [-111.515625, 320.5], [-110.78125, 315.5], [-110.078125, 309.5], [-109.359375, 305.5], [-108.65625, 302.0], [-107.9375, 296.0], [-107.234375, 291.5], [-106.515625, 288.5], [-105.8125, 284.5], [-105.09375, 281.0], [-104.390625, 278.5], [-103.671875, 275.5], [-102.96875, 273.0], [-102.296875, 270.0], [-101.609375, 266.5], [-100.90625, 263.0], [-100.21875, 260.5], [-99.453125, 258.5], [-98.75, 256.0], [-98.03125, 254.0], [-97.328125, 251.0], [-96.515625, 247.5], [-95.78125, 245.5], [-95.046875, 244.0], [-94.3125, 240.5], [-93.65625, 236.5], [-92.953125, 235.0], [-92.234375, 235.0], [-91.53125, 234.0], [-90.8125, 233.0], [-90.109375, 230.75], [-89.390625, 228.0], [-88.6875, 226.75], [-87.96875, 224.25], [-87.265625, 222.0], [-86.546875, 221.25], [-85.84375, 220.0], [-85.125, 218.0], [-84.421875, 216.5], [-83.703125, 216.0], [-83.0, 216.5], [-82.28125, 217.5], [-81.578125, 217.25], [-80.859375, 214.5], [-80.15625, 214.0], [-79.390625, 215.0], [-78.671875, 216.75], [-77.953125, 217.0], [-77.234375, 214.5], [-76.53125, 214.0], [-75.828125, 211.0], [-75.109375, 208.0], [-74.40625, 207.0], [-73.6875, 206.0], [-72.984375, 205.5], [-72.265625, 203.5], [-71.5625, 201.5], [-70.828125, 202.0], [-70.125, 202.0], [-69.40625, 201.5], [-68.703125, 202.0], [-67.984375, 200.75], [-67.28125, 200.25], [-66.5625, 198.75], [-65.859375, 198.25], [-65.125, 198.5], [-64.421875, 197.5], [-63.703125, 197.5], [-63.0, 197.0], [-62.28125, 197.0], [-61.578125, 197.25], [-60.859375, 195.75], [-60.15625, 196.0], [-59.375, 197.0], [-58.65625, 198.0], [-57.921875, 197.75], [-57.203125, 197.5], [-56.515625, 198.75], [-55.8125, 199.25], [-55.09375, 199.0], [-54.390625, 199.25], [-53.6875, 199.25], [-52.984375, 197.75], [-52.28125, 198.25], [-51.578125, 199.5], [-50.828125, 199.25], [-50.125, 198.5], [-49.40625, 198.25], [-48.703125, 198.5], [-47.953125, 198.5], [-47.234375, 199.75], [-46.515625, 199.75], [-45.796875, 199.25], [-45.109375, 202.0], [-44.40625, 204.5], [-43.6875, 206.0], [-42.984375, 207.5], [-42.21875, 208.0], [-41.5, 208.5], [-40.78125, 209.0], [-40.0625, 210.0], [-39.375, 213.0], [-38.671875, 215.0], [-37.953125, 217.75], [-36.515625, 211.5], [-35.8125, 214.25], [-35.09375, 214.5], [-34.390625, 215.75], [-33.65625, 217.0], [-32.953125, 216.0], [-32.234375, 219.0], [-30.09375, 235.75], [-29.375, 236.0], [-28.671875, 238.5], [-26.515625, 234.0], [-25.8125, 237.0], [-25.0625, 239.5], [-24.34375, 242.25], [-23.625, 244.5], [-22.90625, 245.75], [-22.203125, 247.0], [-21.5, 248.5], [-20.78125, 251.25], [-20.078125, 254.0], [-19.34375, 257.0], [-18.640625, 258.75], [-17.921875, 261.25], [-17.21875, 264.0], [-16.484375, 266.0], [-15.78125, 268.25], [-15.0625, 271.75], [-14.359375, 276.0], [-13.625, 278.25], [-12.921875, 280.25], [-12.203125, 283.5], [-11.5, 287.5], [-10.75, 292.0], [-10.03125, 297.0], [-9.3125, 300.5], [-8.59375, 305.0], [-7.96875, 310.0], [-7.28125, 314.0], [-6.578125, 317.5], [-5.890625, 323.0], [-5.109375, 328.75], [-4.40625, 334.5], [-3.6875, 341.5], [-2.984375, 345.75]]}