{"heading": -92.1, "target": 8.378943056131924, "gap_dist": 458.9605567285911, "gap_info": [{"width": 458.9605567285911, "center_angle": 8.378943056131924, "edge_a": [-44.15625, 150.25], "edge_b": [22.234375, 498.0], "depth": 498.0, "passable": true, "chosen": true}], "scan": [[-3.59375, 653.5], [-2.890625, 655.5], [-2.1875, 660.0], [-1.484375, 665.5], [-0.75, 670.5], [-0.046875, 673.0], [0.671875, 679.0], [1.375, 680.5], [2.078125, 674.0], [2.78125, 672.0], [3.484375, 673.0], [4.921875, 702.5], [5.625, 712.25], [6.34375, 714.25], [7.046875, 704.0], [7.75, 703.5], [8.453125, 720.0], [9.15625, 735.0], [10.78125, 709.5], [11.53125, 711.5], [12.296875, 716.25], [13.046875, 721.0], [13.640625, 725.75], [14.34375, 730.5], [15.0625, 734.75], [15.765625, 738.75], [16.515625, 743.75], [18.671875, 556.5], [19.375, 544.0], [20.078125, 531.0], [20.796875, 519.0], [21.5, 508.0], [22.234375, 498.0], [22.9375, 490.5], [23.65625, 482.5], [24.359375, 473.0], [25.109375, 464.0], [25.828125, 457.5], [26.546875, 451.5], [27.265625, 445.5], [27.96875, 438.0], [28.671875, 430.0], [29.390625, 423.25], [30.09375, 418.5], [30.5625, 414.0], [31.203125, 408.0], [31.859375, 403.5], [32.5, 399.0], [33.390625, 394.0], [34.09375, 390.5], [34.796875, 386.0], [35.5, 381.5], [36.234375, 378.0], [36.9375, 374.0], [37.65625, 369.5], [38.359375, 366.5], [39.046875, 364.0], [39.75, 359.5], [40.453125, 356.5], [41.15625, 353.5], [41.890625, 351.0], [42.59375, 351.5], [43.3125, 351.5], [44.015625, 354.0], [44.703125, 359.5], [45.40625, 363.0], [46.109375, 368.0], [46.8125, 374.5], [47.828125, 381.25], [48.609375, 389.0], [49.390625, 396.75], [50.171875, 405.5], [50.671875, 414.0], [51.375, 422.5], [52.09375, 432.5], [52.796875, 444.0], [53.5625, 455.5], [54.28125, 467.5], [55.0, 481.0], [55.71875, 494.5], [59.328125, 8162.0], [61.5, 5941.0], [62.875, 5715.0], [63.59375, 5738.5], [64.296875, 5775.0], [66.34375, 1191.0], [67.03125, 1172.0], [67.796875, 1166.75], [68.5, 1166.75], [69.21875, 1171.5], [69.921875, 1182.0], [70.640625, 1195.0], [71.34375, 1207.5], [72.0625, 1222.5], [72.765625, 1237.0], [74.1875, 14990.0], [74.90625, 14975.5], [75.609375, 14960.5], [76.34375, 14946.0], [78.46875, 9637.0], [79.203125, 9637.5], [81.984375, 3499.5], [83.375, 1824.5], [89.0625, 1220.25], [89.765625, 1227.25], [91.1875, 2521.5], [94.03125, 1670.25], [94.75, 1685.5], [95.453125, 1704.5], [102.015625, 1170.5], [102.765625, 1140.5], [104.265625, 1079.5], [104.875, 1054.5], [105.578125, 1030.0], [106.296875, 1006.0], [107.0, 980.5], [107.734375, 956.0], [108.4375, 933.5], [109.15625, 912.0], [109.859375, 893.0], [110.609375, 873.5], [111.328125, 856.0], [112.046875, 845.0], [112.765625, 831.0], [113.46875, 816.5], [114.171875, 804.0], [114.890625, 795.0], [115.59375, 788.0], [116.328125, 779.25], [117.03125, 772.25], [117.75, 765.5], [118.453125, 752.5], [119.0, 745.5], [119.65625, 738.5], [120.328125, 722.0], [120.984375, 712.25], [121.828125, 702.75], [122.53125, 697.0], [125.359375, 646.5], [126.0625, 642.5], [126.765625, 635.0], [127.515625, 628.5], [128.21875, 621.0], [128.9375, 622.5], [130.375, 604.0], [131.078125, 596.5], [131.796875, 589.5], [132.5, 583.5], [133.15625, 580.25], [133.84375, 574.25], [134.546875, 569.5], [-134.46875, 331.5], [-133.75, 322.5], [-132.453125, 304.0], [-131.78125, 298.5], [-131.09375, 299.0], [-130.421875, 301.75], [-128.921875, 289.5], [-128.21875, 283.0], [-127.515625, 275.0], [-126.78125, 268.0], [-126.078125, 261.5], [-125.359375, 256.0], [-124.65625, 251.5], [-123.9375, 246.0], [-123.234375, 242.0], [-121.8125, 232.0], [-121.09375, 229.0], [-120.390625, 224.5], [-119.671875, 220.5], [-118.96875, 216.5], [-118.25, 212.5], [-117.546875, 209.5], [-116.828125, 207.0], [-116.125, 204.0], [-115.421875, 200.5], [-114.71875, 198.0], [-114.015625, 195.0], [-113.3125, 192.5], [-112.59375, 190.0], [-111.890625, 187.0], [-111.1875, 184.5], [-110.484375, 183.0], [-109.75, 181.5], [-109.046875, 178.0], [-108.328125, 175.5], [-107.625, 175.0], [-106.90625, 172.5], [-106.203125, 169.5], [-105.484375, 169.0], [-104.78125, 168.0], [-104.078125, 166.5], [-103.375, 166.0], [-102.671875, 164.5], [-101.96875, 162.0], [-101.234375, 161.5], [-100.53125, 161.0], [-99.8125, 160.0], [-99.109375, 159.0], [-98.40625, 157.5], [-97.703125, 156.5], [-97.0, 156.5], [-96.296875, 155.5], [-95.484375, 153.5], [-94.765625, 151.5], [-94.03125, 150.0], [-93.3125, 151.0], [-92.640625, 151.0], [-91.9375, 150.0], [-91.21875, 149.5], [-90.515625, 148.5], [-89.796875, 147.5], [-89.09375, 147.0], [-88.375, 146.5], [-87.671875, 145.5], [-86.953125, 144.5], [-86.25, 144.0], [-85.53125, 144.0], [-84.828125, 144.0], [-84.09375, 143.0], [-83.390625, 142.0], [-82.671875, 141.75], [-81.96875, 141.75], [-81.234375, 141.5], [-80.53125, 141.5], [-79.8125, 141.75], [-79.109375, 141.25], [-78.390625, 140.75], [-77.6875, 140.75], [-76.96875, 140.5], [-76.265625, 140.25], [-75.546875, 140.5], [-74.84375, 140.25], [-74.125, 140.25], [-73.421875, 140.25], [-72.703125, 140.25], [-72.0, 140.0], [-71.28125, 138.75], [-70.578125, 136.75], [-69.84375, 136.75], [-69.140625, 136.75], [-68.421875, 135.75], [-67.71875, 136.0], [-67.0, 137.25], [-66.296875, 137.0], [-65.578125, 137.25], [-64.875, 138.0], [-64.15625, 137.75], [-63.453125, 138.75], [-62.734375, 138.5], [-62.03125, 138.5], [-61.265625, 140.0], [-60.546875, 140.5], [-59.828125, 140.25], [-59.109375, 140.5], [-58.421875, 139.75], [-57.71875, 139.5], [-57.0, 140.75], [-56.296875, 141.75], [-54.875, 139.75], [-54.15625, 142.75], [-53.453125, 143.25], [-52.734375, 142.25], [-52.03125, 142.75], [-51.3125, 143.0], [-50.609375, 142.75], [-49.890625, 144.25], [-49.1875, 143.75], [-48.46875, 144.25], [-45.609375, 146.25], [-44.90625, 149.5], [-44.15625, 150.25], [-41.296875, 736.25], [-40.59375, 731.5], [-39.875, 732.0], [-39.171875, 743.5], [-38.4375, 747.75], [-37.015625, 706.0], [-36.3125, 710.0], [-35.59375, 716.0], [-34.890625, 710.0], [-33.46875, 680.5], [-32.75, 675.75], [-32.046875, 672.75], [-31.328125, 670.0], [-30.625, 667.0], [-29.875, 664.25], [-29.15625, 662.75], [-28.4375, 661.25], [-27.71875, 658.0], [-27.03125, 655.75], [-26.328125, 655.5], [-25.609375, 654.25], [-24.90625, 653.25], [-24.171875, 651.0], [-23.46875, 648.5], [-22.75, 648.25], [-22.046875, 646.75], [-21.3125, 644.25], [-20.609375, 643.75], [-19.890625, 641.5], [-19.1875, 640.25], [-18.4375, 640.75], [-17.71875, 639.0], [-17.0, 638.5], [-16.28125, 638.5], [-15.59375, 637.0], [-14.890625, 635.0], [-14.171875, 633.5], [-13.46875, 633.5], [-12.75, 635.75], [-12.046875, 636.75], [-11.328125, 636.5], [-10.625, 636.5], [-9.890625, 636.5], [-9.1875, 636.0], [-8.46875, 636.5], [-7.765625, 639.0], [-7.0625, 640.0], [-6.359375, 640.5], [-5.65625, 643.0], [-4.953125, 647.0], [-4.21875, 650.5], [-3.515625, 651.0], [-2.796875, 650.0], [-2.09375, 652.75]]}